arm,instance,model,featurizer,featurizer_args,model_args,dataset,dataset_rows,cross_validation,fold,wall_s,featurize_s,fit_s,predict_s,dataset_load_s,peak_rss_mb,peak_vram_mb,epochs,device,X_shape,n_train,n_test,status,task_cost_usd,task_realtime_s,tier,model_class,compute_class,instance_family
batch_gpu,g4dn.8xlarge,GNN,HELMGraph,{},"{""hidden_dim"": 32, ""num_layers"": 2, ""pooling_operation"": ""sum""}",asoptimizer_cleaned,32602,nucleobase,0,531.6537348749998,138.7576064110001,335.5970147390001,4.707859778000056,0.4584074940000846,2192.470016,18.906624,79.0,cuda:Tesla T4,"[25428, 'graph']",25428.0,7174.0,ok,0.179822232,2370.018,L,GNN,gpu,g4dn
batch_gpu,g4dn.8xlarge,GNN,HELMGraph,{},"{""hidden_dim"": 32, ""num_layers"": 2, ""pooling_operation"": ""sum""}",asoptimizer_cleaned,32602,nucleobase,1,488.2939963539998,140.58319166499996,289.374928275,4.64035804499963,0.4584074940000846,2261.68832,18.875904,68.0,cuda:Tesla T4,"[25448, 'graph']",25448.0,7154.0,ok,0.179822232,2370.018,L,GNN,gpu,g4dn
batch_gpu,g4dn.8xlarge,GNN,HELMGraph,{},"{""hidden_dim"": 32, ""num_layers"": 2, ""pooling_operation"": ""sum""}",asoptimizer_cleaned,32602,nucleobase,2,470.9423678029998,137.57382796599995,275.8380339710002,4.341969327000243,0.4584074940000846,2283.380736,18.952192,70.0,cuda:Tesla T4,"[23423, 'graph']",23423.0,9179.0,ok,0.179822232,2370.018,L,GNN,gpu,g4dn
batch_gpu,g4dn.8xlarge,GNN,HELMGraph,{},"{""hidden_dim"": 32, ""num_layers"": 2, ""pooling_operation"": ""sum""}",asoptimizer_cleaned,32602,nucleobase,3,442.26981969100007,137.59882978199994,245.72771334900017,4.9454426710003645,0.4584074940000846,2284.744704,18.912256,63.0,cuda:Tesla T4,"[23507, 'graph']",23507.0,9095.0,ok,0.179822232,2370.018,L,GNN,gpu,g4dn
batch_gpu,g4dn.8xlarge,GNN,HELMGraph,{},"{""hidden_dim"": 32, ""num_layers"": 2, ""pooling_operation"": ""sum""}",asoptimizer_cleaned,32602,nucleobase,4,427.70606744199995,140.21708292700032,229.69367240599968,4.417216509000355,0.4584074940000846,2299.53536,18.9056,54.0,cuda:Tesla T4,"[25606, 'graph']",25606.0,6996.0,ok,0.179822232,2370.018,L,GNN,gpu,g4dn
batch_gpu,g4dn.8xlarge,GNN,HELMGraph,{},"{""hidden_dim"": 32, ""num_layers"": 2, ""pooling_operation"": ""sum""}",asoptimizer_cleaned,32602,nucleobase,0,531.6537348749998,138.7576064110001,335.5970147390001,4.707859778000056,0.4584074940000846,2192.470016,18.906624,79.0,cuda:Tesla T4,"[25428, 'graph']",25428.0,7174.0,ok,0.179822232,2370.018,L,GNN,gpu,g4dn
batch_gpu,g4dn.8xlarge,GNN,HELMGraph,{},"{""hidden_dim"": 32, ""num_layers"": 2, ""pooling_operation"": ""sum""}",asoptimizer_cleaned,32602,nucleobase,1,488.2939963539998,140.58319166499996,289.374928275,4.64035804499963,0.4584074940000846,2261.68832,18.875904,68.0,cuda:Tesla T4,"[25448, 'graph']",25448.0,7154.0,ok,0.179822232,2370.018,L,GNN,gpu,g4dn
batch_gpu,g4dn.8xlarge,GNN,HELMGraph,{},"{""hidden_dim"": 32, ""num_layers"": 2, ""pooling_operation"": ""sum""}",asoptimizer_cleaned,32602,nucleobase,2,470.9423678029998,137.57382796599995,275.8380339710002,4.341969327000243,0.4584074940000846,2283.380736,18.952192,70.0,cuda:Tesla T4,"[23423, 'graph']",23423.0,9179.0,ok,0.179822232,2370.018,L,GNN,gpu,g4dn
batch_gpu,g4dn.8xlarge,GNN,HELMGraph,{},"{""hidden_dim"": 32, ""num_layers"": 2, ""pooling_operation"": ""sum""}",asoptimizer_cleaned,32602,nucleobase,3,442.26981969100007,137.59882978199994,245.72771334900017,4.9454426710003645,0.4584074940000846,2284.744704,18.912256,63.0,cuda:Tesla T4,"[23507, 'graph']",23507.0,9095.0,ok,0.179822232,2370.018,L,GNN,gpu,g4dn
batch_gpu,g4dn.8xlarge,GNN,HELMGraph,{},"{""hidden_dim"": 32, ""num_layers"": 2, ""pooling_operation"": ""sum""}",asoptimizer_cleaned,32602,nucleobase,4,427.70606744199995,140.21708292700032,229.69367240599968,4.417216509000355,0.4584074940000846,2299.53536,18.9056,54.0,cuda:Tesla T4,"[25606, 'graph']",25606.0,6996.0,ok,0.179822232,2370.018,L,GNN,gpu,g4dn
batch_gpu,g4dn.xlarge,GNN,HELMGraph,{},"{""hidden_dim"": 64, ""num_layers"": 1, ""pooling_operation"": ""avg""}",asoptimizer_cleaned,32602,nucleobase,0,545.616930873,134.96811739999998,354.919847622,3.510449031999997,0.4460209240000381,2241.273856,19.950592,96.0,cuda:Tesla T4,"[25428, 'graph']",25428.0,7174.0,ok,0.3740444607,2551.398,L,GNN,gpu,g4dn
batch_gpu,g4dn.xlarge,GNN,HELMGraph,{},"{""hidden_dim"": 64, ""num_layers"": 1, ""pooling_operation"": ""avg""}",asoptimizer_cleaned,32602,nucleobase,1,481.33685658800005,136.07322751399988,288.634990945,3.462116249000019,0.4460209240000381,2297.91744,19.885568,78.0,cuda:Tesla T4,"[25448, 'graph']",25448.0,7154.0,ok,0.3740444607,2551.398,L,GNN,gpu,g4dn
batch_gpu,g4dn.xlarge,GNN,HELMGraph,{},"{""hidden_dim"": 64, ""num_layers"": 1, ""pooling_operation"": ""avg""}",asoptimizer_cleaned,32602,nucleobase,2,529.9069470260001,132.86789856299993,341.2097425679999,3.452965658000039,0.4460209240000381,2288.72192,19.98592,100.0,cuda:Tesla T4,"[23423, 'graph']",23423.0,9179.0,ok,0.3740444607,2551.398,L,GNN,gpu,g4dn
batch_gpu,g4dn.xlarge,GNN,HELMGraph,{},"{""hidden_dim"": 64, ""num_layers"": 1, ""pooling_operation"": ""avg""}",asoptimizer_cleaned,32602,nucleobase,3,460.7645111960003,133.42758589599998,271.01809105099983,3.5998886889997266,0.4460209240000381,2300.428288,19.95008,79.0,cuda:Tesla T4,"[23507, 'graph']",23507.0,9095.0,ok,0.3740444607,2551.398,L,GNN,gpu,g4dn
batch_gpu,g4dn.xlarge,GNN,HELMGraph,{},"{""hidden_dim"": 64, ""num_layers"": 1, ""pooling_operation"": ""avg""}",asoptimizer_cleaned,32602,nucleobase,4,524.7967060999999,135.723928547,333.1139581900002,3.242526135999924,0.4460209240000381,2314.4448,19.935232,89.0,cuda:Tesla T4,"[25606, 'graph']",25606.0,6996.0,ok,0.3740444607,2551.398,L,GNN,gpu,g4dn
batch_gpu,g4dn.xlarge,GNN,HELMGraph,{},"{""hidden_dim"": 64, ""num_layers"": 1, ""pooling_operation"": ""avg""}",asoptimizer_cleaned,32602,nucleobase,0,545.616930873,134.96811739999998,354.919847622,3.510449031999997,0.4460209240000381,2241.273856,19.950592,96.0,cuda:Tesla T4,"[25428, 'graph']",25428.0,7174.0,ok,0.3740444607,2551.398,L,GNN,gpu,g4dn
batch_gpu,g4dn.xlarge,GNN,HELMGraph,{},"{""hidden_dim"": 64, ""num_layers"": 1, ""pooling_operation"": ""avg""}",asoptimizer_cleaned,32602,nucleobase,1,481.33685658800005,136.07322751399988,288.634990945,3.462116249000019,0.4460209240000381,2297.91744,19.885568,78.0,cuda:Tesla T4,"[25448, 'graph']",25448.0,7154.0,ok,0.3740444607,2551.398,L,GNN,gpu,g4dn
batch_gpu,g4dn.xlarge,GNN,HELMGraph,{},"{""hidden_dim"": 64, ""num_layers"": 1, ""pooling_operation"": ""avg""}",asoptimizer_cleaned,32602,nucleobase,2,529.9069470260001,132.86789856299993,341.2097425679999,3.452965658000039,0.4460209240000381,2288.72192,19.98592,100.0,cuda:Tesla T4,"[23423, 'graph']",23423.0,9179.0,ok,0.3740444607,2551.398,L,GNN,gpu,g4dn
batch_gpu,g4dn.xlarge,GNN,HELMGraph,{},"{""hidden_dim"": 64, ""num_layers"": 1, ""pooling_operation"": ""avg""}",asoptimizer_cleaned,32602,nucleobase,3,460.7645111960003,133.42758589599998,271.01809105099983,3.5998886889997266,0.4460209240000381,2300.428288,19.95008,79.0,cuda:Tesla T4,"[23507, 'graph']",23507.0,9095.0,ok,0.3740444607,2551.398,L,GNN,gpu,g4dn
batch_gpu,g4dn.xlarge,GNN,HELMGraph,{},"{""hidden_dim"": 64, ""num_layers"": 1, ""pooling_operation"": ""avg""}",asoptimizer_cleaned,32602,nucleobase,4,524.7967060999999,135.723928547,333.1139581900002,3.242526135999924,0.4460209240000381,2314.4448,19.935232,89.0,cuda:Tesla T4,"[25606, 'graph']",25606.0,6996.0,ok,0.3740444607,2551.398,L,GNN,gpu,g4dn
batch_gpu,g4dn.2xlarge,MLP,KMersCounts,"{""k"": [1], ""modification_abundance"": false}","{""dropout"": 0.25, ""hidden_dims"": [64]}",asoptimizer_cleaned,32602,nucleobase,0,258.31079045399997,52.115592848000006,151.01489390100005,0.015442904000110502,0.48032310400003553,1515.597824,17.08544,75.0,cuda:Tesla T4,"[25428, 5]",25428.0,7174.0,ok,0.1326444399,1259.958,L,MLP,gpu,g4dn
batch_gpu,g4dn.2xlarge,MLP,KMersCounts,"{""k"": [1], ""modification_abundance"": false}","{""dropout"": 0.25, ""hidden_dims"": [64]}",asoptimizer_cleaned,32602,nucleobase,1,215.46381884000016,52.8926943030001,106.21009448599989,0.013318781999714702,0.48032310400003553,1654.718464,17.08544,53.0,cuda:Tesla T4,"[25448, 5]",25448.0,7154.0,ok,0.1326444399,1259.958,L,MLP,gpu,g4dn
batch_gpu,g4dn.2xlarge,MLP,KMersCounts,"{""k"": [1], ""modification_abundance"": false}","{""dropout"": 0.25, ""hidden_dims"": [64]}",asoptimizer_cleaned,32602,nucleobase,2,255.993616492,52.20073356600005,147.54399686099987,0.010860377999961202,0.48032310400003553,1664.073728,17.08544,81.0,cuda:Tesla T4,"[23423, 5]",23423.0,9179.0,ok,0.1326444399,1259.958,L,MLP,gpu,g4dn
batch_gpu,g4dn.2xlarge,MLP,KMersCounts,"{""k"": [1], ""modification_abundance"": false}","{""dropout"": 0.25, ""hidden_dims"": [64]}",asoptimizer_cleaned,32602,nucleobase,3,270.29031791399984,51.84588988999985,163.1802541709999,0.010607101999994484,0.48032310400003553,1668.067328,17.08544,90.0,cuda:Tesla T4,"[23507, 5]",23507.0,9095.0,ok,0.1326444399,1259.958,L,MLP,gpu,g4dn
batch_gpu,g4dn.2xlarge,MLP,KMersCounts,"{""k"": [1], ""modification_abundance"": false}","{""dropout"": 0.25, ""hidden_dims"": [64]}",asoptimizer_cleaned,32602,nucleobase,4,250.18339377899974,52.42406819100006,142.23184269800004,0.011074236999775167,0.48032310400003553,1675.870208,17.08544,71.0,cuda:Tesla T4,"[25606, 5]",25606.0,6996.0,ok,0.1326444399,1259.958,L,MLP,gpu,g4dn
batch_gpu,g4dn.2xlarge,MLP,KMersCounts,"{""k"": [1], ""modification_abundance"": false}","{""dropout"": 0.25, ""hidden_dims"": [64]}",asoptimizer_cleaned,32602,nucleobase,0,258.31079045399997,52.115592848000006,151.01489390100005,0.015442904000110502,0.48032310400003553,1515.597824,17.08544,75.0,cuda:Tesla T4,"[25428, 5]",25428.0,7174.0,ok,0.1326444399,1259.958,L,MLP,gpu,g4dn
batch_gpu,g4dn.2xlarge,MLP,KMersCounts,"{""k"": [1], ""modification_abundance"": false}","{""dropout"": 0.25, ""hidden_dims"": [64]}",asoptimizer_cleaned,32602,nucleobase,1,215.46381884000016,52.8926943030001,106.21009448599989,0.013318781999714702,0.48032310400003553,1654.718464,17.08544,53.0,cuda:Tesla T4,"[25448, 5]",25448.0,7154.0,ok,0.1326444399,1259.958,L,MLP,gpu,g4dn
batch_gpu,g4dn.2xlarge,MLP,KMersCounts,"{""k"": [1], ""modification_abundance"": false}","{""dropout"": 0.25, ""hidden_dims"": [64]}",asoptimizer_cleaned,32602,nucleobase,2,255.993616492,52.20073356600005,147.54399686099987,0.010860377999961202,0.48032310400003553,1664.073728,17.08544,81.0,cuda:Tesla T4,"[23423, 5]",23423.0,9179.0,ok,0.1326444399,1259.958,L,MLP,gpu,g4dn
batch_gpu,g4dn.2xlarge,MLP,KMersCounts,"{""k"": [1], ""modification_abundance"": false}","{""dropout"": 0.25, ""hidden_dims"": [64]}",asoptimizer_cleaned,32602,nucleobase,3,270.29031791399984,51.84588988999985,163.1802541709999,0.010607101999994484,0.48032310400003553,1668.067328,17.08544,90.0,cuda:Tesla T4,"[23507, 5]",23507.0,9095.0,ok,0.1326444399,1259.958,L,MLP,gpu,g4dn
batch_gpu,g4dn.2xlarge,MLP,KMersCounts,"{""k"": [1], ""modification_abundance"": false}","{""dropout"": 0.25, ""hidden_dims"": [64]}",asoptimizer_cleaned,32602,nucleobase,4,250.18339377899974,52.42406819100006,142.23184269800004,0.011074236999775167,0.48032310400003553,1675.870208,17.08544,71.0,cuda:Tesla T4,"[25606, 5]",25606.0,6996.0,ok,0.1326444399,1259.958,L,MLP,gpu,g4dn
batch_gpu,g4dn.xlarge,MLP,KMersCounts,"{""k"": [1, 2], ""modification_abundance"": true}","{""dropout"": 0, ""hidden_dims"": [64, 64]}",asoptimizer_cleaned,32602,nucleobase,0,244.72142346799995,67.0029763,125.37715002900006,0.07915352800000619,0.449018518999992,1525.936128,17.192448,65.0,cuda:Tesla T4,"[25428, 38]",25428.0,7174.0,ok,0.1724111186,1170.648,L,MLP,gpu,g4dn
batch_gpu,g4dn.xlarge,MLP,KMersCounts,"{""k"": [1, 2], ""modification_abundance"": true}","{""dropout"": 0, ""hidden_dims"": [64, 64]}",asoptimizer_cleaned,32602,nucleobase,1,267.54270513999995,67.73355541399997,146.58095806200004,0.10928264699998635,0.449018518999992,1639.866368,17.195008,76.0,cuda:Tesla T4,"[25448, 39]",25448.0,7154.0,ok,0.1724111186,1170.648,L,MLP,gpu,g4dn
batch_gpu,g4dn.xlarge,MLP,KMersCounts,"{""k"": [1, 2], ""modification_abundance"": true}","{""dropout"": 0, ""hidden_dims"": [64, 64]}",asoptimizer_cleaned,32602,nucleobase,2,204.028761702,67.18529709999996,83.69223806900004,0.1023505059999934,0.449018518999992,1676.156928,17.195008,47.0,cuda:Tesla T4,"[23423, 39]",23423.0,9179.0,ok,0.1724111186,1170.648,L,MLP,gpu,g4dn
batch_gpu,g4dn.xlarge,MLP,KMersCounts,"{""k"": [1, 2], ""modification_abundance"": true}","{""dropout"": 0, ""hidden_dims"": [64, 64]}",asoptimizer_cleaned,32602,nucleobase,3,194.19177123600002,67.46327228100017,73.61038185999996,0.08645344799992927,0.449018518999992,1681.354752,17.195008,41.0,cuda:Tesla T4,"[23507, 39]",23507.0,9095.0,ok,0.1724111186,1170.648,L,MLP,gpu,g4dn
batch_gpu,g4dn.xlarge,MLP,KMersCounts,"{""k"": [1, 2], ""modification_abundance"": true}","{""dropout"": 0, ""hidden_dims"": [64, 64]}",asoptimizer_cleaned,32602,nucleobase,4,251.52199149900002,67.74804497299988,130.691116469,0.09755358000006709,0.449018518999992,1663.008768,17.195008,67.0,cuda:Tesla T4,"[25606, 39]",25606.0,6996.0,ok,0.1724111186,1170.648,L,MLP,gpu,g4dn
batch_gpu,g4dn.xlarge,MLP,KMersCounts,"{""k"": [1, 2], ""modification_abundance"": true}","{""dropout"": 0, ""hidden_dims"": [64, 64]}",asoptimizer_cleaned,32602,nucleobase,0,244.72142346799995,67.0029763,125.37715002900006,0.07915352800000619,0.449018518999992,1525.936128,17.192448,65.0,cuda:Tesla T4,"[25428, 38]",25428.0,7174.0,ok,0.1724111186,1170.648,L,MLP,gpu,g4dn
batch_gpu,g4dn.xlarge,MLP,KMersCounts,"{""k"": [1, 2], ""modification_abundance"": true}","{""dropout"": 0, ""hidden_dims"": [64, 64]}",asoptimizer_cleaned,32602,nucleobase,1,267.54270513999995,67.73355541399997,146.58095806200004,0.10928264699998635,0.449018518999992,1639.866368,17.195008,76.0,cuda:Tesla T4,"[25448, 39]",25448.0,7154.0,ok,0.1724111186,1170.648,L,MLP,gpu,g4dn
batch_gpu,g4dn.xlarge,MLP,KMersCounts,"{""k"": [1, 2], ""modification_abundance"": true}","{""dropout"": 0, ""hidden_dims"": [64, 64]}",asoptimizer_cleaned,32602,nucleobase,2,204.028761702,67.18529709999996,83.69223806900004,0.1023505059999934,0.449018518999992,1676.156928,17.195008,47.0,cuda:Tesla T4,"[23423, 39]",23423.0,9179.0,ok,0.1724111186,1170.648,L,MLP,gpu,g4dn
batch_gpu,g4dn.xlarge,MLP,KMersCounts,"{""k"": [1, 2], ""modification_abundance"": true}","{""dropout"": 0, ""hidden_dims"": [64, 64]}",asoptimizer_cleaned,32602,nucleobase,3,194.19177123600002,67.46327228100017,73.61038185999996,0.08645344799992927,0.449018518999992,1681.354752,17.195008,41.0,cuda:Tesla T4,"[23507, 39]",23507.0,9095.0,ok,0.1724111186,1170.648,L,MLP,gpu,g4dn
batch_gpu,g4dn.xlarge,MLP,KMersCounts,"{""k"": [1, 2], ""modification_abundance"": true}","{""dropout"": 0, ""hidden_dims"": [64, 64]}",asoptimizer_cleaned,32602,nucleobase,4,251.52199149900002,67.74804497299988,130.691116469,0.09755358000006709,0.449018518999992,1663.008768,17.195008,67.0,cuda:Tesla T4,"[25606, 39]",25606.0,6996.0,ok,0.1724111186,1170.648,L,MLP,gpu,g4dn
batch_gpu,g4dn.xlarge,MLP,KMersCounts,"{""k"": [1, 2, 3], ""modification_abundance"": false}","{""dropout"": 0, ""hidden_dims"": [128, 128]}",asoptimizer_cleaned,32602,nucleobase,0,189.68677382100003,53.879334727000014,83.25196844300001,0.1704585610000322,0.4608481740000343,1575.768064,17.760768,43.0,cuda:Tesla T4,"[25428, 140]",25428.0,7174.0,ok,0.1402666728,949.686,L,MLP,gpu,g4dn
batch_gpu,g4dn.xlarge,MLP,KMersCounts,"{""k"": [1, 2, 3], ""modification_abundance"": false}","{""dropout"": 0, ""hidden_dims"": [128, 128]}",asoptimizer_cleaned,32602,nucleobase,1,188.87990926199996,54.27689245199997,81.30281970500005,0.322579281000003,0.4608481740000343,1673.064448,17.758208,42.0,cuda:Tesla T4,"[25448, 139]",25448.0,7154.0,ok,0.1402666728,949.686,L,MLP,gpu,g4dn
batch_gpu,g4dn.xlarge,MLP,KMersCounts,"{""k"": [1, 2, 3], ""modification_abundance"": false}","{""dropout"": 0, ""hidden_dims"": [128, 128]}",asoptimizer_cleaned,32602,nucleobase,2,184.69601707200002,54.833931367000105,76.726139967,0.24321566399999028,0.4608481740000343,1678.823424,17.76384,43.0,cuda:Tesla T4,"[23423, 141]",23423.0,9179.0,ok,0.1402666728,949.686,L,MLP,gpu,g4dn
batch_gpu,g4dn.xlarge,MLP,KMersCounts,"{""k"": [1, 2, 3], ""modification_abundance"": false}","{""dropout"": 0, ""hidden_dims"": [128, 128]}",asoptimizer_cleaned,32602,nucleobase,3,181.49110498699997,54.31912950099991,73.60837867399982,0.2667149189999236,0.4608481740000343,1684.25472,17.760768,41.0,cuda:Tesla T4,"[23507, 140]",23507.0,9095.0,ok,0.1402666728,949.686,L,MLP,gpu,g4dn
batch_gpu,g4dn.xlarge,MLP,KMersCounts,"{""k"": [1, 2, 3], ""modification_abundance"": false}","{""dropout"": 0, ""hidden_dims"": [128, 128]}",asoptimizer_cleaned,32602,nucleobase,4,195.8993854160001,54.00161286499997,88.71545109900012,0.2841995839999072,0.4608481740000343,1675.423744,17.76384,45.0,cuda:Tesla T4,"[25606, 141]",25606.0,6996.0,ok,0.1402666728,949.686,L,MLP,gpu,g4dn
batch_gpu,g4dn.xlarge,MLP,KMersCounts,"{""k"": [1, 2, 3], ""modification_abundance"": false}","{""dropout"": 0, ""hidden_dims"": [128, 128]}",asoptimizer_cleaned,32602,nucleobase,0,189.68677382100003,53.879334727000014,83.25196844300001,0.1704585610000322,0.4608481740000343,1575.768064,17.760768,43.0,cuda:Tesla T4,"[25428, 140]",25428.0,7174.0,ok,0.1402666728,949.686,L,MLP,gpu,g4dn
batch_gpu,g4dn.xlarge,MLP,KMersCounts,"{""k"": [1, 2, 3], ""modification_abundance"": false}","{""dropout"": 0, ""hidden_dims"": [128, 128]}",asoptimizer_cleaned,32602,nucleobase,1,188.87990926199996,54.27689245199997,81.30281970500005,0.322579281000003,0.4608481740000343,1673.064448,17.758208,42.0,cuda:Tesla T4,"[25448, 139]",25448.0,7154.0,ok,0.1402666728,949.686,L,MLP,gpu,g4dn
batch_gpu,g4dn.xlarge,MLP,KMersCounts,"{""k"": [1, 2, 3], ""modification_abundance"": false}","{""dropout"": 0, ""hidden_dims"": [128, 128]}",asoptimizer_cleaned,32602,nucleobase,2,184.69601707200002,54.833931367000105,76.726139967,0.24321566399999028,0.4608481740000343,1678.823424,17.76384,43.0,cuda:Tesla T4,"[23423, 141]",23423.0,9179.0,ok,0.1402666728,949.686,L,MLP,gpu,g4dn
batch_gpu,g4dn.xlarge,MLP,KMersCounts,"{""k"": [1, 2, 3], ""modification_abundance"": false}","{""dropout"": 0, ""hidden_dims"": [128, 128]}",asoptimizer_cleaned,32602,nucleobase,3,181.49110498699997,54.31912950099991,73.60837867399982,0.2667149189999236,0.4608481740000343,1684.25472,17.760768,41.0,cuda:Tesla T4,"[23507, 140]",23507.0,9095.0,ok,0.1402666728,949.686,L,MLP,gpu,g4dn
batch_gpu,g4dn.xlarge,MLP,KMersCounts,"{""k"": [1, 2, 3], ""modification_abundance"": false}","{""dropout"": 0, ""hidden_dims"": [128, 128]}",asoptimizer_cleaned,32602,nucleobase,4,195.8993854160001,54.00161286499997,88.71545109900012,0.2841995839999072,0.4608481740000343,1675.423744,17.76384,45.0,cuda:Tesla T4,"[25606, 141]",25606.0,6996.0,ok,0.1402666728,949.686,L,MLP,gpu,g4dn
batch_gpu,g4dn.xlarge,CNN,OneHotEncoder,"{""encode_components"": [""base""]}","{""depth"": 1, ""hidden_dim"": 32, ""kernel_size"": 7, ""pooling_operation"": ""avg""}",asoptimizer_cleaned,32602,random,0,284.46283847000007,91.10732479,193.23137836700005,0.1214392060001046,0.46017154700001583,1673.805824,17.320448,100.0,cuda:Tesla T4,"[26082, 25, 5]",26082.0,6520.0,ok,0.208938898,1419.804,L,CNN,gpu,g4dn
batch_gpu,g4dn.xlarge,CNN,OneHotEncoder,"{""encode_components"": [""base""]}","{""depth"": 1, ""hidden_dim"": 32, ""kernel_size"": 7, ""pooling_operation"": ""avg""}",asoptimizer_cleaned,32602,random,1,285.22911174599994,91.16236470900003,193.96084035599995,0.10320220999994945,0.46017154700001583,1802.108928,17.320448,100.0,cuda:Tesla T4,"[26082, 25, 5]",26082.0,6520.0,ok,0.208938898,1419.804,L,CNN,gpu,g4dn
batch_gpu,g4dn.xlarge,CNN,OneHotEncoder,"{""encode_components"": [""base""]}","{""depth"": 1, ""hidden_dim"": 32, ""kernel_size"": 7, ""pooling_operation"": ""avg""}",asoptimizer_cleaned,32602,random,2,269.7413327029999,90.90562054500003,178.71471351800005,0.11838071600004696,0.46017154700001583,1841.852416,17.320448,92.0,cuda:Tesla T4,"[26082, 25, 5]",26082.0,6520.0,ok,0.208938898,1419.804,L,CNN,gpu,g4dn
batch_gpu,g4dn.xlarge,CNN,OneHotEncoder,"{""encode_components"": [""base""]}","{""depth"": 1, ""hidden_dim"": 32, ""kernel_size"": 7, ""pooling_operation"": ""avg""}",asoptimizer_cleaned,32602,random,3,285.7975688660001,91.43716089600002,194.25412381399997,0.10361835500020788,0.46017154700001583,1841.573888,17.320448,100.0,cuda:Tesla T4,"[26082, 25, 5]",26082.0,6520.0,ok,0.208938898,1419.804,L,CNN,gpu,g4dn
batch_gpu,g4dn.xlarge,CNN,OneHotEncoder,"{""encode_components"": [""base""]}","{""depth"": 1, ""hidden_dim"": 32, ""kernel_size"": 7, ""pooling_operation"": ""avg""}",asoptimizer_cleaned,32602,random,4,285.8004166200001,90.82305147700004,194.87134822200005,0.10348071799990066,0.46017154700001583,1845.686272,17.320448,100.0,cuda:Tesla T4,"[26082, 25, 5]",26082.0,6520.0,ok,0.208938898,1419.804,L,CNN,gpu,g4dn
batch_gpu,g4dn.xlarge,CNN,OneHotEncoder,"{""encode_components"": [""base""]}","{""depth"": 1, ""hidden_dim"": 32, ""kernel_size"": 7, ""pooling_operation"": ""avg""}",asoptimizer_cleaned,32602,random,0,284.46283847000007,91.10732479,193.23137836700005,0.1214392060001046,0.46017154700001583,1673.805824,17.320448,100.0,cuda:Tesla T4,"[26082, 25, 5]",26082.0,6520.0,ok,0.208938898,1419.804,L,CNN,gpu,g4dn
batch_gpu,g4dn.xlarge,CNN,OneHotEncoder,"{""encode_components"": [""base""]}","{""depth"": 1, ""hidden_dim"": 32, ""kernel_size"": 7, ""pooling_operation"": ""avg""}",asoptimizer_cleaned,32602,random,1,285.22911174599994,91.16236470900003,193.96084035599995,0.10320220999994945,0.46017154700001583,1802.108928,17.320448,100.0,cuda:Tesla T4,"[26082, 25, 5]",26082.0,6520.0,ok,0.208938898,1419.804,L,CNN,gpu,g4dn
batch_gpu,g4dn.xlarge,CNN,OneHotEncoder,"{""encode_components"": [""base""]}","{""depth"": 1, ""hidden_dim"": 32, ""kernel_size"": 7, ""pooling_operation"": ""avg""}",asoptimizer_cleaned,32602,random,2,269.7413327029999,90.90562054500003,178.71471351800005,0.11838071600004696,0.46017154700001583,1841.852416,17.320448,92.0,cuda:Tesla T4,"[26082, 25, 5]",26082.0,6520.0,ok,0.208938898,1419.804,L,CNN,gpu,g4dn
batch_gpu,g4dn.xlarge,CNN,OneHotEncoder,"{""encode_components"": [""base""]}","{""depth"": 1, ""hidden_dim"": 32, ""kernel_size"": 7, ""pooling_operation"": ""avg""}",asoptimizer_cleaned,32602,random,3,285.7975688660001,91.43716089600002,194.25412381399997,0.10361835500020788,0.46017154700001583,1841.573888,17.320448,100.0,cuda:Tesla T4,"[26082, 25, 5]",26082.0,6520.0,ok,0.208938898,1419.804,L,CNN,gpu,g4dn
batch_gpu,g4dn.xlarge,CNN,OneHotEncoder,"{""encode_components"": [""base""]}","{""depth"": 1, ""hidden_dim"": 32, ""kernel_size"": 7, ""pooling_operation"": ""avg""}",asoptimizer_cleaned,32602,random,4,285.8004166200001,90.82305147700004,194.87134822200005,0.10348071799990066,0.46017154700001583,1845.686272,17.320448,100.0,cuda:Tesla T4,"[26082, 25, 5]",26082.0,6520.0,ok,0.208938898,1419.804,L,CNN,gpu,g4dn
batch_gpu,g4dn.xlarge,CNN,OneHotEncoder,"{""encode_components"": [""base"", ""sugar"", ""phosphate""]}","{""depth"": 1, ""hidden_dim"": 64, ""kernel_size"": 3, ""pooling_operation"": ""avg""}",asoptimizer_cleaned,32602,nucleobase,0,332.06451305400003,102.549537784,177.09760744099992,0.1958697749998919,0.4400427299999592,1825.808384,17.705472,94.0,cuda:Tesla T4,"[25428, 25, 14]",25428.0,7174.0,ok,0.2396222326,1635.767,L,CNN,gpu,g4dn
batch_gpu,g4dn.xlarge,CNN,OneHotEncoder,"{""encode_components"": [""base"", ""sugar"", ""phosphate""]}","{""depth"": 1, ""hidden_dim"": 64, ""kernel_size"": 3, ""pooling_operation"": ""avg""}",asoptimizer_cleaned,32602,nucleobase,1,347.90898385900005,103.65902901000004,191.15806528400003,0.23127236799996354,0.4400427299999592,1901.395968,17.711616,100.0,cuda:Tesla T4,"[25448, 25, 15]",25448.0,7154.0,ok,0.2396222326,1635.767,L,CNN,gpu,g4dn
batch_gpu,g4dn.xlarge,CNN,OneHotEncoder,"{""encode_components"": [""base"", ""sugar"", ""phosphate""]}","{""depth"": 1, ""hidden_dim"": 64, ""kernel_size"": 3, ""pooling_operation"": ""avg""}",asoptimizer_cleaned,32602,nucleobase,2,271.63184443299997,101.044747056,117.73735091000003,0.19097720900003878,0.4400427299999592,1924.231168,17.711616,67.0,cuda:Tesla T4,"[23423, 25, 15]",23423.0,9179.0,ok,0.2396222326,1635.767,L,CNN,gpu,g4dn
batch_gpu,g4dn.xlarge,CNN,OneHotEncoder,"{""encode_components"": [""base"", ""sugar"", ""phosphate""]}","{""depth"": 1, ""hidden_dim"": 64, ""kernel_size"": 3, ""pooling_operation"": ""avg""}",asoptimizer_cleaned,32602,nucleobase,3,328.81118299900004,101.02871799399986,174.8728841100001,0.29333066599997437,0.4400427299999592,1932.951552,17.711616,100.0,cuda:Tesla T4,"[23507, 25, 15]",23507.0,9095.0,ok,0.2396222326,1635.767,L,CNN,gpu,g4dn
batch_gpu,g4dn.xlarge,CNN,OneHotEncoder,"{""encode_components"": [""base"", ""sugar"", ""phosphate""]}","{""depth"": 1, ""hidden_dim"": 64, ""kernel_size"": 3, ""pooling_operation"": ""avg""}",asoptimizer_cleaned,32602,nucleobase,4,346.8328295199999,102.75088104099996,191.20427790000008,0.19218415500017727,0.4400427299999592,1932.82048,17.711616,100.0,cuda:Tesla T4,"[25606, 25, 15]",25606.0,6996.0,ok,0.2396222326,1635.767,L,CNN,gpu,g4dn
batch_gpu,g4dn.xlarge,CNN,OneHotEncoder,"{""encode_components"": [""base"", ""sugar"", ""phosphate""]}","{""depth"": 1, ""hidden_dim"": 64, ""kernel_size"": 3, ""pooling_operation"": ""avg""}",asoptimizer_cleaned,32602,nucleobase,0,332.06451305400003,102.549537784,177.09760744099992,0.1958697749998919,0.4400427299999592,1825.808384,17.705472,94.0,cuda:Tesla T4,"[25428, 25, 14]",25428.0,7174.0,ok,0.2396222326,1635.767,L,CNN,gpu,g4dn
batch_gpu,g4dn.xlarge,CNN,OneHotEncoder,"{""encode_components"": [""base"", ""sugar"", ""phosphate""]}","{""depth"": 1, ""hidden_dim"": 64, ""kernel_size"": 3, ""pooling_operation"": ""avg""}",asoptimizer_cleaned,32602,nucleobase,1,347.90898385900005,103.65902901000004,191.15806528400003,0.23127236799996354,0.4400427299999592,1901.395968,17.711616,100.0,cuda:Tesla T4,"[25448, 25, 15]",25448.0,7154.0,ok,0.2396222326,1635.767,L,CNN,gpu,g4dn
batch_gpu,g4dn.xlarge,CNN,OneHotEncoder,"{""encode_components"": [""base"", ""sugar"", ""phosphate""]}","{""depth"": 1, ""hidden_dim"": 64, ""kernel_size"": 3, ""pooling_operation"": ""avg""}",asoptimizer_cleaned,32602,nucleobase,2,271.63184443299997,101.044747056,117.73735091000003,0.19097720900003878,0.4400427299999592,1924.231168,17.711616,67.0,cuda:Tesla T4,"[23423, 25, 15]",23423.0,9179.0,ok,0.2396222326,1635.767,L,CNN,gpu,g4dn
batch_gpu,g4dn.xlarge,CNN,OneHotEncoder,"{""encode_components"": [""base"", ""sugar"", ""phosphate""]}","{""depth"": 1, ""hidden_dim"": 64, ""kernel_size"": 3, ""pooling_operation"": ""avg""}",asoptimizer_cleaned,32602,nucleobase,3,328.81118299900004,101.02871799399986,174.8728841100001,0.29333066599997437,0.4400427299999592,1932.951552,17.711616,100.0,cuda:Tesla T4,"[23507, 25, 15]",23507.0,9095.0,ok,0.2396222326,1635.767,L,CNN,gpu,g4dn
batch_gpu,g4dn.xlarge,CNN,OneHotEncoder,"{""encode_components"": [""base"", ""sugar"", ""phosphate""]}","{""depth"": 1, ""hidden_dim"": 64, ""kernel_size"": 3, ""pooling_operation"": ""avg""}",asoptimizer_cleaned,32602,nucleobase,4,346.8328295199999,102.75088104099996,191.20427790000008,0.19218415500017727,0.4400427299999592,1932.82048,17.711616,100.0,cuda:Tesla T4,"[25606, 25, 15]",25606.0,6996.0,ok,0.2396222326,1635.767,L,CNN,gpu,g4dn
batch_gpu,g4dn.xlarge,MLP,OneHotEncoder,"{""encode_components"": [""base""]}","{""dropout"": 0, ""hidden_dims"": [64]}",sherwood,291551,random,0,1017.5684971699999,869.9814351809999,146.6688312199999,0.8903812450000714,5.134135724000032,3229.618176,17.178112,9.0,cuda:Tesla T4,"[233241, 88]",233241.0,58310.0,ok,0.7539333661,5147.622,XL,MLP,gpu,g4dn
batch_gpu,g4dn.xlarge,MLP,OneHotEncoder,"{""encode_components"": [""base""]}","{""dropout"": 0, ""hidden_dims"": [64]}",sherwood,291551,random,1,1075.3516568129999,864.5439463569999,209.84481561199982,0.9102762460001941,5.134135724000032,3748.786176,17.178112,13.0,cuda:Tesla T4,"[233241, 88]",233241.0,58310.0,ok,0.7539333661,5147.622,XL,MLP,gpu,g4dn
batch_gpu,g4dn.xlarge,MLP,OneHotEncoder,"{""encode_components"": [""base""]}","{""dropout"": 0, ""hidden_dims"": [64]}",sherwood,291551,random,2,1126.834279488,835.090690126,290.922303888,0.7728930110001784,5.134135724000032,3699.920896,17.178112,18.0,cuda:Tesla T4,"[233241, 88]",233241.0,58310.0,ok,0.7539333661,5147.622,XL,MLP,gpu,g4dn
batch_gpu,g4dn.xlarge,MLP,OneHotEncoder,"{""encode_components"": [""base""]}","{""dropout"": 0, ""hidden_dims"": [64]}",sherwood,291551,random,3,922.7875311039998,824.9906410149997,96.93346044099962,0.8158949520002352,5.134135724000032,3681.878016,17.178112,6.0,cuda:Tesla T4,"[233241, 88]",233241.0,58310.0,ok,0.7539333661,5147.622,XL,MLP,gpu,g4dn
batch_gpu,g4dn.xlarge,MLP,OneHotEncoder,"{""encode_components"": [""base""]}","{""dropout"": 0, ""hidden_dims"": [64]}",sherwood,291551,random,4,991.0377918699996,842.6858601479998,147.52725175100022,0.7740523120000944,5.134135724000032,3687.60832,17.178112,9.0,cuda:Tesla T4,"[233241, 88]",233241.0,58310.0,ok,0.7539333661,5147.622,XL,MLP,gpu,g4dn
batch_gpu,g4dn.xlarge,MLP,OneHotEncoder,"{""encode_components"": [""base""]}","{""dropout"": 0, ""hidden_dims"": [64]}",sherwood,291551,random,0,1017.5684971699999,869.9814351809999,146.6688312199999,0.8903812450000714,5.134135724000032,3229.618176,17.178112,9.0,cuda:Tesla T4,"[233241, 88]",233241.0,58310.0,ok,0.7539333661,5147.622,XL,MLP,gpu,g4dn
batch_gpu,g4dn.xlarge,MLP,OneHotEncoder,"{""encode_components"": [""base""]}","{""dropout"": 0, ""hidden_dims"": [64]}",sherwood,291551,random,1,1075.3516568129999,864.5439463569999,209.84481561199982,0.9102762460001941,5.134135724000032,3748.786176,17.178112,13.0,cuda:Tesla T4,"[233241, 88]",233241.0,58310.0,ok,0.7539333661,5147.622,XL,MLP,gpu,g4dn
batch_gpu,g4dn.xlarge,MLP,OneHotEncoder,"{""encode_components"": [""base""]}","{""dropout"": 0, ""hidden_dims"": [64]}",sherwood,291551,random,2,1126.834279488,835.090690126,290.922303888,0.7728930110001784,5.134135724000032,3699.920896,17.178112,18.0,cuda:Tesla T4,"[233241, 88]",233241.0,58310.0,ok,0.7539333661,5147.622,XL,MLP,gpu,g4dn
batch_gpu,g4dn.xlarge,MLP,OneHotEncoder,"{""encode_components"": [""base""]}","{""dropout"": 0, ""hidden_dims"": [64]}",sherwood,291551,random,3,922.7875311039998,824.9906410149997,96.93346044099962,0.8158949520002352,5.134135724000032,3681.878016,17.178112,6.0,cuda:Tesla T4,"[233241, 88]",233241.0,58310.0,ok,0.7539333661,5147.622,XL,MLP,gpu,g4dn
batch_gpu,g4dn.xlarge,MLP,OneHotEncoder,"{""encode_components"": [""base""]}","{""dropout"": 0, ""hidden_dims"": [64]}",sherwood,291551,random,4,991.0377918699996,842.6858601479998,147.52725175100022,0.7740523120000944,5.134135724000032,3687.60832,17.178112,9.0,cuda:Tesla T4,"[233241, 88]",233241.0,58310.0,ok,0.7539333661,5147.622,XL,MLP,gpu,g4dn
batch_gpu,g4dn.4xlarge,MLP,OneHotEncoder,"{""encode_components"": [""base"", ""sugar"", ""phosphate""]}","{""dropout"": 0.25, ""hidden_dims"": [64, 64]}",sherwood,291551,random,0,1198.61164872,1021.1217988369999,176.1721727879999,1.2892713169999297,5.324362221000001,3209.019392,17.355776,10.0,cuda:Tesla T4,"[233241, 154]",233241.0,58310.0,ok,0.5025863873,6001.326,XL,MLP,gpu,g4dn
batch_gpu,g4dn.4xlarge,MLP,OneHotEncoder,"{""encode_components"": [""base"", ""sugar"", ""phosphate""]}","{""dropout"": 0.25, ""hidden_dims"": [64, 64]}",sherwood,291551,random,1,1237.634341177,1008.840178167,227.38161549799952,1.3857802439997613,5.324362221000001,3713.613824,17.355776,13.0,cuda:Tesla T4,"[233241, 154]",233241.0,58310.0,ok,0.5025863873,6001.326,XL,MLP,gpu,g4dn
batch_gpu,g4dn.4xlarge,MLP,OneHotEncoder,"{""encode_components"": [""base"", ""sugar"", ""phosphate""]}","{""dropout"": 0.25, ""hidden_dims"": [64, 64]}",sherwood,291551,random,2,1178.8689764889996,1033.9560453450003,143.58190794599977,1.3034437449996403,5.324362221000001,3706.556416,17.355776,8.0,cuda:Tesla T4,"[233241, 154]",233241.0,58310.0,ok,0.5025863873,6001.326,XL,MLP,gpu,g4dn
batch_gpu,g4dn.4xlarge,MLP,OneHotEncoder,"{""encode_components"": [""base"", ""sugar"", ""phosphate""]}","{""dropout"": 0.25, ""hidden_dims"": [64, 64]}",sherwood,291551,random,3,1163.6857633190002,970.0369622029993,192.31486345900066,1.2859661769998638,5.324362221000001,3748.29056,17.355776,11.0,cuda:Tesla T4,"[233241, 154]",233241.0,58310.0,ok,0.5025863873,6001.326,XL,MLP,gpu,g4dn
batch_gpu,g4dn.4xlarge,MLP,OneHotEncoder,"{""encode_components"": [""base"", ""sugar"", ""phosphate""]}","{""dropout"": 0.25, ""hidden_dims"": [64, 64]}",sherwood,291551,random,4,1207.748799049,993.7592243889994,212.68341501099985,1.2775124230001893,5.324362221000001,3749.453824,17.355776,12.0,cuda:Tesla T4,"[233241, 154]",233241.0,58310.0,ok,0.5025863873,6001.326,XL,MLP,gpu,g4dn
batch_gpu,g4dn.4xlarge,MLP,OneHotEncoder,"{""encode_components"": [""base"", ""sugar"", ""phosphate""]}","{""dropout"": 0.25, ""hidden_dims"": [64, 64]}",sherwood,291551,random,0,1198.61164872,1021.1217988369999,176.1721727879999,1.2892713169999297,5.324362221000001,3209.019392,17.355776,10.0,cuda:Tesla T4,"[233241, 154]",233241.0,58310.0,ok,0.5025863873,6001.326,XL,MLP,gpu,g4dn
batch_gpu,g4dn.4xlarge,MLP,OneHotEncoder,"{""encode_components"": [""base"", ""sugar"", ""phosphate""]}","{""dropout"": 0.25, ""hidden_dims"": [64, 64]}",sherwood,291551,random,1,1237.634341177,1008.840178167,227.38161549799952,1.3857802439997613,5.324362221000001,3713.613824,17.355776,13.0,cuda:Tesla T4,"[233241, 154]",233241.0,58310.0,ok,0.5025863873,6001.326,XL,MLP,gpu,g4dn
batch_gpu,g4dn.4xlarge,MLP,OneHotEncoder,"{""encode_components"": [""base"", ""sugar"", ""phosphate""]}","{""dropout"": 0.25, ""hidden_dims"": [64, 64]}",sherwood,291551,random,2,1178.8689764889996,1033.9560453450003,143.58190794599977,1.3034437449996403,5.324362221000001,3706.556416,17.355776,8.0,cuda:Tesla T4,"[233241, 154]",233241.0,58310.0,ok,0.5025863873,6001.326,XL,MLP,gpu,g4dn
batch_gpu,g4dn.4xlarge,MLP,OneHotEncoder,"{""encode_components"": [""base"", ""sugar"", ""phosphate""]}","{""dropout"": 0.25, ""hidden_dims"": [64, 64]}",sherwood,291551,random,3,1163.6857633190002,970.0369622029993,192.31486345900066,1.2859661769998638,5.324362221000001,3748.29056,17.355776,11.0,cuda:Tesla T4,"[233241, 154]",233241.0,58310.0,ok,0.5025863873,6001.326,XL,MLP,gpu,g4dn
batch_gpu,g4dn.4xlarge,MLP,OneHotEncoder,"{""encode_components"": [""base"", ""sugar"", ""phosphate""]}","{""dropout"": 0.25, ""hidden_dims"": [64, 64]}",sherwood,291551,random,4,1207.748799049,993.7592243889994,212.68341501099985,1.2775124230001893,5.324362221000001,3749.453824,17.355776,12.0,cuda:Tesla T4,"[233241, 154]",233241.0,58310.0,ok,0.5025863873,6001.326,XL,MLP,gpu,g4dn
batch_gpu,g4dn.xlarge,GRU,OneHotEncoder,"{""encode_components"": [""base""]}","{""hidden_dim"": 32, ""num_layers"": 1}",asoptimizer_cleaned,32602,random,0,130.87726594999998,89.40389543099997,41.24221765699997,0.22900798200004147,0.4451428589999864,1623.94112,28.384256,18.0,cuda:Tesla T4,"[26082, 25, 5]",26082.0,6520.0,ok,0.1212722275,827.616,L,GRU,gpu,g4dn
batch_gpu,g4dn.xlarge,GRU,OneHotEncoder,"{""encode_components"": [""base""]}","{""hidden_dim"": 32, ""num_layers"": 1}",asoptimizer_cleaned,32602,random,1,122.32081455000002,90.11649584099996,31.97758435800006,0.22395091500004582,0.4451428589999864,1753.550848,28.384256,14.0,cuda:Tesla T4,"[26082, 25, 5]",26082.0,6520.0,ok,0.1212722275,827.616,L,GRU,gpu,g4dn
batch_gpu,g4dn.xlarge,GRU,OneHotEncoder,"{""encode_components"": [""base""]}","{""hidden_dim"": 32, ""num_layers"": 1}",asoptimizer_cleaned,32602,random,2,313.15687845,89.71669036700007,223.173372148,0.2642157100000304,0.4451428589999864,1790.681088,28.384256,98.0,cuda:Tesla T4,"[26082, 25, 5]",26082.0,6520.0,ok,0.1212722275,827.616,L,GRU,gpu,g4dn
batch_gpu,g4dn.xlarge,GRU,OneHotEncoder,"{""encode_components"": [""base""]}","{""hidden_dim"": 32, ""num_layers"": 1}",asoptimizer_cleaned,32602,random,3,131.20982319100005,90.03462371700004,40.94570873199996,0.22679510599982677,0.4451428589999864,1786.925056,28.384256,18.0,cuda:Tesla T4,"[26082, 25, 5]",26082.0,6520.0,ok,0.1212722275,827.616,L,GRU,gpu,g4dn
batch_gpu,g4dn.xlarge,GRU,OneHotEncoder,"{""encode_components"": [""base""]}","{""hidden_dim"": 32, ""num_layers"": 1}",asoptimizer_cleaned,32602,random,4,121.47459512600017,89.4185135319999,31.830586397999923,0.22282866799992007,0.4451428589999864,1741.14816,28.384256,14.0,cuda:Tesla T4,"[26082, 25, 5]",26082.0,6520.0,ok,0.1212722275,827.616,L,GRU,gpu,g4dn
batch_gpu,g4dn.xlarge,GRU,OneHotEncoder,"{""encode_components"": [""base""]}","{""hidden_dim"": 32, ""num_layers"": 1}",asoptimizer_cleaned,32602,random,0,130.87726594999998,89.40389543099997,41.24221765699997,0.22900798200004147,0.4451428589999864,1623.94112,28.384256,18.0,cuda:Tesla T4,"[26082, 25, 5]",26082.0,6520.0,ok,0.1212722275,827.616,L,GRU,gpu,g4dn
batch_gpu,g4dn.xlarge,GRU,OneHotEncoder,"{""encode_components"": [""base""]}","{""hidden_dim"": 32, ""num_layers"": 1}",asoptimizer_cleaned,32602,random,1,122.32081455000002,90.11649584099996,31.97758435800006,0.22395091500004582,0.4451428589999864,1753.550848,28.384256,14.0,cuda:Tesla T4,"[26082, 25, 5]",26082.0,6520.0,ok,0.1212722275,827.616,L,GRU,gpu,g4dn
batch_gpu,g4dn.xlarge,GRU,OneHotEncoder,"{""encode_components"": [""base""]}","{""hidden_dim"": 32, ""num_layers"": 1}",asoptimizer_cleaned,32602,random,2,313.15687845,89.71669036700007,223.173372148,0.2642157100000304,0.4451428589999864,1790.681088,28.384256,98.0,cuda:Tesla T4,"[26082, 25, 5]",26082.0,6520.0,ok,0.1212722275,827.616,L,GRU,gpu,g4dn
batch_gpu,g4dn.xlarge,GRU,OneHotEncoder,"{""encode_components"": [""base""]}","{""hidden_dim"": 32, ""num_layers"": 1}",asoptimizer_cleaned,32602,random,3,131.20982319100005,90.03462371700004,40.94570873199996,0.22679510599982677,0.4451428589999864,1786.925056,28.384256,18.0,cuda:Tesla T4,"[26082, 25, 5]",26082.0,6520.0,ok,0.1212722275,827.616,L,GRU,gpu,g4dn
batch_gpu,g4dn.xlarge,GRU,OneHotEncoder,"{""encode_components"": [""base""]}","{""hidden_dim"": 32, ""num_layers"": 1}",asoptimizer_cleaned,32602,random,4,121.47459512600017,89.4185135319999,31.830586397999923,0.22282866799992007,0.4451428589999864,1741.14816,28.384256,14.0,cuda:Tesla T4,"[26082, 25, 5]",26082.0,6520.0,ok,0.1212722275,827.616,L,GRU,gpu,g4dn
batch_gpu,g4dn.xlarge,GRU,OneHotEncoder,"{""encode_components"": [""base"", ""sugar"", ""phosphate""]}","{""hidden_dim"": 64, ""num_layers"": 2}",asoptimizer_cleaned,32602,random,0,233.94647006399998,114.24214771699997,118.57251610400004,1.1292516100000967,0.4654338439999606,1755.717632,42.033152,46.0,cuda:Tesla T4,"[26082, 25, 15]",26082.0,6520.0,ok,0.1724111186,1180.787,L,GRU,gpu,g4dn
batch_gpu,g4dn.xlarge,GRU,OneHotEncoder,"{""encode_components"": [""base"", ""sugar"", ""phosphate""]}","{""hidden_dim"": 64, ""num_layers"": 2}",asoptimizer_cleaned,32602,random,1,222.28097345900005,111.70644448300004,109.40580149300001,1.1656240099999877,0.4654338439999606,1800.43776,42.033152,42.0,cuda:Tesla T4,"[26082, 25, 15]",26082.0,6520.0,ok,0.1724111186,1180.787,L,GRU,gpu,g4dn
batch_gpu,g4dn.xlarge,GRU,OneHotEncoder,"{""encode_components"": [""base"", ""sugar"", ""phosphate""]}","{""hidden_dim"": 64, ""num_layers"": 2}",asoptimizer_cleaned,32602,random,2,227.39749592500004,114.82846791600002,111.44586042699996,1.1200891089999914,0.4654338439999606,1843.4048,42.033152,42.0,cuda:Tesla T4,"[26082, 25, 15]",26082.0,6520.0,ok,0.1724111186,1180.787,L,GRU,gpu,g4dn
batch_gpu,g4dn.xlarge,GRU,OneHotEncoder,"{""encode_components"": [""base"", ""sugar"", ""phosphate""]}","{""hidden_dim"": 64, ""num_layers"": 2}",asoptimizer_cleaned,32602,random,3,244.26784496200003,115.47969745099999,127.57348322999997,1.2116435679999995,0.4654338439999606,1836.191744,42.033152,48.0,cuda:Tesla T4,"[26082, 25, 15]",26082.0,6520.0,ok,0.1724111186,1180.787,L,GRU,gpu,g4dn
batch_gpu,g4dn.xlarge,GRU,OneHotEncoder,"{""encode_components"": [""base"", ""sugar"", ""phosphate""]}","{""hidden_dim"": 64, ""num_layers"": 2}",asoptimizer_cleaned,32602,random,4,243.7551236910001,114.6442189930001,127.93405037099978,1.1731080540000676,0.4654338439999606,1858.7648,42.033152,48.0,cuda:Tesla T4,"[26082, 25, 15]",26082.0,6520.0,ok,0.1724111186,1180.787,L,GRU,gpu,g4dn
batch_gpu,g4dn.xlarge,GRU,OneHotEncoder,"{""encode_components"": [""base"", ""sugar"", ""phosphate""]}","{""hidden_dim"": 64, ""num_layers"": 2}",asoptimizer_cleaned,32602,random,0,233.94647006399998,114.24214771699997,118.57251610400004,1.1292516100000967,0.4654338439999606,1755.717632,42.033152,46.0,cuda:Tesla T4,"[26082, 25, 15]",26082.0,6520.0,ok,0.1724111186,1180.787,L,GRU,gpu,g4dn
batch_gpu,g4dn.xlarge,GRU,OneHotEncoder,"{""encode_components"": [""base"", ""sugar"", ""phosphate""]}","{""hidden_dim"": 64, ""num_layers"": 2}",asoptimizer_cleaned,32602,random,1,222.28097345900005,111.70644448300004,109.40580149300001,1.1656240099999877,0.4654338439999606,1800.43776,42.033152,42.0,cuda:Tesla T4,"[26082, 25, 15]",26082.0,6520.0,ok,0.1724111186,1180.787,L,GRU,gpu,g4dn
batch_gpu,g4dn.xlarge,GRU,OneHotEncoder,"{""encode_components"": [""base"", ""sugar"", ""phosphate""]}","{""hidden_dim"": 64, ""num_layers"": 2}",asoptimizer_cleaned,32602,random,2,227.39749592500004,114.82846791600002,111.44586042699996,1.1200891089999914,0.4654338439999606,1843.4048,42.033152,42.0,cuda:Tesla T4,"[26082, 25, 15]",26082.0,6520.0,ok,0.1724111186,1180.787,L,GRU,gpu,g4dn
batch_gpu,g4dn.xlarge,GRU,OneHotEncoder,"{""encode_components"": [""base"", ""sugar"", ""phosphate""]}","{""hidden_dim"": 64, ""num_layers"": 2}",asoptimizer_cleaned,32602,random,3,244.26784496200003,115.47969745099999,127.57348322999997,1.2116435679999995,0.4654338439999606,1836.191744,42.033152,48.0,cuda:Tesla T4,"[26082, 25, 15]",26082.0,6520.0,ok,0.1724111186,1180.787,L,GRU,gpu,g4dn
batch_gpu,g4dn.xlarge,GRU,OneHotEncoder,"{""encode_components"": [""base"", ""sugar"", ""phosphate""]}","{""hidden_dim"": 64, ""num_layers"": 2}",asoptimizer_cleaned,32602,random,4,243.7551236910001,114.6442189930001,127.93405037099978,1.1731080540000676,0.4654338439999606,1858.7648,42.033152,48.0,cuda:Tesla T4,"[26082, 25, 15]",26082.0,6520.0,ok,0.1724111186,1180.787,L,GRU,gpu,g4dn
batch_gpu,g4dn.xlarge,GNN,HELMGraph,{},"{""hidden_dim"": 32, ""num_layers"": 1, ""pooling_operation"": ""avg""}",siRNA1,2431,random,0,50.16856032800001,18.88280948900001,30.88621096700001,0.36169963999998345,0.07951499600000034,1717.256192,20.557824,100.0,cuda:Tesla T4,"[1945, 'graph']",1945.0,486.0,ok,0.0350666682,233.224,M,GNN,gpu,g4dn
batch_gpu,g4dn.xlarge,GNN,HELMGraph,{},"{""hidden_dim"": 32, ""num_layers"": 1, ""pooling_operation"": ""avg""}",siRNA1,2431,random,1,48.800774128,18.739044417000002,29.529045377999978,0.5310006770000086,0.07951499600000034,1729.073152,20.558336,100.0,cuda:Tesla T4,"[1945, 'graph']",1945.0,486.0,ok,0.0350666682,233.224,M,GNN,gpu,g4dn
batch_gpu,g4dn.xlarge,GNN,HELMGraph,{},"{""hidden_dim"": 32, ""num_layers"": 1, ""pooling_operation"": ""avg""}",siRNA1,2431,random,2,28.308612630000027,18.575709711000002,9.448080940000011,0.2829056879999712,0.07951499600000034,1753.522176,20.558336,32.0,cuda:Tesla T4,"[1945, 'graph']",1945.0,486.0,ok,0.0350666682,233.224,M,GNN,gpu,g4dn
batch_gpu,g4dn.xlarge,GNN,HELMGraph,{},"{""hidden_dim"": 32, ""num_layers"": 1, ""pooling_operation"": ""avg""}",siRNA1,2431,random,3,47.947618197,18.718044066000004,28.94612572599999,0.2816916689999971,0.07951499600000034,1735.753728,20.557824,100.0,cuda:Tesla T4,"[1945, 'graph']",1945.0,486.0,ok,0.0350666682,233.224,M,GNN,gpu,g4dn
batch_gpu,g4dn.xlarge,GNN,HELMGraph,{},"{""hidden_dim"": 32, ""num_layers"": 1, ""pooling_operation"": ""avg""}",siRNA1,2431,random,4,49.392272348999995,18.647543575999975,30.438754323000012,0.30456191799999033,0.07951499600000034,1735.753728,20.557824,100.0,cuda:Tesla T4,"[1945, 'graph']",1945.0,486.0,ok,0.0350666682,233.224,M,GNN,gpu,g4dn
batch_gpu,g4dn.xlarge,GNN,HELMGraph,{},"{""hidden_dim"": 32, ""num_layers"": 1, ""pooling_operation"": ""avg""}",siRNA1,2431,random,0,50.16856032800001,18.88280948900001,30.88621096700001,0.36169963999998345,0.07951499600000034,1717.256192,20.557824,100.0,cuda:Tesla T4,"[1945, 'graph']",1945.0,486.0,ok,0.0350666682,233.224,M,GNN,gpu,g4dn
batch_gpu,g4dn.xlarge,GNN,HELMGraph,{},"{""hidden_dim"": 32, ""num_layers"": 1, ""pooling_operation"": ""avg""}",siRNA1,2431,random,1,48.800774128,18.739044417000002,29.529045377999978,0.5310006770000086,0.07951499600000034,1729.073152,20.558336,100.0,cuda:Tesla T4,"[1945, 'graph']",1945.0,486.0,ok,0.0350666682,233.224,M,GNN,gpu,g4dn
batch_gpu,g4dn.xlarge,GNN,HELMGraph,{},"{""hidden_dim"": 32, ""num_layers"": 1, ""pooling_operation"": ""avg""}",siRNA1,2431,random,2,28.308612630000027,18.575709711000002,9.448080940000011,0.2829056879999712,0.07951499600000034,1753.522176,20.558336,32.0,cuda:Tesla T4,"[1945, 'graph']",1945.0,486.0,ok,0.0350666682,233.224,M,GNN,gpu,g4dn
batch_gpu,g4dn.xlarge,GNN,HELMGraph,{},"{""hidden_dim"": 32, ""num_layers"": 1, ""pooling_operation"": ""avg""}",siRNA1,2431,random,3,47.947618197,18.718044066000004,28.94612572599999,0.2816916689999971,0.07951499600000034,1735.753728,20.557824,100.0,cuda:Tesla T4,"[1945, 'graph']",1945.0,486.0,ok,0.0350666682,233.224,M,GNN,gpu,g4dn
batch_gpu,g4dn.xlarge,GNN,HELMGraph,{},"{""hidden_dim"": 32, ""num_layers"": 1, ""pooling_operation"": ""avg""}",siRNA1,2431,random,4,49.392272348999995,18.647543575999975,30.438754323000012,0.30456191799999033,0.07951499600000034,1735.753728,20.557824,100.0,cuda:Tesla T4,"[1945, 'graph']",1945.0,486.0,ok,0.0350666682,233.224,M,GNN,gpu,g4dn
batch_gpu,g4dn.xlarge,MLP,OneHotEncoder,"{""encode_components"": [""base"", ""sugar"", ""phosphate""]}","{""dropout"": 0, ""hidden_dims"": [64]}",asoptimizer_cleaned,32602,random,0,259.5311432,117.32608056100003,142.13176517,0.07041088699998,0.46304190300003256,1723.920384,17.583616,73.0,cuda:Tesla T4,"[26082, 375]",26082.0,6520.0,ok,0.184100008,1258.296,L,MLP,gpu,g4dn
batch_gpu,g4dn.xlarge,MLP,OneHotEncoder,"{""encode_components"": [""base"", ""sugar"", ""phosphate""]}","{""dropout"": 0, ""hidden_dims"": [64]}",asoptimizer_cleaned,32602,random,1,237.95408977700004,116.543205554,121.27768380100008,0.13034751200007122,0.46304190300003256,1755.05408,17.583616,62.0,cuda:Tesla T4,"[26082, 375]",26082.0,6520.0,ok,0.184100008,1258.296,L,MLP,gpu,g4dn
batch_gpu,g4dn.xlarge,MLP,OneHotEncoder,"{""encode_components"": [""base"", ""sugar"", ""phosphate""]}","{""dropout"": 0, ""hidden_dims"": [64]}",asoptimizer_cleaned,32602,random,2,246.04679348599996,116.55053233399997,129.39282494299982,0.1003950189999614,0.46304190300003256,1795.948544,17.583616,66.0,cuda:Tesla T4,"[26082, 375]",26082.0,6520.0,ok,0.184100008,1258.296,L,MLP,gpu,g4dn
batch_gpu,g4dn.xlarge,MLP,OneHotEncoder,"{""encode_components"": [""base"", ""sugar"", ""phosphate""]}","{""dropout"": 0, ""hidden_dims"": [64]}",asoptimizer_cleaned,32602,random,3,267.73391305300015,117.14803409000001,150.5305129200001,0.05245952099994611,0.46304190300003256,1816.899584,17.583616,77.0,cuda:Tesla T4,"[26082, 375]",26082.0,6520.0,ok,0.184100008,1258.296,L,MLP,gpu,g4dn
batch_gpu,g4dn.xlarge,MLP,OneHotEncoder,"{""encode_components"": [""base"", ""sugar"", ""phosphate""]}","{""dropout"": 0, ""hidden_dims"": [64]}",asoptimizer_cleaned,32602,random,4,237.64833008699998,117.19707066600017,120.33197488700011,0.11654990200008797,0.46304190300003256,1809.309696,17.583616,62.0,cuda:Tesla T4,"[26082, 375]",26082.0,6520.0,ok,0.184100008,1258.296,L,MLP,gpu,g4dn
batch_gpu,g4dn.xlarge,MLP,OneHotEncoder,"{""encode_components"": [""base"", ""sugar"", ""phosphate""]}","{""dropout"": 0, ""hidden_dims"": [64]}",asoptimizer_cleaned,32602,random,0,259.5311432,117.32608056100003,142.13176517,0.07041088699998,0.46304190300003256,1723.920384,17.583616,73.0,cuda:Tesla T4,"[26082, 375]",26082.0,6520.0,ok,0.184100008,1258.296,L,MLP,gpu,g4dn
batch_gpu,g4dn.xlarge,MLP,OneHotEncoder,"{""encode_components"": [""base"", ""sugar"", ""phosphate""]}","{""dropout"": 0, ""hidden_dims"": [64]}",asoptimizer_cleaned,32602,random,1,237.95408977700004,116.543205554,121.27768380100008,0.13034751200007122,0.46304190300003256,1755.05408,17.583616,62.0,cuda:Tesla T4,"[26082, 375]",26082.0,6520.0,ok,0.184100008,1258.296,L,MLP,gpu,g4dn
batch_gpu,g4dn.xlarge,MLP,OneHotEncoder,"{""encode_components"": [""base"", ""sugar"", ""phosphate""]}","{""dropout"": 0, ""hidden_dims"": [64]}",asoptimizer_cleaned,32602,random,2,246.04679348599996,116.55053233399997,129.39282494299982,0.1003950189999614,0.46304190300003256,1795.948544,17.583616,66.0,cuda:Tesla T4,"[26082, 375]",26082.0,6520.0,ok,0.184100008,1258.296,L,MLP,gpu,g4dn
batch_gpu,g4dn.xlarge,MLP,OneHotEncoder,"{""encode_components"": [""base"", ""sugar"", ""phosphate""]}","{""dropout"": 0, ""hidden_dims"": [64]}",asoptimizer_cleaned,32602,random,3,267.73391305300015,117.14803409000001,150.5305129200001,0.05245952099994611,0.46304190300003256,1816.899584,17.583616,77.0,cuda:Tesla T4,"[26082, 375]",26082.0,6520.0,ok,0.184100008,1258.296,L,MLP,gpu,g4dn
batch_gpu,g4dn.xlarge,MLP,OneHotEncoder,"{""encode_components"": [""base"", ""sugar"", ""phosphate""]}","{""dropout"": 0, ""hidden_dims"": [64]}",asoptimizer_cleaned,32602,random,4,237.64833008699998,117.19707066600017,120.33197488700011,0.11654990200008797,0.46304190300003256,1809.309696,17.583616,62.0,cuda:Tesla T4,"[26082, 375]",26082.0,6520.0,ok,0.184100008,1258.296,L,MLP,gpu,g4dn
batch_gpu,g4dn.xlarge,GNN,HELMGraph,{},"{""hidden_dim"": 64, ""num_layers"": 2, ""pooling_operation"": ""avg""}",siRNA1,2431,nucleobase,0,56.39206065799999,16.844043777999957,32.41513840699997,1.6998845690000053,0.0772855330000084,1753.362432,24.919552,100.0,cuda:Tesla T4,"[1777, 'graph']",1777.0,654.0,ok,0.0292222235,200.7,M,GNN,gpu,g4dn
batch_gpu,g4dn.xlarge,GNN,HELMGraph,{},"{""hidden_dim"": 64, ""num_layers"": 2, ""pooling_operation"": ""avg""}",siRNA1,2431,nucleobase,1,46.095358738000016,17.160624368000015,22.01502451899995,1.5542196680000302,0.0772855330000084,1802.092544,24.920064,64.0,cuda:Tesla T4,"[1923, 'graph']",1923.0,508.0,ok,0.0292222235,200.7,M,GNN,gpu,g4dn
batch_gpu,g4dn.xlarge,GNN,HELMGraph,{},"{""hidden_dim"": 64, ""num_layers"": 2, ""pooling_operation"": ""avg""}",siRNA1,2431,nucleobase,2,27.59869854699997,17.517137742999978,4.356088956000008,0.35452514400003565,0.0772855330000084,1758.048256,24.919552,12.0,cuda:Tesla T4,"[2011, 'graph']",2011.0,420.0,ok,0.0292222235,200.7,M,GNN,gpu,g4dn
batch_gpu,g4dn.xlarge,GNN,HELMGraph,{},"{""hidden_dim"": 64, ""num_layers"": 2, ""pooling_operation"": ""avg""}",siRNA1,2431,nucleobase,3,35.69152134000001,17.343834435000076,12.270006902999967,0.7149590430000217,0.0772855330000084,1758.86336,24.919552,36.0,cuda:Tesla T4,"[1914, 'graph']",1914.0,517.0,ok,0.0292222235,200.7,M,GNN,gpu,g4dn
batch_gpu,g4dn.xlarge,GNN,HELMGraph,{},"{""hidden_dim"": 64, ""num_layers"": 2, ""pooling_operation"": ""avg""}",siRNA1,2431,nucleobase,4,26.278788429000087,17.39785723800003,3.1376251039999943,0.3581491359999518,0.0772855330000084,1758.089216,24.919552,9.0,cuda:Tesla T4,"[1902, 'graph']",1902.0,529.0,ok,0.0292222235,200.7,M,GNN,gpu,g4dn
batch_gpu,g4dn.xlarge,GNN,HELMGraph,{},"{""hidden_dim"": 64, ""num_layers"": 2, ""pooling_operation"": ""avg""}",siRNA1,2431,nucleobase,0,56.39206065799999,16.844043777999957,32.41513840699997,1.6998845690000053,0.0772855330000084,1753.362432,24.919552,100.0,cuda:Tesla T4,"[1777, 'graph']",1777.0,654.0,ok,0.0292222235,200.7,M,GNN,gpu,g4dn
batch_gpu,g4dn.xlarge,GNN,HELMGraph,{},"{""hidden_dim"": 64, ""num_layers"": 2, ""pooling_operation"": ""avg""}",siRNA1,2431,nucleobase,1,46.095358738000016,17.160624368000015,22.01502451899995,1.5542196680000302,0.0772855330000084,1802.092544,24.920064,64.0,cuda:Tesla T4,"[1923, 'graph']",1923.0,508.0,ok,0.0292222235,200.7,M,GNN,gpu,g4dn
batch_gpu,g4dn.xlarge,GNN,HELMGraph,{},"{""hidden_dim"": 64, ""num_layers"": 2, ""pooling_operation"": ""avg""}",siRNA1,2431,nucleobase,2,27.59869854699997,17.517137742999978,4.356088956000008,0.35452514400003565,0.0772855330000084,1758.048256,24.919552,12.0,cuda:Tesla T4,"[2011, 'graph']",2011.0,420.0,ok,0.0292222235,200.7,M,GNN,gpu,g4dn
batch_gpu,g4dn.xlarge,GNN,HELMGraph,{},"{""hidden_dim"": 64, ""num_layers"": 2, ""pooling_operation"": ""avg""}",siRNA1,2431,nucleobase,3,35.69152134000001,17.343834435000076,12.270006902999967,0.7149590430000217,0.0772855330000084,1758.86336,24.919552,36.0,cuda:Tesla T4,"[1914, 'graph']",1914.0,517.0,ok,0.0292222235,200.7,M,GNN,gpu,g4dn
batch_gpu,g4dn.xlarge,GNN,HELMGraph,{},"{""hidden_dim"": 64, ""num_layers"": 2, ""pooling_operation"": ""avg""}",siRNA1,2431,nucleobase,4,26.278788429000087,17.39785723800003,3.1376251039999943,0.3581491359999518,0.0772855330000084,1758.089216,24.919552,9.0,cuda:Tesla T4,"[1902, 'graph']",1902.0,529.0,ok,0.0292222235,200.7,M,GNN,gpu,g4dn
batch_gpu,g4dn.xlarge,MLP,OneHotEncoder,"{""encode_components"": [""base"", ""sugar"", ""phosphate""]}","{""dropout"": 0, ""hidden_dims"": [64, 64]}",asoptimizer_cleaned,32602,random,0,197.06186305400007,110.43553692700004,86.51470239700006,0.1091141480000033,0.46465504499997223,1725.485056,17.668096,42.0,cuda:Tesla T4,"[26082, 375]",26082.0,6520.0,ok,0.1373444504,925.464,L,MLP,gpu,g4dn
batch_gpu,g4dn.xlarge,MLP,OneHotEncoder,"{""encode_components"": [""base"", ""sugar"", ""phosphate""]}","{""dropout"": 0, ""hidden_dims"": [64, 64]}",asoptimizer_cleaned,32602,random,1,209.33650324899997,110.61599576799995,98.58406731800005,0.13359883100008574,0.46465504499997223,1758.208,17.668096,48.0,cuda:Tesla T4,"[26082, 375]",26082.0,6520.0,ok,0.1373444504,925.464,L,MLP,gpu,g4dn
batch_gpu,g4dn.xlarge,MLP,OneHotEncoder,"{""encode_components"": [""base"", ""sugar"", ""phosphate""]}","{""dropout"": 0, ""hidden_dims"": [64, 64]}",asoptimizer_cleaned,32602,random,2,180.56581495900002,110.27598709200004,70.19712004600001,0.08992315299997244,0.46465504499997223,1776.017408,17.668096,34.0,cuda:Tesla T4,"[26082, 375]",26082.0,6520.0,ok,0.1373444504,925.464,L,MLP,gpu,g4dn
batch_gpu,g4dn.xlarge,MLP,OneHotEncoder,"{""encode_components"": [""base"", ""sugar"", ""phosphate""]}","{""dropout"": 0, ""hidden_dims"": [64, 64]}",asoptimizer_cleaned,32602,random,3,147.39773760000003,110.2479137209998,36.92893881300006,0.21805107800014412,0.46465504499997223,1767.129088,17.668096,18.0,cuda:Tesla T4,"[26082, 375]",26082.0,6520.0,ok,0.1373444504,925.464,L,MLP,gpu,g4dn
batch_gpu,g4dn.xlarge,MLP,OneHotEncoder,"{""encode_components"": [""base"", ""sugar"", ""phosphate""]}","{""dropout"": 0, ""hidden_dims"": [64, 64]}",asoptimizer_cleaned,32602,random,4,182.245249393,110.2383241340001,71.86614983599998,0.13800752099996316,0.46465504499997223,1765.572608,17.668096,35.0,cuda:Tesla T4,"[26082, 375]",26082.0,6520.0,ok,0.1373444504,925.464,L,MLP,gpu,g4dn
batch_gpu,g4dn.xlarge,MLP,OneHotEncoder,"{""encode_components"": [""base"", ""sugar"", ""phosphate""]}","{""dropout"": 0, ""hidden_dims"": [64, 64]}",asoptimizer_cleaned,32602,random,0,197.06186305400007,110.43553692700004,86.51470239700006,0.1091141480000033,0.46465504499997223,1725.485056,17.668096,42.0,cuda:Tesla T4,"[26082, 375]",26082.0,6520.0,ok,0.1373444504,925.464,L,MLP,gpu,g4dn
batch_gpu,g4dn.xlarge,MLP,OneHotEncoder,"{""encode_components"": [""base"", ""sugar"", ""phosphate""]}","{""dropout"": 0, ""hidden_dims"": [64, 64]}",asoptimizer_cleaned,32602,random,1,209.33650324899997,110.61599576799995,98.58406731800005,0.13359883100008574,0.46465504499997223,1758.208,17.668096,48.0,cuda:Tesla T4,"[26082, 375]",26082.0,6520.0,ok,0.1373444504,925.464,L,MLP,gpu,g4dn
batch_gpu,g4dn.xlarge,MLP,OneHotEncoder,"{""encode_components"": [""base"", ""sugar"", ""phosphate""]}","{""dropout"": 0, ""hidden_dims"": [64, 64]}",asoptimizer_cleaned,32602,random,2,180.56581495900002,110.27598709200004,70.19712004600001,0.08992315299997244,0.46465504499997223,1776.017408,17.668096,34.0,cuda:Tesla T4,"[26082, 375]",26082.0,6520.0,ok,0.1373444504,925.464,L,MLP,gpu,g4dn
batch_gpu,g4dn.xlarge,MLP,OneHotEncoder,"{""encode_components"": [""base"", ""sugar"", ""phosphate""]}","{""dropout"": 0, ""hidden_dims"": [64, 64]}",asoptimizer_cleaned,32602,random,3,147.39773760000003,110.2479137209998,36.92893881300006,0.21805107800014412,0.46465504499997223,1767.129088,17.668096,18.0,cuda:Tesla T4,"[26082, 375]",26082.0,6520.0,ok,0.1373444504,925.464,L,MLP,gpu,g4dn
batch_gpu,g4dn.xlarge,MLP,OneHotEncoder,"{""encode_components"": [""base"", ""sugar"", ""phosphate""]}","{""dropout"": 0, ""hidden_dims"": [64, 64]}",asoptimizer_cleaned,32602,random,4,182.245249393,110.2383241340001,71.86614983599998,0.13800752099996316,0.46465504499997223,1765.572608,17.668096,35.0,cuda:Tesla T4,"[26082, 375]",26082.0,6520.0,ok,0.1373444504,925.464,L,MLP,gpu,g4dn
batch_gpu,g4dn.xlarge,MLP,OneHotEncoder,"{""encode_components"": [""base""]}","{""dropout"": 0.25, ""hidden_dims"": [128, 128]}",asoptimizer_cleaned,32602,nucleobase,0,300.963833872,93.71865161999995,152.4308534500001,0.07047178000004806,0.4505558029999861,1613.615104,17.720832,72.0,cuda:Tesla T4,"[25428, 125]",25428.0,7174.0,ok,0.2045555645,1398.702,L,MLP,gpu,g4dn
batch_gpu,g4dn.xlarge,MLP,OneHotEncoder,"{""encode_components"": [""base""]}","{""dropout"": 0.25, ""hidden_dims"": [128, 128]}",asoptimizer_cleaned,32602,nucleobase,1,262.442069416,92.78571664100002,112.89805766099994,0.09245612500001243,0.4505558029999861,1756.721152,17.720832,53.0,cuda:Tesla T4,"[25448, 125]",25448.0,7154.0,ok,0.2045555645,1398.702,L,MLP,gpu,g4dn
batch_gpu,g4dn.xlarge,MLP,OneHotEncoder,"{""encode_components"": [""base""]}","{""dropout"": 0.25, ""hidden_dims"": [128, 128]}",asoptimizer_cleaned,32602,nucleobase,2,272.68449096899997,91.36552860500001,127.50557139299985,0.039023897000106444,0.4505558029999861,1762.811904,17.720832,65.0,cuda:Tesla T4,"[23423, 125]",23423.0,9179.0,ok,0.2045555645,1398.702,L,MLP,gpu,g4dn
batch_gpu,g4dn.xlarge,MLP,OneHotEncoder,"{""encode_components"": [""base""]}","{""dropout"": 0.25, ""hidden_dims"": [128, 128]}",asoptimizer_cleaned,32602,nucleobase,3,274.9317883639999,89.85144985600004,129.61336022,0.0515740780001579,0.4505558029999861,1719.554048,17.720832,66.0,cuda:Tesla T4,"[23507, 125]",23507.0,9095.0,ok,0.2045555645,1398.702,L,MLP,gpu,g4dn
batch_gpu,g4dn.xlarge,MLP,OneHotEncoder,"{""encode_components"": [""base""]}","{""dropout"": 0.25, ""hidden_dims"": [128, 128]}",asoptimizer_cleaned,32602,nucleobase,4,279.0172548799999,91.18651339300004,132.4261657300001,0.04490983199980292,0.4505558029999861,1811.3536,17.720832,62.0,cuda:Tesla T4,"[25606, 125]",25606.0,6996.0,ok,0.2045555645,1398.702,L,MLP,gpu,g4dn
batch_gpu,g4dn.xlarge,MLP,OneHotEncoder,"{""encode_components"": [""base""]}","{""dropout"": 0.25, ""hidden_dims"": [128, 128]}",asoptimizer_cleaned,32602,nucleobase,0,300.963833872,93.71865161999995,152.4308534500001,0.07047178000004806,0.4505558029999861,1613.615104,17.720832,72.0,cuda:Tesla T4,"[25428, 125]",25428.0,7174.0,ok,0.2045555645,1398.702,L,MLP,gpu,g4dn
batch_gpu,g4dn.xlarge,MLP,OneHotEncoder,"{""encode_components"": [""base""]}","{""dropout"": 0.25, ""hidden_dims"": [128, 128]}",asoptimizer_cleaned,32602,nucleobase,1,262.442069416,92.78571664100002,112.89805766099994,0.09245612500001243,0.4505558029999861,1756.721152,17.720832,53.0,cuda:Tesla T4,"[25448, 125]",25448.0,7154.0,ok,0.2045555645,1398.702,L,MLP,gpu,g4dn
batch_gpu,g4dn.xlarge,MLP,OneHotEncoder,"{""encode_components"": [""base""]}","{""dropout"": 0.25, ""hidden_dims"": [128, 128]}",asoptimizer_cleaned,32602,nucleobase,2,272.68449096899997,91.36552860500001,127.50557139299985,0.039023897000106444,0.4505558029999861,1762.811904,17.720832,65.0,cuda:Tesla T4,"[23423, 125]",23423.0,9179.0,ok,0.2045555645,1398.702,L,MLP,gpu,g4dn
batch_gpu,g4dn.xlarge,MLP,OneHotEncoder,"{""encode_components"": [""base""]}","{""dropout"": 0.25, ""hidden_dims"": [128, 128]}",asoptimizer_cleaned,32602,nucleobase,3,274.9317883639999,89.85144985600004,129.61336022,0.0515740780001579,0.4505558029999861,1719.554048,17.720832,66.0,cuda:Tesla T4,"[23507, 125]",23507.0,9095.0,ok,0.2045555645,1398.702,L,MLP,gpu,g4dn
batch_gpu,g4dn.xlarge,MLP,OneHotEncoder,"{""encode_components"": [""base""]}","{""dropout"": 0.25, ""hidden_dims"": [128, 128]}",asoptimizer_cleaned,32602,nucleobase,4,279.0172548799999,91.18651339300004,132.4261657300001,0.04490983199980292,0.4505558029999861,1811.3536,17.720832,62.0,cuda:Tesla T4,"[25606, 125]",25606.0,6996.0,ok,0.2045555645,1398.702,L,MLP,gpu,g4dn
batch_gpu,g4dn.xlarge,MLP,KMersCounts,"{""k"": [1, 2, 3], ""modification_abundance"": true}","{""dropout"": 0, ""hidden_dims"": [64]}",siRNA1,2431,nucleobase,0,24.290896734,6.672516481999992,12.123352391999958,0.015882030999989638,0.07650969700000587,1458.868224,17.265664,86.0,cuda:Tesla T4,"[1777, 150]",1777.0,654.0,ok,0.0204555564,125.338,M,MLP,gpu,g4dn
batch_gpu,g4dn.xlarge,MLP,KMersCounts,"{""k"": [1, 2, 3], ""modification_abundance"": true}","{""dropout"": 0, ""hidden_dims"": [64]}",siRNA1,2431,nucleobase,1,20.25614594900003,6.657970449999993,8.05259275000003,0.013633518000006006,0.07650969700000587,1473.056768,17.266176,55.0,cuda:Tesla T4,"[1923, 150]",1923.0,508.0,ok,0.0204555564,125.338,M,MLP,gpu,g4dn
batch_gpu,g4dn.xlarge,MLP,KMersCounts,"{""k"": [1, 2, 3], ""modification_abundance"": true}","{""dropout"": 0, ""hidden_dims"": [64]}",siRNA1,2431,nucleobase,2,19.728373173000023,6.653528422999955,7.587701033999963,0.01160010900002817,0.07650969700000587,1481.54368,17.266176,50.0,cuda:Tesla T4,"[2011, 150]",2011.0,420.0,ok,0.0204555564,125.338,M,MLP,gpu,g4dn
batch_gpu,g4dn.xlarge,MLP,KMersCounts,"{""k"": [1, 2, 3], ""modification_abundance"": true}","{""dropout"": 0, ""hidden_dims"": [64]}",siRNA1,2431,nucleobase,3,26.421463453,6.71546245799999,14.285081272000014,0.012926461999995809,0.07650969700000587,1483.505664,17.266688,100.0,cuda:Tesla T4,"[1914, 150]",1914.0,517.0,ok,0.0204555564,125.338,M,MLP,gpu,g4dn
batch_gpu,g4dn.xlarge,MLP,KMersCounts,"{""k"": [1, 2, 3], ""modification_abundance"": true}","{""dropout"": 0, ""hidden_dims"": [64]}",siRNA1,2431,nucleobase,4,26.352913932000035,6.706341213999963,14.246618026999954,0.010089296000046488,0.07650969700000587,1487.773696,17.2672,100.0,cuda:Tesla T4,"[1902, 150]",1902.0,529.0,ok,0.0204555564,125.338,M,MLP,gpu,g4dn
batch_gpu,g4dn.xlarge,MLP,KMersCounts,"{""k"": [1, 2, 3], ""modification_abundance"": true}","{""dropout"": 0, ""hidden_dims"": [64]}",siRNA1,2431,nucleobase,0,24.290896734,6.672516481999992,12.123352391999958,0.015882030999989638,0.07650969700000587,1458.868224,17.265664,86.0,cuda:Tesla T4,"[1777, 150]",1777.0,654.0,ok,0.0204555564,125.338,M,MLP,gpu,g4dn
batch_gpu,g4dn.xlarge,MLP,KMersCounts,"{""k"": [1, 2, 3], ""modification_abundance"": true}","{""dropout"": 0, ""hidden_dims"": [64]}",siRNA1,2431,nucleobase,1,20.25614594900003,6.657970449999993,8.05259275000003,0.013633518000006006,0.07650969700000587,1473.056768,17.266176,55.0,cuda:Tesla T4,"[1923, 150]",1923.0,508.0,ok,0.0204555564,125.338,M,MLP,gpu,g4dn
batch_gpu,g4dn.xlarge,MLP,KMersCounts,"{""k"": [1, 2, 3], ""modification_abundance"": true}","{""dropout"": 0, ""hidden_dims"": [64]}",siRNA1,2431,nucleobase,2,19.728373173000023,6.653528422999955,7.587701033999963,0.01160010900002817,0.07650969700000587,1481.54368,17.266176,50.0,cuda:Tesla T4,"[2011, 150]",2011.0,420.0,ok,0.0204555564,125.338,M,MLP,gpu,g4dn
batch_gpu,g4dn.xlarge,MLP,KMersCounts,"{""k"": [1, 2, 3], ""modification_abundance"": true}","{""dropout"": 0, ""hidden_dims"": [64]}",siRNA1,2431,nucleobase,3,26.421463453,6.71546245799999,14.285081272000014,0.012926461999995809,0.07650969700000587,1483.505664,17.266688,100.0,cuda:Tesla T4,"[1914, 150]",1914.0,517.0,ok,0.0204555564,125.338,M,MLP,gpu,g4dn
batch_gpu,g4dn.xlarge,MLP,KMersCounts,"{""k"": [1, 2, 3], ""modification_abundance"": true}","{""dropout"": 0, ""hidden_dims"": [64]}",siRNA1,2431,nucleobase,4,26.352913932000035,6.706341213999963,14.246618026999954,0.010089296000046488,0.07650969700000587,1487.773696,17.2672,100.0,cuda:Tesla T4,"[1902, 150]",1902.0,529.0,ok,0.0204555564,125.338,M,MLP,gpu,g4dn
batch_gpu,g4dn.xlarge,MLP,KMersCounts,"{""k"": [1], ""modification_abundance"": true}","{""dropout"": 0, ""hidden_dims"": [64, 64]}",siRNA1,2431,nucleobase,0,15.459478029999957,6.1799235579999845,3.8099330849999546,0.0020071530000222992,0.07666568399997686,1454.301184,17.155072,23.0,cuda:Tesla T4,"[1777, 9]",1777.0,654.0,ok,0.0146111117,90.612,M,MLP,gpu,g4dn
batch_gpu,g4dn.xlarge,MLP,KMersCounts,"{""k"": [1], ""modification_abundance"": true}","{""dropout"": 0, ""hidden_dims"": [64, 64]}",siRNA1,2431,nucleobase,1,14.316147304999959,6.184520754999994,2.688802613000007,0.0016785270000241326,0.07666568399997686,1473.286144,17.155584,17.0,cuda:Tesla T4,"[1923, 9]",1923.0,508.0,ok,0.0146111117,90.612,M,MLP,gpu,g4dn
batch_gpu,g4dn.xlarge,MLP,KMersCounts,"{""k"": [1], ""modification_abundance"": true}","{""dropout"": 0, ""hidden_dims"": [64, 64]}",siRNA1,2431,nucleobase,2,19.846606165000026,6.218103664000012,8.193637993999971,0.004923845999996956,0.07666568399997686,1481.85088,17.156096,51.0,cuda:Tesla T4,"[2011, 9]",2011.0,420.0,ok,0.0146111117,90.612,M,MLP,gpu,g4dn
batch_gpu,g4dn.xlarge,MLP,KMersCounts,"{""k"": [1], ""modification_abundance"": true}","{""dropout"": 0, ""hidden_dims"": [64, 64]}",siRNA1,2431,nucleobase,3,16.745340091999992,6.198888951000015,5.182700835000048,0.0031085940000252776,0.07666568399997686,1484.763136,17.156608,34.0,cuda:Tesla T4,"[1914, 9]",1914.0,517.0,ok,0.0146111117,90.612,M,MLP,gpu,g4dn
batch_gpu,g4dn.xlarge,MLP,KMersCounts,"{""k"": [1], ""modification_abundance"": true}","{""dropout"": 0, ""hidden_dims"": [64, 64]}",siRNA1,2431,nucleobase,4,16.014676717999976,6.223418401999993,4.435824722000007,0.00143702400004031,0.07666568399997686,1487.572992,17.15712,29.0,cuda:Tesla T4,"[1902, 9]",1902.0,529.0,ok,0.0146111117,90.612,M,MLP,gpu,g4dn
batch_gpu,g4dn.xlarge,MLP,KMersCounts,"{""k"": [1], ""modification_abundance"": true}","{""dropout"": 0, ""hidden_dims"": [64, 64]}",siRNA1,2431,nucleobase,0,15.459478029999957,6.1799235579999845,3.8099330849999546,0.0020071530000222992,0.07666568399997686,1454.301184,17.155072,23.0,cuda:Tesla T4,"[1777, 9]",1777.0,654.0,ok,0.0146111117,90.612,M,MLP,gpu,g4dn
batch_gpu,g4dn.xlarge,MLP,KMersCounts,"{""k"": [1], ""modification_abundance"": true}","{""dropout"": 0, ""hidden_dims"": [64, 64]}",siRNA1,2431,nucleobase,1,14.316147304999959,6.184520754999994,2.688802613000007,0.0016785270000241326,0.07666568399997686,1473.286144,17.155584,17.0,cuda:Tesla T4,"[1923, 9]",1923.0,508.0,ok,0.0146111117,90.612,M,MLP,gpu,g4dn
batch_gpu,g4dn.xlarge,MLP,KMersCounts,"{""k"": [1], ""modification_abundance"": true}","{""dropout"": 0, ""hidden_dims"": [64, 64]}",siRNA1,2431,nucleobase,2,19.846606165000026,6.218103664000012,8.193637993999971,0.004923845999996956,0.07666568399997686,1481.85088,17.156096,51.0,cuda:Tesla T4,"[2011, 9]",2011.0,420.0,ok,0.0146111117,90.612,M,MLP,gpu,g4dn
batch_gpu,g4dn.xlarge,MLP,KMersCounts,"{""k"": [1], ""modification_abundance"": true}","{""dropout"": 0, ""hidden_dims"": [64, 64]}",siRNA1,2431,nucleobase,3,16.745340091999992,6.198888951000015,5.182700835000048,0.0031085940000252776,0.07666568399997686,1484.763136,17.156608,34.0,cuda:Tesla T4,"[1914, 9]",1914.0,517.0,ok,0.0146111117,90.612,M,MLP,gpu,g4dn
batch_gpu,g4dn.xlarge,MLP,KMersCounts,"{""k"": [1], ""modification_abundance"": true}","{""dropout"": 0, ""hidden_dims"": [64, 64]}",siRNA1,2431,nucleobase,4,16.014676717999976,6.223418401999993,4.435824722000007,0.00143702400004031,0.07666568399997686,1487.572992,17.15712,29.0,cuda:Tesla T4,"[1902, 9]",1902.0,529.0,ok,0.0146111117,90.612,M,MLP,gpu,g4dn
batch_gpu,g4dn.xlarge,MLP,KMersCounts,"{""k"": [1, 2, 3], ""modification_abundance"": false}","{""dropout"": 0.25, ""hidden_dims"": [128, 128]}",siRNA1,2431,nucleobase,0,18.092158821999988,5.906850105999979,6.269461705000026,0.01790188699999362,0.07970668699999806,1478.483968,17.777152,37.0,cuda:Tesla T4,"[1777, 146]",1777.0,654.0,ok,0.0160722229,100.471,M,MLP,gpu,g4dn
batch_gpu,g4dn.xlarge,MLP,KMersCounts,"{""k"": [1, 2, 3], ""modification_abundance"": false}","{""dropout"": 0.25, ""hidden_dims"": [128, 128]}",siRNA1,2431,nucleobase,1,20.699845664999998,5.868416302000014,8.913910079000004,0.017591131000017413,0.07970668699999806,1490.599936,17.777664,53.0,cuda:Tesla T4,"[1923, 146]",1923.0,508.0,ok,0.0160722229,100.471,M,MLP,gpu,g4dn
batch_gpu,g4dn.xlarge,MLP,KMersCounts,"{""k"": [1, 2, 3], ""modification_abundance"": false}","{""dropout"": 0.25, ""hidden_dims"": [128, 128]}",siRNA1,2431,nucleobase,2,17.374841047000018,5.835252173000015,5.699348032999978,0.0211721239999747,0.07970668699999806,1491.82464,17.777664,33.0,cuda:Tesla T4,"[2011, 146]",2011.0,420.0,ok,0.0160722229,100.471,M,MLP,gpu,g4dn
batch_gpu,g4dn.xlarge,MLP,KMersCounts,"{""k"": [1, 2, 3], ""modification_abundance"": false}","{""dropout"": 0.25, ""hidden_dims"": [128, 128]}",siRNA1,2431,nucleobase,3,18.32858016099999,5.853230465999957,6.623254298000006,0.02185144999998556,0.07970668699999806,1495.523328,17.778176,41.0,cuda:Tesla T4,"[1914, 146]",1914.0,517.0,ok,0.0160722229,100.471,M,MLP,gpu,g4dn
batch_gpu,g4dn.xlarge,MLP,KMersCounts,"{""k"": [1, 2, 3], ""modification_abundance"": false}","{""dropout"": 0.25, ""hidden_dims"": [128, 128]}",siRNA1,2431,nucleobase,4,17.39922712499998,5.8734884340000235,5.668612226999983,0.01770728600001803,0.07970668699999806,1500.24192,17.778688,35.0,cuda:Tesla T4,"[1902, 146]",1902.0,529.0,ok,0.0160722229,100.471,M,MLP,gpu,g4dn
batch_gpu,g4dn.xlarge,MLP,KMersCounts,"{""k"": [1, 2, 3], ""modification_abundance"": false}","{""dropout"": 0.25, ""hidden_dims"": [128, 128]}",siRNA1,2431,nucleobase,0,18.092158821999988,5.906850105999979,6.269461705000026,0.01790188699999362,0.07970668699999806,1478.483968,17.777152,37.0,cuda:Tesla T4,"[1777, 146]",1777.0,654.0,ok,0.0160722229,100.471,M,MLP,gpu,g4dn
batch_gpu,g4dn.xlarge,MLP,KMersCounts,"{""k"": [1, 2, 3], ""modification_abundance"": false}","{""dropout"": 0.25, ""hidden_dims"": [128, 128]}",siRNA1,2431,nucleobase,1,20.699845664999998,5.868416302000014,8.913910079000004,0.017591131000017413,0.07970668699999806,1490.599936,17.777664,53.0,cuda:Tesla T4,"[1923, 146]",1923.0,508.0,ok,0.0160722229,100.471,M,MLP,gpu,g4dn
batch_gpu,g4dn.xlarge,MLP,KMersCounts,"{""k"": [1, 2, 3], ""modification_abundance"": false}","{""dropout"": 0.25, ""hidden_dims"": [128, 128]}",siRNA1,2431,nucleobase,2,17.374841047000018,5.835252173000015,5.699348032999978,0.0211721239999747,0.07970668699999806,1491.82464,17.777664,33.0,cuda:Tesla T4,"[2011, 146]",2011.0,420.0,ok,0.0160722229,100.471,M,MLP,gpu,g4dn
batch_gpu,g4dn.xlarge,MLP,KMersCounts,"{""k"": [1, 2, 3], ""modification_abundance"": false}","{""dropout"": 0.25, ""hidden_dims"": [128, 128]}",siRNA1,2431,nucleobase,3,18.32858016099999,5.853230465999957,6.623254298000006,0.02185144999998556,0.07970668699999806,1495.523328,17.778176,41.0,cuda:Tesla T4,"[1914, 146]",1914.0,517.0,ok,0.0160722229,100.471,M,MLP,gpu,g4dn
batch_gpu,g4dn.xlarge,MLP,KMersCounts,"{""k"": [1, 2, 3], ""modification_abundance"": false}","{""dropout"": 0.25, ""hidden_dims"": [128, 128]}",siRNA1,2431,nucleobase,4,17.39922712499998,5.8734884340000235,5.668612226999983,0.01770728600001803,0.07970668699999806,1500.24192,17.778688,35.0,cuda:Tesla T4,"[1902, 146]",1902.0,529.0,ok,0.0160722229,100.471,M,MLP,gpu,g4dn
batch_gpu,g4dn.xlarge,Transformer,OneHotEncoder,"{""encode_components"": [""base""]}","{""d_model"": 64, ""dim_feedforward"": 128, ""dropout"": 0, ""nhead"": 2, ""num_layers"": 2}",asoptimizer_cleaned,32602,nucleobase,0,180.28387123299996,89.09079283299997,31.472384691000002,7.270089990000088,0.4534386479999739,1779.613696,23.588864,7.0,cuda:Tesla T4,"[25428, 25, 5]",25428.0,7174.0,ok,0.1738722298,1183.316,L,Transformer,gpu,g4dn
batch_gpu,g4dn.xlarge,Transformer,OneHotEncoder,"{""encode_components"": [""base""]}","{""d_model"": 64, ""dim_feedforward"": 128, ""dropout"": 0, ""nhead"": 2, ""num_layers"": 2}",asoptimizer_cleaned,32602,nucleobase,1,207.96287201200005,89.17509889099995,60.282569961000036,5.47261945799994,0.4534386479999739,1775.939584,23.588864,13.0,cuda:Tesla T4,"[25448, 25, 5]",25448.0,7154.0,ok,0.1738722298,1183.316,L,Transformer,gpu,g4dn
batch_gpu,g4dn.xlarge,Transformer,OneHotEncoder,"{""encode_components"": [""base""]}","{""d_model"": 64, ""dim_feedforward"": 128, ""dropout"": 0, ""nhead"": 2, ""num_layers"": 2}",asoptimizer_cleaned,32602,nucleobase,2,196.77502447100005,90.14445372599994,48.63261788,3.349343470000008,0.4534386479999739,1989.808128,23.588864,11.0,cuda:Tesla T4,"[23423, 25, 5]",23423.0,9179.0,ok,0.1738722298,1183.316,L,Transformer,gpu,g4dn
batch_gpu,g4dn.xlarge,Transformer,OneHotEncoder,"{""encode_components"": [""base""]}","{""d_model"": 64, ""dim_feedforward"": 128, ""dropout"": 0, ""nhead"": 2, ""num_layers"": 2}",asoptimizer_cleaned,32602,nucleobase,3,398.1004095400001,89.52831071699984,252.39035286000012,1.4816290879998633,0.4534386479999739,1810.55488,23.588864,58.0,cuda:Tesla T4,"[23507, 25, 5]",23507.0,9095.0,ok,0.1738722298,1183.316,L,Transformer,gpu,g4dn
batch_gpu,g4dn.xlarge,Transformer,OneHotEncoder,"{""encode_components"": [""base""]}","{""d_model"": 64, ""dim_feedforward"": 128, ""dropout"": 0, ""nhead"": 2, ""num_layers"": 2}",asoptimizer_cleaned,32602,nucleobase,4,191.19066122999993,92.1365261840001,42.11440606200017,2.515112887999976,0.4534386479999739,1873.375232,23.588864,9.0,cuda:Tesla T4,"[25606, 25, 5]",25606.0,6996.0,ok,0.1738722298,1183.316,L,Transformer,gpu,g4dn
batch_gpu,g4dn.xlarge,Transformer,OneHotEncoder,"{""encode_components"": [""base""]}","{""d_model"": 64, ""dim_feedforward"": 128, ""dropout"": 0, ""nhead"": 2, ""num_layers"": 2}",asoptimizer_cleaned,32602,nucleobase,0,180.28387123299996,89.09079283299997,31.472384691000002,7.270089990000088,0.4534386479999739,1779.613696,23.588864,7.0,cuda:Tesla T4,"[25428, 25, 5]",25428.0,7174.0,ok,0.1738722298,1183.316,L,Transformer,gpu,g4dn
batch_gpu,g4dn.xlarge,Transformer,OneHotEncoder,"{""encode_components"": [""base""]}","{""d_model"": 64, ""dim_feedforward"": 128, ""dropout"": 0, ""nhead"": 2, ""num_layers"": 2}",asoptimizer_cleaned,32602,nucleobase,1,207.96287201200005,89.17509889099995,60.282569961000036,5.47261945799994,0.4534386479999739,1775.939584,23.588864,13.0,cuda:Tesla T4,"[25448, 25, 5]",25448.0,7154.0,ok,0.1738722298,1183.316,L,Transformer,gpu,g4dn
batch_gpu,g4dn.xlarge,Transformer,OneHotEncoder,"{""encode_components"": [""base""]}","{""d_model"": 64, ""dim_feedforward"": 128, ""dropout"": 0, ""nhead"": 2, ""num_layers"": 2}",asoptimizer_cleaned,32602,nucleobase,2,196.77502447100005,90.14445372599994,48.63261788,3.349343470000008,0.4534386479999739,1989.808128,23.588864,11.0,cuda:Tesla T4,"[23423, 25, 5]",23423.0,9179.0,ok,0.1738722298,1183.316,L,Transformer,gpu,g4dn
batch_gpu,g4dn.xlarge,Transformer,OneHotEncoder,"{""encode_components"": [""base""]}","{""d_model"": 64, ""dim_feedforward"": 128, ""dropout"": 0, ""nhead"": 2, ""num_layers"": 2}",asoptimizer_cleaned,32602,nucleobase,3,398.1004095400001,89.52831071699984,252.39035286000012,1.4816290879998633,0.4534386479999739,1810.55488,23.588864,58.0,cuda:Tesla T4,"[23507, 25, 5]",23507.0,9095.0,ok,0.1738722298,1183.316,L,Transformer,gpu,g4dn
batch_gpu,g4dn.xlarge,Transformer,OneHotEncoder,"{""encode_components"": [""base""]}","{""d_model"": 64, ""dim_feedforward"": 128, ""dropout"": 0, ""nhead"": 2, ""num_layers"": 2}",asoptimizer_cleaned,32602,nucleobase,4,191.19066122999993,92.1365261840001,42.11440606200017,2.515112887999976,0.4534386479999739,1873.375232,23.588864,9.0,cuda:Tesla T4,"[25606, 25, 5]",25606.0,6996.0,ok,0.1738722298,1183.316,L,Transformer,gpu,g4dn
batch_gpu,g4dn.xlarge,Transformer,OneHotEncoder,"{""encode_components"": [""base""]}","{""d_model"": 128, ""dim_feedforward"": 64, ""dropout"": 0.25, ""nhead"": 4, ""num_layers"": 1}",asoptimizer_cleaned,32602,nucleobase,0,280.206122784,91.40149006800004,132.67224283899998,2.1458677199999556,0.45687022100003105,1691.766784,24.87296,40.0,cuda:Tesla T4,"[25428, 25, 5]",25428.0,7174.0,ok,0.1709500074,1160.104,L,Transformer,gpu,g4dn
batch_gpu,g4dn.xlarge,Transformer,OneHotEncoder,"{""encode_components"": [""base""]}","{""d_model"": 128, ""dim_feedforward"": 64, ""dropout"": 0.25, ""nhead"": 4, ""num_layers"": 1}",asoptimizer_cleaned,32602,nucleobase,1,194.37913290000006,91.20610543499993,47.101828642999976,1.3941716589999942,0.45687022100003105,2128.494592,24.87296,14.0,cuda:Tesla T4,"[25448, 25, 5]",25448.0,7154.0,ok,0.1709500074,1160.104,L,Transformer,gpu,g4dn
batch_gpu,g4dn.xlarge,Transformer,OneHotEncoder,"{""encode_components"": [""base""]}","{""d_model"": 128, ""dim_feedforward"": 64, ""dropout"": 0.25, ""nhead"": 4, ""num_layers"": 1}",asoptimizer_cleaned,32602,nucleobase,2,234.44168687199988,88.52982425300013,90.10781562900002,1.415172554000037,0.45687022100003105,1900.568576,24.87296,29.0,cuda:Tesla T4,"[23423, 25, 5]",23423.0,9179.0,ok,0.1709500074,1160.104,L,Transformer,gpu,g4dn
batch_gpu,g4dn.xlarge,Transformer,OneHotEncoder,"{""encode_components"": [""base""]}","{""d_model"": 128, ""dim_feedforward"": 64, ""dropout"": 0.25, ""nhead"": 4, ""num_layers"": 1}",asoptimizer_cleaned,32602,nucleobase,3,226.42216412300013,89.1732718180001,81.2470538990001,1.4935785000000124,0.45687022100003105,2282.909696,24.87296,26.0,cuda:Tesla T4,"[23507, 25, 5]",23507.0,9095.0,ok,0.1709500074,1160.104,L,Transformer,gpu,g4dn
batch_gpu,g4dn.xlarge,Transformer,OneHotEncoder,"{""encode_components"": [""base""]}","{""d_model"": 128, ""dim_feedforward"": 64, ""dropout"": 0.25, ""nhead"": 4, ""num_layers"": 1}",asoptimizer_cleaned,32602,nucleobase,4,215.47045478299992,91.37642746400002,68.40844813500007,1.2659838320000745,0.45687022100003105,2342.350848,24.87296,20.0,cuda:Tesla T4,"[25606, 25, 5]",25606.0,6996.0,ok,0.1709500074,1160.104,L,Transformer,gpu,g4dn
batch_gpu,g4dn.xlarge,Transformer,OneHotEncoder,"{""encode_components"": [""base""]}","{""d_model"": 128, ""dim_feedforward"": 64, ""dropout"": 0.25, ""nhead"": 4, ""num_layers"": 1}",asoptimizer_cleaned,32602,nucleobase,0,280.206122784,91.40149006800004,132.67224283899998,2.1458677199999556,0.45687022100003105,1691.766784,24.87296,40.0,cuda:Tesla T4,"[25428, 25, 5]",25428.0,7174.0,ok,0.1709500074,1160.104,L,Transformer,gpu,g4dn
batch_gpu,g4dn.xlarge,Transformer,OneHotEncoder,"{""encode_components"": [""base""]}","{""d_model"": 128, ""dim_feedforward"": 64, ""dropout"": 0.25, ""nhead"": 4, ""num_layers"": 1}",asoptimizer_cleaned,32602,nucleobase,1,194.37913290000006,91.20610543499993,47.101828642999976,1.3941716589999942,0.45687022100003105,2128.494592,24.87296,14.0,cuda:Tesla T4,"[25448, 25, 5]",25448.0,7154.0,ok,0.1709500074,1160.104,L,Transformer,gpu,g4dn
batch_gpu,g4dn.xlarge,Transformer,OneHotEncoder,"{""encode_components"": [""base""]}","{""d_model"": 128, ""dim_feedforward"": 64, ""dropout"": 0.25, ""nhead"": 4, ""num_layers"": 1}",asoptimizer_cleaned,32602,nucleobase,2,234.44168687199988,88.52982425300013,90.10781562900002,1.415172554000037,0.45687022100003105,1900.568576,24.87296,29.0,cuda:Tesla T4,"[23423, 25, 5]",23423.0,9179.0,ok,0.1709500074,1160.104,L,Transformer,gpu,g4dn
batch_gpu,g4dn.xlarge,Transformer,OneHotEncoder,"{""encode_components"": [""base""]}","{""d_model"": 128, ""dim_feedforward"": 64, ""dropout"": 0.25, ""nhead"": 4, ""num_layers"": 1}",asoptimizer_cleaned,32602,nucleobase,3,226.42216412300013,89.1732718180001,81.2470538990001,1.4935785000000124,0.45687022100003105,2282.909696,24.87296,26.0,cuda:Tesla T4,"[23507, 25, 5]",23507.0,9095.0,ok,0.1709500074,1160.104,L,Transformer,gpu,g4dn
batch_gpu,g4dn.xlarge,Transformer,OneHotEncoder,"{""encode_components"": [""base""]}","{""d_model"": 128, ""dim_feedforward"": 64, ""dropout"": 0.25, ""nhead"": 4, ""num_layers"": 1}",asoptimizer_cleaned,32602,nucleobase,4,215.47045478299992,91.37642746400002,68.40844813500007,1.2659838320000745,0.45687022100003105,2342.350848,24.87296,20.0,cuda:Tesla T4,"[25606, 25, 5]",25606.0,6996.0,ok,0.1709500074,1160.104,L,Transformer,gpu,g4dn
batch_gpu,g4dn.xlarge,CNN,RNAFMEmbeddings,{},"{""depth"": 2, ""hidden_dim"": 64, ""kernel_size"": 5, ""pooling_operation"": ""max""}",asoptimizer_cleaned,32602,random,0,318.064351431,113.83685150600002,55.071543131,149.151287098,0.4678871560000175,7610.10176,5401.931264,16.0,cuda:Tesla T4,"[26082, 25, 640]",26082.0,6520.0,ok,0.2542333444,1729.118,L,RNA-FM + CNN,gpu,g4dn
batch_gpu,g4dn.xlarge,CNN,RNAFMEmbeddings,{},"{""depth"": 2, ""hidden_dim"": 64, ""kernel_size"": 5, ""pooling_operation"": ""max""}",asoptimizer_cleaned,32602,random,1,339.577886885,113.38501037699996,40.65678116699996,185.53185036000002,0.4678871560000175,9564.299264,5401.931776,12.0,cuda:Tesla T4,"[26082, 25, 640]",26082.0,6520.0,ok,0.2542333444,1729.118,L,RNA-FM + CNN,gpu,g4dn
batch_gpu,g4dn.xlarge,CNN,RNAFMEmbeddings,{},"{""depth"": 2, ""hidden_dim"": 64, ""kernel_size"": 5, ""pooling_operation"": ""max""}",asoptimizer_cleaned,32602,random,2,367.80349396299994,114.35613359900003,71.41191573099991,182.03074340900002,0.4678871560000175,7994.990592,5401.932288,21.0,cuda:Tesla T4,"[26082, 25, 640]",26082.0,6520.0,ok,0.2542333444,1729.118,L,RNA-FM + CNN,gpu,g4dn
batch_gpu,g4dn.xlarge,CNN,RNAFMEmbeddings,{},"{""depth"": 2, ""hidden_dim"": 64, ""kernel_size"": 5, ""pooling_operation"": ""max""}",asoptimizer_cleaned,32602,random,3,376.590120158,113.99860104599998,71.23134239599995,191.355364451,0.4678871560000175,9664.118784,5401.931776,21.0,cuda:Tesla T4,"[26082, 25, 640]",26082.0,6520.0,ok,0.2542333444,1729.118,L,RNA-FM + CNN,gpu,g4dn
batch_gpu,g4dn.xlarge,CNN,RNAFMEmbeddings,{},"{""depth"": 2, ""hidden_dim"": 64, ""kernel_size"": 5, ""pooling_operation"": ""max""}",asoptimizer_cleaned,32602,random,4,316.1312708209998,114.559217279,64.986492193,136.58097103799992,0.4678871560000175,9664.094208,5401.931776,19.0,cuda:Tesla T4,"[26082, 25, 640]",26082.0,6520.0,ok,0.2542333444,1729.118,L,RNA-FM + CNN,gpu,g4dn
batch_gpu,g4dn.xlarge,CNN,RNAFMEmbeddings,{},"{""depth"": 2, ""hidden_dim"": 64, ""kernel_size"": 5, ""pooling_operation"": ""max""}",asoptimizer_cleaned,32602,random,0,318.064351431,113.83685150600002,55.071543131,149.151287098,0.4678871560000175,7610.10176,5401.931264,16.0,cuda:Tesla T4,"[26082, 25, 640]",26082.0,6520.0,ok,0.2542333444,1729.118,L,RNA-FM + CNN,gpu,g4dn
batch_gpu,g4dn.xlarge,CNN,RNAFMEmbeddings,{},"{""depth"": 2, ""hidden_dim"": 64, ""kernel_size"": 5, ""pooling_operation"": ""max""}",asoptimizer_cleaned,32602,random,1,339.577886885,113.38501037699996,40.65678116699996,185.53185036000002,0.4678871560000175,9564.299264,5401.931776,12.0,cuda:Tesla T4,"[26082, 25, 640]",26082.0,6520.0,ok,0.2542333444,1729.118,L,RNA-FM + CNN,gpu,g4dn
batch_gpu,g4dn.xlarge,CNN,RNAFMEmbeddings,{},"{""depth"": 2, ""hidden_dim"": 64, ""kernel_size"": 5, ""pooling_operation"": ""max""}",asoptimizer_cleaned,32602,random,2,367.80349396299994,114.35613359900003,71.41191573099991,182.03074340900002,0.4678871560000175,7994.990592,5401.932288,21.0,cuda:Tesla T4,"[26082, 25, 640]",26082.0,6520.0,ok,0.2542333444,1729.118,L,RNA-FM + CNN,gpu,g4dn
batch_gpu,g4dn.xlarge,CNN,RNAFMEmbeddings,{},"{""depth"": 2, ""hidden_dim"": 64, ""kernel_size"": 5, ""pooling_operation"": ""max""}",asoptimizer_cleaned,32602,random,3,376.590120158,113.99860104599998,71.23134239599995,191.355364451,0.4678871560000175,9664.118784,5401.931776,21.0,cuda:Tesla T4,"[26082, 25, 640]",26082.0,6520.0,ok,0.2542333444,1729.118,L,RNA-FM + CNN,gpu,g4dn
batch_gpu,g4dn.xlarge,CNN,RNAFMEmbeddings,{},"{""depth"": 2, ""hidden_dim"": 64, ""kernel_size"": 5, ""pooling_operation"": ""max""}",asoptimizer_cleaned,32602,random,4,316.1312708209998,114.559217279,64.986492193,136.58097103799992,0.4678871560000175,9664.094208,5401.931776,19.0,cuda:Tesla T4,"[26082, 25, 640]",26082.0,6520.0,ok,0.2542333444,1729.118,L,RNA-FM + CNN,gpu,g4dn
batch_gpu,g4dn.xlarge,CNN,OneHotEncoder,"{""encode_components"": [""base""]}","{""depth"": 1, ""hidden_dim"": 32, ""kernel_size"": 5, ""pooling_operation"": ""max""}",siRNA1,2431,nucleobase,0,30.120111134000012,9.31369333799995,14.941904366000017,0.011624242999971557,0.07939132899997503,1538.00704,17.64352,100.0,cuda:Tesla T4,"[1777, 42, 5]",1777.0,654.0,ok,0.02483889,163.643,M,CNN,gpu,g4dn
batch_gpu,g4dn.xlarge,CNN,OneHotEncoder,"{""encode_components"": [""base""]}","{""depth"": 1, ""hidden_dim"": 32, ""kernel_size"": 5, ""pooling_operation"": ""max""}",siRNA1,2431,nucleobase,1,31.384952817999988,9.811823548000007,15.63880125899999,0.015840023999999175,0.07939132899997503,1556.381696,17.64352,100.0,cuda:Tesla T4,"[1923, 42, 5]",1923.0,508.0,ok,0.02483889,163.643,M,CNN,gpu,g4dn
batch_gpu,g4dn.xlarge,CNN,OneHotEncoder,"{""encode_components"": [""base""]}","{""depth"": 1, ""hidden_dim"": 32, ""kernel_size"": 5, ""pooling_operation"": ""max""}",siRNA1,2431,nucleobase,2,31.822965796999995,9.774737616000039,16.14237915800004,0.011093779000020731,0.07939132899997503,1560.276992,17.644032,100.0,cuda:Tesla T4,"[2011, 42, 5]",2011.0,420.0,ok,0.02483889,163.643,M,CNN,gpu,g4dn
batch_gpu,g4dn.xlarge,CNN,OneHotEncoder,"{""encode_components"": [""base""]}","{""depth"": 1, ""hidden_dim"": 32, ""kernel_size"": 5, ""pooling_operation"": ""max""}",siRNA1,2431,nucleobase,3,30.849046606,9.768587711999999,15.244782610000016,0.014889210999967872,0.07939132899997503,1563.50464,17.64352,100.0,cuda:Tesla T4,"[1914, 42, 5]",1914.0,517.0,ok,0.02483889,163.643,M,CNN,gpu,g4dn
batch_gpu,g4dn.xlarge,CNN,OneHotEncoder,"{""encode_components"": [""base""]}","{""depth"": 1, ""hidden_dim"": 32, ""kernel_size"": 5, ""pooling_operation"": ""max""}",siRNA1,2431,nucleobase,4,30.770425498999998,9.657038617000012,15.237924422999981,0.010758312999996633,0.07939132899997503,1563.500544,17.644032,100.0,cuda:Tesla T4,"[1902, 42, 5]",1902.0,529.0,ok,0.02483889,163.643,M,CNN,gpu,g4dn
batch_gpu,g4dn.xlarge,CNN,OneHotEncoder,"{""encode_components"": [""base""]}","{""depth"": 1, ""hidden_dim"": 32, ""kernel_size"": 5, ""pooling_operation"": ""max""}",siRNA1,2431,nucleobase,0,30.120111134000012,9.31369333799995,14.941904366000017,0.011624242999971557,0.07939132899997503,1538.00704,17.64352,100.0,cuda:Tesla T4,"[1777, 42, 5]",1777.0,654.0,ok,0.02483889,163.643,M,CNN,gpu,g4dn
batch_gpu,g4dn.xlarge,CNN,OneHotEncoder,"{""encode_components"": [""base""]}","{""depth"": 1, ""hidden_dim"": 32, ""kernel_size"": 5, ""pooling_operation"": ""max""}",siRNA1,2431,nucleobase,1,31.384952817999988,9.811823548000007,15.63880125899999,0.015840023999999175,0.07939132899997503,1556.381696,17.64352,100.0,cuda:Tesla T4,"[1923, 42, 5]",1923.0,508.0,ok,0.02483889,163.643,M,CNN,gpu,g4dn
batch_gpu,g4dn.xlarge,CNN,OneHotEncoder,"{""encode_components"": [""base""]}","{""depth"": 1, ""hidden_dim"": 32, ""kernel_size"": 5, ""pooling_operation"": ""max""}",siRNA1,2431,nucleobase,2,31.822965796999995,9.774737616000039,16.14237915800004,0.011093779000020731,0.07939132899997503,1560.276992,17.644032,100.0,cuda:Tesla T4,"[2011, 42, 5]",2011.0,420.0,ok,0.02483889,163.643,M,CNN,gpu,g4dn
batch_gpu,g4dn.xlarge,CNN,OneHotEncoder,"{""encode_components"": [""base""]}","{""depth"": 1, ""hidden_dim"": 32, ""kernel_size"": 5, ""pooling_operation"": ""max""}",siRNA1,2431,nucleobase,3,30.849046606,9.768587711999999,15.244782610000016,0.014889210999967872,0.07939132899997503,1563.50464,17.64352,100.0,cuda:Tesla T4,"[1914, 42, 5]",1914.0,517.0,ok,0.02483889,163.643,M,CNN,gpu,g4dn
batch_gpu,g4dn.xlarge,CNN,OneHotEncoder,"{""encode_components"": [""base""]}","{""depth"": 1, ""hidden_dim"": 32, ""kernel_size"": 5, ""pooling_operation"": ""max""}",siRNA1,2431,nucleobase,4,30.770425498999998,9.657038617000012,15.237924422999981,0.010758312999996633,0.07939132899997503,1563.500544,17.644032,100.0,cuda:Tesla T4,"[1902, 42, 5]",1902.0,529.0,ok,0.02483889,163.643,M,CNN,gpu,g4dn
batch_gpu,g4dn.xlarge,Transformer,RNAFMEmbeddings,"{""flatten"": false}","{""d_model"": 64, ""dim_feedforward"": 128, ""dropout"": 0, ""nhead"": 2, ""num_layers"": 2}",asoptimizer_cleaned,32602,random,0,272.773175198,114.53960160799994,156.08834465099994,2.1396176539999487,0.4658475559999715,7536.500736,5401.931264,27.0,cuda:Tesla T4,"[26082, 25, 640]",26082.0,6520.0,ok,0.1972500086,1343.135,L,RNA-FM + Transformer,gpu,g4dn
batch_gpu,g4dn.xlarge,Transformer,RNAFMEmbeddings,"{""flatten"": false}","{""d_model"": 64, ""dim_feedforward"": 128, ""dropout"": 0, ""nhead"": 2, ""num_layers"": 2}",asoptimizer_cleaned,32602,random,1,261.154351657,114.25772944500011,144.67014295399997,2.2201604859999406,0.4658475559999715,9425.936384,5401.931776,25.0,cuda:Tesla T4,"[26082, 25, 640]",26082.0,6520.0,ok,0.1972500086,1343.135,L,RNA-FM + Transformer,gpu,g4dn
batch_gpu,g4dn.xlarge,Transformer,RNAFMEmbeddings,"{""flatten"": false}","{""d_model"": 64, ""dim_feedforward"": 128, ""dropout"": 0, ""nhead"": 2, ""num_layers"": 2}",asoptimizer_cleaned,32602,random,2,363.7291612920001,112.87237434100007,248.549573388,2.301157804000013,0.4658475559999715,7761.883136,5401.932288,43.0,cuda:Tesla T4,"[26082, 25, 640]",26082.0,6520.0,ok,0.1972500086,1343.135,L,RNA-FM + Transformer,gpu,g4dn
batch_gpu,g4dn.xlarge,Transformer,RNAFMEmbeddings,"{""flatten"": false}","{""d_model"": 64, ""dim_feedforward"": 128, ""dropout"": 0, ""nhead"": 2, ""num_layers"": 2}",asoptimizer_cleaned,32602,random,3,180.90002133000007,113.10531881299994,65.58755468300001,2.2008222999997997,0.4658475559999715,9494.499328,5401.931776,11.0,cuda:Tesla T4,"[26082, 25, 640]",26082.0,6520.0,ok,0.1972500086,1343.135,L,RNA-FM + Transformer,gpu,g4dn
batch_gpu,g4dn.xlarge,Transformer,RNAFMEmbeddings,"{""flatten"": false}","{""d_model"": 64, ""dim_feedforward"": 128, ""dropout"": 0, ""nhead"": 2, ""num_layers"": 2}",asoptimizer_cleaned,32602,random,4,253.98019166900008,113.60010438799986,137.9423759409999,2.4313371750001807,0.4658475559999715,9422.516224,5401.931776,23.0,cuda:Tesla T4,"[26082, 25, 640]",26082.0,6520.0,ok,0.1972500086,1343.135,L,RNA-FM + Transformer,gpu,g4dn
batch_gpu,g4dn.xlarge,Transformer,RNAFMEmbeddings,"{""flatten"": false}","{""d_model"": 64, ""dim_feedforward"": 128, ""dropout"": 0, ""nhead"": 2, ""num_layers"": 2}",asoptimizer_cleaned,32602,random,0,272.773175198,114.53960160799994,156.08834465099994,2.1396176539999487,0.4658475559999715,7536.500736,5401.931264,27.0,cuda:Tesla T4,"[26082, 25, 640]",26082.0,6520.0,ok,0.1972500086,1343.135,L,RNA-FM + Transformer,gpu,g4dn
batch_gpu,g4dn.xlarge,Transformer,RNAFMEmbeddings,"{""flatten"": false}","{""d_model"": 64, ""dim_feedforward"": 128, ""dropout"": 0, ""nhead"": 2, ""num_layers"": 2}",asoptimizer_cleaned,32602,random,1,261.154351657,114.25772944500011,144.67014295399997,2.2201604859999406,0.4658475559999715,9425.936384,5401.931776,25.0,cuda:Tesla T4,"[26082, 25, 640]",26082.0,6520.0,ok,0.1972500086,1343.135,L,RNA-FM + Transformer,gpu,g4dn
batch_gpu,g4dn.xlarge,Transformer,RNAFMEmbeddings,"{""flatten"": false}","{""d_model"": 64, ""dim_feedforward"": 128, ""dropout"": 0, ""nhead"": 2, ""num_layers"": 2}",asoptimizer_cleaned,32602,random,2,363.7291612920001,112.87237434100007,248.549573388,2.301157804000013,0.4658475559999715,7761.883136,5401.932288,43.0,cuda:Tesla T4,"[26082, 25, 640]",26082.0,6520.0,ok,0.1972500086,1343.135,L,RNA-FM + Transformer,gpu,g4dn
batch_gpu,g4dn.xlarge,Transformer,RNAFMEmbeddings,"{""flatten"": false}","{""d_model"": 64, ""dim_feedforward"": 128, ""dropout"": 0, ""nhead"": 2, ""num_layers"": 2}",asoptimizer_cleaned,32602,random,3,180.90002133000007,113.10531881299994,65.58755468300001,2.2008222999997997,0.4658475559999715,9494.499328,5401.931776,11.0,cuda:Tesla T4,"[26082, 25, 640]",26082.0,6520.0,ok,0.1972500086,1343.135,L,RNA-FM + Transformer,gpu,g4dn
batch_gpu,g4dn.xlarge,Transformer,RNAFMEmbeddings,"{""flatten"": false}","{""d_model"": 64, ""dim_feedforward"": 128, ""dropout"": 0, ""nhead"": 2, ""num_layers"": 2}",asoptimizer_cleaned,32602,random,4,253.98019166900008,113.60010438799986,137.9423759409999,2.4313371750001807,0.4658475559999715,9422.516224,5401.931776,23.0,cuda:Tesla T4,"[26082, 25, 640]",26082.0,6520.0,ok,0.1972500086,1343.135,L,RNA-FM + Transformer,gpu,g4dn
batch_gpu,g4dn.xlarge,CNN,OneHotEncoder,"{""encode_components"": [""base""]}","{""depth"": 1, ""hidden_dim"": 64, ""kernel_size"": 3, ""pooling_operation"": ""avg""}",siRNA1,2431,random,0,24.671592778000047,8.933127409000008,15.698043583000015,0.038758617999974376,0.07611833300001081,1612.447744,18.093568,96.0,cuda:Tesla T4,"[1945, 42, 5]",1945.0,486.0,ok,0.0189944453,124.013,M,CNN,gpu,g4dn
batch_gpu,g4dn.xlarge,CNN,OneHotEncoder,"{""encode_components"": [""base""]}","{""depth"": 1, ""hidden_dim"": 64, ""kernel_size"": 3, ""pooling_operation"": ""avg""}",siRNA1,2431,random,1,23.720509780999976,9.87699812599999,13.816584127999988,0.025864561000048525,0.07611833300001081,1614.49984,18.093568,89.0,cuda:Tesla T4,"[1945, 42, 5]",1945.0,486.0,ok,0.0189944453,124.013,M,CNN,gpu,g4dn
batch_gpu,g4dn.xlarge,CNN,OneHotEncoder,"{""encode_components"": [""base""]}","{""depth"": 1, ""hidden_dim"": 64, ""kernel_size"": 3, ""pooling_operation"": ""avg""}",siRNA1,2431,random,2,24.802157465999983,9.76120000000003,14.996521433999987,0.04341062299999976,0.07611833300001081,1620.451328,18.09408,96.0,cuda:Tesla T4,"[1945, 42, 5]",1945.0,486.0,ok,0.0189944453,124.013,M,CNN,gpu,g4dn
batch_gpu,g4dn.xlarge,CNN,OneHotEncoder,"{""encode_components"": [""base""]}","{""depth"": 1, ""hidden_dim"": 64, ""kernel_size"": 3, ""pooling_operation"": ""avg""}",siRNA1,2431,random,3,21.009961618999967,10.056034140999998,10.908758164000005,0.04413019100002202,0.07611833300001081,1620.451328,18.093568,70.0,cuda:Tesla T4,"[1945, 42, 5]",1945.0,486.0,ok,0.0189944453,124.013,M,CNN,gpu,g4dn
batch_gpu,g4dn.xlarge,CNN,OneHotEncoder,"{""encode_components"": [""base""]}","{""depth"": 1, ""hidden_dim"": 64, ""kernel_size"": 3, ""pooling_operation"": ""avg""}",siRNA1,2431,random,4,21.562083620000067,9.420913246000055,12.112420075999921,0.027766853999992236,0.07611833300001081,1620.721664,18.09408,77.0,cuda:Tesla T4,"[1945, 42, 5]",1945.0,486.0,ok,0.0189944453,124.013,M,CNN,gpu,g4dn
batch_gpu,g4dn.xlarge,CNN,OneHotEncoder,"{""encode_components"": [""base""]}","{""depth"": 1, ""hidden_dim"": 64, ""kernel_size"": 3, ""pooling_operation"": ""avg""}",siRNA1,2431,random,0,24.671592778000047,8.933127409000008,15.698043583000015,0.038758617999974376,0.07611833300001081,1612.447744,18.093568,96.0,cuda:Tesla T4,"[1945, 42, 5]",1945.0,486.0,ok,0.0189944453,124.013,M,CNN,gpu,g4dn
batch_gpu,g4dn.xlarge,CNN,OneHotEncoder,"{""encode_components"": [""base""]}","{""depth"": 1, ""hidden_dim"": 64, ""kernel_size"": 3, ""pooling_operation"": ""avg""}",siRNA1,2431,random,1,23.720509780999976,9.87699812599999,13.816584127999988,0.025864561000048525,0.07611833300001081,1614.49984,18.093568,89.0,cuda:Tesla T4,"[1945, 42, 5]",1945.0,486.0,ok,0.0189944453,124.013,M,CNN,gpu,g4dn
batch_gpu,g4dn.xlarge,CNN,OneHotEncoder,"{""encode_components"": [""base""]}","{""depth"": 1, ""hidden_dim"": 64, ""kernel_size"": 3, ""pooling_operation"": ""avg""}",siRNA1,2431,random,2,24.802157465999983,9.76120000000003,14.996521433999987,0.04341062299999976,0.07611833300001081,1620.451328,18.09408,96.0,cuda:Tesla T4,"[1945, 42, 5]",1945.0,486.0,ok,0.0189944453,124.013,M,CNN,gpu,g4dn
batch_gpu,g4dn.xlarge,CNN,OneHotEncoder,"{""encode_components"": [""base""]}","{""depth"": 1, ""hidden_dim"": 64, ""kernel_size"": 3, ""pooling_operation"": ""avg""}",siRNA1,2431,random,3,21.009961618999967,10.056034140999998,10.908758164000005,0.04413019100002202,0.07611833300001081,1620.451328,18.093568,70.0,cuda:Tesla T4,"[1945, 42, 5]",1945.0,486.0,ok,0.0189944453,124.013,M,CNN,gpu,g4dn
batch_gpu,g4dn.xlarge,CNN,OneHotEncoder,"{""encode_components"": [""base""]}","{""depth"": 1, ""hidden_dim"": 64, ""kernel_size"": 3, ""pooling_operation"": ""avg""}",siRNA1,2431,random,4,21.562083620000067,9.420913246000055,12.112420075999921,0.027766853999992236,0.07611833300001081,1620.721664,18.09408,77.0,cuda:Tesla T4,"[1945, 42, 5]",1945.0,486.0,ok,0.0189944453,124.013,M,CNN,gpu,g4dn
batch_gpu,g4dn.xlarge,Transformer,RNAFMEmbeddings,"{""flatten"": false}","{""d_model"": 128, ""dim_feedforward"": 64, ""dropout"": 0.25, ""nhead"": 2, ""num_layers"": 1}",asoptimizer_cleaned,32602,random,0,202.96234238900007,110.68099648700002,89.80958940699998,2.4660530800000515,0.4589200450000135,7556.68992,5401.931264,21.0,cuda:Tesla T4,"[26082, 25, 640]",26082.0,6520.0,ok,0.1388055616,946.822,L,RNA-FM + Transformer,gpu,g4dn
batch_gpu,g4dn.xlarge,Transformer,RNAFMEmbeddings,"{""flatten"": false}","{""d_model"": 128, ""dim_feedforward"": 64, ""dropout"": 0.25, ""nhead"": 2, ""num_layers"": 1}",asoptimizer_cleaned,32602,random,1,194.885529389,110.88794087899998,81.50120284399998,2.4905192579999493,0.4589200450000135,9433.481216,5401.931776,19.0,cuda:Tesla T4,"[26082, 25, 640]",26082.0,6520.0,ok,0.1388055616,946.822,L,RNA-FM + Transformer,gpu,g4dn
batch_gpu,g4dn.xlarge,Transformer,RNAFMEmbeddings,"{""flatten"": false}","{""d_model"": 128, ""dim_feedforward"": 64, ""dropout"": 0.25, ""nhead"": 2, ""num_layers"": 1}",asoptimizer_cleaned,32602,random,2,197.59998469999994,109.23642318999998,86.00858528600008,2.3491244660000348,0.4589200450000135,7769.72288,5401.932288,20.0,cuda:Tesla T4,"[26082, 25, 640]",26082.0,6520.0,ok,0.1388055616,946.822,L,RNA-FM + Transformer,gpu,g4dn
batch_gpu,g4dn.xlarge,Transformer,RNAFMEmbeddings,"{""flatten"": false}","{""d_model"": 128, ""dim_feedforward"": 64, ""dropout"": 0.25, ""nhead"": 2, ""num_layers"": 1}",asoptimizer_cleaned,32602,random,3,155.22115905099997,109.20533900499993,43.74249030300007,2.2672627770000418,0.4589200450000135,9502.195712,5401.931776,10.0,cuda:Tesla T4,"[26082, 25, 640]",26082.0,6520.0,ok,0.1388055616,946.822,L,RNA-FM + Transformer,gpu,g4dn
batch_gpu,g4dn.xlarge,Transformer,RNAFMEmbeddings,"{""flatten"": false}","{""d_model"": 128, ""dim_feedforward"": 64, ""dropout"": 0.25, ""nhead"": 2, ""num_layers"": 1}",asoptimizer_cleaned,32602,random,4,186.14327824199995,110.15576035900017,73.19926188299996,2.7821570599999177,0.4589200450000135,9501.55264,5401.931776,17.0,cuda:Tesla T4,"[26082, 25, 640]",26082.0,6520.0,ok,0.1388055616,946.822,L,RNA-FM + Transformer,gpu,g4dn
batch_gpu,g4dn.xlarge,Transformer,RNAFMEmbeddings,"{""flatten"": false}","{""d_model"": 128, ""dim_feedforward"": 64, ""dropout"": 0.25, ""nhead"": 2, ""num_layers"": 1}",asoptimizer_cleaned,32602,random,0,202.96234238900007,110.68099648700002,89.80958940699998,2.4660530800000515,0.4589200450000135,7556.68992,5401.931264,21.0,cuda:Tesla T4,"[26082, 25, 640]",26082.0,6520.0,ok,0.1388055616,946.822,L,RNA-FM + Transformer,gpu,g4dn
batch_gpu,g4dn.xlarge,Transformer,RNAFMEmbeddings,"{""flatten"": false}","{""d_model"": 128, ""dim_feedforward"": 64, ""dropout"": 0.25, ""nhead"": 2, ""num_layers"": 1}",asoptimizer_cleaned,32602,random,1,194.885529389,110.88794087899998,81.50120284399998,2.4905192579999493,0.4589200450000135,9433.481216,5401.931776,19.0,cuda:Tesla T4,"[26082, 25, 640]",26082.0,6520.0,ok,0.1388055616,946.822,L,RNA-FM + Transformer,gpu,g4dn
batch_gpu,g4dn.xlarge,Transformer,RNAFMEmbeddings,"{""flatten"": false}","{""d_model"": 128, ""dim_feedforward"": 64, ""dropout"": 0.25, ""nhead"": 2, ""num_layers"": 1}",asoptimizer_cleaned,32602,random,2,197.59998469999994,109.23642318999998,86.00858528600008,2.3491244660000348,0.4589200450000135,7769.72288,5401.932288,20.0,cuda:Tesla T4,"[26082, 25, 640]",26082.0,6520.0,ok,0.1388055616,946.822,L,RNA-FM + Transformer,gpu,g4dn
batch_gpu,g4dn.xlarge,Transformer,RNAFMEmbeddings,"{""flatten"": false}","{""d_model"": 128, ""dim_feedforward"": 64, ""dropout"": 0.25, ""nhead"": 2, ""num_layers"": 1}",asoptimizer_cleaned,32602,random,3,155.22115905099997,109.20533900499993,43.74249030300007,2.2672627770000418,0.4589200450000135,9502.195712,5401.931776,10.0,cuda:Tesla T4,"[26082, 25, 640]",26082.0,6520.0,ok,0.1388055616,946.822,L,RNA-FM + Transformer,gpu,g4dn
batch_gpu,g4dn.xlarge,Transformer,RNAFMEmbeddings,"{""flatten"": false}","{""d_model"": 128, ""dim_feedforward"": 64, ""dropout"": 0.25, ""nhead"": 2, ""num_layers"": 1}",asoptimizer_cleaned,32602,random,4,186.14327824199995,110.15576035900017,73.19926188299996,2.7821570599999177,0.4589200450000135,9501.55264,5401.931776,17.0,cuda:Tesla T4,"[26082, 25, 640]",26082.0,6520.0,ok,0.1388055616,946.822,L,RNA-FM + Transformer,gpu,g4dn
batch_gpu,g4dn.xlarge,GNN,HELMGraph,{},"{""hidden_dim"": 32, ""num_layers"": 2, ""pooling_operation"": ""avg""}",cytotox_lna,768,random,0,7.374141839999993,3.301548824000008,3.940451206999967,0.09381542400001308,0.014944221999996898,1642.602496,18.613248,27.0,cuda:Tesla T4,"[615, 'graph']",615.0,153.0,ok,0.0059905558,38.187,S,GNN,gpu,g4dn
batch_gpu,g4dn.xlarge,GNN,HELMGraph,{},"{""hidden_dim"": 32, ""num_layers"": 2, ""pooling_operation"": ""avg""}",cytotox_lna,768,random,1,4.5210677210000085,3.27089446399998,1.1539908310000442,0.09348654999996597,0.014944221999996898,1648.3328,18.633216,9.0,cuda:Tesla T4,"[615, 'graph']",615.0,153.0,ok,0.0059905558,38.187,S,GNN,gpu,g4dn
batch_gpu,g4dn.xlarge,GNN,HELMGraph,{},"{""hidden_dim"": 32, ""num_layers"": 2, ""pooling_operation"": ""avg""}",cytotox_lna,768,random,2,5.944731302999969,3.3140990250000186,2.5350351300000398,0.09316259100000934,0.014944221999996898,1651.580928,18.614784,20.0,cuda:Tesla T4,"[615, 'graph']",615.0,153.0,ok,0.0059905558,38.187,S,GNN,gpu,g4dn
batch_gpu,g4dn.xlarge,GNN,HELMGraph,{},"{""hidden_dim"": 32, ""num_layers"": 2, ""pooling_operation"": ""avg""}",cytotox_lna,768,random,3,5.632665547999977,3.362425248999955,2.1598963029999823,0.10766173600001139,0.014944221999996898,1655.365632,18.627072,17.0,cuda:Tesla T4,"[615, 'graph']",615.0,153.0,ok,0.0059905558,38.187,S,GNN,gpu,g4dn
batch_gpu,g4dn.xlarge,GNN,HELMGraph,{},"{""hidden_dim"": 32, ""num_layers"": 2, ""pooling_operation"": ""avg""}",cytotox_lna,768,random,4,6.040002981000043,3.512936126999989,2.43076345999998,0.09397221500000796,0.014944221999996898,1655.640064,18.61376,19.0,cuda:Tesla T4,"[615, 'graph']",615.0,153.0,ok,0.0059905558,38.187,S,GNN,gpu,g4dn
batch_gpu,g4dn.xlarge,GNN,HELMGraph,{},"{""hidden_dim"": 32, ""num_layers"": 2, ""pooling_operation"": ""avg""}",cytotox_lna,768,random,0,7.374141839999993,3.301548824000008,3.940451206999967,0.09381542400001308,0.014944221999996898,1642.602496,18.613248,27.0,cuda:Tesla T4,"[615, 'graph']",615.0,153.0,ok,0.0059905558,38.187,S,GNN,gpu,g4dn
batch_gpu,g4dn.xlarge,GNN,HELMGraph,{},"{""hidden_dim"": 32, ""num_layers"": 2, ""pooling_operation"": ""avg""}",cytotox_lna,768,random,1,4.5210677210000085,3.27089446399998,1.1539908310000442,0.09348654999996597,0.014944221999996898,1648.3328,18.633216,9.0,cuda:Tesla T4,"[615, 'graph']",615.0,153.0,ok,0.0059905558,38.187,S,GNN,gpu,g4dn
batch_gpu,g4dn.xlarge,GNN,HELMGraph,{},"{""hidden_dim"": 32, ""num_layers"": 2, ""pooling_operation"": ""avg""}",cytotox_lna,768,random,2,5.944731302999969,3.3140990250000186,2.5350351300000398,0.09316259100000934,0.014944221999996898,1651.580928,18.614784,20.0,cuda:Tesla T4,"[615, 'graph']",615.0,153.0,ok,0.0059905558,38.187,S,GNN,gpu,g4dn
batch_gpu,g4dn.xlarge,GNN,HELMGraph,{},"{""hidden_dim"": 32, ""num_layers"": 2, ""pooling_operation"": ""avg""}",cytotox_lna,768,random,3,5.632665547999977,3.362425248999955,2.1598963029999823,0.10766173600001139,0.014944221999996898,1655.365632,18.627072,17.0,cuda:Tesla T4,"[615, 'graph']",615.0,153.0,ok,0.0059905558,38.187,S,GNN,gpu,g4dn
batch_gpu,g4dn.xlarge,GNN,HELMGraph,{},"{""hidden_dim"": 32, ""num_layers"": 2, ""pooling_operation"": ""avg""}",cytotox_lna,768,random,4,6.040002981000043,3.512936126999989,2.43076345999998,0.09397221500000796,0.014944221999996898,1655.640064,18.61376,19.0,cuda:Tesla T4,"[615, 'graph']",615.0,153.0,ok,0.0059905558,38.187,S,GNN,gpu,g4dn
batch_gpu,g4dn.xlarge,GRU,OneHotEncoder,"{""encode_components"": [""base""]}","{""hidden_dim"": 32, ""num_layers"": 2}",siRNA1,2431,random,0,30.894883719999996,9.652181670999994,21.14218945700003,0.09912452399998983,0.08526697399997829,1508.294656,41.004032,100.0,cuda:Tesla T4,"[1945, 42, 5]",1945.0,486.0,ok,0.0233777788,152.848,M,GRU,gpu,g4dn
batch_gpu,g4dn.xlarge,GRU,OneHotEncoder,"{""encode_components"": [""base""]}","{""hidden_dim"": 32, ""num_layers"": 2}",siRNA1,2431,random,1,26.484601596000005,9.916539926999974,16.457936668000002,0.1089414159999933,0.08526697399997829,1513.353216,41.004032,79.0,cuda:Tesla T4,"[1945, 42, 5]",1945.0,486.0,ok,0.0233777788,152.848,M,GRU,gpu,g4dn
batch_gpu,g4dn.xlarge,GRU,OneHotEncoder,"{""encode_components"": [""base""]}","{""hidden_dim"": 32, ""num_layers"": 2}",siRNA1,2431,random,2,30.690686288999984,9.684580858999993,20.904445847000034,0.10048181999997041,0.08526697399997829,1521.37728,41.004544,100.0,cuda:Tesla T4,"[1945, 42, 5]",1945.0,486.0,ok,0.0233777788,152.848,M,GRU,gpu,g4dn
batch_gpu,g4dn.xlarge,GRU,OneHotEncoder,"{""encode_components"": [""base""]}","{""hidden_dim"": 32, ""num_layers"": 2}",siRNA1,2431,random,3,30.82860492499998,9.876153452999972,20.853196722000007,0.09809921800001575,0.08526697399997829,1521.37728,41.004032,100.0,cuda:Tesla T4,"[1945, 42, 5]",1945.0,486.0,ok,0.0233777788,152.848,M,GRU,gpu,g4dn
batch_gpu,g4dn.xlarge,GRU,OneHotEncoder,"{""encode_components"": [""base""]}","{""hidden_dim"": 32, ""num_layers"": 2}",siRNA1,2431,random,4,24.964272714999993,9.67590469999999,15.210688812,0.07650710000001482,0.08526697399997829,1515.68384,41.004544,73.0,cuda:Tesla T4,"[1945, 42, 5]",1945.0,486.0,ok,0.0233777788,152.848,M,GRU,gpu,g4dn
batch_gpu,g4dn.xlarge,GRU,OneHotEncoder,"{""encode_components"": [""base""]}","{""hidden_dim"": 32, ""num_layers"": 2}",siRNA1,2431,random,0,30.894883719999996,9.652181670999994,21.14218945700003,0.09912452399998983,0.08526697399997829,1508.294656,41.004032,100.0,cuda:Tesla T4,"[1945, 42, 5]",1945.0,486.0,ok,0.0233777788,152.848,M,GRU,gpu,g4dn
batch_gpu,g4dn.xlarge,GRU,OneHotEncoder,"{""encode_components"": [""base""]}","{""hidden_dim"": 32, ""num_layers"": 2}",siRNA1,2431,random,1,26.484601596000005,9.916539926999974,16.457936668000002,0.1089414159999933,0.08526697399997829,1513.353216,41.004032,79.0,cuda:Tesla T4,"[1945, 42, 5]",1945.0,486.0,ok,0.0233777788,152.848,M,GRU,gpu,g4dn
batch_gpu,g4dn.xlarge,GRU,OneHotEncoder,"{""encode_components"": [""base""]}","{""hidden_dim"": 32, ""num_layers"": 2}",siRNA1,2431,random,2,30.690686288999984,9.684580858999993,20.904445847000034,0.10048181999997041,0.08526697399997829,1521.37728,41.004544,100.0,cuda:Tesla T4,"[1945, 42, 5]",1945.0,486.0,ok,0.0233777788,152.848,M,GRU,gpu,g4dn
batch_gpu,g4dn.xlarge,GRU,OneHotEncoder,"{""encode_components"": [""base""]}","{""hidden_dim"": 32, ""num_layers"": 2}",siRNA1,2431,random,3,30.82860492499998,9.876153452999972,20.853196722000007,0.09809921800001575,0.08526697399997829,1521.37728,41.004032,100.0,cuda:Tesla T4,"[1945, 42, 5]",1945.0,486.0,ok,0.0233777788,152.848,M,GRU,gpu,g4dn
batch_gpu,g4dn.xlarge,GRU,OneHotEncoder,"{""encode_components"": [""base""]}","{""hidden_dim"": 32, ""num_layers"": 2}",siRNA1,2431,random,4,24.964272714999993,9.67590469999999,15.210688812,0.07650710000001482,0.08526697399997829,1515.68384,41.004544,73.0,cuda:Tesla T4,"[1945, 42, 5]",1945.0,486.0,ok,0.0233777788,152.848,M,GRU,gpu,g4dn
batch_gpu,g4dn.xlarge,GNN,HELMGraph,{},"{""hidden_dim"": 64, ""num_layers"": 2, ""pooling_operation"": ""sum""}",cytotox_lna,768,nucleobase,0,8.977715272000012,3.2407459820000213,4.333179426000015,0.08661038599996118,0.015365159999987554,1645.264896,20.036608,26.0,cuda:Tesla T4,"[704, 'graph']",704.0,64.0,ok,0.007451667,45.801,S,GNN,gpu,g4dn
batch_gpu,g4dn.xlarge,GNN,HELMGraph,{},"{""hidden_dim"": 64, ""num_layers"": 2, ""pooling_operation"": ""sum""}",cytotox_lna,768,nucleobase,1,6.591987716999995,2.998235137999984,2.2804441719999886,0.08139799399998537,0.015365159999987554,1646.108672,19.933696,25.0,cuda:Tesla T4,"[480, 'graph']",480.0,288.0,ok,0.007451667,45.801,S,GNN,gpu,g4dn
batch_gpu,g4dn.xlarge,GNN,HELMGraph,{},"{""hidden_dim"": 64, ""num_layers"": 2, ""pooling_operation"": ""sum""}",cytotox_lna,768,nucleobase,2,7.848110969000004,3.24583137999997,3.251751610000042,0.09836914700002808,0.015365159999987554,1652.658176,20.022784,25.0,cuda:Tesla T4,"[704, 'graph']",704.0,64.0,ok,0.007451667,45.801,S,GNN,gpu,g4dn
batch_gpu,g4dn.xlarge,GNN,HELMGraph,{},"{""hidden_dim"": 64, ""num_layers"": 2, ""pooling_operation"": ""sum""}",cytotox_lna,768,nucleobase,3,6.0178355680000095,2.9995672000000013,1.6674873730000286,0.0991128539999977,0.015365159999987554,1652.932608,19.969536,18.0,cuda:Tesla T4,"[448, 'graph']",448.0,320.0,ok,0.007451667,45.801,S,GNN,gpu,g4dn
batch_gpu,g4dn.xlarge,GNN,HELMGraph,{},"{""hidden_dim"": 64, ""num_layers"": 2, ""pooling_operation"": ""sum""}",cytotox_lna,768,nucleobase,4,7.5033722309999575,3.2806765269999687,2.864716844000043,0.09833998300001667,0.015365159999987554,1652.932608,19.932672,31.0,cuda:Tesla T4,"[480, 'graph']",480.0,288.0,ok,0.007451667,45.801,S,GNN,gpu,g4dn
batch_gpu,g4dn.xlarge,GNN,HELMGraph,{},"{""hidden_dim"": 64, ""num_layers"": 2, ""pooling_operation"": ""sum""}",cytotox_lna,768,nucleobase,0,8.977715272000012,3.2407459820000213,4.333179426000015,0.08661038599996118,0.015365159999987554,1645.264896,20.036608,26.0,cuda:Tesla T4,"[704, 'graph']",704.0,64.0,ok,0.007451667,45.801,S,GNN,gpu,g4dn
batch_gpu,g4dn.xlarge,GNN,HELMGraph,{},"{""hidden_dim"": 64, ""num_layers"": 2, ""pooling_operation"": ""sum""}",cytotox_lna,768,nucleobase,1,6.591987716999995,2.998235137999984,2.2804441719999886,0.08139799399998537,0.015365159999987554,1646.108672,19.933696,25.0,cuda:Tesla T4,"[480, 'graph']",480.0,288.0,ok,0.007451667,45.801,S,GNN,gpu,g4dn
batch_gpu,g4dn.xlarge,GNN,HELMGraph,{},"{""hidden_dim"": 64, ""num_layers"": 2, ""pooling_operation"": ""sum""}",cytotox_lna,768,nucleobase,2,7.848110969000004,3.24583137999997,3.251751610000042,0.09836914700002808,0.015365159999987554,1652.658176,20.022784,25.0,cuda:Tesla T4,"[704, 'graph']",704.0,64.0,ok,0.007451667,45.801,S,GNN,gpu,g4dn
batch_gpu,g4dn.xlarge,GNN,HELMGraph,{},"{""hidden_dim"": 64, ""num_layers"": 2, ""pooling_operation"": ""sum""}",cytotox_lna,768,nucleobase,3,6.0178355680000095,2.9995672000000013,1.6674873730000286,0.0991128539999977,0.015365159999987554,1652.932608,19.969536,18.0,cuda:Tesla T4,"[448, 'graph']",448.0,320.0,ok,0.007451667,45.801,S,GNN,gpu,g4dn
batch_gpu,g4dn.xlarge,GNN,HELMGraph,{},"{""hidden_dim"": 64, ""num_layers"": 2, ""pooling_operation"": ""sum""}",cytotox_lna,768,nucleobase,4,7.5033722309999575,3.2806765269999687,2.864716844000043,0.09833998300001667,0.015365159999987554,1652.932608,19.932672,31.0,cuda:Tesla T4,"[480, 'graph']",480.0,288.0,ok,0.007451667,45.801,S,GNN,gpu,g4dn
batch_gpu,g4dn.xlarge,GRU,OneHotEncoder,"{""encode_components"": [""base"", ""sugar"", ""phosphate""]}","{""hidden_dim"": 64, ""num_layers"": 2}",siRNA1,2431,random,0,25.62172281300002,10.794750359000034,14.655379218999997,0.16996402500001295,0.07792248399999835,1537.630208,46.89152,71.0,cuda:Tesla T4,"[1945, 42, 9]",1945.0,486.0,ok,0.0204555564,126.197,M,GRU,gpu,g4dn
batch_gpu,g4dn.xlarge,GRU,OneHotEncoder,"{""encode_components"": [""base"", ""sugar"", ""phosphate""]}","{""hidden_dim"": 64, ""num_layers"": 2}",siRNA1,2431,random,1,20.10763761999999,10.988092434999999,8.943482992000042,0.17478189099995234,0.07792248399999835,1539.780608,46.89152,45.0,cuda:Tesla T4,"[1945, 42, 9]",1945.0,486.0,ok,0.0204555564,126.197,M,GRU,gpu,g4dn
batch_gpu,g4dn.xlarge,GRU,OneHotEncoder,"{""encode_components"": [""base"", ""sugar"", ""phosphate""]}","{""hidden_dim"": 64, ""num_layers"": 2}",siRNA1,2431,random,2,26.477154265000024,10.70141527200002,15.588348826000015,0.18608396100000846,0.07792248399999835,1545.64608,46.892032,77.0,cuda:Tesla T4,"[1945, 42, 9]",1945.0,486.0,ok,0.0204555564,126.197,M,GRU,gpu,g4dn
batch_gpu,g4dn.xlarge,GRU,OneHotEncoder,"{""encode_components"": [""base"", ""sugar"", ""phosphate""]}","{""hidden_dim"": 64, ""num_layers"": 2}",siRNA1,2431,random,3,25.01619098399999,11.346998655999982,13.516984457000035,0.15091060299994297,0.07792248399999835,1551.224832,46.89152,63.0,cuda:Tesla T4,"[1945, 42, 9]",1945.0,486.0,ok,0.0204555564,126.197,M,GRU,gpu,g4dn
batch_gpu,g4dn.xlarge,GRU,OneHotEncoder,"{""encode_components"": [""base"", ""sugar"", ""phosphate""]}","{""hidden_dim"": 64, ""num_layers"": 2}",siRNA1,2431,random,4,20.141140053999948,11.094753421000064,8.82430973199996,0.22077245699995274,0.07792248399999835,1551.233024,46.892032,41.0,cuda:Tesla T4,"[1945, 42, 9]",1945.0,486.0,ok,0.0204555564,126.197,M,GRU,gpu,g4dn
batch_gpu,g4dn.xlarge,GRU,OneHotEncoder,"{""encode_components"": [""base"", ""sugar"", ""phosphate""]}","{""hidden_dim"": 64, ""num_layers"": 2}",siRNA1,2431,random,0,25.62172281300002,10.794750359000034,14.655379218999997,0.16996402500001295,0.07792248399999835,1537.630208,46.89152,71.0,cuda:Tesla T4,"[1945, 42, 9]",1945.0,486.0,ok,0.0204555564,126.197,M,GRU,gpu,g4dn
batch_gpu,g4dn.xlarge,GRU,OneHotEncoder,"{""encode_components"": [""base"", ""sugar"", ""phosphate""]}","{""hidden_dim"": 64, ""num_layers"": 2}",siRNA1,2431,random,1,20.10763761999999,10.988092434999999,8.943482992000042,0.17478189099995234,0.07792248399999835,1539.780608,46.89152,45.0,cuda:Tesla T4,"[1945, 42, 9]",1945.0,486.0,ok,0.0204555564,126.197,M,GRU,gpu,g4dn
batch_gpu,g4dn.xlarge,GRU,OneHotEncoder,"{""encode_components"": [""base"", ""sugar"", ""phosphate""]}","{""hidden_dim"": 64, ""num_layers"": 2}",siRNA1,2431,random,2,26.477154265000024,10.70141527200002,15.588348826000015,0.18608396100000846,0.07792248399999835,1545.64608,46.892032,77.0,cuda:Tesla T4,"[1945, 42, 9]",1945.0,486.0,ok,0.0204555564,126.197,M,GRU,gpu,g4dn
batch_gpu,g4dn.xlarge,GRU,OneHotEncoder,"{""encode_components"": [""base"", ""sugar"", ""phosphate""]}","{""hidden_dim"": 64, ""num_layers"": 2}",siRNA1,2431,random,3,25.01619098399999,11.346998655999982,13.516984457000035,0.15091060299994297,0.07792248399999835,1551.224832,46.89152,63.0,cuda:Tesla T4,"[1945, 42, 9]",1945.0,486.0,ok,0.0204555564,126.197,M,GRU,gpu,g4dn
batch_gpu,g4dn.xlarge,GRU,OneHotEncoder,"{""encode_components"": [""base"", ""sugar"", ""phosphate""]}","{""hidden_dim"": 64, ""num_layers"": 2}",siRNA1,2431,random,4,20.141140053999948,11.094753421000064,8.82430973199996,0.22077245699995274,0.07792248399999835,1551.233024,46.892032,41.0,cuda:Tesla T4,"[1945, 42, 9]",1945.0,486.0,ok,0.0204555564,126.197,M,GRU,gpu,g4dn
batch_gpu,g4dn.xlarge,MLP,KMersCounts,"{""k"": [1, 2, 3], ""modification_abundance"": false}","{""dropout"": 0, ""hidden_dims"": [64]}",cytotox_lna,768,nucleobase,0,3.5914093359999697,1.2649025339999866,1.042296159999978,0.0009712939999531045,0.014516737999997531,1439.711232,17.1136,9.0,cuda:Tesla T4,"[704, 40]",704.0,64.0,ok,0.0043833335,27.626,S,MLP,gpu,g4dn
batch_gpu,g4dn.xlarge,MLP,KMersCounts,"{""k"": [1, 2, 3], ""modification_abundance"": false}","{""dropout"": 0, ""hidden_dims"": [64]}",cytotox_lna,768,nucleobase,1,4.32885963800004,1.2534673690000204,1.845920380999985,0.0006212689999642862,0.014516737999997531,1443.135488,17.114112,45.0,cuda:Tesla T4,"[480, 39]",480.0,288.0,ok,0.0043833335,27.626,S,MLP,gpu,g4dn
batch_gpu,g4dn.xlarge,MLP,KMersCounts,"{""k"": [1, 2, 3], ""modification_abundance"": false}","{""dropout"": 0, ""hidden_dims"": [64]}",cytotox_lna,768,nucleobase,2,3.2794641840000054,1.2603485399999954,0.7648684600000024,0.0007551159999934498,0.014516737999997531,1444.335616,17.114624,13.0,cuda:Tesla T4,"[704, 40]",704.0,64.0,ok,0.0043833335,27.626,S,MLP,gpu,g4dn
batch_gpu,g4dn.xlarge,MLP,KMersCounts,"{""k"": [1, 2, 3], ""modification_abundance"": false}","{""dropout"": 0, ""hidden_dims"": [64]}",cytotox_lna,768,nucleobase,3,3.844515594000029,1.2649642199999676,1.3417401279999694,0.0005859639999812316,0.014516737999997531,1444.605952,17.114624,33.0,cuda:Tesla T4,"[448, 39]",448.0,320.0,ok,0.0043833335,27.626,S,MLP,gpu,g4dn
batch_gpu,g4dn.xlarge,MLP,KMersCounts,"{""k"": [1, 2, 3], ""modification_abundance"": false}","{""dropout"": 0, ""hidden_dims"": [64]}",cytotox_lna,768,nucleobase,4,4.394850762999965,1.2616606010000169,1.8885351160000141,0.0005691439999964132,0.014516737999997531,1444.876288,17.114624,46.0,cuda:Tesla T4,"[480, 39]",480.0,288.0,ok,0.0043833335,27.626,S,MLP,gpu,g4dn
batch_gpu,g4dn.xlarge,MLP,KMersCounts,"{""k"": [1, 2, 3], ""modification_abundance"": false}","{""dropout"": 0, ""hidden_dims"": [64]}",cytotox_lna,768,nucleobase,0,3.5914093359999697,1.2649025339999866,1.042296159999978,0.0009712939999531045,0.014516737999997531,1439.711232,17.1136,9.0,cuda:Tesla T4,"[704, 40]",704.0,64.0,ok,0.0043833335,27.626,S,MLP,gpu,g4dn
batch_gpu,g4dn.xlarge,MLP,KMersCounts,"{""k"": [1, 2, 3], ""modification_abundance"": false}","{""dropout"": 0, ""hidden_dims"": [64]}",cytotox_lna,768,nucleobase,1,4.32885963800004,1.2534673690000204,1.845920380999985,0.0006212689999642862,0.014516737999997531,1443.135488,17.114112,45.0,cuda:Tesla T4,"[480, 39]",480.0,288.0,ok,0.0043833335,27.626,S,MLP,gpu,g4dn
batch_gpu,g4dn.xlarge,MLP,KMersCounts,"{""k"": [1, 2, 3], ""modification_abundance"": false}","{""dropout"": 0, ""hidden_dims"": [64]}",cytotox_lna,768,nucleobase,2,3.2794641840000054,1.2603485399999954,0.7648684600000024,0.0007551159999934498,0.014516737999997531,1444.335616,17.114624,13.0,cuda:Tesla T4,"[704, 40]",704.0,64.0,ok,0.0043833335,27.626,S,MLP,gpu,g4dn
batch_gpu,g4dn.xlarge,MLP,KMersCounts,"{""k"": [1, 2, 3], ""modification_abundance"": false}","{""dropout"": 0, ""hidden_dims"": [64]}",cytotox_lna,768,nucleobase,3,3.844515594000029,1.2649642199999676,1.3417401279999694,0.0005859639999812316,0.014516737999997531,1444.605952,17.114624,33.0,cuda:Tesla T4,"[448, 39]",448.0,320.0,ok,0.0043833335,27.626,S,MLP,gpu,g4dn
batch_gpu,g4dn.xlarge,MLP,KMersCounts,"{""k"": [1, 2, 3], ""modification_abundance"": false}","{""dropout"": 0, ""hidden_dims"": [64]}",cytotox_lna,768,nucleobase,4,4.394850762999965,1.2616606010000169,1.8885351160000141,0.0005691439999964132,0.014516737999997531,1444.876288,17.114624,46.0,cuda:Tesla T4,"[480, 39]",480.0,288.0,ok,0.0043833335,27.626,S,MLP,gpu,g4dn
batch_gpu,g4dn.xlarge,MLP,OneHotEncoder,"{""encode_components"": [""base""]}","{""dropout"": 0.25, ""hidden_dims"": [64]}",siRNA1,2431,nucleobase,0,24.225409757000023,9.299117135000017,9.066253146999998,0.0024117550000255505,0.0791573719999974,1475.018752,17.350144,61.0,cuda:Tesla T4,"[1777, 210]",1777.0,654.0,ok,0.0175333341,118.296,M,MLP,gpu,g4dn
batch_gpu,g4dn.xlarge,MLP,OneHotEncoder,"{""encode_components"": [""base""]}","{""dropout"": 0.25, ""hidden_dims"": [64]}",siRNA1,2431,nucleobase,1,22.19620050499998,9.751307445999998,6.562752132000014,0.002830434999964382,0.0791573719999974,1488.248832,17.350144,43.0,cuda:Tesla T4,"[1923, 210]",1923.0,508.0,ok,0.0175333341,118.296,M,MLP,gpu,g4dn
batch_gpu,g4dn.xlarge,MLP,OneHotEncoder,"{""encode_components"": [""base""]}","{""dropout"": 0.25, ""hidden_dims"": [64]}",siRNA1,2431,nucleobase,2,21.468977417999895,9.756988552000053,5.85802121100005,0.002359820000037871,0.0791573719999974,1496.797184,17.350656,37.0,cuda:Tesla T4,"[2011, 210]",2011.0,420.0,ok,0.0175333341,118.296,M,MLP,gpu,g4dn
batch_gpu,g4dn.xlarge,MLP,OneHotEncoder,"{""encode_components"": [""base""]}","{""dropout"": 0.25, ""hidden_dims"": [64]}",siRNA1,2431,nucleobase,3,20.799710812999933,9.845789291000074,5.225614739000093,0.0020238739999740574,0.0791573719999974,1502.343168,17.350144,35.0,cuda:Tesla T4,"[1914, 210]",1914.0,517.0,ok,0.0175333341,118.296,M,MLP,gpu,g4dn
batch_gpu,g4dn.xlarge,MLP,OneHotEncoder,"{""encode_components"": [""base""]}","{""dropout"": 0.25, ""hidden_dims"": [64]}",siRNA1,2431,nucleobase,4,21.147418775000006,9.566066441000089,5.845102573999952,0.0039021259999572067,0.0791573719999974,1498.488832,17.350144,39.0,cuda:Tesla T4,"[1902, 210]",1902.0,529.0,ok,0.0175333341,118.296,M,MLP,gpu,g4dn
batch_gpu,g4dn.xlarge,MLP,OneHotEncoder,"{""encode_components"": [""base""]}","{""dropout"": 0.25, ""hidden_dims"": [64]}",siRNA1,2431,nucleobase,0,24.225409757000023,9.299117135000017,9.066253146999998,0.0024117550000255505,0.0791573719999974,1475.018752,17.350144,61.0,cuda:Tesla T4,"[1777, 210]",1777.0,654.0,ok,0.0175333341,118.296,M,MLP,gpu,g4dn
batch_gpu,g4dn.xlarge,MLP,OneHotEncoder,"{""encode_components"": [""base""]}","{""dropout"": 0.25, ""hidden_dims"": [64]}",siRNA1,2431,nucleobase,1,22.19620050499998,9.751307445999998,6.562752132000014,0.002830434999964382,0.0791573719999974,1488.248832,17.350144,43.0,cuda:Tesla T4,"[1923, 210]",1923.0,508.0,ok,0.0175333341,118.296,M,MLP,gpu,g4dn
batch_gpu,g4dn.xlarge,MLP,OneHotEncoder,"{""encode_components"": [""base""]}","{""dropout"": 0.25, ""hidden_dims"": [64]}",siRNA1,2431,nucleobase,2,21.468977417999895,9.756988552000053,5.85802121100005,0.002359820000037871,0.0791573719999974,1496.797184,17.350656,37.0,cuda:Tesla T4,"[2011, 210]",2011.0,420.0,ok,0.0175333341,118.296,M,MLP,gpu,g4dn
batch_gpu,g4dn.xlarge,MLP,OneHotEncoder,"{""encode_components"": [""base""]}","{""dropout"": 0.25, ""hidden_dims"": [64]}",siRNA1,2431,nucleobase,3,20.799710812999933,9.845789291000074,5.225614739000093,0.0020238739999740574,0.0791573719999974,1502.343168,17.350144,35.0,cuda:Tesla T4,"[1914, 210]",1914.0,517.0,ok,0.0175333341,118.296,M,MLP,gpu,g4dn
batch_gpu,g4dn.xlarge,MLP,OneHotEncoder,"{""encode_components"": [""base""]}","{""dropout"": 0.25, ""hidden_dims"": [64]}",siRNA1,2431,nucleobase,4,21.147418775000006,9.566066441000089,5.845102573999952,0.0039021259999572067,0.0791573719999974,1498.488832,17.350144,39.0,cuda:Tesla T4,"[1902, 210]",1902.0,529.0,ok,0.0175333341,118.296,M,MLP,gpu,g4dn
batch_gpu,g4dn.xlarge,MLP,KMersCounts,"{""k"": [1], ""modification_abundance"": true}","{""dropout"": 0.25, ""hidden_dims"": [64, 64]}",cytotox_lna,768,random,0,2.611789932000022,1.5706534139999917,1.0384025950000364,0.0012490270000284909,0.014606706999984453,1451.159552,17.16736,9.0,cuda:Tesla T4,"[615, 8]",615.0,153.0,ok,0.0042372224,19.713,S,MLP,gpu,g4dn
batch_gpu,g4dn.xlarge,MLP,KMersCounts,"{""k"": [1], ""modification_abundance"": true}","{""dropout"": 0.25, ""hidden_dims"": [64, 64]}",cytotox_lna,768,random,1,2.3248940490000223,1.574403760999985,0.7483437140000433,0.0010906770000360666,0.014606706999984453,1454.649344,17.167872,13.0,cuda:Tesla T4,"[615, 8]",615.0,153.0,ok,0.0042372224,19.713,S,MLP,gpu,g4dn
batch_gpu,g4dn.xlarge,MLP,KMersCounts,"{""k"": [1], ""modification_abundance"": true}","{""dropout"": 0.25, ""hidden_dims"": [64, 64]}",cytotox_lna,768,random,2,2.732693588000018,1.5879768219999733,1.142711480999992,0.0008423109999853295,0.014606706999984453,1454.931968,17.167872,20.0,cuda:Tesla T4,"[615, 8]",615.0,153.0,ok,0.0042372224,19.713,S,MLP,gpu,g4dn
batch_gpu,g4dn.xlarge,MLP,KMersCounts,"{""k"": [1], ""modification_abundance"": true}","{""dropout"": 0.25, ""hidden_dims"": [64, 64]}",cytotox_lna,768,random,3,2.00237585900004,1.5849368579999918,0.41548349600003576,0.0009156500000244705,0.014606706999984453,1455.755264,17.168384,7.0,cuda:Tesla T4,"[615, 8]",615.0,153.0,ok,0.0042372224,19.713,S,MLP,gpu,g4dn
batch_gpu,g4dn.xlarge,MLP,KMersCounts,"{""k"": [1], ""modification_abundance"": true}","{""dropout"": 0.25, ""hidden_dims"": [64, 64]}",cytotox_lna,768,random,4,2.078248169999995,1.552063277000002,0.5245316670000193,0.0008039809999900172,0.014606706999984453,1456.0256,17.168384,9.0,cuda:Tesla T4,"[615, 8]",615.0,153.0,ok,0.0042372224,19.713,S,MLP,gpu,g4dn
batch_gpu,g4dn.xlarge,MLP,KMersCounts,"{""k"": [1], ""modification_abundance"": true}","{""dropout"": 0.25, ""hidden_dims"": [64, 64]}",cytotox_lna,768,random,0,2.611789932000022,1.5706534139999917,1.0384025950000364,0.0012490270000284909,0.014606706999984453,1451.159552,17.16736,9.0,cuda:Tesla T4,"[615, 8]",615.0,153.0,ok,0.0042372224,19.713,S,MLP,gpu,g4dn
batch_gpu,g4dn.xlarge,MLP,KMersCounts,"{""k"": [1], ""modification_abundance"": true}","{""dropout"": 0.25, ""hidden_dims"": [64, 64]}",cytotox_lna,768,random,1,2.3248940490000223,1.574403760999985,0.7483437140000433,0.0010906770000360666,0.014606706999984453,1454.649344,17.167872,13.0,cuda:Tesla T4,"[615, 8]",615.0,153.0,ok,0.0042372224,19.713,S,MLP,gpu,g4dn
batch_gpu,g4dn.xlarge,MLP,KMersCounts,"{""k"": [1], ""modification_abundance"": true}","{""dropout"": 0.25, ""hidden_dims"": [64, 64]}",cytotox_lna,768,random,2,2.732693588000018,1.5879768219999733,1.142711480999992,0.0008423109999853295,0.014606706999984453,1454.931968,17.167872,20.0,cuda:Tesla T4,"[615, 8]",615.0,153.0,ok,0.0042372224,19.713,S,MLP,gpu,g4dn
batch_gpu,g4dn.xlarge,MLP,KMersCounts,"{""k"": [1], ""modification_abundance"": true}","{""dropout"": 0.25, ""hidden_dims"": [64, 64]}",cytotox_lna,768,random,3,2.00237585900004,1.5849368579999918,0.41548349600003576,0.0009156500000244705,0.014606706999984453,1455.755264,17.168384,7.0,cuda:Tesla T4,"[615, 8]",615.0,153.0,ok,0.0042372224,19.713,S,MLP,gpu,g4dn
batch_gpu,g4dn.xlarge,MLP,KMersCounts,"{""k"": [1], ""modification_abundance"": true}","{""dropout"": 0.25, ""hidden_dims"": [64, 64]}",cytotox_lna,768,random,4,2.078248169999995,1.552063277000002,0.5245316670000193,0.0008039809999900172,0.014606706999984453,1456.0256,17.168384,9.0,cuda:Tesla T4,"[615, 8]",615.0,153.0,ok,0.0042372224,19.713,S,MLP,gpu,g4dn
batch_gpu,g4dn.xlarge,MLP,OneHotEncoder,"{""encode_components"": [""base""]}","{""dropout"": 0, ""hidden_dims"": [64, 64]}",siRNA1,2431,nucleobase,0,17.844937231000017,8.893019402999983,3.4477901820000056,0.0027792870000098446,0.07772558499999604,1461.161984,17.434624,20.0,cuda:Tesla T4,"[1777, 210]",1777.0,654.0,ok,0.0146111117,97.004,M,MLP,gpu,g4dn
batch_gpu,g4dn.xlarge,MLP,OneHotEncoder,"{""encode_components"": [""base""]}","{""dropout"": 0, ""hidden_dims"": [64, 64]}",siRNA1,2431,nucleobase,1,17.609835663000013,9.330800527000008,2.7359509060000278,0.0026276529999904596,0.07772558499999604,1473.114112,17.434624,17.0,cuda:Tesla T4,"[1923, 210]",1923.0,508.0,ok,0.0146111117,97.004,M,MLP,gpu,g4dn
batch_gpu,g4dn.xlarge,MLP,OneHotEncoder,"{""encode_components"": [""base""]}","{""dropout"": 0, ""hidden_dims"": [64, 64]}",siRNA1,2431,nucleobase,2,18.895401773000003,9.267856122000012,4.119216305999998,0.0028950380000196674,0.07772558499999604,1481.711616,17.435136,25.0,cuda:Tesla T4,"[2011, 210]",2011.0,420.0,ok,0.0146111117,97.004,M,MLP,gpu,g4dn
batch_gpu,g4dn.xlarge,MLP,OneHotEncoder,"{""encode_components"": [""base""]}","{""dropout"": 0, ""hidden_dims"": [64, 64]}",siRNA1,2431,nucleobase,3,17.468366144999948,9.358179689999986,2.643571676000022,0.003073908000033043,0.07772558499999604,1483.34592,17.434624,17.0,cuda:Tesla T4,"[1914, 210]",1914.0,517.0,ok,0.0146111117,97.004,M,MLP,gpu,g4dn
batch_gpu,g4dn.xlarge,MLP,OneHotEncoder,"{""encode_components"": [""base""]}","{""dropout"": 0, ""hidden_dims"": [64, 64]}",siRNA1,2431,nucleobase,4,16.74423452299999,9.039095380999981,2.1723644969999896,0.002348191000010047,0.07772558499999604,1482.67008,17.435136,14.0,cuda:Tesla T4,"[1902, 210]",1902.0,529.0,ok,0.0146111117,97.004,M,MLP,gpu,g4dn
batch_gpu,g4dn.xlarge,MLP,OneHotEncoder,"{""encode_components"": [""base""]}","{""dropout"": 0, ""hidden_dims"": [64, 64]}",siRNA1,2431,nucleobase,0,17.844937231000017,8.893019402999983,3.4477901820000056,0.0027792870000098446,0.07772558499999604,1461.161984,17.434624,20.0,cuda:Tesla T4,"[1777, 210]",1777.0,654.0,ok,0.0146111117,97.004,M,MLP,gpu,g4dn
batch_gpu,g4dn.xlarge,MLP,OneHotEncoder,"{""encode_components"": [""base""]}","{""dropout"": 0, ""hidden_dims"": [64, 64]}",siRNA1,2431,nucleobase,1,17.609835663000013,9.330800527000008,2.7359509060000278,0.0026276529999904596,0.07772558499999604,1473.114112,17.434624,17.0,cuda:Tesla T4,"[1923, 210]",1923.0,508.0,ok,0.0146111117,97.004,M,MLP,gpu,g4dn
batch_gpu,g4dn.xlarge,MLP,OneHotEncoder,"{""encode_components"": [""base""]}","{""dropout"": 0, ""hidden_dims"": [64, 64]}",siRNA1,2431,nucleobase,2,18.895401773000003,9.267856122000012,4.119216305999998,0.0028950380000196674,0.07772558499999604,1481.711616,17.435136,25.0,cuda:Tesla T4,"[2011, 210]",2011.0,420.0,ok,0.0146111117,97.004,M,MLP,gpu,g4dn
batch_gpu,g4dn.xlarge,MLP,OneHotEncoder,"{""encode_components"": [""base""]}","{""dropout"": 0, ""hidden_dims"": [64, 64]}",siRNA1,2431,nucleobase,3,17.468366144999948,9.358179689999986,2.643571676000022,0.003073908000033043,0.07772558499999604,1483.34592,17.434624,17.0,cuda:Tesla T4,"[1914, 210]",1914.0,517.0,ok,0.0146111117,97.004,M,MLP,gpu,g4dn
batch_gpu,g4dn.xlarge,MLP,OneHotEncoder,"{""encode_components"": [""base""]}","{""dropout"": 0, ""hidden_dims"": [64, 64]}",siRNA1,2431,nucleobase,4,16.74423452299999,9.039095380999981,2.1723644969999896,0.002348191000010047,0.07772558499999604,1482.67008,17.435136,14.0,cuda:Tesla T4,"[1902, 210]",1902.0,529.0,ok,0.0146111117,97.004,M,MLP,gpu,g4dn
batch_gpu,g4dn.xlarge,MLP,KMersCounts,"{""k"": [1, 2, 3], ""modification_abundance"": false}","{""dropout"": 0, ""hidden_dims"": [128, 128]}",cytotox_lna,768,nucleobase,0,3.886619183999983,1.261062551000009,1.3352479110000104,0.0013344000000188316,0.015139744000009614,1446.428672,17.491968,13.0,cuda:Tesla T4,"[704, 40]",704.0,64.0,ok,0.0045294446,24.915,S,MLP,gpu,g4dn
batch_gpu,g4dn.xlarge,MLP,KMersCounts,"{""k"": [1, 2, 3], ""modification_abundance"": false}","{""dropout"": 0, ""hidden_dims"": [128, 128]}",cytotox_lna,768,nucleobase,1,3.255574868999986,1.2567153459999645,0.7654036260000225,0.0010794290000148976,0.015139744000009614,1450.176512,17.48992,17.0,cuda:Tesla T4,"[480, 39]",480.0,288.0,ok,0.0045294446,24.915,S,MLP,gpu,g4dn
batch_gpu,g4dn.xlarge,MLP,KMersCounts,"{""k"": [1, 2, 3], ""modification_abundance"": false}","{""dropout"": 0, ""hidden_dims"": [128, 128]}",cytotox_lna,768,nucleobase,2,2.9500254779999864,1.269756115000007,0.4497130560000073,0.001512306999984503,0.015139744000009614,1451.37664,17.492992,7.0,cuda:Tesla T4,"[704, 40]",704.0,64.0,ok,0.0045294446,24.915,S,MLP,gpu,g4dn
batch_gpu,g4dn.xlarge,MLP,KMersCounts,"{""k"": [1, 2, 3], ""modification_abundance"": false}","{""dropout"": 0, ""hidden_dims"": [128, 128]}",cytotox_lna,768,nucleobase,3,3.2241782190000094,1.2673021239999684,0.7244904919999726,0.0011604570000258718,0.015139744000009614,1452.72832,17.490944,16.0,cuda:Tesla T4,"[448, 39]",448.0,320.0,ok,0.0045294446,24.915,S,MLP,gpu,g4dn
batch_gpu,g4dn.xlarge,MLP,KMersCounts,"{""k"": [1, 2, 3], ""modification_abundance"": false}","{""dropout"": 0, ""hidden_dims"": [128, 128]}",cytotox_lna,768,nucleobase,4,3.340737517999969,1.2455775630000403,0.85936852399999,0.0010178649999943445,0.015139744000009614,1452.998656,17.490944,19.0,cuda:Tesla T4,"[480, 39]",480.0,288.0,ok,0.0045294446,24.915,S,MLP,gpu,g4dn
batch_gpu,g4dn.xlarge,MLP,KMersCounts,"{""k"": [1, 2, 3], ""modification_abundance"": false}","{""dropout"": 0, ""hidden_dims"": [128, 128]}",cytotox_lna,768,nucleobase,0,3.886619183999983,1.261062551000009,1.3352479110000104,0.0013344000000188316,0.015139744000009614,1446.428672,17.491968,13.0,cuda:Tesla T4,"[704, 40]",704.0,64.0,ok,0.0045294446,24.915,S,MLP,gpu,g4dn
batch_gpu,g4dn.xlarge,MLP,KMersCounts,"{""k"": [1, 2, 3], ""modification_abundance"": false}","{""dropout"": 0, ""hidden_dims"": [128, 128]}",cytotox_lna,768,nucleobase,1,3.255574868999986,1.2567153459999645,0.7654036260000225,0.0010794290000148976,0.015139744000009614,1450.176512,17.48992,17.0,cuda:Tesla T4,"[480, 39]",480.0,288.0,ok,0.0045294446,24.915,S,MLP,gpu,g4dn
batch_gpu,g4dn.xlarge,MLP,KMersCounts,"{""k"": [1, 2, 3], ""modification_abundance"": false}","{""dropout"": 0, ""hidden_dims"": [128, 128]}",cytotox_lna,768,nucleobase,2,2.9500254779999864,1.269756115000007,0.4497130560000073,0.001512306999984503,0.015139744000009614,1451.37664,17.492992,7.0,cuda:Tesla T4,"[704, 40]",704.0,64.0,ok,0.0045294446,24.915,S,MLP,gpu,g4dn
batch_gpu,g4dn.xlarge,MLP,KMersCounts,"{""k"": [1, 2, 3], ""modification_abundance"": false}","{""dropout"": 0, ""hidden_dims"": [128, 128]}",cytotox_lna,768,nucleobase,3,3.2241782190000094,1.2673021239999684,0.7244904919999726,0.0011604570000258718,0.015139744000009614,1452.72832,17.490944,16.0,cuda:Tesla T4,"[448, 39]",448.0,320.0,ok,0.0045294446,24.915,S,MLP,gpu,g4dn
batch_gpu,g4dn.xlarge,MLP,KMersCounts,"{""k"": [1, 2, 3], ""modification_abundance"": false}","{""dropout"": 0, ""hidden_dims"": [128, 128]}",cytotox_lna,768,nucleobase,4,3.340737517999969,1.2455775630000403,0.85936852399999,0.0010178649999943445,0.015139744000009614,1452.998656,17.490944,19.0,cuda:Tesla T4,"[480, 39]",480.0,288.0,ok,0.0045294446,24.915,S,MLP,gpu,g4dn
batch_gpu,g4dn.xlarge,MLP,OneHotEncoder,"{""encode_components"": [""base""]}","{""dropout"": 0, ""hidden_dims"": [128, 128]}",siRNA1,2431,nucleobase,0,18.31210022900001,9.260426988000006,3.2033324569999877,0.0050208799999609255,0.0787207150000313,1468.706816,17.949184,18.0,cuda:Tesla T4,"[1777, 210]",1777.0,654.0,ok,0.0160722229,98.42,M,MLP,gpu,g4dn
batch_gpu,g4dn.xlarge,MLP,OneHotEncoder,"{""encode_components"": [""base""]}","{""dropout"": 0, ""hidden_dims"": [128, 128]}",siRNA1,2431,nucleobase,1,18.127009617,9.771110388000011,2.446698091999963,0.002780493999978262,0.0787207150000313,1479.315456,17.949184,15.0,cuda:Tesla T4,"[1923, 210]",1923.0,508.0,ok,0.0160722229,98.42,M,MLP,gpu,g4dn
batch_gpu,g4dn.xlarge,MLP,OneHotEncoder,"{""encode_components"": [""base""]}","{""dropout"": 0, ""hidden_dims"": [128, 128]}",siRNA1,2431,nucleobase,2,18.13198844499999,9.701921739,2.6971728949999942,0.002771975999962706,0.0787207150000313,1481.043968,17.949696,16.0,cuda:Tesla T4,"[2011, 210]",2011.0,420.0,ok,0.0160722229,98.42,M,MLP,gpu,g4dn
batch_gpu,g4dn.xlarge,MLP,OneHotEncoder,"{""encode_components"": [""base""]}","{""dropout"": 0, ""hidden_dims"": [128, 128]}",siRNA1,2431,nucleobase,3,17.90799651499998,9.796171329000003,2.397638391999976,0.002880381999943893,0.0787207150000313,1485.705216,17.949184,15.0,cuda:Tesla T4,"[1914, 210]",1914.0,517.0,ok,0.0160722229,98.42,M,MLP,gpu,g4dn
batch_gpu,g4dn.xlarge,MLP,OneHotEncoder,"{""encode_components"": [""base""]}","{""dropout"": 0, ""hidden_dims"": [128, 128]}",siRNA1,2431,nucleobase,4,17.685359941,9.533306108000033,2.3887161760000026,0.002948295000010148,0.0787207150000313,1485.53728,17.949696,15.0,cuda:Tesla T4,"[1902, 210]",1902.0,529.0,ok,0.0160722229,98.42,M,MLP,gpu,g4dn
batch_gpu,g4dn.xlarge,MLP,OneHotEncoder,"{""encode_components"": [""base""]}","{""dropout"": 0, ""hidden_dims"": [128, 128]}",siRNA1,2431,nucleobase,0,18.31210022900001,9.260426988000006,3.2033324569999877,0.0050208799999609255,0.0787207150000313,1468.706816,17.949184,18.0,cuda:Tesla T4,"[1777, 210]",1777.0,654.0,ok,0.0160722229,98.42,M,MLP,gpu,g4dn
batch_gpu,g4dn.xlarge,MLP,OneHotEncoder,"{""encode_components"": [""base""]}","{""dropout"": 0, ""hidden_dims"": [128, 128]}",siRNA1,2431,nucleobase,1,18.127009617,9.771110388000011,2.446698091999963,0.002780493999978262,0.0787207150000313,1479.315456,17.949184,15.0,cuda:Tesla T4,"[1923, 210]",1923.0,508.0,ok,0.0160722229,98.42,M,MLP,gpu,g4dn
batch_gpu,g4dn.xlarge,MLP,OneHotEncoder,"{""encode_components"": [""base""]}","{""dropout"": 0, ""hidden_dims"": [128, 128]}",siRNA1,2431,nucleobase,2,18.13198844499999,9.701921739,2.6971728949999942,0.002771975999962706,0.0787207150000313,1481.043968,17.949696,16.0,cuda:Tesla T4,"[2011, 210]",2011.0,420.0,ok,0.0160722229,98.42,M,MLP,gpu,g4dn
batch_gpu,g4dn.xlarge,MLP,OneHotEncoder,"{""encode_components"": [""base""]}","{""dropout"": 0, ""hidden_dims"": [128, 128]}",siRNA1,2431,nucleobase,3,17.90799651499998,9.796171329000003,2.397638391999976,0.002880381999943893,0.0787207150000313,1485.705216,17.949184,15.0,cuda:Tesla T4,"[1914, 210]",1914.0,517.0,ok,0.0160722229,98.42,M,MLP,gpu,g4dn
batch_gpu,g4dn.xlarge,MLP,OneHotEncoder,"{""encode_components"": [""base""]}","{""dropout"": 0, ""hidden_dims"": [128, 128]}",siRNA1,2431,nucleobase,4,17.685359941,9.533306108000033,2.3887161760000026,0.002948295000010148,0.0787207150000313,1485.53728,17.949696,15.0,cuda:Tesla T4,"[1902, 210]",1902.0,529.0,ok,0.0160722229,98.42,M,MLP,gpu,g4dn
batch_gpu,g4dn.xlarge,Transformer,OneHotEncoder,"{""encode_components"": [""base""]}","{""d_model"": 64, ""dim_feedforward"": 128, ""dropout"": 0.25, ""nhead"": 4, ""num_layers"": 1}",siRNA1,2431,nucleobase,0,25.36051624999999,8.58457229999999,11.174117088000003,0.1499837229999912,0.07577105999996547,1551.142912,23.553024,45.0,cuda:Tesla T4,"[1777, 42, 5]",1777.0,654.0,ok,0.0189944453,123.678,M,Transformer,gpu,g4dn
batch_gpu,g4dn.xlarge,Transformer,OneHotEncoder,"{""encode_components"": [""base""]}","{""d_model"": 64, ""dim_feedforward"": 128, ""dropout"": 0.25, ""nhead"": 4, ""num_layers"": 1}",siRNA1,2431,nucleobase,1,27.401368107999986,9.006150691000016,12.830906959999993,0.17024190099999714,0.07577105999996547,1581.891584,23.553024,50.0,cuda:Tesla T4,"[1923, 42, 5]",1923.0,508.0,ok,0.0189944453,123.678,M,Transformer,gpu,g4dn
batch_gpu,g4dn.xlarge,Transformer,OneHotEncoder,"{""encode_components"": [""base""]}","{""d_model"": 64, ""dim_feedforward"": 128, ""dropout"": 0.25, ""nhead"": 4, ""num_layers"": 1}",siRNA1,2431,nucleobase,2,19.529937280000013,9.024211492999996,5.0738153839999995,0.09620558099999243,0.07577105999996547,1594.523648,23.553536,19.0,cuda:Tesla T4,"[2011, 42, 5]",2011.0,420.0,ok,0.0189944453,123.678,M,Transformer,gpu,g4dn
batch_gpu,g4dn.xlarge,Transformer,OneHotEncoder,"{""encode_components"": [""base""]}","{""d_model"": 64, ""dim_feedforward"": 128, ""dropout"": 0.25, ""nhead"": 4, ""num_layers"": 1}",siRNA1,2431,nucleobase,3,24.352347127999963,9.076628866999954,9.84038631300001,0.15408043700006147,0.07577105999996547,1612.4928,23.553024,39.0,cuda:Tesla T4,"[1914, 42, 5]",1914.0,517.0,ok,0.0189944453,123.678,M,Transformer,gpu,g4dn
batch_gpu,g4dn.xlarge,Transformer,OneHotEncoder,"{""encode_components"": [""base""]}","{""d_model"": 64, ""dim_feedforward"": 128, ""dropout"": 0.25, ""nhead"": 4, ""num_layers"": 1}",siRNA1,2431,nucleobase,4,18.98412529299992,8.75830277099999,4.782214184000054,0.10598826900002223,0.07577105999996547,1607.622656,23.553536,19.0,cuda:Tesla T4,"[1902, 42, 5]",1902.0,529.0,ok,0.0189944453,123.678,M,Transformer,gpu,g4dn
batch_gpu,g4dn.xlarge,Transformer,OneHotEncoder,"{""encode_components"": [""base""]}","{""d_model"": 64, ""dim_feedforward"": 128, ""dropout"": 0.25, ""nhead"": 4, ""num_layers"": 1}",siRNA1,2431,nucleobase,0,25.36051624999999,8.58457229999999,11.174117088000003,0.1499837229999912,0.07577105999996547,1551.142912,23.553024,45.0,cuda:Tesla T4,"[1777, 42, 5]",1777.0,654.0,ok,0.0189944453,123.678,M,Transformer,gpu,g4dn
batch_gpu,g4dn.xlarge,Transformer,OneHotEncoder,"{""encode_components"": [""base""]}","{""d_model"": 64, ""dim_feedforward"": 128, ""dropout"": 0.25, ""nhead"": 4, ""num_layers"": 1}",siRNA1,2431,nucleobase,1,27.401368107999986,9.006150691000016,12.830906959999993,0.17024190099999714,0.07577105999996547,1581.891584,23.553024,50.0,cuda:Tesla T4,"[1923, 42, 5]",1923.0,508.0,ok,0.0189944453,123.678,M,Transformer,gpu,g4dn
batch_gpu,g4dn.xlarge,Transformer,OneHotEncoder,"{""encode_components"": [""base""]}","{""d_model"": 64, ""dim_feedforward"": 128, ""dropout"": 0.25, ""nhead"": 4, ""num_layers"": 1}",siRNA1,2431,nucleobase,2,19.529937280000013,9.024211492999996,5.0738153839999995,0.09620558099999243,0.07577105999996547,1594.523648,23.553536,19.0,cuda:Tesla T4,"[2011, 42, 5]",2011.0,420.0,ok,0.0189944453,123.678,M,Transformer,gpu,g4dn
batch_gpu,g4dn.xlarge,Transformer,OneHotEncoder,"{""encode_components"": [""base""]}","{""d_model"": 64, ""dim_feedforward"": 128, ""dropout"": 0.25, ""nhead"": 4, ""num_layers"": 1}",siRNA1,2431,nucleobase,3,24.352347127999963,9.076628866999954,9.84038631300001,0.15408043700006147,0.07577105999996547,1612.4928,23.553024,39.0,cuda:Tesla T4,"[1914, 42, 5]",1914.0,517.0,ok,0.0189944453,123.678,M,Transformer,gpu,g4dn
batch_gpu,g4dn.xlarge,Transformer,OneHotEncoder,"{""encode_components"": [""base""]}","{""d_model"": 64, ""dim_feedforward"": 128, ""dropout"": 0.25, ""nhead"": 4, ""num_layers"": 1}",siRNA1,2431,nucleobase,4,18.98412529299992,8.75830277099999,4.782214184000054,0.10598826900002223,0.07577105999996547,1607.622656,23.553536,19.0,cuda:Tesla T4,"[1902, 42, 5]",1902.0,529.0,ok,0.0189944453,123.678,M,Transformer,gpu,g4dn
batch_gpu,g4dn.xlarge,Transformer,OneHotEncoder,"{""encode_components"": [""base""]}","{""d_model"": 128, ""dim_feedforward"": 64, ""dropout"": 0, ""nhead"": 2, ""num_layers"": 2}",siRNA1,2431,random,0,18.866565659999992,9.518541954,8.902642534999984,0.4403775359999713,0.07821892300000854,1653.567488,35.50464,22.0,cuda:Tesla T4,"[1945, 42, 5]",1945.0,486.0,ok,0.0146111117,94.991,M,Transformer,gpu,g4dn
batch_gpu,g4dn.xlarge,Transformer,OneHotEncoder,"{""encode_components"": [""base""]}","{""d_model"": 128, ""dim_feedforward"": 64, ""dropout"": 0, ""nhead"": 2, ""num_layers"": 2}",siRNA1,2431,random,1,16.120242805999965,9.742215579000003,5.945033645000024,0.4287547270000118,0.07821892300000854,1656.373248,35.50464,16.0,cuda:Tesla T4,"[1945, 42, 5]",1945.0,486.0,ok,0.0146111117,94.991,M,Transformer,gpu,g4dn
batch_gpu,g4dn.xlarge,Transformer,OneHotEncoder,"{""encode_components"": [""base""]}","{""d_model"": 128, ""dim_feedforward"": 64, ""dropout"": 0, ""nhead"": 2, ""num_layers"": 2}",siRNA1,2431,random,2,18.81627370299998,9.529505271000005,8.870749203999992,0.4117730979999692,0.07821892300000854,1679.23712,35.505152,24.0,cuda:Tesla T4,"[1945, 42, 5]",1945.0,486.0,ok,0.0146111117,94.991,M,Transformer,gpu,g4dn
batch_gpu,g4dn.xlarge,Transformer,OneHotEncoder,"{""encode_components"": [""base""]}","{""d_model"": 128, ""dim_feedforward"": 64, ""dropout"": 0, ""nhead"": 2, ""num_layers"": 2}",siRNA1,2431,random,3,17.030631062999987,9.701546344000008,6.89119497400003,0.4338413230000242,0.07821892300000854,1673.043968,35.50464,19.0,cuda:Tesla T4,"[1945, 42, 5]",1945.0,486.0,ok,0.0146111117,94.991,M,Transformer,gpu,g4dn
batch_gpu,g4dn.xlarge,Transformer,OneHotEncoder,"{""encode_components"": [""base""]}","{""d_model"": 128, ""dim_feedforward"": 64, ""dropout"": 0, ""nhead"": 2, ""num_layers"": 2}",siRNA1,2431,random,4,15.079504439999994,9.580752140000016,4.978226340999981,0.5164701089999539,0.07821892300000854,1695.305728,35.505152,13.0,cuda:Tesla T4,"[1945, 42, 5]",1945.0,486.0,ok,0.0146111117,94.991,M,Transformer,gpu,g4dn
batch_gpu,g4dn.xlarge,Transformer,OneHotEncoder,"{""encode_components"": [""base""]}","{""d_model"": 128, ""dim_feedforward"": 64, ""dropout"": 0, ""nhead"": 2, ""num_layers"": 2}",siRNA1,2431,random,0,18.866565659999992,9.518541954,8.902642534999984,0.4403775359999713,0.07821892300000854,1653.567488,35.50464,22.0,cuda:Tesla T4,"[1945, 42, 5]",1945.0,486.0,ok,0.0146111117,94.991,M,Transformer,gpu,g4dn
batch_gpu,g4dn.xlarge,Transformer,OneHotEncoder,"{""encode_components"": [""base""]}","{""d_model"": 128, ""dim_feedforward"": 64, ""dropout"": 0, ""nhead"": 2, ""num_layers"": 2}",siRNA1,2431,random,1,16.120242805999965,9.742215579000003,5.945033645000024,0.4287547270000118,0.07821892300000854,1656.373248,35.50464,16.0,cuda:Tesla T4,"[1945, 42, 5]",1945.0,486.0,ok,0.0146111117,94.991,M,Transformer,gpu,g4dn
batch_gpu,g4dn.xlarge,Transformer,OneHotEncoder,"{""encode_components"": [""base""]}","{""d_model"": 128, ""dim_feedforward"": 64, ""dropout"": 0, ""nhead"": 2, ""num_layers"": 2}",siRNA1,2431,random,2,18.81627370299998,9.529505271000005,8.870749203999992,0.4117730979999692,0.07821892300000854,1679.23712,35.505152,24.0,cuda:Tesla T4,"[1945, 42, 5]",1945.0,486.0,ok,0.0146111117,94.991,M,Transformer,gpu,g4dn
batch_gpu,g4dn.xlarge,Transformer,OneHotEncoder,"{""encode_components"": [""base""]}","{""d_model"": 128, ""dim_feedforward"": 64, ""dropout"": 0, ""nhead"": 2, ""num_layers"": 2}",siRNA1,2431,random,3,17.030631062999987,9.701546344000008,6.89119497400003,0.4338413230000242,0.07821892300000854,1673.043968,35.50464,19.0,cuda:Tesla T4,"[1945, 42, 5]",1945.0,486.0,ok,0.0146111117,94.991,M,Transformer,gpu,g4dn
batch_gpu,g4dn.xlarge,Transformer,OneHotEncoder,"{""encode_components"": [""base""]}","{""d_model"": 128, ""dim_feedforward"": 64, ""dropout"": 0, ""nhead"": 2, ""num_layers"": 2}",siRNA1,2431,random,4,15.079504439999994,9.580752140000016,4.978226340999981,0.5164701089999539,0.07821892300000854,1695.305728,35.505152,13.0,cuda:Tesla T4,"[1945, 42, 5]",1945.0,486.0,ok,0.0146111117,94.991,M,Transformer,gpu,g4dn
batch_gpu,g4dn.xlarge,CNN,OneHotEncoder,"{""encode_components"": [""base"", ""sugar"", ""phosphate""]}","{""depth"": 1, ""hidden_dim"": 32, ""kernel_size"": 3, ""pooling_operation"": ""avg""}",cytotox_lna,768,nucleobase,0,6.980183297999986,2.5981909180000002,2.999766490000013,0.006307189000040125,0.015472385999999005,1519.972352,17.252352,37.0,cuda:Tesla T4,"[704, 16, 8]",704.0,64.0,ok,0.0073055559,41.727,S,CNN,gpu,g4dn
batch_gpu,g4dn.xlarge,CNN,OneHotEncoder,"{""encode_components"": [""base"", ""sugar"", ""phosphate""]}","{""depth"": 1, ""hidden_dim"": 32, ""kernel_size"": 3, ""pooling_operation"": ""avg""}",cytotox_lna,768,nucleobase,1,6.978170947000024,2.562623045999999,3.093939436000028,0.004486089000010907,0.015472385999999005,1532.411904,17.252864,67.0,cuda:Tesla T4,"[480, 16, 8]",480.0,288.0,ok,0.0073055559,41.727,S,CNN,gpu,g4dn
batch_gpu,g4dn.xlarge,CNN,OneHotEncoder,"{""encode_components"": [""base"", ""sugar"", ""phosphate""]}","{""depth"": 1, ""hidden_dim"": 32, ""kernel_size"": 3, ""pooling_operation"": ""avg""}",cytotox_lna,768,nucleobase,2,7.023482225999999,2.7450730389999762,2.935535784000024,0.0029478600000061306,0.015472385999999005,1534.427136,17.253376,45.0,cuda:Tesla T4,"[704, 16, 8]",704.0,64.0,ok,0.0073055559,41.727,S,CNN,gpu,g4dn
batch_gpu,g4dn.xlarge,CNN,OneHotEncoder,"{""encode_components"": [""base"", ""sugar"", ""phosphate""]}","{""depth"": 1, ""hidden_dim"": 32, ""kernel_size"": 3, ""pooling_operation"": ""avg""}",cytotox_lna,768,nucleobase,3,6.009711622999987,2.4793958360000374,2.199087076000012,0.004683893999981592,0.015472385999999005,1534.427136,17.253888,48.0,cuda:Tesla T4,"[448, 16, 8]",448.0,320.0,ok,0.0073055559,41.727,S,CNN,gpu,g4dn
batch_gpu,g4dn.xlarge,CNN,OneHotEncoder,"{""encode_components"": [""base"", ""sugar"", ""phosphate""]}","{""depth"": 1, ""hidden_dim"": 32, ""kernel_size"": 3, ""pooling_operation"": ""avg""}",cytotox_lna,768,nucleobase,4,6.310142954000014,2.328635054000017,2.752097606999996,0.0030011320000085107,0.015472385999999005,1535.238144,17.2544,60.0,cuda:Tesla T4,"[480, 16, 8]",480.0,288.0,ok,0.0073055559,41.727,S,CNN,gpu,g4dn
batch_gpu,g4dn.xlarge,CNN,OneHotEncoder,"{""encode_components"": [""base"", ""sugar"", ""phosphate""]}","{""depth"": 1, ""hidden_dim"": 32, ""kernel_size"": 3, ""pooling_operation"": ""avg""}",cytotox_lna,768,nucleobase,0,6.980183297999986,2.5981909180000002,2.999766490000013,0.006307189000040125,0.015472385999999005,1519.972352,17.252352,37.0,cuda:Tesla T4,"[704, 16, 8]",704.0,64.0,ok,0.0073055559,41.727,S,CNN,gpu,g4dn
batch_gpu,g4dn.xlarge,CNN,OneHotEncoder,"{""encode_components"": [""base"", ""sugar"", ""phosphate""]}","{""depth"": 1, ""hidden_dim"": 32, ""kernel_size"": 3, ""pooling_operation"": ""avg""}",cytotox_lna,768,nucleobase,1,6.978170947000024,2.562623045999999,3.093939436000028,0.004486089000010907,0.015472385999999005,1532.411904,17.252864,67.0,cuda:Tesla T4,"[480, 16, 8]",480.0,288.0,ok,0.0073055559,41.727,S,CNN,gpu,g4dn
batch_gpu,g4dn.xlarge,CNN,OneHotEncoder,"{""encode_components"": [""base"", ""sugar"", ""phosphate""]}","{""depth"": 1, ""hidden_dim"": 32, ""kernel_size"": 3, ""pooling_operation"": ""avg""}",cytotox_lna,768,nucleobase,2,7.023482225999999,2.7450730389999762,2.935535784000024,0.0029478600000061306,0.015472385999999005,1534.427136,17.253376,45.0,cuda:Tesla T4,"[704, 16, 8]",704.0,64.0,ok,0.0073055559,41.727,S,CNN,gpu,g4dn
batch_gpu,g4dn.xlarge,CNN,OneHotEncoder,"{""encode_components"": [""base"", ""sugar"", ""phosphate""]}","{""depth"": 1, ""hidden_dim"": 32, ""kernel_size"": 3, ""pooling_operation"": ""avg""}",cytotox_lna,768,nucleobase,3,6.009711622999987,2.4793958360000374,2.199087076000012,0.004683893999981592,0.015472385999999005,1534.427136,17.253888,48.0,cuda:Tesla T4,"[448, 16, 8]",448.0,320.0,ok,0.0073055559,41.727,S,CNN,gpu,g4dn
batch_gpu,g4dn.xlarge,CNN,OneHotEncoder,"{""encode_components"": [""base"", ""sugar"", ""phosphate""]}","{""depth"": 1, ""hidden_dim"": 32, ""kernel_size"": 3, ""pooling_operation"": ""avg""}",cytotox_lna,768,nucleobase,4,6.310142954000014,2.328635054000017,2.752097606999996,0.0030011320000085107,0.015472385999999005,1535.238144,17.2544,60.0,cuda:Tesla T4,"[480, 16, 8]",480.0,288.0,ok,0.0073055559,41.727,S,CNN,gpu,g4dn
batch_gpu,g4dn.xlarge,CNN,OneHotEncoder,"{""encode_components"": [""base"", ""sugar"", ""phosphate""]}","{""depth"": 1, ""hidden_dim"": 64, ""kernel_size"": 7, ""pooling_operation"": ""avg""}",cytotox_lna,768,nucleobase,0,7.151381919000016,2.7653147689999855,3.049809382000035,0.008092820000001666,0.01578282599996328,1574.158336,17.36192,31.0,cuda:Tesla T4,"[704, 16, 8]",704.0,64.0,ok,0.0073055559,40.148,S,CNN,gpu,g4dn
batch_gpu,g4dn.xlarge,CNN,OneHotEncoder,"{""encode_components"": [""base"", ""sugar"", ""phosphate""]}","{""depth"": 1, ""hidden_dim"": 64, ""kernel_size"": 7, ""pooling_operation"": ""avg""}",cytotox_lna,768,nucleobase,1,5.242898942000011,2.5549865270000396,1.3780605500000433,0.004681731000005129,0.01578282599996328,1586.753536,17.362432,26.0,cuda:Tesla T4,"[480, 16, 8]",480.0,288.0,ok,0.0073055559,40.148,S,CNN,gpu,g4dn
batch_gpu,g4dn.xlarge,CNN,OneHotEncoder,"{""encode_components"": [""base"", ""sugar"", ""phosphate""]}","{""depth"": 1, ""hidden_dim"": 64, ""kernel_size"": 7, ""pooling_operation"": ""avg""}",cytotox_lna,768,nucleobase,2,6.967283956000017,2.8620502399999737,2.76552801400004,0.004872299999988172,0.01578282599996328,1587.970048,17.362944,34.0,cuda:Tesla T4,"[704, 16, 8]",704.0,64.0,ok,0.0073055559,40.148,S,CNN,gpu,g4dn
batch_gpu,g4dn.xlarge,CNN,OneHotEncoder,"{""encode_components"": [""base"", ""sugar"", ""phosphate""]}","{""depth"": 1, ""hidden_dim"": 64, ""kernel_size"": 7, ""pooling_operation"": ""avg""}",cytotox_lna,768,nucleobase,3,5.265072072999999,2.5868678309999495,1.3406552349999856,0.004702190999978484,0.01578282599996328,1589.321728,17.362944,24.0,cuda:Tesla T4,"[448, 16, 8]",448.0,320.0,ok,0.0073055559,40.148,S,CNN,gpu,g4dn
batch_gpu,g4dn.xlarge,CNN,OneHotEncoder,"{""encode_components"": [""base"", ""sugar"", ""phosphate""]}","{""depth"": 1, ""hidden_dim"": 64, ""kernel_size"": 7, ""pooling_operation"": ""avg""}",cytotox_lna,768,nucleobase,4,6.244823407999945,2.575420620999978,2.3485074349999877,0.005957335999994484,0.01578282599996328,1589.321728,17.363456,43.0,cuda:Tesla T4,"[480, 16, 8]",480.0,288.0,ok,0.0073055559,40.148,S,CNN,gpu,g4dn
batch_gpu,g4dn.xlarge,CNN,OneHotEncoder,"{""encode_components"": [""base"", ""sugar"", ""phosphate""]}","{""depth"": 1, ""hidden_dim"": 64, ""kernel_size"": 7, ""pooling_operation"": ""avg""}",cytotox_lna,768,nucleobase,0,7.151381919000016,2.7653147689999855,3.049809382000035,0.008092820000001666,0.01578282599996328,1574.158336,17.36192,31.0,cuda:Tesla T4,"[704, 16, 8]",704.0,64.0,ok,0.0073055559,40.148,S,CNN,gpu,g4dn
batch_gpu,g4dn.xlarge,CNN,OneHotEncoder,"{""encode_components"": [""base"", ""sugar"", ""phosphate""]}","{""depth"": 1, ""hidden_dim"": 64, ""kernel_size"": 7, ""pooling_operation"": ""avg""}",cytotox_lna,768,nucleobase,1,5.242898942000011,2.5549865270000396,1.3780605500000433,0.004681731000005129,0.01578282599996328,1586.753536,17.362432,26.0,cuda:Tesla T4,"[480, 16, 8]",480.0,288.0,ok,0.0073055559,40.148,S,CNN,gpu,g4dn
batch_gpu,g4dn.xlarge,CNN,OneHotEncoder,"{""encode_components"": [""base"", ""sugar"", ""phosphate""]}","{""depth"": 1, ""hidden_dim"": 64, ""kernel_size"": 7, ""pooling_operation"": ""avg""}",cytotox_lna,768,nucleobase,2,6.967283956000017,2.8620502399999737,2.76552801400004,0.004872299999988172,0.01578282599996328,1587.970048,17.362944,34.0,cuda:Tesla T4,"[704, 16, 8]",704.0,64.0,ok,0.0073055559,40.148,S,CNN,gpu,g4dn
batch_gpu,g4dn.xlarge,CNN,OneHotEncoder,"{""encode_components"": [""base"", ""sugar"", ""phosphate""]}","{""depth"": 1, ""hidden_dim"": 64, ""kernel_size"": 7, ""pooling_operation"": ""avg""}",cytotox_lna,768,nucleobase,3,5.265072072999999,2.5868678309999495,1.3406552349999856,0.004702190999978484,0.01578282599996328,1589.321728,17.362944,24.0,cuda:Tesla T4,"[448, 16, 8]",448.0,320.0,ok,0.0073055559,40.148,S,CNN,gpu,g4dn
batch_gpu,g4dn.xlarge,CNN,OneHotEncoder,"{""encode_components"": [""base"", ""sugar"", ""phosphate""]}","{""depth"": 1, ""hidden_dim"": 64, ""kernel_size"": 7, ""pooling_operation"": ""avg""}",cytotox_lna,768,nucleobase,4,6.244823407999945,2.575420620999978,2.3485074349999877,0.005957335999994484,0.01578282599996328,1589.321728,17.363456,43.0,cuda:Tesla T4,"[480, 16, 8]",480.0,288.0,ok,0.0073055559,40.148,S,CNN,gpu,g4dn
batch_gpu,g4dn.xlarge,GRU,OneHotEncoder,"{""encode_components"": [""base"", ""sugar"", ""phosphate""]}","{""hidden_dim"": 32, ""num_layers"": 1}",cytotox_lna,768,nucleobase,0,5.833451749000005,2.624598762000005,1.8932131459999937,0.008690353000019968,0.015108988000008594,1470.922752,27.393536,19.0,cuda:Tesla T4,"[704, 16, 8]",704.0,64.0,ok,0.0059905558,33.441,S,GRU,gpu,g4dn
batch_gpu,g4dn.xlarge,GRU,OneHotEncoder,"{""encode_components"": [""base"", ""sugar"", ""phosphate""]}","{""hidden_dim"": 32, ""num_layers"": 1}",cytotox_lna,768,nucleobase,1,4.707348938999985,2.39042785700002,1.0608705959999725,0.0058307600000375714,0.015108988000008594,1480.896512,27.394048,21.0,cuda:Tesla T4,"[480, 16, 8]",480.0,288.0,ok,0.0059905558,33.441,S,GRU,gpu,g4dn
batch_gpu,g4dn.xlarge,GRU,OneHotEncoder,"{""encode_components"": [""base"", ""sugar"", ""phosphate""]}","{""hidden_dim"": 32, ""num_layers"": 1}",cytotox_lna,768,nucleobase,2,5.290971199000012,2.5967792280000026,1.4483944080000128,0.005923308999967958,0.015108988000008594,1482.911744,27.394048,20.0,cuda:Tesla T4,"[704, 16, 8]",704.0,64.0,ok,0.0059905558,33.441,S,GRU,gpu,g4dn
batch_gpu,g4dn.xlarge,GRU,OneHotEncoder,"{""encode_components"": [""base"", ""sugar"", ""phosphate""]}","{""hidden_dim"": 32, ""num_layers"": 1}",cytotox_lna,768,nucleobase,3,4.693133699000043,2.360191337999993,1.102151071000037,0.0052115770000114026,0.015108988000008594,1482.919936,27.394048,22.0,cuda:Tesla T4,"[448, 16, 8]",448.0,320.0,ok,0.0059905558,33.441,S,GRU,gpu,g4dn
batch_gpu,g4dn.xlarge,GRU,OneHotEncoder,"{""encode_components"": [""base"", ""sugar"", ""phosphate""]}","{""hidden_dim"": 32, ""num_layers"": 1}",cytotox_lna,768,nucleobase,4,4.5017252550000535,2.392661153000006,0.8589541299999723,0.005878075999987686,0.015108988000008594,1482.919936,27.394048,17.0,cuda:Tesla T4,"[480, 16, 8]",480.0,288.0,ok,0.0059905558,33.441,S,GRU,gpu,g4dn
batch_gpu,g4dn.xlarge,GRU,OneHotEncoder,"{""encode_components"": [""base"", ""sugar"", ""phosphate""]}","{""hidden_dim"": 32, ""num_layers"": 1}",cytotox_lna,768,nucleobase,0,5.833451749000005,2.624598762000005,1.8932131459999937,0.008690353000019968,0.015108988000008594,1470.922752,27.393536,19.0,cuda:Tesla T4,"[704, 16, 8]",704.0,64.0,ok,0.0059905558,33.441,S,GRU,gpu,g4dn
batch_gpu,g4dn.xlarge,GRU,OneHotEncoder,"{""encode_components"": [""base"", ""sugar"", ""phosphate""]}","{""hidden_dim"": 32, ""num_layers"": 1}",cytotox_lna,768,nucleobase,1,4.707348938999985,2.39042785700002,1.0608705959999725,0.0058307600000375714,0.015108988000008594,1480.896512,27.394048,21.0,cuda:Tesla T4,"[480, 16, 8]",480.0,288.0,ok,0.0059905558,33.441,S,GRU,gpu,g4dn
batch_gpu,g4dn.xlarge,GRU,OneHotEncoder,"{""encode_components"": [""base"", ""sugar"", ""phosphate""]}","{""hidden_dim"": 32, ""num_layers"": 1}",cytotox_lna,768,nucleobase,2,5.290971199000012,2.5967792280000026,1.4483944080000128,0.005923308999967958,0.015108988000008594,1482.911744,27.394048,20.0,cuda:Tesla T4,"[704, 16, 8]",704.0,64.0,ok,0.0059905558,33.441,S,GRU,gpu,g4dn
batch_gpu,g4dn.xlarge,GRU,OneHotEncoder,"{""encode_components"": [""base"", ""sugar"", ""phosphate""]}","{""hidden_dim"": 32, ""num_layers"": 1}",cytotox_lna,768,nucleobase,3,4.693133699000043,2.360191337999993,1.102151071000037,0.0052115770000114026,0.015108988000008594,1482.919936,27.394048,22.0,cuda:Tesla T4,"[448, 16, 8]",448.0,320.0,ok,0.0059905558,33.441,S,GRU,gpu,g4dn
batch_gpu,g4dn.xlarge,GRU,OneHotEncoder,"{""encode_components"": [""base"", ""sugar"", ""phosphate""]}","{""hidden_dim"": 32, ""num_layers"": 1}",cytotox_lna,768,nucleobase,4,4.5017252550000535,2.392661153000006,0.8589541299999723,0.005878075999987686,0.015108988000008594,1482.919936,27.394048,17.0,cuda:Tesla T4,"[480, 16, 8]",480.0,288.0,ok,0.0059905558,33.441,S,GRU,gpu,g4dn
batch_gpu,g4dn.xlarge,CNN,RNAFMEmbeddings,{},"{""depth"": 2, ""hidden_dim"": 64, ""kernel_size"": 5, ""pooling_operation"": ""max""}",siRNA1,2431,random,0,21.337026426000023,14.082477085999983,6.813972147000015,0.4376205320000395,0.07671942499996476,2564.36224,8107.547648,23.0,cuda:Tesla T4,"[1945, 42, 640]",1945.0,486.0,ok,0.0204555564,129.449,M,RNA-FM + CNN,gpu,g4dn
batch_gpu,g4dn.xlarge,CNN,RNAFMEmbeddings,{},"{""depth"": 2, ""hidden_dim"": 64, ""kernel_size"": 5, ""pooling_operation"": ""max""}",siRNA1,2431,random,1,20.185833959999968,13.377068135999991,6.479818747999957,0.32662765999998555,0.07671942499996476,3542.87616,8107.54816,23.0,cuda:Tesla T4,"[1945, 42, 640]",1945.0,486.0,ok,0.0204555564,129.449,M,RNA-FM + CNN,gpu,g4dn
batch_gpu,g4dn.xlarge,CNN,RNAFMEmbeddings,{},"{""depth"": 2, ""hidden_dim"": 64, ""kernel_size"": 5, ""pooling_operation"": ""max""}",siRNA1,2431,random,2,20.232852003000062,13.433382870999935,6.574807297999996,0.22233208900001955,0.07671942499996476,3762.393088,8107.548672,23.0,cuda:Tesla T4,"[1945, 42, 640]",1945.0,486.0,ok,0.0204555564,129.449,M,RNA-FM + CNN,gpu,g4dn
batch_gpu,g4dn.xlarge,CNN,RNAFMEmbeddings,{},"{""depth"": 2, ""hidden_dim"": 64, ""kernel_size"": 5, ""pooling_operation"": ""max""}",siRNA1,2431,random,3,39.12058868500003,13.244970293999927,9.478782097000021,16.394353302000013,0.07671942499996476,3985.895424,8107.549184,34.0,cuda:Tesla T4,"[1945, 42, 640]",1945.0,486.0,ok,0.0204555564,129.449,M,RNA-FM + CNN,gpu,g4dn
batch_gpu,g4dn.xlarge,CNN,RNAFMEmbeddings,{},"{""depth"": 2, ""hidden_dim"": 64, ""kernel_size"": 5, ""pooling_operation"": ""max""}",siRNA1,2431,random,4,19.930163163999964,13.204317613000057,6.49952016799989,0.2240018229999805,0.07671942499996476,3997.212672,8107.549184,23.0,cuda:Tesla T4,"[1945, 42, 640]",1945.0,486.0,ok,0.0204555564,129.449,M,RNA-FM + CNN,gpu,g4dn
batch_gpu,g4dn.xlarge,CNN,RNAFMEmbeddings,{},"{""depth"": 2, ""hidden_dim"": 64, ""kernel_size"": 5, ""pooling_operation"": ""max""}",siRNA1,2431,random,0,21.337026426000023,14.082477085999983,6.813972147000015,0.4376205320000395,0.07671942499996476,2564.36224,8107.547648,23.0,cuda:Tesla T4,"[1945, 42, 640]",1945.0,486.0,ok,0.0204555564,129.449,M,RNA-FM + CNN,gpu,g4dn
batch_gpu,g4dn.xlarge,CNN,RNAFMEmbeddings,{},"{""depth"": 2, ""hidden_dim"": 64, ""kernel_size"": 5, ""pooling_operation"": ""max""}",siRNA1,2431,random,1,20.185833959999968,13.377068135999991,6.479818747999957,0.32662765999998555,0.07671942499996476,3542.87616,8107.54816,23.0,cuda:Tesla T4,"[1945, 42, 640]",1945.0,486.0,ok,0.0204555564,129.449,M,RNA-FM + CNN,gpu,g4dn
batch_gpu,g4dn.xlarge,CNN,RNAFMEmbeddings,{},"{""depth"": 2, ""hidden_dim"": 64, ""kernel_size"": 5, ""pooling_operation"": ""max""}",siRNA1,2431,random,2,20.232852003000062,13.433382870999935,6.574807297999996,0.22233208900001955,0.07671942499996476,3762.393088,8107.548672,23.0,cuda:Tesla T4,"[1945, 42, 640]",1945.0,486.0,ok,0.0204555564,129.449,M,RNA-FM + CNN,gpu,g4dn
batch_gpu,g4dn.xlarge,CNN,RNAFMEmbeddings,{},"{""depth"": 2, ""hidden_dim"": 64, ""kernel_size"": 5, ""pooling_operation"": ""max""}",siRNA1,2431,random,3,39.12058868500003,13.244970293999927,9.478782097000021,16.394353302000013,0.07671942499996476,3985.895424,8107.549184,34.0,cuda:Tesla T4,"[1945, 42, 640]",1945.0,486.0,ok,0.0204555564,129.449,M,RNA-FM + CNN,gpu,g4dn
batch_gpu,g4dn.xlarge,CNN,RNAFMEmbeddings,{},"{""depth"": 2, ""hidden_dim"": 64, ""kernel_size"": 5, ""pooling_operation"": ""max""}",siRNA1,2431,random,4,19.930163163999964,13.204317613000057,6.49952016799989,0.2240018229999805,0.07671942499996476,3997.212672,8107.549184,23.0,cuda:Tesla T4,"[1945, 42, 640]",1945.0,486.0,ok,0.0204555564,129.449,M,RNA-FM + CNN,gpu,g4dn
batch_gpu,g4dn.xlarge,GRU,OneHotEncoder,"{""encode_components"": [""base""]}","{""hidden_dim"": 64, ""num_layers"": 2}",cytotox_lna,768,nucleobase,0,5.348338927999976,2.2145296329999837,1.690229903000045,0.023814864999962992,0.015307987999960915,1481.060352,39.241216,14.0,cuda:Tesla T4,"[704, 16, 4]",704.0,64.0,ok,0.0058444447,30.56,S,GRU,gpu,g4dn
batch_gpu,g4dn.xlarge,GRU,OneHotEncoder,"{""encode_components"": [""base""]}","{""hidden_dim"": 64, ""num_layers"": 2}",cytotox_lna,768,nucleobase,1,4.395700021999971,2.176601747999996,0.8250732409999841,0.0152046459999724,0.015307987999960915,1484.918784,39.241728,14.0,cuda:Tesla T4,"[480, 16, 4]",480.0,288.0,ok,0.0058444447,30.56,S,GRU,gpu,g4dn
batch_gpu,g4dn.xlarge,GRU,OneHotEncoder,"{""encode_components"": [""base""]}","{""hidden_dim"": 64, ""num_layers"": 2}",cytotox_lna,768,nucleobase,2,4.391486372000031,2.2203862490000006,0.920020463999947,0.018312405000017407,0.015307987999960915,1486.065664,39.241728,11.0,cuda:Tesla T4,"[704, 16, 4]",704.0,64.0,ok,0.0058444447,30.56,S,GRU,gpu,g4dn
batch_gpu,g4dn.xlarge,GRU,OneHotEncoder,"{""encode_components"": [""base""]}","{""hidden_dim"": 64, ""num_layers"": 2}",cytotox_lna,768,nucleobase,3,3.8096611510000002,1.9533400400000005,0.5941738220000161,0.01617735399997855,0.015307987999960915,1488.498688,39.24224,10.0,cuda:Tesla T4,"[448, 16, 4]",448.0,320.0,ok,0.0058444447,30.56,S,GRU,gpu,g4dn
batch_gpu,g4dn.xlarge,GRU,OneHotEncoder,"{""encode_components"": [""base""]}","{""hidden_dim"": 64, ""num_layers"": 2}",cytotox_lna,768,nucleobase,4,4.021817419999991,1.9782029689999945,0.7692129289999912,0.015640906999976778,0.015307987999960915,1490.116608,39.242752,13.0,cuda:Tesla T4,"[480, 16, 4]",480.0,288.0,ok,0.0058444447,30.56,S,GRU,gpu,g4dn
batch_gpu,g4dn.xlarge,GRU,OneHotEncoder,"{""encode_components"": [""base""]}","{""hidden_dim"": 64, ""num_layers"": 2}",cytotox_lna,768,nucleobase,0,5.348338927999976,2.2145296329999837,1.690229903000045,0.023814864999962992,0.015307987999960915,1481.060352,39.241216,14.0,cuda:Tesla T4,"[704, 16, 4]",704.0,64.0,ok,0.0058444447,30.56,S,GRU,gpu,g4dn
batch_gpu,g4dn.xlarge,GRU,OneHotEncoder,"{""encode_components"": [""base""]}","{""hidden_dim"": 64, ""num_layers"": 2}",cytotox_lna,768,nucleobase,1,4.395700021999971,2.176601747999996,0.8250732409999841,0.0152046459999724,0.015307987999960915,1484.918784,39.241728,14.0,cuda:Tesla T4,"[480, 16, 4]",480.0,288.0,ok,0.0058444447,30.56,S,GRU,gpu,g4dn
batch_gpu,g4dn.xlarge,GRU,OneHotEncoder,"{""encode_components"": [""base""]}","{""hidden_dim"": 64, ""num_layers"": 2}",cytotox_lna,768,nucleobase,2,4.391486372000031,2.2203862490000006,0.920020463999947,0.018312405000017407,0.015307987999960915,1486.065664,39.241728,11.0,cuda:Tesla T4,"[704, 16, 4]",704.0,64.0,ok,0.0058444447,30.56,S,GRU,gpu,g4dn
batch_gpu,g4dn.xlarge,GRU,OneHotEncoder,"{""encode_components"": [""base""]}","{""hidden_dim"": 64, ""num_layers"": 2}",cytotox_lna,768,nucleobase,3,3.8096611510000002,1.9533400400000005,0.5941738220000161,0.01617735399997855,0.015307987999960915,1488.498688,39.24224,10.0,cuda:Tesla T4,"[448, 16, 4]",448.0,320.0,ok,0.0058444447,30.56,S,GRU,gpu,g4dn
batch_gpu,g4dn.xlarge,GRU,OneHotEncoder,"{""encode_components"": [""base""]}","{""hidden_dim"": 64, ""num_layers"": 2}",cytotox_lna,768,nucleobase,4,4.021817419999991,1.9782029689999945,0.7692129289999912,0.015640906999976778,0.015307987999960915,1490.116608,39.242752,13.0,cuda:Tesla T4,"[480, 16, 4]",480.0,288.0,ok,0.0058444447,30.56,S,GRU,gpu,g4dn
batch_gpu,g4dn.xlarge,Transformer,RNAFMEmbeddings,"{""flatten"": false}","{""d_model"": 64, ""dim_feedforward"": 64, ""dropout"": 0, ""nhead"": 4, ""num_layers"": 1}",siRNA1,2431,random,0,29.69631180800002,14.931911901999968,14.48126296800001,0.2797145129999876,0.08246169300002748,2565.103616,8107.547648,40.0,cuda:Tesla T4,"[1945, 42, 640]",1945.0,486.0,ok,0.0203094453,137.741,M,RNA-FM + Transformer,gpu,g4dn
batch_gpu,g4dn.xlarge,Transformer,RNAFMEmbeddings,"{""flatten"": false}","{""d_model"": 64, ""dim_feedforward"": 64, ""dropout"": 0, ""nhead"": 4, ""num_layers"": 1}",siRNA1,2431,random,1,21.360786975000053,14.465402377999965,6.617412435999995,0.2748634010000046,0.08246169300002748,3433.213952,8107.54816,18.0,cuda:Tesla T4,"[1945, 42, 640]",1945.0,486.0,ok,0.0203094453,137.741,M,RNA-FM + Transformer,gpu,g4dn
batch_gpu,g4dn.xlarge,Transformer,RNAFMEmbeddings,"{""flatten"": false}","{""d_model"": 64, ""dim_feedforward"": 64, ""dropout"": 0, ""nhead"": 4, ""num_layers"": 1}",siRNA1,2431,random,2,30.21833512500001,14.56909403100002,15.369712934000006,0.27639649600001803,0.08246169300002748,3647.30368,8107.548672,43.0,cuda:Tesla T4,"[1945, 42, 640]",1945.0,486.0,ok,0.0203094453,137.741,M,RNA-FM + Transformer,gpu,g4dn
batch_gpu,g4dn.xlarge,Transformer,RNAFMEmbeddings,"{""flatten"": false}","{""d_model"": 64, ""dim_feedforward"": 64, ""dropout"": 0, ""nhead"": 4, ""num_layers"": 1}",siRNA1,2431,random,3,26.731415276999996,14.531243856000003,12.005912238000008,0.19103133800001615,0.08246169300002748,3858.743296,8107.549184,33.0,cuda:Tesla T4,"[1945, 42, 640]",1945.0,486.0,ok,0.0203094453,137.741,M,RNA-FM + Transformer,gpu,g4dn
batch_gpu,g4dn.xlarge,Transformer,RNAFMEmbeddings,"{""flatten"": false}","{""d_model"": 64, ""dim_feedforward"": 64, ""dropout"": 0, ""nhead"": 4, ""num_layers"": 1}",siRNA1,2431,random,4,20.942854060999935,14.403285499000049,6.241566535999937,0.2947611470000311,0.08246169300002748,4074.901504,8107.549696,17.0,cuda:Tesla T4,"[1945, 42, 640]",1945.0,486.0,ok,0.0203094453,137.741,M,RNA-FM + Transformer,gpu,g4dn
batch_gpu,g4dn.xlarge,Transformer,RNAFMEmbeddings,"{""flatten"": false}","{""d_model"": 64, ""dim_feedforward"": 64, ""dropout"": 0, ""nhead"": 4, ""num_layers"": 1}",siRNA1,2431,random,0,29.69631180800002,14.931911901999968,14.48126296800001,0.2797145129999876,0.08246169300002748,2565.103616,8107.547648,40.0,cuda:Tesla T4,"[1945, 42, 640]",1945.0,486.0,ok,0.0203094453,137.741,M,RNA-FM + Transformer,gpu,g4dn
batch_gpu,g4dn.xlarge,Transformer,RNAFMEmbeddings,"{""flatten"": false}","{""d_model"": 64, ""dim_feedforward"": 64, ""dropout"": 0, ""nhead"": 4, ""num_layers"": 1}",siRNA1,2431,random,1,21.360786975000053,14.465402377999965,6.617412435999995,0.2748634010000046,0.08246169300002748,3433.213952,8107.54816,18.0,cuda:Tesla T4,"[1945, 42, 640]",1945.0,486.0,ok,0.0203094453,137.741,M,RNA-FM + Transformer,gpu,g4dn
batch_gpu,g4dn.xlarge,Transformer,RNAFMEmbeddings,"{""flatten"": false}","{""d_model"": 64, ""dim_feedforward"": 64, ""dropout"": 0, ""nhead"": 4, ""num_layers"": 1}",siRNA1,2431,random,2,30.21833512500001,14.56909403100002,15.369712934000006,0.27639649600001803,0.08246169300002748,3647.30368,8107.548672,43.0,cuda:Tesla T4,"[1945, 42, 640]",1945.0,486.0,ok,0.0203094453,137.741,M,RNA-FM + Transformer,gpu,g4dn
batch_gpu,g4dn.xlarge,Transformer,RNAFMEmbeddings,"{""flatten"": false}","{""d_model"": 64, ""dim_feedforward"": 64, ""dropout"": 0, ""nhead"": 4, ""num_layers"": 1}",siRNA1,2431,random,3,26.731415276999996,14.531243856000003,12.005912238000008,0.19103133800001615,0.08246169300002748,3858.743296,8107.549184,33.0,cuda:Tesla T4,"[1945, 42, 640]",1945.0,486.0,ok,0.0203094453,137.741,M,RNA-FM + Transformer,gpu,g4dn
batch_gpu,g4dn.xlarge,Transformer,RNAFMEmbeddings,"{""flatten"": false}","{""d_model"": 64, ""dim_feedforward"": 64, ""dropout"": 0, ""nhead"": 4, ""num_layers"": 1}",siRNA1,2431,random,4,20.942854060999935,14.403285499000049,6.241566535999937,0.2947611470000311,0.08246169300002748,4074.901504,8107.549696,17.0,cuda:Tesla T4,"[1945, 42, 640]",1945.0,486.0,ok,0.0203094453,137.741,M,RNA-FM + Transformer,gpu,g4dn
batch_gpu,g4dn.xlarge,Transformer,RNAFMEmbeddings,"{""flatten"": false}","{""d_model"": 128, ""dim_feedforward"": 64, ""dropout"": 0.25, ""nhead"": 2, ""num_layers"": 2}",siRNA1,2431,random,0,22.08984452300001,13.657150267999953,7.789668079000023,0.6383402310000292,0.08167593499996428,2561.368064,8107.547648,16.0,cuda:Tesla T4,"[1945, 42, 640]",1945.0,486.0,ok,0.0204555564,136.472,M,RNA-FM + Transformer,gpu,g4dn
batch_gpu,g4dn.xlarge,Transformer,RNAFMEmbeddings,"{""flatten"": false}","{""d_model"": 128, ""dim_feedforward"": 64, ""dropout"": 0.25, ""nhead"": 2, ""num_layers"": 2}",siRNA1,2431,random,1,26.927045392000025,13.570743480000033,12.779415446999963,0.5723696180000388,0.08167593499996428,3458.916352,8107.54816,27.0,cuda:Tesla T4,"[1945, 42, 640]",1945.0,486.0,ok,0.0204555564,136.472,M,RNA-FM + Transformer,gpu,g4dn
batch_gpu,g4dn.xlarge,Transformer,RNAFMEmbeddings,"{""flatten"": false}","{""d_model"": 128, ""dim_feedforward"": 64, ""dropout"": 0.25, ""nhead"": 2, ""num_layers"": 2}",siRNA1,2431,random,2,27.335090958000023,13.520201161999978,13.186054404999993,0.6243519159999664,0.08167593499996428,3678.572544,8107.548672,28.0,cuda:Tesla T4,"[1945, 42, 640]",1945.0,486.0,ok,0.0204555564,136.472,M,RNA-FM + Transformer,gpu,g4dn
batch_gpu,g4dn.xlarge,Transformer,RNAFMEmbeddings,"{""flatten"": false}","{""d_model"": 128, ""dim_feedforward"": 64, ""dropout"": 0.25, ""nhead"": 2, ""num_layers"": 2}",siRNA1,2431,random,3,24.465847693,13.521537899000009,10.384874709999963,0.554887678,0.08167593499996428,3893.358592,8107.549184,22.0,cuda:Tesla T4,"[1945, 42, 640]",1945.0,486.0,ok,0.0204555564,136.472,M,RNA-FM + Transformer,gpu,g4dn
batch_gpu,g4dn.xlarge,Transformer,RNAFMEmbeddings,"{""flatten"": false}","{""d_model"": 128, ""dim_feedforward"": 64, ""dropout"": 0.25, ""nhead"": 2, ""num_layers"": 2}",siRNA1,2431,random,4,27.224024833000044,13.469228940999983,13.100834157000008,0.6494604590000108,0.08167593499996428,4108.24704,8107.549696,28.0,cuda:Tesla T4,"[1945, 42, 640]",1945.0,486.0,ok,0.0204555564,136.472,M,RNA-FM + Transformer,gpu,g4dn
batch_gpu,g4dn.xlarge,Transformer,RNAFMEmbeddings,"{""flatten"": false}","{""d_model"": 128, ""dim_feedforward"": 64, ""dropout"": 0.25, ""nhead"": 2, ""num_layers"": 2}",siRNA1,2431,random,0,22.08984452300001,13.657150267999953,7.789668079000023,0.6383402310000292,0.08167593499996428,2561.368064,8107.547648,16.0,cuda:Tesla T4,"[1945, 42, 640]",1945.0,486.0,ok,0.0204555564,136.472,M,RNA-FM + Transformer,gpu,g4dn
batch_gpu,g4dn.xlarge,Transformer,RNAFMEmbeddings,"{""flatten"": false}","{""d_model"": 128, ""dim_feedforward"": 64, ""dropout"": 0.25, ""nhead"": 2, ""num_layers"": 2}",siRNA1,2431,random,1,26.927045392000025,13.570743480000033,12.779415446999963,0.5723696180000388,0.08167593499996428,3458.916352,8107.54816,27.0,cuda:Tesla T4,"[1945, 42, 640]",1945.0,486.0,ok,0.0204555564,136.472,M,RNA-FM + Transformer,gpu,g4dn
batch_gpu,g4dn.xlarge,Transformer,RNAFMEmbeddings,"{""flatten"": false}","{""d_model"": 128, ""dim_feedforward"": 64, ""dropout"": 0.25, ""nhead"": 2, ""num_layers"": 2}",siRNA1,2431,random,2,27.335090958000023,13.520201161999978,13.186054404999993,0.6243519159999664,0.08167593499996428,3678.572544,8107.548672,28.0,cuda:Tesla T4,"[1945, 42, 640]",1945.0,486.0,ok,0.0204555564,136.472,M,RNA-FM + Transformer,gpu,g4dn
batch_gpu,g4dn.xlarge,Transformer,RNAFMEmbeddings,"{""flatten"": false}","{""d_model"": 128, ""dim_feedforward"": 64, ""dropout"": 0.25, ""nhead"": 2, ""num_layers"": 2}",siRNA1,2431,random,3,24.465847693,13.521537899000009,10.384874709999963,0.554887678,0.08167593499996428,3893.358592,8107.549184,22.0,cuda:Tesla T4,"[1945, 42, 640]",1945.0,486.0,ok,0.0204555564,136.472,M,RNA-FM + Transformer,gpu,g4dn
batch_gpu,g4dn.xlarge,Transformer,RNAFMEmbeddings,"{""flatten"": false}","{""d_model"": 128, ""dim_feedforward"": 64, ""dropout"": 0.25, ""nhead"": 2, ""num_layers"": 2}",siRNA1,2431,random,4,27.224024833000044,13.469228940999983,13.100834157000008,0.6494604590000108,0.08167593499996428,4108.24704,8107.549696,28.0,cuda:Tesla T4,"[1945, 42, 640]",1945.0,486.0,ok,0.0204555564,136.472,M,RNA-FM + Transformer,gpu,g4dn
batch_gpu,g4dn.xlarge,MLP,OneHotEncoder,"{""encode_components"": [""base"", ""sugar"", ""phosphate""]}","{""dropout"": 0, ""hidden_dims"": [64]}",cytotox_lna,768,random,0,4.285428392999961,2.6199506730000053,1.663200690999986,0.0012132370000017545,0.015015876000006756,1441.009664,17.234432,22.0,cuda:Tesla T4,"[615, 128]",615.0,153.0,ok,0.0058444447,29.059,S,MLP,gpu,g4dn
batch_gpu,g4dn.xlarge,MLP,OneHotEncoder,"{""encode_components"": [""base"", ""sugar"", ""phosphate""]}","{""dropout"": 0, ""hidden_dims"": [64]}",cytotox_lna,768,random,1,4.470017780999967,2.5756813360000024,1.89251800400001,0.0009976700000038363,0.015015876000006756,1446.13376,17.234944,36.0,cuda:Tesla T4,"[615, 128]",615.0,153.0,ok,0.0058444447,29.059,S,MLP,gpu,g4dn
batch_gpu,g4dn.xlarge,MLP,OneHotEncoder,"{""encode_components"": [""base"", ""sugar"", ""phosphate""]}","{""dropout"": 0, ""hidden_dims"": [64]}",cytotox_lna,768,random,2,3.8707419840000057,2.553324653000004,1.3154549559999964,0.00113923999998633,0.015015876000006756,1447.759872,17.235456,25.0,cuda:Tesla T4,"[615, 128]",615.0,153.0,ok,0.0058444447,29.059,S,MLP,gpu,g4dn
batch_gpu,g4dn.xlarge,MLP,OneHotEncoder,"{""encode_components"": [""base"", ""sugar"", ""phosphate""]}","{""dropout"": 0, ""hidden_dims"": [64]}",cytotox_lna,768,random,3,4.215875337999989,2.582200941999986,1.6317165819999673,0.0010411169999997583,0.015015876000006756,1447.759872,17.235456,31.0,cuda:Tesla T4,"[615, 128]",615.0,153.0,ok,0.0058444447,29.059,S,MLP,gpu,g4dn
batch_gpu,g4dn.xlarge,MLP,OneHotEncoder,"{""encode_components"": [""base"", ""sugar"", ""phosphate""]}","{""dropout"": 0, ""hidden_dims"": [64]}",cytotox_lna,768,random,4,3.897439741000028,2.5690984600000206,1.3265485729999682,0.0009358939999515314,0.015015876000006756,1449.111552,17.235968,25.0,cuda:Tesla T4,"[615, 128]",615.0,153.0,ok,0.0058444447,29.059,S,MLP,gpu,g4dn
batch_gpu,g4dn.xlarge,MLP,OneHotEncoder,"{""encode_components"": [""base"", ""sugar"", ""phosphate""]}","{""dropout"": 0, ""hidden_dims"": [64]}",cytotox_lna,768,random,0,4.285428392999961,2.6199506730000053,1.663200690999986,0.0012132370000017545,0.015015876000006756,1441.009664,17.234432,22.0,cuda:Tesla T4,"[615, 128]",615.0,153.0,ok,0.0058444447,29.059,S,MLP,gpu,g4dn
batch_gpu,g4dn.xlarge,MLP,OneHotEncoder,"{""encode_components"": [""base"", ""sugar"", ""phosphate""]}","{""dropout"": 0, ""hidden_dims"": [64]}",cytotox_lna,768,random,1,4.470017780999967,2.5756813360000024,1.89251800400001,0.0009976700000038363,0.015015876000006756,1446.13376,17.234944,36.0,cuda:Tesla T4,"[615, 128]",615.0,153.0,ok,0.0058444447,29.059,S,MLP,gpu,g4dn
batch_gpu,g4dn.xlarge,MLP,OneHotEncoder,"{""encode_components"": [""base"", ""sugar"", ""phosphate""]}","{""dropout"": 0, ""hidden_dims"": [64]}",cytotox_lna,768,random,2,3.8707419840000057,2.553324653000004,1.3154549559999964,0.00113923999998633,0.015015876000006756,1447.759872,17.235456,25.0,cuda:Tesla T4,"[615, 128]",615.0,153.0,ok,0.0058444447,29.059,S,MLP,gpu,g4dn
batch_gpu,g4dn.xlarge,MLP,OneHotEncoder,"{""encode_components"": [""base"", ""sugar"", ""phosphate""]}","{""dropout"": 0, ""hidden_dims"": [64]}",cytotox_lna,768,random,3,4.215875337999989,2.582200941999986,1.6317165819999673,0.0010411169999997583,0.015015876000006756,1447.759872,17.235456,31.0,cuda:Tesla T4,"[615, 128]",615.0,153.0,ok,0.0058444447,29.059,S,MLP,gpu,g4dn
batch_gpu,g4dn.xlarge,MLP,OneHotEncoder,"{""encode_components"": [""base"", ""sugar"", ""phosphate""]}","{""dropout"": 0, ""hidden_dims"": [64]}",cytotox_lna,768,random,4,3.897439741000028,2.5690984600000206,1.3265485729999682,0.0009358939999515314,0.015015876000006756,1449.111552,17.235968,25.0,cuda:Tesla T4,"[615, 128]",615.0,153.0,ok,0.0058444447,29.059,S,MLP,gpu,g4dn
batch_gpu,g4dn.xlarge,MLP,OneHotEncoder,"{""encode_components"": [""base"", ""sugar"", ""phosphate""]}","{""dropout"": 0.25, ""hidden_dims"": [64, 64]}",cytotox_lna,768,random,0,3.636101053999994,2.4292134560000136,1.2041838819999953,0.0015288170000076207,0.015367416000003686,1454.698496,17.318912,12.0,cuda:Tesla T4,"[615, 128]",615.0,153.0,ok,0.0045294446,26.021,S,MLP,gpu,g4dn
batch_gpu,g4dn.xlarge,MLP,OneHotEncoder,"{""encode_components"": [""base"", ""sugar"", ""phosphate""]}","{""dropout"": 0.25, ""hidden_dims"": [64, 64]}",cytotox_lna,768,random,1,3.994587088000003,2.4049420300000293,1.5875267620000386,0.0011885970000093948,0.015367416000003686,1459.544064,17.319424,28.0,cuda:Tesla T4,"[615, 128]",615.0,153.0,ok,0.0045294446,26.021,S,MLP,gpu,g4dn
batch_gpu,g4dn.xlarge,MLP,OneHotEncoder,"{""encode_components"": [""base"", ""sugar"", ""phosphate""]}","{""dropout"": 0.25, ""hidden_dims"": [64, 64]}",cytotox_lna,768,random,2,3.54995556800003,2.4017362440000056,1.1459018950000086,0.0013789690000294286,0.015367416000003686,1461.174272,17.319936,20.0,cuda:Tesla T4,"[615, 128]",615.0,153.0,ok,0.0045294446,26.021,S,MLP,gpu,g4dn
batch_gpu,g4dn.xlarge,MLP,OneHotEncoder,"{""encode_components"": [""base"", ""sugar"", ""phosphate""]}","{""dropout"": 0.25, ""hidden_dims"": [64, 64]}",cytotox_lna,768,random,3,3.3281048069999883,2.3969938540000157,0.9291080689999944,0.0009604050000007192,0.015367416000003686,1461.444608,17.319936,16.0,cuda:Tesla T4,"[615, 128]",615.0,153.0,ok,0.0045294446,26.021,S,MLP,gpu,g4dn
batch_gpu,g4dn.xlarge,MLP,OneHotEncoder,"{""encode_components"": [""base"", ""sugar"", ""phosphate""]}","{""dropout"": 0.25, ""hidden_dims"": [64, 64]}",cytotox_lna,768,random,4,3.393034083000032,2.414615652000009,0.9762572429999636,0.0012783870000134812,0.015367416000003686,1462.521856,17.320448,17.0,cuda:Tesla T4,"[615, 128]",615.0,153.0,ok,0.0045294446,26.021,S,MLP,gpu,g4dn
batch_gpu,g4dn.xlarge,MLP,OneHotEncoder,"{""encode_components"": [""base"", ""sugar"", ""phosphate""]}","{""dropout"": 0.25, ""hidden_dims"": [64, 64]}",cytotox_lna,768,random,0,3.636101053999994,2.4292134560000136,1.2041838819999953,0.0015288170000076207,0.015367416000003686,1454.698496,17.318912,12.0,cuda:Tesla T4,"[615, 128]",615.0,153.0,ok,0.0045294446,26.021,S,MLP,gpu,g4dn
batch_gpu,g4dn.xlarge,MLP,OneHotEncoder,"{""encode_components"": [""base"", ""sugar"", ""phosphate""]}","{""dropout"": 0.25, ""hidden_dims"": [64, 64]}",cytotox_lna,768,random,1,3.994587088000003,2.4049420300000293,1.5875267620000386,0.0011885970000093948,0.015367416000003686,1459.544064,17.319424,28.0,cuda:Tesla T4,"[615, 128]",615.0,153.0,ok,0.0045294446,26.021,S,MLP,gpu,g4dn
batch_gpu,g4dn.xlarge,MLP,OneHotEncoder,"{""encode_components"": [""base"", ""sugar"", ""phosphate""]}","{""dropout"": 0.25, ""hidden_dims"": [64, 64]}",cytotox_lna,768,random,2,3.54995556800003,2.4017362440000056,1.1459018950000086,0.0013789690000294286,0.015367416000003686,1461.174272,17.319936,20.0,cuda:Tesla T4,"[615, 128]",615.0,153.0,ok,0.0045294446,26.021,S,MLP,gpu,g4dn
batch_gpu,g4dn.xlarge,MLP,OneHotEncoder,"{""encode_components"": [""base"", ""sugar"", ""phosphate""]}","{""dropout"": 0.25, ""hidden_dims"": [64, 64]}",cytotox_lna,768,random,3,3.3281048069999883,2.3969938540000157,0.9291080689999944,0.0009604050000007192,0.015367416000003686,1461.444608,17.319936,16.0,cuda:Tesla T4,"[615, 128]",615.0,153.0,ok,0.0045294446,26.021,S,MLP,gpu,g4dn
batch_gpu,g4dn.xlarge,MLP,OneHotEncoder,"{""encode_components"": [""base"", ""sugar"", ""phosphate""]}","{""dropout"": 0.25, ""hidden_dims"": [64, 64]}",cytotox_lna,768,random,4,3.393034083000032,2.414615652000009,0.9762572429999636,0.0012783870000134812,0.015367416000003686,1462.521856,17.320448,17.0,cuda:Tesla T4,"[615, 128]",615.0,153.0,ok,0.0045294446,26.021,S,MLP,gpu,g4dn
batch_gpu,g4dn.xlarge,MLP,OneHotEncoder,"{""encode_components"": [""base"", ""sugar"", ""phosphate""]}","{""dropout"": 0.25, ""hidden_dims"": [128, 128]}",cytotox_lna,768,random,0,4.128144754999994,2.4519884430000047,1.6733580739999638,0.0015875660000119751,0.014622568999982377,1460.482048,17.728512,19.0,cuda:Tesla T4,"[615, 128]",615.0,153.0,ok,0.0058444447,28.445,S,MLP,gpu,g4dn
batch_gpu,g4dn.xlarge,MLP,OneHotEncoder,"{""encode_components"": [""base"", ""sugar"", ""phosphate""]}","{""dropout"": 0.25, ""hidden_dims"": [128, 128]}",cytotox_lna,768,random,1,4.933692113000006,2.4291967139999997,2.5022218729999963,0.001215005000005931,0.014622568999982377,1466.294272,17.729024,42.0,cuda:Tesla T4,"[615, 128]",615.0,153.0,ok,0.0058444447,28.445,S,MLP,gpu,g4dn
batch_gpu,g4dn.xlarge,MLP,OneHotEncoder,"{""encode_components"": [""base"", ""sugar"", ""phosphate""]}","{""dropout"": 0.25, ""hidden_dims"": [128, 128]}",cytotox_lna,768,random,2,3.3235461919999807,2.416058673000009,0.9049528259999988,0.0014450670000201171,0.014622568999982377,1468.153856,17.729536,15.0,cuda:Tesla T4,"[615, 128]",615.0,153.0,ok,0.0058444447,28.445,S,MLP,gpu,g4dn
batch_gpu,g4dn.xlarge,MLP,OneHotEncoder,"{""encode_components"": [""base"", ""sugar"", ""phosphate""]}","{""dropout"": 0.25, ""hidden_dims"": [128, 128]}",cytotox_lna,768,random,3,3.9363046489999647,2.4689309569999978,1.4646164580000232,0.001693702000011399,0.014622568999982377,1468.153856,17.729536,24.0,cuda:Tesla T4,"[615, 128]",615.0,153.0,ok,0.0058444447,28.445,S,MLP,gpu,g4dn
batch_gpu,g4dn.xlarge,MLP,OneHotEncoder,"{""encode_components"": [""base"", ""sugar"", ""phosphate""]}","{""dropout"": 0.25, ""hidden_dims"": [128, 128]}",cytotox_lna,768,random,4,3.665692977000049,2.492153360999964,1.1709885479999684,0.0014545770000040648,0.014622568999982377,1468.960768,17.730048,19.0,cuda:Tesla T4,"[615, 128]",615.0,153.0,ok,0.0058444447,28.445,S,MLP,gpu,g4dn
batch_gpu,g4dn.xlarge,MLP,OneHotEncoder,"{""encode_components"": [""base"", ""sugar"", ""phosphate""]}","{""dropout"": 0.25, ""hidden_dims"": [128, 128]}",cytotox_lna,768,random,0,4.128144754999994,2.4519884430000047,1.6733580739999638,0.0015875660000119751,0.014622568999982377,1460.482048,17.728512,19.0,cuda:Tesla T4,"[615, 128]",615.0,153.0,ok,0.0058444447,28.445,S,MLP,gpu,g4dn
batch_gpu,g4dn.xlarge,MLP,OneHotEncoder,"{""encode_components"": [""base"", ""sugar"", ""phosphate""]}","{""dropout"": 0.25, ""hidden_dims"": [128, 128]}",cytotox_lna,768,random,1,4.933692113000006,2.4291967139999997,2.5022218729999963,0.001215005000005931,0.014622568999982377,1466.294272,17.729024,42.0,cuda:Tesla T4,"[615, 128]",615.0,153.0,ok,0.0058444447,28.445,S,MLP,gpu,g4dn
batch_gpu,g4dn.xlarge,MLP,OneHotEncoder,"{""encode_components"": [""base"", ""sugar"", ""phosphate""]}","{""dropout"": 0.25, ""hidden_dims"": [128, 128]}",cytotox_lna,768,random,2,3.3235461919999807,2.416058673000009,0.9049528259999988,0.0014450670000201171,0.014622568999982377,1468.153856,17.729536,15.0,cuda:Tesla T4,"[615, 128]",615.0,153.0,ok,0.0058444447,28.445,S,MLP,gpu,g4dn
batch_gpu,g4dn.xlarge,MLP,OneHotEncoder,"{""encode_components"": [""base"", ""sugar"", ""phosphate""]}","{""dropout"": 0.25, ""hidden_dims"": [128, 128]}",cytotox_lna,768,random,3,3.9363046489999647,2.4689309569999978,1.4646164580000232,0.001693702000011399,0.014622568999982377,1468.153856,17.729536,24.0,cuda:Tesla T4,"[615, 128]",615.0,153.0,ok,0.0058444447,28.445,S,MLP,gpu,g4dn
batch_gpu,g4dn.xlarge,MLP,OneHotEncoder,"{""encode_components"": [""base"", ""sugar"", ""phosphate""]}","{""dropout"": 0.25, ""hidden_dims"": [128, 128]}",cytotox_lna,768,random,4,3.665692977000049,2.492153360999964,1.1709885479999684,0.0014545770000040648,0.014622568999982377,1468.960768,17.730048,19.0,cuda:Tesla T4,"[615, 128]",615.0,153.0,ok,0.0058444447,28.445,S,MLP,gpu,g4dn
batch_gpu,g4dn.xlarge,Transformer,OneHotEncoder,"{""encode_components"": [""base""]}","{""d_model"": 64, ""dim_feedforward"": 128, ""dropout"": 0, ""nhead"": 4, ""num_layers"": 1}",cytotox_lna,768,nucleobase,0,5.129346628999997,2.2914864150000085,1.4861921130000155,0.021039450999978726,0.018385067999986404,1472.18432,21.134336,9.0,cuda:Tesla T4,"[704, 16, 4]",704.0,64.0,ok,0.0058444447,31.997,S,Transformer,gpu,g4dn
batch_gpu,g4dn.xlarge,Transformer,OneHotEncoder,"{""encode_components"": [""base""]}","{""d_model"": 64, ""dim_feedforward"": 128, ""dropout"": 0, ""nhead"": 4, ""num_layers"": 1}",cytotox_lna,768,nucleobase,1,4.682926485000053,2.088054304000025,1.2854496229999768,0.016652532000023257,0.018385067999986404,1494.151168,21.134848,16.0,cuda:Tesla T4,"[480, 16, 4]",480.0,288.0,ok,0.0058444447,31.997,S,Transformer,gpu,g4dn
batch_gpu,g4dn.xlarge,Transformer,OneHotEncoder,"{""encode_components"": [""base""]}","{""d_model"": 64, ""dim_feedforward"": 128, ""dropout"": 0, ""nhead"": 4, ""num_layers"": 1}",cytotox_lna,768,nucleobase,2,4.82656551499997,2.3115284870000323,1.2164518390000012,0.02718604899996535,0.018385067999986404,1494.151168,21.134848,11.0,cuda:Tesla T4,"[704, 16, 4]",704.0,64.0,ok,0.0058444447,31.997,S,Transformer,gpu,g4dn
batch_gpu,g4dn.xlarge,Transformer,OneHotEncoder,"{""encode_components"": [""base""]}","{""d_model"": 64, ""dim_feedforward"": 128, ""dropout"": 0, ""nhead"": 4, ""num_layers"": 1}",cytotox_lna,768,nucleobase,3,4.285483075000002,1.9935056379999878,0.9045858779999776,0.023034977000008894,0.018385067999986404,1494.20032,21.134848,11.0,cuda:Tesla T4,"[448, 16, 4]",448.0,320.0,ok,0.0058444447,31.997,S,Transformer,gpu,g4dn
batch_gpu,g4dn.xlarge,Transformer,OneHotEncoder,"{""encode_components"": [""base""]}","{""d_model"": 64, ""dim_feedforward"": 128, ""dropout"": 0, ""nhead"": 4, ""num_layers"": 1}",cytotox_lna,768,nucleobase,4,4.234365349999962,2.048609182000007,0.891179975,0.016198288999987653,0.018385067999986404,1494.20032,21.134848,11.0,cuda:Tesla T4,"[480, 16, 4]",480.0,288.0,ok,0.0058444447,31.997,S,Transformer,gpu,g4dn
batch_gpu,g4dn.xlarge,Transformer,OneHotEncoder,"{""encode_components"": [""base""]}","{""d_model"": 64, ""dim_feedforward"": 128, ""dropout"": 0, ""nhead"": 4, ""num_layers"": 1}",cytotox_lna,768,nucleobase,0,5.129346628999997,2.2914864150000085,1.4861921130000155,0.021039450999978726,0.018385067999986404,1472.18432,21.134336,9.0,cuda:Tesla T4,"[704, 16, 4]",704.0,64.0,ok,0.0058444447,31.997,S,Transformer,gpu,g4dn
batch_gpu,g4dn.xlarge,Transformer,OneHotEncoder,"{""encode_components"": [""base""]}","{""d_model"": 64, ""dim_feedforward"": 128, ""dropout"": 0, ""nhead"": 4, ""num_layers"": 1}",cytotox_lna,768,nucleobase,1,4.682926485000053,2.088054304000025,1.2854496229999768,0.016652532000023257,0.018385067999986404,1494.151168,21.134848,16.0,cuda:Tesla T4,"[480, 16, 4]",480.0,288.0,ok,0.0058444447,31.997,S,Transformer,gpu,g4dn
batch_gpu,g4dn.xlarge,Transformer,OneHotEncoder,"{""encode_components"": [""base""]}","{""d_model"": 64, ""dim_feedforward"": 128, ""dropout"": 0, ""nhead"": 4, ""num_layers"": 1}",cytotox_lna,768,nucleobase,2,4.82656551499997,2.3115284870000323,1.2164518390000012,0.02718604899996535,0.018385067999986404,1494.151168,21.134848,11.0,cuda:Tesla T4,"[704, 16, 4]",704.0,64.0,ok,0.0058444447,31.997,S,Transformer,gpu,g4dn
batch_gpu,g4dn.xlarge,Transformer,OneHotEncoder,"{""encode_components"": [""base""]}","{""d_model"": 64, ""dim_feedforward"": 128, ""dropout"": 0, ""nhead"": 4, ""num_layers"": 1}",cytotox_lna,768,nucleobase,3,4.285483075000002,1.9935056379999878,0.9045858779999776,0.023034977000008894,0.018385067999986404,1494.20032,21.134848,11.0,cuda:Tesla T4,"[448, 16, 4]",448.0,320.0,ok,0.0058444447,31.997,S,Transformer,gpu,g4dn
batch_gpu,g4dn.xlarge,Transformer,OneHotEncoder,"{""encode_components"": [""base""]}","{""d_model"": 64, ""dim_feedforward"": 128, ""dropout"": 0, ""nhead"": 4, ""num_layers"": 1}",cytotox_lna,768,nucleobase,4,4.234365349999962,2.048609182000007,0.891179975,0.016198288999987653,0.018385067999986404,1494.20032,21.134848,11.0,cuda:Tesla T4,"[480, 16, 4]",480.0,288.0,ok,0.0058444447,31.997,S,Transformer,gpu,g4dn
batch_gpu,g4dn.xlarge,Transformer,OneHotEncoder,"{""encode_components"": [""base"", ""sugar"", ""phosphate""]}","{""d_model"": 128, ""dim_feedforward"": 64, ""dropout"": 0, ""nhead"": 4, ""num_layers"": 1}",cytotox_lna,768,nucleobase,0,7.510061323000002,2.9892650570000114,2.9778673089999756,0.03577582300005133,0.015548789999968449,1498.021888,23.246336,20.0,cuda:Tesla T4,"[704, 16, 8]",704.0,64.0,ok,0.007451667,40.206,S,Transformer,gpu,g4dn
batch_gpu,g4dn.xlarge,Transformer,OneHotEncoder,"{""encode_components"": [""base"", ""sugar"", ""phosphate""]}","{""d_model"": 128, ""dim_feedforward"": 64, ""dropout"": 0, ""nhead"": 4, ""num_layers"": 1}",cytotox_lna,768,nucleobase,1,5.6369120889999635,2.4511472880000156,1.797455867999986,0.027448965000019143,0.015548789999968449,1499.992064,23.246848,23.0,cuda:Tesla T4,"[480, 16, 8]",480.0,288.0,ok,0.007451667,40.206,S,Transformer,gpu,g4dn
batch_gpu,g4dn.xlarge,Transformer,OneHotEncoder,"{""encode_components"": [""base"", ""sugar"", ""phosphate""]}","{""d_model"": 128, ""dim_feedforward"": 64, ""dropout"": 0, ""nhead"": 4, ""num_layers"": 1}",cytotox_lna,768,nucleobase,2,6.76236677199995,2.8736548850000077,2.441824220000001,0.03087351899995383,0.015548789999968449,1516.48256,23.24736,22.0,cuda:Tesla T4,"[704, 16, 8]",704.0,64.0,ok,0.007451667,40.206,S,Transformer,gpu,g4dn
batch_gpu,g4dn.xlarge,Transformer,OneHotEncoder,"{""encode_components"": [""base"", ""sugar"", ""phosphate""]}","{""d_model"": 128, ""dim_feedforward"": 64, ""dropout"": 0, ""nhead"": 4, ""num_layers"": 1}",cytotox_lna,768,nucleobase,3,5.497625593999999,2.448757055000044,1.661093032999986,0.03431036699998913,0.015548789999968449,1511.07584,23.247872,21.0,cuda:Tesla T4,"[448, 16, 8]",448.0,320.0,ok,0.007451667,40.206,S,Transformer,gpu,g4dn
batch_gpu,g4dn.xlarge,Transformer,OneHotEncoder,"{""encode_components"": [""base"", ""sugar"", ""phosphate""]}","{""d_model"": 128, ""dim_feedforward"": 64, ""dropout"": 0, ""nhead"": 4, ""num_layers"": 1}",cytotox_lna,768,nucleobase,4,5.54232977700002,2.473249623000015,1.674574156999995,0.024922309000032783,0.015548789999968449,1524.051968,23.248384,21.0,cuda:Tesla T4,"[480, 16, 8]",480.0,288.0,ok,0.007451667,40.206,S,Transformer,gpu,g4dn
batch_gpu,g4dn.xlarge,Transformer,OneHotEncoder,"{""encode_components"": [""base"", ""sugar"", ""phosphate""]}","{""d_model"": 128, ""dim_feedforward"": 64, ""dropout"": 0, ""nhead"": 4, ""num_layers"": 1}",cytotox_lna,768,nucleobase,0,7.510061323000002,2.9892650570000114,2.9778673089999756,0.03577582300005133,0.015548789999968449,1498.021888,23.246336,20.0,cuda:Tesla T4,"[704, 16, 8]",704.0,64.0,ok,0.007451667,40.206,S,Transformer,gpu,g4dn
batch_gpu,g4dn.xlarge,Transformer,OneHotEncoder,"{""encode_components"": [""base"", ""sugar"", ""phosphate""]}","{""d_model"": 128, ""dim_feedforward"": 64, ""dropout"": 0, ""nhead"": 4, ""num_layers"": 1}",cytotox_lna,768,nucleobase,1,5.6369120889999635,2.4511472880000156,1.797455867999986,0.027448965000019143,0.015548789999968449,1499.992064,23.246848,23.0,cuda:Tesla T4,"[480, 16, 8]",480.0,288.0,ok,0.007451667,40.206,S,Transformer,gpu,g4dn
batch_gpu,g4dn.xlarge,Transformer,OneHotEncoder,"{""encode_components"": [""base"", ""sugar"", ""phosphate""]}","{""d_model"": 128, ""dim_feedforward"": 64, ""dropout"": 0, ""nhead"": 4, ""num_layers"": 1}",cytotox_lna,768,nucleobase,2,6.76236677199995,2.8736548850000077,2.441824220000001,0.03087351899995383,0.015548789999968449,1516.48256,23.24736,22.0,cuda:Tesla T4,"[704, 16, 8]",704.0,64.0,ok,0.007451667,40.206,S,Transformer,gpu,g4dn
batch_gpu,g4dn.xlarge,Transformer,OneHotEncoder,"{""encode_components"": [""base"", ""sugar"", ""phosphate""]}","{""d_model"": 128, ""dim_feedforward"": 64, ""dropout"": 0, ""nhead"": 4, ""num_layers"": 1}",cytotox_lna,768,nucleobase,3,5.497625593999999,2.448757055000044,1.661093032999986,0.03431036699998913,0.015548789999968449,1511.07584,23.247872,21.0,cuda:Tesla T4,"[448, 16, 8]",448.0,320.0,ok,0.007451667,40.206,S,Transformer,gpu,g4dn
batch_gpu,g4dn.xlarge,Transformer,OneHotEncoder,"{""encode_components"": [""base"", ""sugar"", ""phosphate""]}","{""d_model"": 128, ""dim_feedforward"": 64, ""dropout"": 0, ""nhead"": 4, ""num_layers"": 1}",cytotox_lna,768,nucleobase,4,5.54232977700002,2.473249623000015,1.674574156999995,0.024922309000032783,0.015548789999968449,1524.051968,23.248384,21.0,cuda:Tesla T4,"[480, 16, 8]",480.0,288.0,ok,0.007451667,40.206,S,Transformer,gpu,g4dn
batch_gpu,g4dn.xlarge,CNN,RNAFMEmbeddings,{},"{""depth"": 2, ""hidden_dim"": 64, ""kernel_size"": 5, ""pooling_operation"": ""max""}",cytotox_lna,768,random,0,5.843292512999994,4.295312389000003,1.4871862840000176,0.05766654399997151,0.015187656999955834,2559.1808,1403.23584,14.0,cuda:Tesla T4,"[615, 16, 640]",615.0,153.0,ok,0.0058444447,32.876,S,RNA-FM + CNN,gpu,g4dn
batch_gpu,g4dn.xlarge,CNN,RNAFMEmbeddings,{},"{""depth"": 2, ""hidden_dim"": 64, ""kernel_size"": 5, ""pooling_operation"": ""max""}",cytotox_lna,768,random,1,4.58197163799997,3.9435822230000213,0.6037144570000237,0.03246457699998473,0.015187656999955834,3423.977472,1403.236352,7.0,cuda:Tesla T4,"[615, 16, 640]",615.0,153.0,ok,0.0058444447,32.876,S,RNA-FM + CNN,gpu,g4dn
batch_gpu,g4dn.xlarge,CNN,RNAFMEmbeddings,{},"{""depth"": 2, ""hidden_dim"": 64, ""kernel_size"": 5, ""pooling_operation"": ""max""}",cytotox_lna,768,random,2,4.5431662789999905,3.882565444000022,0.6152526960000273,0.04311492599998701,0.015187656999955834,3454.099456,1403.236864,7.0,cuda:Tesla T4,"[615, 16, 640]",615.0,153.0,ok,0.0058444447,32.876,S,RNA-FM + CNN,gpu,g4dn
batch_gpu,g4dn.xlarge,CNN,RNAFMEmbeddings,{},"{""depth"": 2, ""hidden_dim"": 64, ""kernel_size"": 5, ""pooling_operation"": ""max""}",cytotox_lna,768,random,3,4.768636212999979,3.8397572529999593,0.8700619880000318,0.0565183340000317,0.015187656999955834,3460.17792,1403.236864,10.0,cuda:Tesla T4,"[615, 16, 640]",615.0,153.0,ok,0.0058444447,32.876,S,RNA-FM + CNN,gpu,g4dn
batch_gpu,g4dn.xlarge,CNN,RNAFMEmbeddings,{},"{""depth"": 2, ""hidden_dim"": 64, ""kernel_size"": 5, ""pooling_operation"": ""max""}",cytotox_lna,768,random,4,4.667236951000007,3.8474476559999857,0.7747906889999854,0.04274965299998712,0.015187656999955834,3483.557888,1403.236864,9.0,cuda:Tesla T4,"[615, 16, 640]",615.0,153.0,ok,0.0058444447,32.876,S,RNA-FM + CNN,gpu,g4dn
batch_gpu,g4dn.xlarge,CNN,RNAFMEmbeddings,{},"{""depth"": 2, ""hidden_dim"": 64, ""kernel_size"": 5, ""pooling_operation"": ""max""}",cytotox_lna,768,random,0,5.843292512999994,4.295312389000003,1.4871862840000176,0.05766654399997151,0.015187656999955834,2559.1808,1403.23584,14.0,cuda:Tesla T4,"[615, 16, 640]",615.0,153.0,ok,0.0058444447,32.876,S,RNA-FM + CNN,gpu,g4dn
batch_gpu,g4dn.xlarge,CNN,RNAFMEmbeddings,{},"{""depth"": 2, ""hidden_dim"": 64, ""kernel_size"": 5, ""pooling_operation"": ""max""}",cytotox_lna,768,random,1,4.58197163799997,3.9435822230000213,0.6037144570000237,0.03246457699998473,0.015187656999955834,3423.977472,1403.236352,7.0,cuda:Tesla T4,"[615, 16, 640]",615.0,153.0,ok,0.0058444447,32.876,S,RNA-FM + CNN,gpu,g4dn
batch_gpu,g4dn.xlarge,CNN,RNAFMEmbeddings,{},"{""depth"": 2, ""hidden_dim"": 64, ""kernel_size"": 5, ""pooling_operation"": ""max""}",cytotox_lna,768,random,2,4.5431662789999905,3.882565444000022,0.6152526960000273,0.04311492599998701,0.015187656999955834,3454.099456,1403.236864,7.0,cuda:Tesla T4,"[615, 16, 640]",615.0,153.0,ok,0.0058444447,32.876,S,RNA-FM + CNN,gpu,g4dn
batch_gpu,g4dn.xlarge,CNN,RNAFMEmbeddings,{},"{""depth"": 2, ""hidden_dim"": 64, ""kernel_size"": 5, ""pooling_operation"": ""max""}",cytotox_lna,768,random,3,4.768636212999979,3.8397572529999593,0.8700619880000318,0.0565183340000317,0.015187656999955834,3460.17792,1403.236864,10.0,cuda:Tesla T4,"[615, 16, 640]",615.0,153.0,ok,0.0058444447,32.876,S,RNA-FM + CNN,gpu,g4dn
batch_gpu,g4dn.xlarge,CNN,RNAFMEmbeddings,{},"{""depth"": 2, ""hidden_dim"": 64, ""kernel_size"": 5, ""pooling_operation"": ""max""}",cytotox_lna,768,random,4,4.667236951000007,3.8474476559999857,0.7747906889999854,0.04274965299998712,0.015187656999955834,3483.557888,1403.236864,9.0,cuda:Tesla T4,"[615, 16, 640]",615.0,153.0,ok,0.0058444447,32.876,S,RNA-FM + CNN,gpu,g4dn
batch_gpu,g4dn.xlarge,Transformer,RNAFMEmbeddings,"{""flatten"": false}","{""d_model"": 64, ""dim_feedforward"": 64, ""dropout"": 0, ""nhead"": 4, ""num_layers"": 1}",cytotox_lna,768,random,0,7.717181160000052,4.17280925,3.512151657000004,0.028710809000017434,0.018446423999989747,2558.767104,1403.23584,31.0,cuda:Tesla T4,"[615, 16, 640]",615.0,153.0,ok,0.0058444447,38.719,S,RNA-FM + Transformer,gpu,g4dn
batch_gpu,g4dn.xlarge,Transformer,RNAFMEmbeddings,"{""flatten"": false}","{""d_model"": 64, ""dim_feedforward"": 64, ""dropout"": 0, ""nhead"": 4, ""num_layers"": 1}",cytotox_lna,768,random,1,5.6417694719999645,3.8544149619999644,1.7615836349999654,0.02257419199997912,0.018446423999989747,3288.817664,1403.236352,16.0,cuda:Tesla T4,"[615, 16, 640]",615.0,153.0,ok,0.0058444447,38.719,S,RNA-FM + Transformer,gpu,g4dn
batch_gpu,g4dn.xlarge,Transformer,RNAFMEmbeddings,"{""flatten"": false}","{""d_model"": 64, ""dim_feedforward"": 64, ""dropout"": 0, ""nhead"": 4, ""num_layers"": 1}",cytotox_lna,768,random,2,4.823134866000032,3.787553377999984,0.9992290039999716,0.03317594600002849,0.018446423999989747,3321.913344,1403.236864,9.0,cuda:Tesla T4,"[615, 16, 640]",615.0,153.0,ok,0.0058444447,38.719,S,RNA-FM + Transformer,gpu,g4dn
batch_gpu,g4dn.xlarge,Transformer,RNAFMEmbeddings,"{""flatten"": false}","{""d_model"": 64, ""dim_feedforward"": 64, ""dropout"": 0, ""nhead"": 4, ""num_layers"": 1}",cytotox_lna,768,random,3,5.676084168000045,3.7630558139999835,1.8874771410000335,0.02228938600001129,0.018446423999989747,3350.081536,1403.237376,17.0,cuda:Tesla T4,"[615, 16, 640]",615.0,153.0,ok,0.0058444447,38.719,S,RNA-FM + Transformer,gpu,g4dn
batch_gpu,g4dn.xlarge,Transformer,RNAFMEmbeddings,"{""flatten"": false}","{""d_model"": 64, ""dim_feedforward"": 64, ""dropout"": 0, ""nhead"": 4, ""num_layers"": 1}",cytotox_lna,768,random,4,6.110394536000001,3.7687615059999757,2.3162543310000387,0.02214529399998355,0.018446423999989747,3376.812032,1403.237888,21.0,cuda:Tesla T4,"[615, 16, 640]",615.0,153.0,ok,0.0058444447,38.719,S,RNA-FM + Transformer,gpu,g4dn
batch_gpu,g4dn.xlarge,Transformer,RNAFMEmbeddings,"{""flatten"": false}","{""d_model"": 64, ""dim_feedforward"": 64, ""dropout"": 0, ""nhead"": 4, ""num_layers"": 1}",cytotox_lna,768,random,0,7.717181160000052,4.17280925,3.512151657000004,0.028710809000017434,0.018446423999989747,2558.767104,1403.23584,31.0,cuda:Tesla T4,"[615, 16, 640]",615.0,153.0,ok,0.0058444447,38.719,S,RNA-FM + Transformer,gpu,g4dn
batch_gpu,g4dn.xlarge,Transformer,RNAFMEmbeddings,"{""flatten"": false}","{""d_model"": 64, ""dim_feedforward"": 64, ""dropout"": 0, ""nhead"": 4, ""num_layers"": 1}",cytotox_lna,768,random,1,5.6417694719999645,3.8544149619999644,1.7615836349999654,0.02257419199997912,0.018446423999989747,3288.817664,1403.236352,16.0,cuda:Tesla T4,"[615, 16, 640]",615.0,153.0,ok,0.0058444447,38.719,S,RNA-FM + Transformer,gpu,g4dn
batch_gpu,g4dn.xlarge,Transformer,RNAFMEmbeddings,"{""flatten"": false}","{""d_model"": 64, ""dim_feedforward"": 64, ""dropout"": 0, ""nhead"": 4, ""num_layers"": 1}",cytotox_lna,768,random,2,4.823134866000032,3.787553377999984,0.9992290039999716,0.03317594600002849,0.018446423999989747,3321.913344,1403.236864,9.0,cuda:Tesla T4,"[615, 16, 640]",615.0,153.0,ok,0.0058444447,38.719,S,RNA-FM + Transformer,gpu,g4dn
batch_gpu,g4dn.xlarge,Transformer,RNAFMEmbeddings,"{""flatten"": false}","{""d_model"": 64, ""dim_feedforward"": 64, ""dropout"": 0, ""nhead"": 4, ""num_layers"": 1}",cytotox_lna,768,random,3,5.676084168000045,3.7630558139999835,1.8874771410000335,0.02228938600001129,0.018446423999989747,3350.081536,1403.237376,17.0,cuda:Tesla T4,"[615, 16, 640]",615.0,153.0,ok,0.0058444447,38.719,S,RNA-FM + Transformer,gpu,g4dn
batch_gpu,g4dn.xlarge,Transformer,RNAFMEmbeddings,"{""flatten"": false}","{""d_model"": 64, ""dim_feedforward"": 64, ""dropout"": 0, ""nhead"": 4, ""num_layers"": 1}",cytotox_lna,768,random,4,6.110394536000001,3.7687615059999757,2.3162543310000387,0.02214529399998355,0.018446423999989747,3376.812032,1403.237888,21.0,cuda:Tesla T4,"[615, 16, 640]",615.0,153.0,ok,0.0058444447,38.719,S,RNA-FM + Transformer,gpu,g4dn
batch_gpu,g4dn.xlarge,Transformer,RNAFMEmbeddings,"{""flatten"": false}","{""d_model"": 128, ""dim_feedforward"": 128, ""dropout"": 0.25, ""nhead"": 4, ""num_layers"": 2}",cytotox_lna,768,random,0,8.833008876999997,4.070364391999988,4.66586048299996,0.09210313500000211,0.014531658000009884,2555.41248,1403.23584,31.0,cuda:Tesla T4,"[615, 16, 640]",615.0,153.0,ok,0.0073055559,45.378,S,RNA-FM + Transformer,gpu,g4dn
batch_gpu,g4dn.xlarge,Transformer,RNAFMEmbeddings,"{""flatten"": false}","{""d_model"": 128, ""dim_feedforward"": 128, ""dropout"": 0.25, ""nhead"": 4, ""num_layers"": 2}",cytotox_lna,768,random,1,8.042243023999958,3.7777791740000453,4.211741220000022,0.048383849999993345,0.014531658000009884,3302.313984,1403.236352,29.0,cuda:Tesla T4,"[615, 16, 640]",615.0,153.0,ok,0.0073055559,45.378,S,RNA-FM + Transformer,gpu,g4dn
batch_gpu,g4dn.xlarge,Transformer,RNAFMEmbeddings,"{""flatten"": false}","{""d_model"": 128, ""dim_feedforward"": 128, ""dropout"": 0.25, ""nhead"": 4, ""num_layers"": 2}",cytotox_lna,768,random,2,5.357223878000013,3.677016364999986,1.631844722999972,0.04364172799995458,0.014531658000009884,3309.621248,1403.236352,11.0,cuda:Tesla T4,"[615, 16, 640]",615.0,153.0,ok,0.0073055559,45.378,S,RNA-FM + Transformer,gpu,g4dn
batch_gpu,g4dn.xlarge,Transformer,RNAFMEmbeddings,"{""flatten"": false}","{""d_model"": 128, ""dim_feedforward"": 128, ""dropout"": 0.25, ""nhead"": 4, ""num_layers"": 2}",cytotox_lna,768,random,3,7.613935661000028,3.4507222240000033,4.115477024000029,0.0434456110000383,0.014531658000009884,3313.106944,1403.236352,28.0,cuda:Tesla T4,"[615, 16, 640]",615.0,153.0,ok,0.0073055559,45.378,S,RNA-FM + Transformer,gpu,g4dn
batch_gpu,g4dn.xlarge,Transformer,RNAFMEmbeddings,"{""flatten"": false}","{""d_model"": 128, ""dim_feedforward"": 128, ""dropout"": 0.25, ""nhead"": 4, ""num_layers"": 2}",cytotox_lna,768,random,4,7.338127747999977,3.4105638209999825,3.846475548000001,0.07679196399999455,0.014531658000009884,3313.160192,1403.236352,26.0,cuda:Tesla T4,"[615, 16, 640]",615.0,153.0,ok,0.0073055559,45.378,S,RNA-FM + Transformer,gpu,g4dn
batch_gpu,g4dn.xlarge,Transformer,RNAFMEmbeddings,"{""flatten"": false}","{""d_model"": 128, ""dim_feedforward"": 128, ""dropout"": 0.25, ""nhead"": 4, ""num_layers"": 2}",cytotox_lna,768,random,0,8.833008876999997,4.070364391999988,4.66586048299996,0.09210313500000211,0.014531658000009884,2555.41248,1403.23584,31.0,cuda:Tesla T4,"[615, 16, 640]",615.0,153.0,ok,0.0073055559,45.378,S,RNA-FM + Transformer,gpu,g4dn
batch_gpu,g4dn.xlarge,Transformer,RNAFMEmbeddings,"{""flatten"": false}","{""d_model"": 128, ""dim_feedforward"": 128, ""dropout"": 0.25, ""nhead"": 4, ""num_layers"": 2}",cytotox_lna,768,random,1,8.042243023999958,3.7777791740000453,4.211741220000022,0.048383849999993345,0.014531658000009884,3302.313984,1403.236352,29.0,cuda:Tesla T4,"[615, 16, 640]",615.0,153.0,ok,0.0073055559,45.378,S,RNA-FM + Transformer,gpu,g4dn
batch_gpu,g4dn.xlarge,Transformer,RNAFMEmbeddings,"{""flatten"": false}","{""d_model"": 128, ""dim_feedforward"": 128, ""dropout"": 0.25, ""nhead"": 4, ""num_layers"": 2}",cytotox_lna,768,random,2,5.357223878000013,3.677016364999986,1.631844722999972,0.04364172799995458,0.014531658000009884,3309.621248,1403.236352,11.0,cuda:Tesla T4,"[615, 16, 640]",615.0,153.0,ok,0.0073055559,45.378,S,RNA-FM + Transformer,gpu,g4dn
batch_gpu,g4dn.xlarge,Transformer,RNAFMEmbeddings,"{""flatten"": false}","{""d_model"": 128, ""dim_feedforward"": 128, ""dropout"": 0.25, ""nhead"": 4, ""num_layers"": 2}",cytotox_lna,768,random,3,7.613935661000028,3.4507222240000033,4.115477024000029,0.0434456110000383,0.014531658000009884,3313.106944,1403.236352,28.0,cuda:Tesla T4,"[615, 16, 640]",615.0,153.0,ok,0.0073055559,45.378,S,RNA-FM + Transformer,gpu,g4dn
batch_gpu,g4dn.xlarge,Transformer,RNAFMEmbeddings,"{""flatten"": false}","{""d_model"": 128, ""dim_feedforward"": 128, ""dropout"": 0.25, ""nhead"": 4, ""num_layers"": 2}",cytotox_lna,768,random,4,7.338127747999977,3.4105638209999825,3.846475548000001,0.07679196399999455,0.014531658000009884,3313.160192,1403.236352,26.0,cuda:Tesla T4,"[615, 16, 640]",615.0,153.0,ok,0.0073055559,45.378,S,RNA-FM + Transformer,gpu,g4dn
batch_gpu,g4dn.xlarge,GNN,HELMGraph,{},"{""hidden_dim"": 32, ""num_layers"": 1, ""pooling_operation"": ""avg""}",immune_modulation_TLR7,192,nucleobase,0,3.672110926000016,0.8523945910000066,2.3867075119999868,0.019412310999996407,0.007863735000000815,1630.199808,18.715136,58.0,cuda:Tesla T4,"[156, 'graph']",156.0,36.0,ok,0.0043833335,23.812,S,GNN,gpu,g4dn
batch_gpu,g4dn.xlarge,GNN,HELMGraph,{},"{""hidden_dim"": 32, ""num_layers"": 1, ""pooling_operation"": ""avg""}",immune_modulation_TLR7,192,nucleobase,1,3.6486605110000028,0.8520929150000143,2.456331299999988,0.01810062000004109,0.007863735000000815,1636.057088,18.715648,84.0,cuda:Tesla T4,"[143, 'graph']",143.0,49.0,ok,0.0043833335,23.812,S,GNN,gpu,g4dn
batch_gpu,g4dn.xlarge,GNN,HELMGraph,{},"{""hidden_dim"": 32, ""num_layers"": 1, ""pooling_operation"": ""avg""}",immune_modulation_TLR7,192,nucleobase,2,2.607992257000035,0.8643914759999802,1.3977732060000108,0.018943325999998706,0.007863735000000815,1638.129664,18.71616,47.0,cuda:Tesla T4,"[147, 'graph']",147.0,45.0,ok,0.0043833335,23.812,S,GNN,gpu,g4dn
batch_gpu,g4dn.xlarge,GNN,HELMGraph,{},"{""hidden_dim"": 32, ""num_layers"": 1, ""pooling_operation"": ""avg""}",immune_modulation_TLR7,192,nucleobase,3,2.7265004790000376,0.8627192440000044,1.5230195299999991,0.01829708299999311,0.007863735000000815,1638.674432,18.716672,51.0,cuda:Tesla T4,"[149, 'graph']",149.0,43.0,ok,0.0043833335,23.812,S,GNN,gpu,g4dn
batch_gpu,g4dn.xlarge,GNN,HELMGraph,{},"{""hidden_dim"": 32, ""num_layers"": 1, ""pooling_operation"": ""avg""}",immune_modulation_TLR7,192,nucleobase,4,3.0139851379999527,0.8856264660000193,1.7783717620000061,0.018091895999987173,0.007863735000000815,1640.034304,18.717184,48.0,cuda:Tesla T4,"[162, 'graph']",162.0,30.0,ok,0.0043833335,23.812,S,GNN,gpu,g4dn
batch_gpu,g4dn.xlarge,GNN,HELMGraph,{},"{""hidden_dim"": 32, ""num_layers"": 1, ""pooling_operation"": ""avg""}",immune_modulation_TLR7,192,nucleobase,0,3.672110926000016,0.8523945910000066,2.3867075119999868,0.019412310999996407,0.007863735000000815,1630.199808,18.715136,58.0,cuda:Tesla T4,"[156, 'graph']",156.0,36.0,ok,0.0043833335,23.812,S,GNN,gpu,g4dn
batch_gpu,g4dn.xlarge,GNN,HELMGraph,{},"{""hidden_dim"": 32, ""num_layers"": 1, ""pooling_operation"": ""avg""}",immune_modulation_TLR7,192,nucleobase,1,3.6486605110000028,0.8520929150000143,2.456331299999988,0.01810062000004109,0.007863735000000815,1636.057088,18.715648,84.0,cuda:Tesla T4,"[143, 'graph']",143.0,49.0,ok,0.0043833335,23.812,S,GNN,gpu,g4dn
batch_gpu,g4dn.xlarge,GNN,HELMGraph,{},"{""hidden_dim"": 32, ""num_layers"": 1, ""pooling_operation"": ""avg""}",immune_modulation_TLR7,192,nucleobase,2,2.607992257000035,0.8643914759999802,1.3977732060000108,0.018943325999998706,0.007863735000000815,1638.129664,18.71616,47.0,cuda:Tesla T4,"[147, 'graph']",147.0,45.0,ok,0.0043833335,23.812,S,GNN,gpu,g4dn
batch_gpu,g4dn.xlarge,GNN,HELMGraph,{},"{""hidden_dim"": 32, ""num_layers"": 1, ""pooling_operation"": ""avg""}",immune_modulation_TLR7,192,nucleobase,3,2.7265004790000376,0.8627192440000044,1.5230195299999991,0.01829708299999311,0.007863735000000815,1638.674432,18.716672,51.0,cuda:Tesla T4,"[149, 'graph']",149.0,43.0,ok,0.0043833335,23.812,S,GNN,gpu,g4dn
batch_gpu,g4dn.xlarge,GNN,HELMGraph,{},"{""hidden_dim"": 32, ""num_layers"": 1, ""pooling_operation"": ""avg""}",immune_modulation_TLR7,192,nucleobase,4,3.0139851379999527,0.8856264660000193,1.7783717620000061,0.018091895999987173,0.007863735000000815,1640.034304,18.717184,48.0,cuda:Tesla T4,"[162, 'graph']",162.0,30.0,ok,0.0043833335,23.812,S,GNN,gpu,g4dn
batch_gpu,g4dn.xlarge,GNN,HELMGraph,{},"{""hidden_dim"": 64, ""num_layers"": 2, ""pooling_operation"": ""max""}",immune_modulation_TLR7,192,nucleobase,0,2.5571982209999646,0.8719970039999794,1.2422960199999693,0.03412582599997904,0.00823738299999377,1630.375936,20.820992,17.0,cuda:Tesla T4,"[156, 'graph']",156.0,36.0,ok,0.0043833335,21.468,S,GNN,gpu,g4dn
batch_gpu,g4dn.xlarge,GNN,HELMGraph,{},"{""hidden_dim"": 64, ""num_layers"": 2, ""pooling_operation"": ""max""}",immune_modulation_TLR7,192,nucleobase,1,1.9186713259999806,0.8882242079999969,0.6761192419999702,0.026185740000016722,0.00823738299999377,1639.231488,20.821504,19.0,cuda:Tesla T4,"[143, 'graph']",143.0,49.0,ok,0.0043833335,21.468,S,GNN,gpu,g4dn
batch_gpu,g4dn.xlarge,GNN,HELMGraph,{},"{""hidden_dim"": 64, ""num_layers"": 2, ""pooling_operation"": ""max""}",immune_modulation_TLR7,192,nucleobase,2,1.9850829220000037,0.8506937949999838,0.7780091249999828,0.0308083520000082,0.00823738299999377,1641.30816,20.821504,22.0,cuda:Tesla T4,"[147, 'graph']",147.0,45.0,ok,0.0043833335,21.468,S,GNN,gpu,g4dn
batch_gpu,g4dn.xlarge,GNN,HELMGraph,{},"{""hidden_dim"": 64, ""num_layers"": 2, ""pooling_operation"": ""max""}",immune_modulation_TLR7,192,nucleobase,3,4.670509620999951,0.8793968150000069,3.44186995900003,0.026144464000026346,0.00823738299999377,1642.119168,20.821504,100.0,cuda:Tesla T4,"[149, 'graph']",149.0,43.0,ok,0.0043833335,21.468,S,GNN,gpu,g4dn
batch_gpu,g4dn.xlarge,GNN,HELMGraph,{},"{""hidden_dim"": 64, ""num_layers"": 2, ""pooling_operation"": ""max""}",immune_modulation_TLR7,192,nucleobase,4,2.2679894740000464,0.8978920649999509,1.011399390000065,0.03043902399997478,0.00823738299999377,1643.196416,20.822016,23.0,cuda:Tesla T4,"[162, 'graph']",162.0,30.0,ok,0.0043833335,21.468,S,GNN,gpu,g4dn
batch_gpu,g4dn.xlarge,GNN,HELMGraph,{},"{""hidden_dim"": 64, ""num_layers"": 2, ""pooling_operation"": ""max""}",immune_modulation_TLR7,192,nucleobase,0,2.5571982209999646,0.8719970039999794,1.2422960199999693,0.03412582599997904,0.00823738299999377,1630.375936,20.820992,17.0,cuda:Tesla T4,"[156, 'graph']",156.0,36.0,ok,0.0043833335,21.468,S,GNN,gpu,g4dn
batch_gpu,g4dn.xlarge,GNN,HELMGraph,{},"{""hidden_dim"": 64, ""num_layers"": 2, ""pooling_operation"": ""max""}",immune_modulation_TLR7,192,nucleobase,1,1.9186713259999806,0.8882242079999969,0.6761192419999702,0.026185740000016722,0.00823738299999377,1639.231488,20.821504,19.0,cuda:Tesla T4,"[143, 'graph']",143.0,49.0,ok,0.0043833335,21.468,S,GNN,gpu,g4dn
batch_gpu,g4dn.xlarge,GNN,HELMGraph,{},"{""hidden_dim"": 64, ""num_layers"": 2, ""pooling_operation"": ""max""}",immune_modulation_TLR7,192,nucleobase,2,1.9850829220000037,0.8506937949999838,0.7780091249999828,0.0308083520000082,0.00823738299999377,1641.30816,20.821504,22.0,cuda:Tesla T4,"[147, 'graph']",147.0,45.0,ok,0.0043833335,21.468,S,GNN,gpu,g4dn
batch_gpu,g4dn.xlarge,GNN,HELMGraph,{},"{""hidden_dim"": 64, ""num_layers"": 2, ""pooling_operation"": ""max""}",immune_modulation_TLR7,192,nucleobase,3,4.670509620999951,0.8793968150000069,3.44186995900003,0.026144464000026346,0.00823738299999377,1642.119168,20.821504,100.0,cuda:Tesla T4,"[149, 'graph']",149.0,43.0,ok,0.0043833335,21.468,S,GNN,gpu,g4dn
batch_gpu,g4dn.xlarge,GNN,HELMGraph,{},"{""hidden_dim"": 64, ""num_layers"": 2, ""pooling_operation"": ""max""}",immune_modulation_TLR7,192,nucleobase,4,2.2679894740000464,0.8978920649999509,1.011399390000065,0.03043902399997478,0.00823738299999377,1643.196416,20.822016,23.0,cuda:Tesla T4,"[162, 'graph']",162.0,30.0,ok,0.0043833335,21.468,S,GNN,gpu,g4dn
batch_gpu,g4dn.xlarge,MLP,KMersCounts,"{""k"": [1], ""modification_abundance"": false}","{""dropout"": 0, ""hidden_dims"": [64]}",immune_modulation_TLR7,192,nucleobase,0,3.1321190849999994,0.34160041299998056,2.3929939930000046,0.0007242130000122415,0.008213456000021324,1433.915392,17.08288,100.0,cuda:Tesla T4,"[156, 5]",156.0,36.0,ok,0.0043833335,16.673,S,MLP,gpu,g4dn
batch_gpu,g4dn.xlarge,MLP,KMersCounts,"{""k"": [1], ""modification_abundance"": false}","{""dropout"": 0, ""hidden_dims"": [64]}",immune_modulation_TLR7,192,nucleobase,1,1.9279408900000021,0.34669341400001485,1.240285067000002,0.0005187650000380017,0.008213456000021324,1437.34784,17.083392,67.0,cuda:Tesla T4,"[143, 5]",143.0,49.0,ok,0.0043833335,16.673,S,MLP,gpu,g4dn
batch_gpu,g4dn.xlarge,MLP,KMersCounts,"{""k"": [1], ""modification_abundance"": false}","{""dropout"": 0, ""hidden_dims"": [64]}",immune_modulation_TLR7,192,nucleobase,2,0.9530932879999909,0.34561882099995955,0.2575117729999761,0.000503375999983291,0.008213456000021324,1437.806592,17.083392,13.0,cuda:Tesla T4,"[147, 5]",147.0,45.0,ok,0.0043833335,16.673,S,MLP,gpu,g4dn
batch_gpu,g4dn.xlarge,MLP,KMersCounts,"{""k"": [1], ""modification_abundance"": false}","{""dropout"": 0, ""hidden_dims"": [64]}",immune_modulation_TLR7,192,nucleobase,3,0.9760157430000049,0.3496752180000158,0.2966337039999871,0.00047548300000244126,0.008213456000021324,1437.806592,17.083904,15.0,cuda:Tesla T4,"[149, 5]",149.0,43.0,ok,0.0043833335,16.673,S,MLP,gpu,g4dn
batch_gpu,g4dn.xlarge,MLP,KMersCounts,"{""k"": [1], ""modification_abundance"": false}","{""dropout"": 0, ""hidden_dims"": [64]}",immune_modulation_TLR7,192,nucleobase,4,1.4351164600000175,0.35196832999997696,0.7540352619999453,0.00050106099996583,0.008213456000021324,1438.343168,17.083904,33.0,cuda:Tesla T4,"[162, 5]",162.0,30.0,ok,0.0043833335,16.673,S,MLP,gpu,g4dn
batch_gpu,g4dn.xlarge,MLP,KMersCounts,"{""k"": [1], ""modification_abundance"": false}","{""dropout"": 0, ""hidden_dims"": [64]}",immune_modulation_TLR7,192,nucleobase,0,3.1321190849999994,0.34160041299998056,2.3929939930000046,0.0007242130000122415,0.008213456000021324,1433.915392,17.08288,100.0,cuda:Tesla T4,"[156, 5]",156.0,36.0,ok,0.0043833335,16.673,S,MLP,gpu,g4dn
batch_gpu,g4dn.xlarge,MLP,KMersCounts,"{""k"": [1], ""modification_abundance"": false}","{""dropout"": 0, ""hidden_dims"": [64]}",immune_modulation_TLR7,192,nucleobase,1,1.9279408900000021,0.34669341400001485,1.240285067000002,0.0005187650000380017,0.008213456000021324,1437.34784,17.083392,67.0,cuda:Tesla T4,"[143, 5]",143.0,49.0,ok,0.0043833335,16.673,S,MLP,gpu,g4dn
batch_gpu,g4dn.xlarge,MLP,KMersCounts,"{""k"": [1], ""modification_abundance"": false}","{""dropout"": 0, ""hidden_dims"": [64]}",immune_modulation_TLR7,192,nucleobase,2,0.9530932879999909,0.34561882099995955,0.2575117729999761,0.000503375999983291,0.008213456000021324,1437.806592,17.083392,13.0,cuda:Tesla T4,"[147, 5]",147.0,45.0,ok,0.0043833335,16.673,S,MLP,gpu,g4dn
batch_gpu,g4dn.xlarge,MLP,KMersCounts,"{""k"": [1], ""modification_abundance"": false}","{""dropout"": 0, ""hidden_dims"": [64]}",immune_modulation_TLR7,192,nucleobase,3,0.9760157430000049,0.3496752180000158,0.2966337039999871,0.00047548300000244126,0.008213456000021324,1437.806592,17.083904,15.0,cuda:Tesla T4,"[149, 5]",149.0,43.0,ok,0.0043833335,16.673,S,MLP,gpu,g4dn
batch_gpu,g4dn.xlarge,MLP,KMersCounts,"{""k"": [1], ""modification_abundance"": false}","{""dropout"": 0, ""hidden_dims"": [64]}",immune_modulation_TLR7,192,nucleobase,4,1.4351164600000175,0.35196832999997696,0.7540352619999453,0.00050106099996583,0.008213456000021324,1438.343168,17.083904,33.0,cuda:Tesla T4,"[162, 5]",162.0,30.0,ok,0.0043833335,16.673,S,MLP,gpu,g4dn
batch_gpu,g4dn.xlarge,MLP,KMersCounts,"{""k"": [1, 2], ""modification_abundance"": true}","{""dropout"": 0, ""hidden_dims"": [64, 64]}",immune_modulation_TLR7,192,random,0,1.2486433700000248,0.4086892629999852,0.8379132970000001,0.0008744119999732902,0.00870211599999493,1433.04704,17.186816,17.0,cuda:Tesla T4,"[154, 34]",154.0,38.0,ok,0.0029222223,13.927,S,MLP,gpu,g4dn
batch_gpu,g4dn.xlarge,MLP,KMersCounts,"{""k"": [1, 2], ""modification_abundance"": true}","{""dropout"": 0, ""hidden_dims"": [64, 64]}",immune_modulation_TLR7,192,random,1,1.993928215999972,0.4101274230000058,1.582328318000009,0.0005954309999651741,0.00870211599999493,1435.803648,17.187328,79.0,cuda:Tesla T4,"[154, 34]",154.0,38.0,ok,0.0029222223,13.927,S,MLP,gpu,g4dn
batch_gpu,g4dn.xlarge,MLP,KMersCounts,"{""k"": [1, 2], ""modification_abundance"": true}","{""dropout"": 0, ""hidden_dims"": [64, 64]}",immune_modulation_TLR7,192,random,2,0.6858977480000021,0.4105195490000142,0.2736330769999995,0.000567385000010745,0.00870211599999493,1435.824128,17.187328,13.0,cuda:Tesla T4,"[154, 34]",154.0,38.0,ok,0.0029222223,13.927,S,MLP,gpu,g4dn
batch_gpu,g4dn.xlarge,MLP,KMersCounts,"{""k"": [1, 2], ""modification_abundance"": true}","{""dropout"": 0, ""hidden_dims"": [64, 64]}",immune_modulation_TLR7,192,random,3,0.8531474040000262,0.4090893889999734,0.44236007300003166,0.0006219310000119549,0.00870211599999493,1435.824128,17.187328,21.0,cuda:Tesla T4,"[154, 34]",154.0,38.0,ok,0.0029222223,13.927,S,MLP,gpu,g4dn
batch_gpu,g4dn.xlarge,MLP,KMersCounts,"{""k"": [1, 2], ""modification_abundance"": true}","{""dropout"": 0, ""hidden_dims"": [64, 64]}",immune_modulation_TLR7,192,random,4,1.0250221670000315,0.4012781430000132,0.6222996069999454,0.0005418920000010985,0.00870211599999493,1436.22144,17.187328,30.0,cuda:Tesla T4,"[154, 34]",154.0,38.0,ok,0.0029222223,13.927,S,MLP,gpu,g4dn
batch_gpu,g4dn.xlarge,MLP,KMersCounts,"{""k"": [1, 2], ""modification_abundance"": true}","{""dropout"": 0, ""hidden_dims"": [64, 64]}",immune_modulation_TLR7,192,random,0,1.2486433700000248,0.4086892629999852,0.8379132970000001,0.0008744119999732902,0.00870211599999493,1433.04704,17.186816,17.0,cuda:Tesla T4,"[154, 34]",154.0,38.0,ok,0.0029222223,13.927,S,MLP,gpu,g4dn
batch_gpu,g4dn.xlarge,MLP,KMersCounts,"{""k"": [1, 2], ""modification_abundance"": true}","{""dropout"": 0, ""hidden_dims"": [64, 64]}",immune_modulation_TLR7,192,random,1,1.993928215999972,0.4101274230000058,1.582328318000009,0.0005954309999651741,0.00870211599999493,1435.803648,17.187328,79.0,cuda:Tesla T4,"[154, 34]",154.0,38.0,ok,0.0029222223,13.927,S,MLP,gpu,g4dn
batch_gpu,g4dn.xlarge,MLP,KMersCounts,"{""k"": [1, 2], ""modification_abundance"": true}","{""dropout"": 0, ""hidden_dims"": [64, 64]}",immune_modulation_TLR7,192,random,2,0.6858977480000021,0.4105195490000142,0.2736330769999995,0.000567385000010745,0.00870211599999493,1435.824128,17.187328,13.0,cuda:Tesla T4,"[154, 34]",154.0,38.0,ok,0.0029222223,13.927,S,MLP,gpu,g4dn
batch_gpu,g4dn.xlarge,MLP,KMersCounts,"{""k"": [1, 2], ""modification_abundance"": true}","{""dropout"": 0, ""hidden_dims"": [64, 64]}",immune_modulation_TLR7,192,random,3,0.8531474040000262,0.4090893889999734,0.44236007300003166,0.0006219310000119549,0.00870211599999493,1435.824128,17.187328,21.0,cuda:Tesla T4,"[154, 34]",154.0,38.0,ok,0.0029222223,13.927,S,MLP,gpu,g4dn
batch_gpu,g4dn.xlarge,MLP,KMersCounts,"{""k"": [1, 2], ""modification_abundance"": true}","{""dropout"": 0, ""hidden_dims"": [64, 64]}",immune_modulation_TLR7,192,random,4,1.0250221670000315,0.4012781430000132,0.6222996069999454,0.0005418920000010985,0.00870211599999493,1436.22144,17.187328,30.0,cuda:Tesla T4,"[154, 34]",154.0,38.0,ok,0.0029222223,13.927,S,MLP,gpu,g4dn
batch_gpu,g4dn.xlarge,MLP,KMersCounts,"{""k"": [1, 2, 3], ""modification_abundance"": true}","{""dropout"": 0.25, ""hidden_dims"": [128, 128]}",immune_modulation_TLR7,192,nucleobase,0,2.1035049129999948,0.5136982280000097,1.1989043229999652,0.0012624139999957151,0.008356467999988126,1450.164224,17.803776,32.0,cuda:Tesla T4,"[156, 156]",156.0,36.0,ok,0.0029222223,15.649,S,MLP,gpu,g4dn
batch_gpu,g4dn.xlarge,MLP,KMersCounts,"{""k"": [1, 2, 3], ""modification_abundance"": true}","{""dropout"": 0.25, ""hidden_dims"": [128, 128]}",immune_modulation_TLR7,192,nucleobase,1,1.2790194649999762,0.5084403989999942,0.402898576000041,0.0008370940000190785,0.008356467999988126,1453.6704,17.80736,18.0,cuda:Tesla T4,"[143, 157]",143.0,49.0,ok,0.0029222223,15.649,S,MLP,gpu,g4dn
batch_gpu,g4dn.xlarge,MLP,KMersCounts,"{""k"": [1, 2, 3], ""modification_abundance"": true}","{""dropout"": 0.25, ""hidden_dims"": [128, 128]}",immune_modulation_TLR7,192,nucleobase,2,1.2994280849999882,0.4976916769999775,0.44920614200003683,0.0007904560000042693,0.008356467999988126,1454.788608,17.8048,20.0,cuda:Tesla T4,"[147, 156]",147.0,45.0,ok,0.0029222223,15.649,S,MLP,gpu,g4dn
batch_gpu,g4dn.xlarge,MLP,KMersCounts,"{""k"": [1, 2, 3], ""modification_abundance"": true}","{""dropout"": 0.25, ""hidden_dims"": [128, 128]}",immune_modulation_TLR7,192,nucleobase,3,1.2483090900000207,0.5122911100000351,0.3820384329999911,0.0009341730000187454,0.008356467999988126,1454.792704,17.80224,17.0,cuda:Tesla T4,"[149, 155]",149.0,43.0,ok,0.0029222223,15.649,S,MLP,gpu,g4dn
batch_gpu,g4dn.xlarge,MLP,KMersCounts,"{""k"": [1, 2, 3], ""modification_abundance"": true}","{""dropout"": 0.25, ""hidden_dims"": [128, 128]}",immune_modulation_TLR7,192,nucleobase,4,1.375272223999957,0.5035040750000235,0.49513214699999253,0.0008758660000012242,0.008356467999988126,1455.337472,17.8048,19.0,cuda:Tesla T4,"[162, 156]",162.0,30.0,ok,0.0029222223,15.649,S,MLP,gpu,g4dn
batch_gpu,g4dn.xlarge,MLP,KMersCounts,"{""k"": [1, 2, 3], ""modification_abundance"": true}","{""dropout"": 0.25, ""hidden_dims"": [128, 128]}",immune_modulation_TLR7,192,nucleobase,0,2.1035049129999948,0.5136982280000097,1.1989043229999652,0.0012624139999957151,0.008356467999988126,1450.164224,17.803776,32.0,cuda:Tesla T4,"[156, 156]",156.0,36.0,ok,0.0029222223,15.649,S,MLP,gpu,g4dn
batch_gpu,g4dn.xlarge,MLP,KMersCounts,"{""k"": [1, 2, 3], ""modification_abundance"": true}","{""dropout"": 0.25, ""hidden_dims"": [128, 128]}",immune_modulation_TLR7,192,nucleobase,1,1.2790194649999762,0.5084403989999942,0.402898576000041,0.0008370940000190785,0.008356467999988126,1453.6704,17.80736,18.0,cuda:Tesla T4,"[143, 157]",143.0,49.0,ok,0.0029222223,15.649,S,MLP,gpu,g4dn
batch_gpu,g4dn.xlarge,MLP,KMersCounts,"{""k"": [1, 2, 3], ""modification_abundance"": true}","{""dropout"": 0.25, ""hidden_dims"": [128, 128]}",immune_modulation_TLR7,192,nucleobase,2,1.2994280849999882,0.4976916769999775,0.44920614200003683,0.0007904560000042693,0.008356467999988126,1454.788608,17.8048,20.0,cuda:Tesla T4,"[147, 156]",147.0,45.0,ok,0.0029222223,15.649,S,MLP,gpu,g4dn
batch_gpu,g4dn.xlarge,MLP,KMersCounts,"{""k"": [1, 2, 3], ""modification_abundance"": true}","{""dropout"": 0.25, ""hidden_dims"": [128, 128]}",immune_modulation_TLR7,192,nucleobase,3,1.2483090900000207,0.5122911100000351,0.3820384329999911,0.0009341730000187454,0.008356467999988126,1454.792704,17.80224,17.0,cuda:Tesla T4,"[149, 155]",149.0,43.0,ok,0.0029222223,15.649,S,MLP,gpu,g4dn
batch_gpu,g4dn.xlarge,MLP,KMersCounts,"{""k"": [1, 2, 3], ""modification_abundance"": true}","{""dropout"": 0.25, ""hidden_dims"": [128, 128]}",immune_modulation_TLR7,192,nucleobase,4,1.375272223999957,0.5035040750000235,0.49513214699999253,0.0008758660000012242,0.008356467999988126,1455.337472,17.8048,19.0,cuda:Tesla T4,"[162, 156]",162.0,30.0,ok,0.0029222223,15.649,S,MLP,gpu,g4dn
batch_gpu,g4dn.xlarge,CNN,OneHotEncoder,"{""encode_components"": [""base"", ""sugar"", ""phosphate""]}","{""depth"": 2, ""hidden_dim"": 32, ""kernel_size"": 5, ""pooling_operation"": ""max""}",immune_modulation_TLR7,192,random,0,2.310929570999974,0.6367374100000234,1.6683271699999977,0.0038054400000078203,0.008119413000031273,1578.389504,17.407488,47.0,cuda:Tesla T4,"[154, 20, 9]",154.0,38.0,ok,0.0043833335,17.148,S,CNN,gpu,g4dn
batch_gpu,g4dn.xlarge,CNN,OneHotEncoder,"{""encode_components"": [""base"", ""sugar"", ""phosphate""]}","{""depth"": 2, ""hidden_dim"": 32, ""kernel_size"": 5, ""pooling_operation"": ""max""}",immune_modulation_TLR7,192,random,1,2.7658490700000016,0.622203259999992,2.140673244000027,0.0017722860000048968,0.008119413000031273,1587.625984,17.408,100.0,cuda:Tesla T4,"[154, 20, 9]",154.0,38.0,ok,0.0043833335,17.148,S,CNN,gpu,g4dn
batch_gpu,g4dn.xlarge,CNN,OneHotEncoder,"{""encode_components"": [""base"", ""sugar"", ""phosphate""]}","{""depth"": 2, ""hidden_dim"": 32, ""kernel_size"": 5, ""pooling_operation"": ""max""}",immune_modulation_TLR7,192,random,2,0.9867793119999533,0.6183263309999916,0.3658132470000055,0.0017362560000151461,0.008119413000031273,1588.699136,17.408512,16.0,cuda:Tesla T4,"[154, 20, 9]",154.0,38.0,ok,0.0043833335,17.148,S,CNN,gpu,g4dn
batch_gpu,g4dn.xlarge,CNN,OneHotEncoder,"{""encode_components"": [""base"", ""sugar"", ""phosphate""]}","{""depth"": 2, ""hidden_dim"": 32, ""kernel_size"": 5, ""pooling_operation"": ""max""}",immune_modulation_TLR7,192,random,3,0.8672099479999815,0.612327624000045,0.2521343800000295,0.0016738390000341496,0.008119413000031273,1589.239808,17.409024,11.0,cuda:Tesla T4,"[154, 20, 9]",154.0,38.0,ok,0.0043833335,17.148,S,CNN,gpu,g4dn
batch_gpu,g4dn.xlarge,CNN,OneHotEncoder,"{""encode_components"": [""base"", ""sugar"", ""phosphate""]}","{""depth"": 2, ""hidden_dim"": 32, ""kernel_size"": 5, ""pooling_operation"": ""max""}",immune_modulation_TLR7,192,random,4,1.8653815970000096,0.6152269820000242,1.2474014649999958,0.0018591799999967407,0.008119413000031273,1589.90336,17.409024,57.0,cuda:Tesla T4,"[154, 20, 9]",154.0,38.0,ok,0.0043833335,17.148,S,CNN,gpu,g4dn
batch_gpu,g4dn.xlarge,CNN,OneHotEncoder,"{""encode_components"": [""base"", ""sugar"", ""phosphate""]}","{""depth"": 2, ""hidden_dim"": 32, ""kernel_size"": 5, ""pooling_operation"": ""max""}",immune_modulation_TLR7,192,random,0,2.310929570999974,0.6367374100000234,1.6683271699999977,0.0038054400000078203,0.008119413000031273,1578.389504,17.407488,47.0,cuda:Tesla T4,"[154, 20, 9]",154.0,38.0,ok,0.0043833335,17.148,S,CNN,gpu,g4dn
batch_gpu,g4dn.xlarge,CNN,OneHotEncoder,"{""encode_components"": [""base"", ""sugar"", ""phosphate""]}","{""depth"": 2, ""hidden_dim"": 32, ""kernel_size"": 5, ""pooling_operation"": ""max""}",immune_modulation_TLR7,192,random,1,2.7658490700000016,0.622203259999992,2.140673244000027,0.0017722860000048968,0.008119413000031273,1587.625984,17.408,100.0,cuda:Tesla T4,"[154, 20, 9]",154.0,38.0,ok,0.0043833335,17.148,S,CNN,gpu,g4dn
batch_gpu,g4dn.xlarge,CNN,OneHotEncoder,"{""encode_components"": [""base"", ""sugar"", ""phosphate""]}","{""depth"": 2, ""hidden_dim"": 32, ""kernel_size"": 5, ""pooling_operation"": ""max""}",immune_modulation_TLR7,192,random,2,0.9867793119999533,0.6183263309999916,0.3658132470000055,0.0017362560000151461,0.008119413000031273,1588.699136,17.408512,16.0,cuda:Tesla T4,"[154, 20, 9]",154.0,38.0,ok,0.0043833335,17.148,S,CNN,gpu,g4dn
batch_gpu,g4dn.xlarge,CNN,OneHotEncoder,"{""encode_components"": [""base"", ""sugar"", ""phosphate""]}","{""depth"": 2, ""hidden_dim"": 32, ""kernel_size"": 5, ""pooling_operation"": ""max""}",immune_modulation_TLR7,192,random,3,0.8672099479999815,0.612327624000045,0.2521343800000295,0.0016738390000341496,0.008119413000031273,1589.239808,17.409024,11.0,cuda:Tesla T4,"[154, 20, 9]",154.0,38.0,ok,0.0043833335,17.148,S,CNN,gpu,g4dn
batch_gpu,g4dn.xlarge,CNN,OneHotEncoder,"{""encode_components"": [""base"", ""sugar"", ""phosphate""]}","{""depth"": 2, ""hidden_dim"": 32, ""kernel_size"": 5, ""pooling_operation"": ""max""}",immune_modulation_TLR7,192,random,4,1.8653815970000096,0.6152269820000242,1.2474014649999958,0.0018591799999967407,0.008119413000031273,1589.90336,17.409024,57.0,cuda:Tesla T4,"[154, 20, 9]",154.0,38.0,ok,0.0043833335,17.148,S,CNN,gpu,g4dn
batch_gpu,g4dn.xlarge,CNN,OneHotEncoder,"{""encode_components"": [""base""]}","{""depth"": 1, ""hidden_dim"": 64, ""kernel_size"": 5, ""pooling_operation"": ""avg""}",immune_modulation_TLR7,192,random,0,2.5727662709999777,0.5417253630000118,2.0256880290000367,0.0034078580000027614,0.008576054000002387,1555.423232,17.4848,67.0,cuda:Tesla T4,"[154, 20, 5]",154.0,38.0,ok,0.0043833335,17.306,S,CNN,gpu,g4dn
batch_gpu,g4dn.xlarge,CNN,OneHotEncoder,"{""encode_components"": [""base""]}","{""depth"": 1, ""hidden_dim"": 64, ""kernel_size"": 5, ""pooling_operation"": ""avg""}",immune_modulation_TLR7,192,random,1,2.3537845660000016,0.5330991440000048,1.8180088710000177,0.0017274379999889788,0.008576054000002387,1565.732864,17.485312,89.0,cuda:Tesla T4,"[154, 20, 5]",154.0,38.0,ok,0.0043833335,17.306,S,CNN,gpu,g4dn
batch_gpu,g4dn.xlarge,CNN,OneHotEncoder,"{""encode_components"": [""base""]}","{""depth"": 1, ""hidden_dim"": 64, ""kernel_size"": 5, ""pooling_operation"": ""avg""}",immune_modulation_TLR7,192,random,2,0.7886881860000017,0.542839602000015,0.2427906769999595,0.0020558920000439684,0.008576054000002387,1566.0032,17.485824,11.0,cuda:Tesla T4,"[154, 20, 5]",154.0,38.0,ok,0.0043833335,17.306,S,CNN,gpu,g4dn
batch_gpu,g4dn.xlarge,CNN,OneHotEncoder,"{""encode_components"": [""base""]}","{""depth"": 1, ""hidden_dim"": 64, ""kernel_size"": 5, ""pooling_operation"": ""avg""}",immune_modulation_TLR7,192,random,3,0.8366690110000263,0.535254268000017,0.2985031300000287,0.0018647580000106245,0.008576054000002387,1567.625216,17.485824,14.0,cuda:Tesla T4,"[154, 20, 5]",154.0,38.0,ok,0.0043833335,17.306,S,CNN,gpu,g4dn
batch_gpu,g4dn.xlarge,CNN,OneHotEncoder,"{""encode_components"": [""base""]}","{""depth"": 1, ""hidden_dim"": 64, ""kernel_size"": 5, ""pooling_operation"": ""avg""}",immune_modulation_TLR7,192,random,4,2.061953471000038,0.5391991480000229,1.5202574890000164,0.0017125009999858776,0.008576054000002387,1567.625216,17.485824,74.0,cuda:Tesla T4,"[154, 20, 5]",154.0,38.0,ok,0.0043833335,17.306,S,CNN,gpu,g4dn
batch_gpu,g4dn.xlarge,CNN,OneHotEncoder,"{""encode_components"": [""base""]}","{""depth"": 1, ""hidden_dim"": 64, ""kernel_size"": 5, ""pooling_operation"": ""avg""}",immune_modulation_TLR7,192,random,0,2.5727662709999777,0.5417253630000118,2.0256880290000367,0.0034078580000027614,0.008576054000002387,1555.423232,17.4848,67.0,cuda:Tesla T4,"[154, 20, 5]",154.0,38.0,ok,0.0043833335,17.306,S,CNN,gpu,g4dn
batch_gpu,g4dn.xlarge,CNN,OneHotEncoder,"{""encode_components"": [""base""]}","{""depth"": 1, ""hidden_dim"": 64, ""kernel_size"": 5, ""pooling_operation"": ""avg""}",immune_modulation_TLR7,192,random,1,2.3537845660000016,0.5330991440000048,1.8180088710000177,0.0017274379999889788,0.008576054000002387,1565.732864,17.485312,89.0,cuda:Tesla T4,"[154, 20, 5]",154.0,38.0,ok,0.0043833335,17.306,S,CNN,gpu,g4dn
batch_gpu,g4dn.xlarge,CNN,OneHotEncoder,"{""encode_components"": [""base""]}","{""depth"": 1, ""hidden_dim"": 64, ""kernel_size"": 5, ""pooling_operation"": ""avg""}",immune_modulation_TLR7,192,random,2,0.7886881860000017,0.542839602000015,0.2427906769999595,0.0020558920000439684,0.008576054000002387,1566.0032,17.485824,11.0,cuda:Tesla T4,"[154, 20, 5]",154.0,38.0,ok,0.0043833335,17.306,S,CNN,gpu,g4dn
batch_gpu,g4dn.xlarge,CNN,OneHotEncoder,"{""encode_components"": [""base""]}","{""depth"": 1, ""hidden_dim"": 64, ""kernel_size"": 5, ""pooling_operation"": ""avg""}",immune_modulation_TLR7,192,random,3,0.8366690110000263,0.535254268000017,0.2985031300000287,0.0018647580000106245,0.008576054000002387,1567.625216,17.485824,14.0,cuda:Tesla T4,"[154, 20, 5]",154.0,38.0,ok,0.0043833335,17.306,S,CNN,gpu,g4dn
batch_gpu,g4dn.xlarge,CNN,OneHotEncoder,"{""encode_components"": [""base""]}","{""depth"": 1, ""hidden_dim"": 64, ""kernel_size"": 5, ""pooling_operation"": ""avg""}",immune_modulation_TLR7,192,random,4,2.061953471000038,0.5391991480000229,1.5202574890000164,0.0017125009999858776,0.008576054000002387,1567.625216,17.485824,74.0,cuda:Tesla T4,"[154, 20, 5]",154.0,38.0,ok,0.0043833335,17.306,S,CNN,gpu,g4dn
batch_gpu,g4dn.xlarge,GRU,OneHotEncoder,"{""encode_components"": [""base""]}","{""hidden_dim"": 32, ""num_layers"": 2}",immune_modulation_TLR7,192,random,0,1.7688888229999975,0.5333590129999948,1.2282458439999573,0.005999385999984952,0.008294640000030995,1461.276672,38.191616,17.0,cuda:Tesla T4,"[154, 20, 5]",154.0,38.0,ok,0.0030683335,16.152,S,GRU,gpu,g4dn
batch_gpu,g4dn.xlarge,GRU,OneHotEncoder,"{""encode_components"": [""base""]}","{""hidden_dim"": 32, ""num_layers"": 2}",immune_modulation_TLR7,192,random,1,3.057804550999947,0.527685761999976,2.5212532499999725,0.007689081000023634,0.008294640000030995,1467.94496,38.192128,100.0,cuda:Tesla T4,"[154, 20, 5]",154.0,38.0,ok,0.0030683335,16.152,S,GRU,gpu,g4dn
batch_gpu,g4dn.xlarge,GRU,OneHotEncoder,"{""encode_components"": [""base""]}","{""hidden_dim"": 32, ""num_layers"": 2}",immune_modulation_TLR7,192,random,2,0.892246503000024,0.5547409450000487,0.32849156000003177,0.007825856000010845,0.008294640000030995,1468.755968,38.19264,12.0,cuda:Tesla T4,"[154, 20, 5]",154.0,38.0,ok,0.0030683335,16.152,S,GRU,gpu,g4dn
batch_gpu,g4dn.xlarge,GRU,OneHotEncoder,"{""encode_components"": [""base""]}","{""hidden_dim"": 32, ""num_layers"": 2}",immune_modulation_TLR7,192,random,3,0.9677510719999987,0.557710214999986,0.4036133519999794,0.005198128000017732,0.008294640000030995,1469.87008,38.19264,15.0,cuda:Tesla T4,"[154, 20, 5]",154.0,38.0,ok,0.0030683335,16.152,S,GRU,gpu,g4dn
batch_gpu,g4dn.xlarge,GRU,OneHotEncoder,"{""encode_components"": [""base""]}","{""hidden_dim"": 32, ""num_layers"": 2}",immune_modulation_TLR7,192,random,4,1.046415417999981,0.5166721599999846,0.5212934259999997,0.007372704999966118,0.008294640000030995,1469.87008,38.19264,20.0,cuda:Tesla T4,"[154, 20, 5]",154.0,38.0,ok,0.0030683335,16.152,S,GRU,gpu,g4dn
batch_gpu,g4dn.xlarge,GRU,OneHotEncoder,"{""encode_components"": [""base""]}","{""hidden_dim"": 32, ""num_layers"": 2}",immune_modulation_TLR7,192,random,0,1.7688888229999975,0.5333590129999948,1.2282458439999573,0.005999385999984952,0.008294640000030995,1461.276672,38.191616,17.0,cuda:Tesla T4,"[154, 20, 5]",154.0,38.0,ok,0.0030683335,16.152,S,GRU,gpu,g4dn
batch_gpu,g4dn.xlarge,GRU,OneHotEncoder,"{""encode_components"": [""base""]}","{""hidden_dim"": 32, ""num_layers"": 2}",immune_modulation_TLR7,192,random,1,3.057804550999947,0.527685761999976,2.5212532499999725,0.007689081000023634,0.008294640000030995,1467.94496,38.192128,100.0,cuda:Tesla T4,"[154, 20, 5]",154.0,38.0,ok,0.0030683335,16.152,S,GRU,gpu,g4dn
batch_gpu,g4dn.xlarge,GRU,OneHotEncoder,"{""encode_components"": [""base""]}","{""hidden_dim"": 32, ""num_layers"": 2}",immune_modulation_TLR7,192,random,2,0.892246503000024,0.5547409450000487,0.32849156000003177,0.007825856000010845,0.008294640000030995,1468.755968,38.19264,12.0,cuda:Tesla T4,"[154, 20, 5]",154.0,38.0,ok,0.0030683335,16.152,S,GRU,gpu,g4dn
batch_gpu,g4dn.xlarge,GRU,OneHotEncoder,"{""encode_components"": [""base""]}","{""hidden_dim"": 32, ""num_layers"": 2}",immune_modulation_TLR7,192,random,3,0.9677510719999987,0.557710214999986,0.4036133519999794,0.005198128000017732,0.008294640000030995,1469.87008,38.19264,15.0,cuda:Tesla T4,"[154, 20, 5]",154.0,38.0,ok,0.0030683335,16.152,S,GRU,gpu,g4dn
batch_gpu,g4dn.xlarge,GRU,OneHotEncoder,"{""encode_components"": [""base""]}","{""hidden_dim"": 32, ""num_layers"": 2}",immune_modulation_TLR7,192,random,4,1.046415417999981,0.5166721599999846,0.5212934259999997,0.007372704999966118,0.008294640000030995,1469.87008,38.19264,20.0,cuda:Tesla T4,"[154, 20, 5]",154.0,38.0,ok,0.0030683335,16.152,S,GRU,gpu,g4dn
batch_gpu,g4dn.xlarge,GRU,OneHotEncoder,"{""encode_components"": [""base""]}","{""hidden_dim"": 64, ""num_layers"": 1}",immune_modulation_TLR7,192,nucleobase,0,2.0733893400000056,0.594080254000005,1.0786681289999933,0.007570955000005597,0.008853973999976006,1463.78752,30.2208,20.0,cuda:Tesla T4,"[156, 20, 5]",156.0,36.0,ok,0.0043833335,16.974,S,GRU,gpu,g4dn
batch_gpu,g4dn.xlarge,GRU,OneHotEncoder,"{""encode_components"": [""base""]}","{""hidden_dim"": 64, ""num_layers"": 1}",immune_modulation_TLR7,192,nucleobase,1,1.4727376509999885,0.5931403010000054,0.5387269359999891,0.00504224499997008,0.008853973999976006,1472.483328,30.221312,20.0,cuda:Tesla T4,"[143, 20, 5]",143.0,49.0,ok,0.0043833335,16.974,S,GRU,gpu,g4dn
batch_gpu,g4dn.xlarge,GRU,OneHotEncoder,"{""encode_components"": [""base""]}","{""hidden_dim"": 64, ""num_layers"": 1}",immune_modulation_TLR7,192,nucleobase,2,1.4059308029999897,0.580029823000018,0.48000372499996047,0.005214598999998543,0.008853973999976006,1472.94208,30.221312,18.0,cuda:Tesla T4,"[147, 20, 5]",147.0,45.0,ok,0.0043833335,16.974,S,GRU,gpu,g4dn
batch_gpu,g4dn.xlarge,GRU,OneHotEncoder,"{""encode_components"": [""base""]}","{""hidden_dim"": 64, ""num_layers"": 1}",immune_modulation_TLR7,192,nucleobase,3,1.37050388199998,0.5867267730000094,0.4359876119999626,0.006033325000032619,0.008853973999976006,1472.946176,30.221312,16.0,cuda:Tesla T4,"[149, 20, 5]",149.0,43.0,ok,0.0043833335,16.974,S,GRU,gpu,g4dn
batch_gpu,g4dn.xlarge,GRU,OneHotEncoder,"{""encode_components"": [""base""]}","{""hidden_dim"": 64, ""num_layers"": 1}",immune_modulation_TLR7,192,nucleobase,4,1.4914242470000545,0.6031025010000235,0.545549249999965,0.0077288520000138305,0.008853973999976006,1473.212416,31.206912,17.0,cuda:Tesla T4,"[162, 20, 5]",162.0,30.0,ok,0.0043833335,16.974,S,GRU,gpu,g4dn
batch_gpu,g4dn.xlarge,GRU,OneHotEncoder,"{""encode_components"": [""base""]}","{""hidden_dim"": 64, ""num_layers"": 1}",immune_modulation_TLR7,192,nucleobase,0,2.0733893400000056,0.594080254000005,1.0786681289999933,0.007570955000005597,0.008853973999976006,1463.78752,30.2208,20.0,cuda:Tesla T4,"[156, 20, 5]",156.0,36.0,ok,0.0043833335,16.974,S,GRU,gpu,g4dn
batch_gpu,g4dn.xlarge,GRU,OneHotEncoder,"{""encode_components"": [""base""]}","{""hidden_dim"": 64, ""num_layers"": 1}",immune_modulation_TLR7,192,nucleobase,1,1.4727376509999885,0.5931403010000054,0.5387269359999891,0.00504224499997008,0.008853973999976006,1472.483328,30.221312,20.0,cuda:Tesla T4,"[143, 20, 5]",143.0,49.0,ok,0.0043833335,16.974,S,GRU,gpu,g4dn
batch_gpu,g4dn.xlarge,GRU,OneHotEncoder,"{""encode_components"": [""base""]}","{""hidden_dim"": 64, ""num_layers"": 1}",immune_modulation_TLR7,192,nucleobase,2,1.4059308029999897,0.580029823000018,0.48000372499996047,0.005214598999998543,0.008853973999976006,1472.94208,30.221312,18.0,cuda:Tesla T4,"[147, 20, 5]",147.0,45.0,ok,0.0043833335,16.974,S,GRU,gpu,g4dn
batch_gpu,g4dn.xlarge,GRU,OneHotEncoder,"{""encode_components"": [""base""]}","{""hidden_dim"": 64, ""num_layers"": 1}",immune_modulation_TLR7,192,nucleobase,3,1.37050388199998,0.5867267730000094,0.4359876119999626,0.006033325000032619,0.008853973999976006,1472.946176,30.221312,16.0,cuda:Tesla T4,"[149, 20, 5]",149.0,43.0,ok,0.0043833335,16.974,S,GRU,gpu,g4dn
batch_gpu,g4dn.xlarge,GRU,OneHotEncoder,"{""encode_components"": [""base""]}","{""hidden_dim"": 64, ""num_layers"": 1}",immune_modulation_TLR7,192,nucleobase,4,1.4914242470000545,0.6031025010000235,0.545549249999965,0.0077288520000138305,0.008853973999976006,1473.212416,31.206912,17.0,cuda:Tesla T4,"[162, 20, 5]",162.0,30.0,ok,0.0043833335,16.974,S,GRU,gpu,g4dn
batch_gpu,g4dn.xlarge,MLP,OneHotEncoder,"{""encode_components"": [""base""]}","{""dropout"": 0, ""hidden_dims"": [64]}",immune_modulation_TLR7,192,nucleobase,0,3.014407023999979,0.6037079189999872,1.9987966549999783,0.0008299579999970774,0.010726723000004768,1436.135424,17.195008,74.0,cuda:Tesla T4,"[156, 100]",156.0,36.0,ok,0.0029222223,17.288,S,MLP,gpu,g4dn
batch_gpu,g4dn.xlarge,MLP,OneHotEncoder,"{""encode_components"": [""base""]}","{""dropout"": 0, ""hidden_dims"": [64]}",immune_modulation_TLR7,192,nucleobase,1,1.7128735370000072,0.6092255740000496,0.7415709379999953,0.0006468060000202058,0.010726723000004768,1439.121408,17.19552,37.0,cuda:Tesla T4,"[143, 100]",143.0,49.0,ok,0.0029222223,17.288,S,MLP,gpu,g4dn
batch_gpu,g4dn.xlarge,MLP,OneHotEncoder,"{""encode_components"": [""base""]}","{""dropout"": 0, ""hidden_dims"": [64]}",immune_modulation_TLR7,192,nucleobase,2,1.2424207170000159,0.6045094269999822,0.28732529400002704,0.0006779760000199531,0.010726723000004768,1439.96928,17.19552,13.0,cuda:Tesla T4,"[147, 100]",147.0,45.0,ok,0.0029222223,17.288,S,MLP,gpu,g4dn
batch_gpu,g4dn.xlarge,MLP,OneHotEncoder,"{""encode_components"": [""base""]}","{""dropout"": 0, ""hidden_dims"": [64]}",immune_modulation_TLR7,192,nucleobase,3,1.2343270080000366,0.614386292000006,0.2639280160000226,0.0006945799999584779,0.010726723000004768,1440.23552,17.19552,12.0,cuda:Tesla T4,"[149, 100]",149.0,43.0,ok,0.0029222223,17.288,S,MLP,gpu,g4dn
batch_gpu,g4dn.xlarge,MLP,OneHotEncoder,"{""encode_components"": [""base""]}","{""dropout"": 0, ""hidden_dims"": [64]}",immune_modulation_TLR7,192,nucleobase,4,1.3110955770000032,0.6446139509999966,0.31323383400001603,0.0009483730000283686,0.010726723000004768,1440.23552,17.19552,12.0,cuda:Tesla T4,"[162, 100]",162.0,30.0,ok,0.0029222223,17.288,S,MLP,gpu,g4dn
batch_gpu,g4dn.xlarge,MLP,OneHotEncoder,"{""encode_components"": [""base""]}","{""dropout"": 0, ""hidden_dims"": [64]}",immune_modulation_TLR7,192,nucleobase,0,3.014407023999979,0.6037079189999872,1.9987966549999783,0.0008299579999970774,0.010726723000004768,1436.135424,17.195008,74.0,cuda:Tesla T4,"[156, 100]",156.0,36.0,ok,0.0029222223,17.288,S,MLP,gpu,g4dn
batch_gpu,g4dn.xlarge,MLP,OneHotEncoder,"{""encode_components"": [""base""]}","{""dropout"": 0, ""hidden_dims"": [64]}",immune_modulation_TLR7,192,nucleobase,1,1.7128735370000072,0.6092255740000496,0.7415709379999953,0.0006468060000202058,0.010726723000004768,1439.121408,17.19552,37.0,cuda:Tesla T4,"[143, 100]",143.0,49.0,ok,0.0029222223,17.288,S,MLP,gpu,g4dn
batch_gpu,g4dn.xlarge,MLP,OneHotEncoder,"{""encode_components"": [""base""]}","{""dropout"": 0, ""hidden_dims"": [64]}",immune_modulation_TLR7,192,nucleobase,2,1.2424207170000159,0.6045094269999822,0.28732529400002704,0.0006779760000199531,0.010726723000004768,1439.96928,17.19552,13.0,cuda:Tesla T4,"[147, 100]",147.0,45.0,ok,0.0029222223,17.288,S,MLP,gpu,g4dn
batch_gpu,g4dn.xlarge,MLP,OneHotEncoder,"{""encode_components"": [""base""]}","{""dropout"": 0, ""hidden_dims"": [64]}",immune_modulation_TLR7,192,nucleobase,3,1.2343270080000366,0.614386292000006,0.2639280160000226,0.0006945799999584779,0.010726723000004768,1440.23552,17.19552,12.0,cuda:Tesla T4,"[149, 100]",149.0,43.0,ok,0.0029222223,17.288,S,MLP,gpu,g4dn
batch_gpu,g4dn.xlarge,MLP,OneHotEncoder,"{""encode_components"": [""base""]}","{""dropout"": 0, ""hidden_dims"": [64]}",immune_modulation_TLR7,192,nucleobase,4,1.3110955770000032,0.6446139509999966,0.31323383400001603,0.0009483730000283686,0.010726723000004768,1440.23552,17.19552,12.0,cuda:Tesla T4,"[162, 100]",162.0,30.0,ok,0.0029222223,17.288,S,MLP,gpu,g4dn
batch_gpu,g4dn.xlarge,MLP,OneHotEncoder,"{""encode_components"": [""base"", ""sugar"", ""phosphate""]}","{""dropout"": 0, ""hidden_dims"": [64, 64]}",immune_modulation_TLR7,192,nucleobase,0,2.781860310000013,0.6628840099999707,1.7236295970000128,0.0010141060000137259,0.008372240000028341,1434.841088,17.392128,58.0,cuda:Tesla T4,"[156, 180]",156.0,36.0,ok,0.0030683335,18.515,S,MLP,gpu,g4dn
batch_gpu,g4dn.xlarge,MLP,OneHotEncoder,"{""encode_components"": [""base"", ""sugar"", ""phosphate""]}","{""dropout"": 0, ""hidden_dims"": [64, 64]}",immune_modulation_TLR7,192,nucleobase,1,1.7413562429999843,0.6907146500000181,0.7135917090000135,0.0008444819999908759,0.008372240000028341,1437.88032,17.39264,34.0,cuda:Tesla T4,"[143, 180]",143.0,49.0,ok,0.0030683335,18.515,S,MLP,gpu,g4dn
batch_gpu,g4dn.xlarge,MLP,OneHotEncoder,"{""encode_components"": [""base"", ""sugar"", ""phosphate""]}","{""dropout"": 0, ""hidden_dims"": [64, 64]}",immune_modulation_TLR7,192,nucleobase,2,2.038501702000019,0.6667580420000263,1.0456024520000256,0.0008300260000169146,0.008372240000028341,1438.519296,17.39264,50.0,cuda:Tesla T4,"[147, 180]",147.0,45.0,ok,0.0030683335,18.515,S,MLP,gpu,g4dn
batch_gpu,g4dn.xlarge,MLP,OneHotEncoder,"{""encode_components"": [""base"", ""sugar"", ""phosphate""]}","{""dropout"": 0, ""hidden_dims"": [64, 64]}",immune_modulation_TLR7,192,nucleobase,3,2.2541380799999615,0.6898829879999653,1.2369884330000218,0.0007760390000157713,0.008372240000028341,1438.527488,17.39264,59.0,cuda:Tesla T4,"[149, 180]",149.0,43.0,ok,0.0030683335,18.515,S,MLP,gpu,g4dn
batch_gpu,g4dn.xlarge,MLP,OneHotEncoder,"{""encode_components"": [""base"", ""sugar"", ""phosphate""]}","{""dropout"": 0, ""hidden_dims"": [64, 64]}",immune_modulation_TLR7,192,nucleobase,4,1.4160822200000212,0.6857594060000451,0.3949417970000013,0.0008430689999840979,0.008372240000028341,1438.793728,17.39264,15.0,cuda:Tesla T4,"[162, 180]",162.0,30.0,ok,0.0030683335,18.515,S,MLP,gpu,g4dn
batch_gpu,g4dn.xlarge,MLP,OneHotEncoder,"{""encode_components"": [""base"", ""sugar"", ""phosphate""]}","{""dropout"": 0, ""hidden_dims"": [64, 64]}",immune_modulation_TLR7,192,nucleobase,0,2.781860310000013,0.6628840099999707,1.7236295970000128,0.0010141060000137259,0.008372240000028341,1434.841088,17.392128,58.0,cuda:Tesla T4,"[156, 180]",156.0,36.0,ok,0.0030683335,18.515,S,MLP,gpu,g4dn
batch_gpu,g4dn.xlarge,MLP,OneHotEncoder,"{""encode_components"": [""base"", ""sugar"", ""phosphate""]}","{""dropout"": 0, ""hidden_dims"": [64, 64]}",immune_modulation_TLR7,192,nucleobase,1,1.7413562429999843,0.6907146500000181,0.7135917090000135,0.0008444819999908759,0.008372240000028341,1437.88032,17.39264,34.0,cuda:Tesla T4,"[143, 180]",143.0,49.0,ok,0.0030683335,18.515,S,MLP,gpu,g4dn
batch_gpu,g4dn.xlarge,MLP,OneHotEncoder,"{""encode_components"": [""base"", ""sugar"", ""phosphate""]}","{""dropout"": 0, ""hidden_dims"": [64, 64]}",immune_modulation_TLR7,192,nucleobase,2,2.038501702000019,0.6667580420000263,1.0456024520000256,0.0008300260000169146,0.008372240000028341,1438.519296,17.39264,50.0,cuda:Tesla T4,"[147, 180]",147.0,45.0,ok,0.0030683335,18.515,S,MLP,gpu,g4dn
batch_gpu,g4dn.xlarge,MLP,OneHotEncoder,"{""encode_components"": [""base"", ""sugar"", ""phosphate""]}","{""dropout"": 0, ""hidden_dims"": [64, 64]}",immune_modulation_TLR7,192,nucleobase,3,2.2541380799999615,0.6898829879999653,1.2369884330000218,0.0007760390000157713,0.008372240000028341,1438.527488,17.39264,59.0,cuda:Tesla T4,"[149, 180]",149.0,43.0,ok,0.0030683335,18.515,S,MLP,gpu,g4dn
batch_gpu,g4dn.xlarge,MLP,OneHotEncoder,"{""encode_components"": [""base"", ""sugar"", ""phosphate""]}","{""dropout"": 0, ""hidden_dims"": [64, 64]}",immune_modulation_TLR7,192,nucleobase,4,1.4160822200000212,0.6857594060000451,0.3949417970000013,0.0008430689999840979,0.008372240000028341,1438.793728,17.39264,15.0,cuda:Tesla T4,"[162, 180]",162.0,30.0,ok,0.0030683335,18.515,S,MLP,gpu,g4dn
batch_gpu,g4dn.xlarge,MLP,OneHotEncoder,"{""encode_components"": [""base""]}","{""dropout"": 0.25, ""hidden_dims"": [128, 128]}",immune_modulation_TLR7,192,nucleobase,0,2.846417173999953,0.5904363569999873,1.8673021980000044,0.0012613569999757601,0.008745147000013276,1449.447424,17.653248,57.0,cuda:Tesla T4,"[156, 100]",156.0,36.0,ok,0.0043833335,18.428,S,MLP,gpu,g4dn
batch_gpu,g4dn.xlarge,MLP,OneHotEncoder,"{""encode_components"": [""base""]}","{""dropout"": 0.25, ""hidden_dims"": [128, 128]}",immune_modulation_TLR7,192,nucleobase,1,1.3799860350000017,0.5709300319999784,0.463866663000033,0.0009235020000346594,0.008745147000013276,1452.486656,17.65376,19.0,cuda:Tesla T4,"[143, 100]",143.0,49.0,ok,0.0043833335,18.428,S,MLP,gpu,g4dn
batch_gpu,g4dn.xlarge,MLP,OneHotEncoder,"{""encode_components"": [""base""]}","{""dropout"": 0.25, ""hidden_dims"": [128, 128]}",immune_modulation_TLR7,192,nucleobase,2,1.6944863749999968,0.5820937270000286,0.778525185000035,0.0007937649999689711,0.008745147000013276,1453.068288,17.65376,33.0,cuda:Tesla T4,"[147, 100]",147.0,45.0,ok,0.0043833335,18.428,S,MLP,gpu,g4dn
batch_gpu,g4dn.xlarge,MLP,OneHotEncoder,"{""encode_components"": [""base""]}","{""dropout"": 0.25, ""hidden_dims"": [128, 128]}",immune_modulation_TLR7,192,nucleobase,3,1.7320821579999688,0.5896345360000055,0.8003847200000109,0.0007743689999983872,0.008745147000013276,1453.604864,17.654272,34.0,cuda:Tesla T4,"[149, 100]",149.0,43.0,ok,0.0043833335,18.428,S,MLP,gpu,g4dn
batch_gpu,g4dn.xlarge,MLP,OneHotEncoder,"{""encode_components"": [""base""]}","{""dropout"": 0.25, ""hidden_dims"": [128, 128]}",immune_modulation_TLR7,192,nucleobase,4,1.8406955969999785,0.6007503510000447,0.9052229019999913,0.0008854399999904672,0.008745147000013276,1454.415872,17.654784,33.0,cuda:Tesla T4,"[162, 100]",162.0,30.0,ok,0.0043833335,18.428,S,MLP,gpu,g4dn
batch_gpu,g4dn.xlarge,MLP,OneHotEncoder,"{""encode_components"": [""base""]}","{""dropout"": 0.25, ""hidden_dims"": [128, 128]}",immune_modulation_TLR7,192,nucleobase,0,2.846417173999953,0.5904363569999873,1.8673021980000044,0.0012613569999757601,0.008745147000013276,1449.447424,17.653248,57.0,cuda:Tesla T4,"[156, 100]",156.0,36.0,ok,0.0043833335,18.428,S,MLP,gpu,g4dn
batch_gpu,g4dn.xlarge,MLP,OneHotEncoder,"{""encode_components"": [""base""]}","{""dropout"": 0.25, ""hidden_dims"": [128, 128]}",immune_modulation_TLR7,192,nucleobase,1,1.3799860350000017,0.5709300319999784,0.463866663000033,0.0009235020000346594,0.008745147000013276,1452.486656,17.65376,19.0,cuda:Tesla T4,"[143, 100]",143.0,49.0,ok,0.0043833335,18.428,S,MLP,gpu,g4dn
batch_gpu,g4dn.xlarge,MLP,OneHotEncoder,"{""encode_components"": [""base""]}","{""dropout"": 0.25, ""hidden_dims"": [128, 128]}",immune_modulation_TLR7,192,nucleobase,2,1.6944863749999968,0.5820937270000286,0.778525185000035,0.0007937649999689711,0.008745147000013276,1453.068288,17.65376,33.0,cuda:Tesla T4,"[147, 100]",147.0,45.0,ok,0.0043833335,18.428,S,MLP,gpu,g4dn
batch_gpu,g4dn.xlarge,MLP,OneHotEncoder,"{""encode_components"": [""base""]}","{""dropout"": 0.25, ""hidden_dims"": [128, 128]}",immune_modulation_TLR7,192,nucleobase,3,1.7320821579999688,0.5896345360000055,0.8003847200000109,0.0007743689999983872,0.008745147000013276,1453.604864,17.654272,34.0,cuda:Tesla T4,"[149, 100]",149.0,43.0,ok,0.0043833335,18.428,S,MLP,gpu,g4dn
batch_gpu,g4dn.xlarge,MLP,OneHotEncoder,"{""encode_components"": [""base""]}","{""dropout"": 0.25, ""hidden_dims"": [128, 128]}",immune_modulation_TLR7,192,nucleobase,4,1.8406955969999785,0.6007503510000447,0.9052229019999913,0.0008854399999904672,0.008745147000013276,1454.415872,17.654784,33.0,cuda:Tesla T4,"[162, 100]",162.0,30.0,ok,0.0043833335,18.428,S,MLP,gpu,g4dn
batch_gpu,g4dn.xlarge,Transformer,OneHotEncoder,"{""encode_components"": [""base"", ""sugar"", ""phosphate""]}","{""d_model"": 64, ""dim_feedforward"": 64, ""dropout"": 0, ""nhead"": 4, ""num_layers"": 1}",immune_modulation_TLR7,192,random,0,1.5655149379999784,0.6311766409999677,0.9219421210000291,0.008919920999971964,0.007861638999997922,1472.077824,21.401088,12.0,cuda:Tesla T4,"[154, 20, 9]",154.0,38.0,ok,0.0029222223,15.755,S,Transformer,gpu,g4dn
batch_gpu,g4dn.xlarge,Transformer,OneHotEncoder,"{""encode_components"": [""base"", ""sugar"", ""phosphate""]}","{""d_model"": 64, ""dim_feedforward"": 64, ""dropout"": 0, ""nhead"": 4, ""num_layers"": 1}",immune_modulation_TLR7,192,random,1,3.144856781000044,0.6677959460000125,2.4684474129999785,0.005658977999985382,0.007861638999997922,1479.33184,21.4016,75.0,cuda:Tesla T4,"[154, 20, 9]",154.0,38.0,ok,0.0029222223,15.755,S,Transformer,gpu,g4dn
batch_gpu,g4dn.xlarge,Transformer,OneHotEncoder,"{""encode_components"": [""base"", ""sugar"", ""phosphate""]}","{""d_model"": 64, ""dim_feedforward"": 64, ""dropout"": 0, ""nhead"": 4, ""num_layers"": 1}",immune_modulation_TLR7,192,random,2,0.8954510539999774,0.6616419819999919,0.22590799200003175,0.004870850999964205,0.007861638999997922,1482.620928,21.402112,6.0,cuda:Tesla T4,"[154, 20, 9]",154.0,38.0,ok,0.0029222223,15.755,S,Transformer,gpu,g4dn
batch_gpu,g4dn.xlarge,Transformer,OneHotEncoder,"{""encode_components"": [""base"", ""sugar"", ""phosphate""]}","{""d_model"": 64, ""dim_feedforward"": 64, ""dropout"": 0, ""nhead"": 4, ""num_layers"": 1}",immune_modulation_TLR7,192,random,3,0.9867875639999966,0.6632943050000222,0.3141409770000223,0.006311502000016844,0.007861638999997922,1482.625024,21.402112,9.0,cuda:Tesla T4,"[154, 20, 9]",154.0,38.0,ok,0.0029222223,15.755,S,Transformer,gpu,g4dn
batch_gpu,g4dn.xlarge,Transformer,OneHotEncoder,"{""encode_components"": [""base"", ""sugar"", ""phosphate""]}","{""d_model"": 64, ""dim_feedforward"": 64, ""dropout"": 0, ""nhead"": 4, ""num_layers"": 1}",immune_modulation_TLR7,192,random,4,1.1046832220000056,0.6098563969999873,0.48739193099999056,0.004642434999993839,0.007861638999997922,1482.625024,21.402112,14.0,cuda:Tesla T4,"[154, 20, 9]",154.0,38.0,ok,0.0029222223,15.755,S,Transformer,gpu,g4dn
batch_gpu,g4dn.xlarge,Transformer,OneHotEncoder,"{""encode_components"": [""base"", ""sugar"", ""phosphate""]}","{""d_model"": 64, ""dim_feedforward"": 64, ""dropout"": 0, ""nhead"": 4, ""num_layers"": 1}",immune_modulation_TLR7,192,random,0,1.5655149379999784,0.6311766409999677,0.9219421210000291,0.008919920999971964,0.007861638999997922,1472.077824,21.401088,12.0,cuda:Tesla T4,"[154, 20, 9]",154.0,38.0,ok,0.0029222223,15.755,S,Transformer,gpu,g4dn
batch_gpu,g4dn.xlarge,Transformer,OneHotEncoder,"{""encode_components"": [""base"", ""sugar"", ""phosphate""]}","{""d_model"": 64, ""dim_feedforward"": 64, ""dropout"": 0, ""nhead"": 4, ""num_layers"": 1}",immune_modulation_TLR7,192,random,1,3.144856781000044,0.6677959460000125,2.4684474129999785,0.005658977999985382,0.007861638999997922,1479.33184,21.4016,75.0,cuda:Tesla T4,"[154, 20, 9]",154.0,38.0,ok,0.0029222223,15.755,S,Transformer,gpu,g4dn
batch_gpu,g4dn.xlarge,Transformer,OneHotEncoder,"{""encode_components"": [""base"", ""sugar"", ""phosphate""]}","{""d_model"": 64, ""dim_feedforward"": 64, ""dropout"": 0, ""nhead"": 4, ""num_layers"": 1}",immune_modulation_TLR7,192,random,2,0.8954510539999774,0.6616419819999919,0.22590799200003175,0.004870850999964205,0.007861638999997922,1482.620928,21.402112,6.0,cuda:Tesla T4,"[154, 20, 9]",154.0,38.0,ok,0.0029222223,15.755,S,Transformer,gpu,g4dn
batch_gpu,g4dn.xlarge,Transformer,OneHotEncoder,"{""encode_components"": [""base"", ""sugar"", ""phosphate""]}","{""d_model"": 64, ""dim_feedforward"": 64, ""dropout"": 0, ""nhead"": 4, ""num_layers"": 1}",immune_modulation_TLR7,192,random,3,0.9867875639999966,0.6632943050000222,0.3141409770000223,0.006311502000016844,0.007861638999997922,1482.625024,21.402112,9.0,cuda:Tesla T4,"[154, 20, 9]",154.0,38.0,ok,0.0029222223,15.755,S,Transformer,gpu,g4dn
batch_gpu,g4dn.xlarge,Transformer,OneHotEncoder,"{""encode_components"": [""base"", ""sugar"", ""phosphate""]}","{""d_model"": 64, ""dim_feedforward"": 64, ""dropout"": 0, ""nhead"": 4, ""num_layers"": 1}",immune_modulation_TLR7,192,random,4,1.1046832220000056,0.6098563969999873,0.48739193099999056,0.004642434999993839,0.007861638999997922,1482.625024,21.402112,14.0,cuda:Tesla T4,"[154, 20, 9]",154.0,38.0,ok,0.0029222223,15.755,S,Transformer,gpu,g4dn
batch_gpu,g4dn.xlarge,Transformer,OneHotEncoder,"{""encode_components"": [""base""]}","{""d_model"": 128, ""dim_feedforward"": 128, ""dropout"": 0, ""nhead"": 2, ""num_layers"": 2}",immune_modulation_TLR7,192,nucleobase,0,4.453967015999979,0.6002749109999854,3.4350467369999933,0.02244922500000257,0.008837282999991203,1475.047424,27.857408,44.0,cuda:Tesla T4,"[156, 20, 5]",156.0,36.0,ok,0.0043833335,21.729,S,Transformer,gpu,g4dn
batch_gpu,g4dn.xlarge,Transformer,OneHotEncoder,"{""encode_components"": [""base""]}","{""d_model"": 128, ""dim_feedforward"": 128, ""dropout"": 0, ""nhead"": 2, ""num_layers"": 2}",immune_modulation_TLR7,192,nucleobase,1,2.2425099589999604,0.5887903120000146,1.2836202029999981,0.01845290500000374,0.008837282999991203,1495.330816,27.85792,27.0,cuda:Tesla T4,"[143, 20, 5]",143.0,49.0,ok,0.0043833335,21.729,S,Transformer,gpu,g4dn
batch_gpu,g4dn.xlarge,Transformer,OneHotEncoder,"{""encode_components"": [""base""]}","{""d_model"": 128, ""dim_feedforward"": 128, ""dropout"": 0, ""nhead"": 2, ""num_layers"": 2}",immune_modulation_TLR7,192,nucleobase,2,2.7426571170000216,0.5880079070000193,1.7861853780000274,0.015587532999973064,0.008837282999991203,1489.2032,27.85792,38.0,cuda:Tesla T4,"[147, 20, 5]",147.0,45.0,ok,0.0043833335,21.729,S,Transformer,gpu,g4dn
batch_gpu,g4dn.xlarge,Transformer,OneHotEncoder,"{""encode_components"": [""base""]}","{""d_model"": 128, ""dim_feedforward"": 128, ""dropout"": 0, ""nhead"": 2, ""num_layers"": 2}",immune_modulation_TLR7,192,nucleobase,3,1.9869814649999853,0.5870500249999964,1.037000857999999,0.018992086000025665,0.008837282999991203,1486.528512,27.85792,22.0,cuda:Tesla T4,"[149, 20, 5]",149.0,43.0,ok,0.0043833335,21.729,S,Transformer,gpu,g4dn
batch_gpu,g4dn.xlarge,Transformer,OneHotEncoder,"{""encode_components"": [""base""]}","{""d_model"": 128, ""dim_feedforward"": 128, ""dropout"": 0, ""nhead"": 2, ""num_layers"": 2}",immune_modulation_TLR7,192,nucleobase,4,1.3303707279999912,0.6066948969999544,0.3481707160000269,0.029193427999985033,0.008837282999991203,1497.124864,27.85792,6.0,cuda:Tesla T4,"[162, 20, 5]",162.0,30.0,ok,0.0043833335,21.729,S,Transformer,gpu,g4dn
batch_gpu,g4dn.xlarge,Transformer,OneHotEncoder,"{""encode_components"": [""base""]}","{""d_model"": 128, ""dim_feedforward"": 128, ""dropout"": 0, ""nhead"": 2, ""num_layers"": 2}",immune_modulation_TLR7,192,nucleobase,0,4.453967015999979,0.6002749109999854,3.4350467369999933,0.02244922500000257,0.008837282999991203,1475.047424,27.857408,44.0,cuda:Tesla T4,"[156, 20, 5]",156.0,36.0,ok,0.0043833335,21.729,S,Transformer,gpu,g4dn
batch_gpu,g4dn.xlarge,Transformer,OneHotEncoder,"{""encode_components"": [""base""]}","{""d_model"": 128, ""dim_feedforward"": 128, ""dropout"": 0, ""nhead"": 2, ""num_layers"": 2}",immune_modulation_TLR7,192,nucleobase,1,2.2425099589999604,0.5887903120000146,1.2836202029999981,0.01845290500000374,0.008837282999991203,1495.330816,27.85792,27.0,cuda:Tesla T4,"[143, 20, 5]",143.0,49.0,ok,0.0043833335,21.729,S,Transformer,gpu,g4dn
batch_gpu,g4dn.xlarge,Transformer,OneHotEncoder,"{""encode_components"": [""base""]}","{""d_model"": 128, ""dim_feedforward"": 128, ""dropout"": 0, ""nhead"": 2, ""num_layers"": 2}",immune_modulation_TLR7,192,nucleobase,2,2.7426571170000216,0.5880079070000193,1.7861853780000274,0.015587532999973064,0.008837282999991203,1489.2032,27.85792,38.0,cuda:Tesla T4,"[147, 20, 5]",147.0,45.0,ok,0.0043833335,21.729,S,Transformer,gpu,g4dn
batch_gpu,g4dn.xlarge,Transformer,OneHotEncoder,"{""encode_components"": [""base""]}","{""d_model"": 128, ""dim_feedforward"": 128, ""dropout"": 0, ""nhead"": 2, ""num_layers"": 2}",immune_modulation_TLR7,192,nucleobase,3,1.9869814649999853,0.5870500249999964,1.037000857999999,0.018992086000025665,0.008837282999991203,1486.528512,27.85792,22.0,cuda:Tesla T4,"[149, 20, 5]",149.0,43.0,ok,0.0043833335,21.729,S,Transformer,gpu,g4dn
batch_gpu,g4dn.xlarge,Transformer,OneHotEncoder,"{""encode_components"": [""base""]}","{""d_model"": 128, ""dim_feedforward"": 128, ""dropout"": 0, ""nhead"": 2, ""num_layers"": 2}",immune_modulation_TLR7,192,nucleobase,4,1.3303707279999912,0.6066948969999544,0.3481707160000269,0.029193427999985033,0.008837282999991203,1497.124864,27.85792,6.0,cuda:Tesla T4,"[162, 20, 5]",162.0,30.0,ok,0.0043833335,21.729,S,Transformer,gpu,g4dn
batch_gpu,g4dn.xlarge,CNN,RNAFMEmbeddings,{},"{""depth"": 2, ""hidden_dim"": 64, ""kernel_size"": 5, ""pooling_operation"": ""max""}",immune_modulation_TLR7,192,random,0,4.068906453000011,2.5475934130000155,1.5017834939999943,0.016845606000003954,0.008095335999996678,2555.224064,710.795776,38.0,cuda:Tesla T4,"[154, 20, 640]",154.0,38.0,ok,0.0045294446,23.767,S,RNA-FM + CNN,gpu,g4dn
batch_gpu,g4dn.xlarge,CNN,RNAFMEmbeddings,{},"{""depth"": 2, ""hidden_dim"": 64, ""kernel_size"": 5, ""pooling_operation"": ""max""}",immune_modulation_TLR7,192,random,1,3.803013744999987,2.2793365449999783,1.5063222499999824,0.015251659000000473,0.008095335999996678,3338.350592,710.796288,49.0,cuda:Tesla T4,"[154, 20, 640]",154.0,38.0,ok,0.0045294446,23.767,S,RNA-FM + CNN,gpu,g4dn
batch_gpu,g4dn.xlarge,CNN,RNAFMEmbeddings,{},"{""depth"": 2, ""hidden_dim"": 64, ""kernel_size"": 5, ""pooling_operation"": ""max""}",immune_modulation_TLR7,192,random,2,2.4910324610000316,2.199727709000001,0.273654869999973,0.015493805000005523,0.008095335999996678,3351.834624,710.796288,8.0,cuda:Tesla T4,"[154, 20, 640]",154.0,38.0,ok,0.0045294446,23.767,S,RNA-FM + CNN,gpu,g4dn
batch_gpu,g4dn.xlarge,CNN,RNAFMEmbeddings,{},"{""depth"": 2, ""hidden_dim"": 64, ""kernel_size"": 5, ""pooling_operation"": ""max""}",immune_modulation_TLR7,192,random,3,2.314706317999992,1.838191366999979,0.4646293490000062,0.009663729000010335,0.008095335999996678,3363.966976,710.796288,14.0,cuda:Tesla T4,"[154, 20, 640]",154.0,38.0,ok,0.0045294446,23.767,S,RNA-FM + CNN,gpu,g4dn
batch_gpu,g4dn.xlarge,CNN,RNAFMEmbeddings,{},"{""depth"": 2, ""hidden_dim"": 64, ""kernel_size"": 5, ""pooling_operation"": ""max""}",immune_modulation_TLR7,192,random,4,2.7482087999999862,1.8826140740000028,0.8478023600000029,0.015575242000011258,0.008095335999996678,3364.225024,710.7968,26.0,cuda:Tesla T4,"[154, 20, 640]",154.0,38.0,ok,0.0045294446,23.767,S,RNA-FM + CNN,gpu,g4dn
batch_gpu,g4dn.xlarge,CNN,RNAFMEmbeddings,{},"{""depth"": 2, ""hidden_dim"": 64, ""kernel_size"": 5, ""pooling_operation"": ""max""}",immune_modulation_TLR7,192,random,0,4.068906453000011,2.5475934130000155,1.5017834939999943,0.016845606000003954,0.008095335999996678,2555.224064,710.795776,38.0,cuda:Tesla T4,"[154, 20, 640]",154.0,38.0,ok,0.0045294446,23.767,S,RNA-FM + CNN,gpu,g4dn
batch_gpu,g4dn.xlarge,CNN,RNAFMEmbeddings,{},"{""depth"": 2, ""hidden_dim"": 64, ""kernel_size"": 5, ""pooling_operation"": ""max""}",immune_modulation_TLR7,192,random,1,3.803013744999987,2.2793365449999783,1.5063222499999824,0.015251659000000473,0.008095335999996678,3338.350592,710.796288,49.0,cuda:Tesla T4,"[154, 20, 640]",154.0,38.0,ok,0.0045294446,23.767,S,RNA-FM + CNN,gpu,g4dn
batch_gpu,g4dn.xlarge,CNN,RNAFMEmbeddings,{},"{""depth"": 2, ""hidden_dim"": 64, ""kernel_size"": 5, ""pooling_operation"": ""max""}",immune_modulation_TLR7,192,random,2,2.4910324610000316,2.199727709000001,0.273654869999973,0.015493805000005523,0.008095335999996678,3351.834624,710.796288,8.0,cuda:Tesla T4,"[154, 20, 640]",154.0,38.0,ok,0.0045294446,23.767,S,RNA-FM + CNN,gpu,g4dn
batch_gpu,g4dn.xlarge,CNN,RNAFMEmbeddings,{},"{""depth"": 2, ""hidden_dim"": 64, ""kernel_size"": 5, ""pooling_operation"": ""max""}",immune_modulation_TLR7,192,random,3,2.314706317999992,1.838191366999979,0.4646293490000062,0.009663729000010335,0.008095335999996678,3363.966976,710.796288,14.0,cuda:Tesla T4,"[154, 20, 640]",154.0,38.0,ok,0.0045294446,23.767,S,RNA-FM + CNN,gpu,g4dn
batch_gpu,g4dn.xlarge,CNN,RNAFMEmbeddings,{},"{""depth"": 2, ""hidden_dim"": 64, ""kernel_size"": 5, ""pooling_operation"": ""max""}",immune_modulation_TLR7,192,random,4,2.7482087999999862,1.8826140740000028,0.8478023600000029,0.015575242000011258,0.008095335999996678,3364.225024,710.7968,26.0,cuda:Tesla T4,"[154, 20, 640]",154.0,38.0,ok,0.0045294446,23.767,S,RNA-FM + CNN,gpu,g4dn
batch_gpu,g4dn.xlarge,Transformer,RNAFMEmbeddings,"{""flatten"": false}","{""d_model"": 64, ""dim_feedforward"": 64, ""dropout"": 0.25, ""nhead"": 4, ""num_layers"": 1}",immune_modulation_TLR7,192,random,0,4.3853589479999755,2.851636591999977,1.5220062739999776,0.008867518000045038,0.010631589000013264,2555.113472,710.795776,35.0,cuda:Tesla T4,"[154, 20, 640]",154.0,38.0,ok,0.0042372224,25.302,S,RNA-FM + Transformer,gpu,g4dn
batch_gpu,g4dn.xlarge,Transformer,RNAFMEmbeddings,"{""flatten"": false}","{""d_model"": 64, ""dim_feedforward"": 64, ""dropout"": 0.25, ""nhead"": 4, ""num_layers"": 1}",immune_modulation_TLR7,192,random,1,4.845616411000037,2.3038657159999616,2.5272487199999887,0.011076934000016081,0.010631589000013264,3232.64512,710.796288,69.0,cuda:Tesla T4,"[154, 20, 640]",154.0,38.0,ok,0.0042372224,25.302,S,RNA-FM + Transformer,gpu,g4dn
batch_gpu,g4dn.xlarge,Transformer,RNAFMEmbeddings,"{""flatten"": false}","{""d_model"": 64, ""dim_feedforward"": 64, ""dropout"": 0.25, ""nhead"": 4, ""num_layers"": 1}",immune_modulation_TLR7,192,random,2,2.6226444919999494,2.2221168579999926,0.3912455319999708,0.006533094000019446,0.010631589000013264,3237.019648,710.796288,10.0,cuda:Tesla T4,"[154, 20, 640]",154.0,38.0,ok,0.0042372224,25.302,S,RNA-FM + Transformer,gpu,g4dn
batch_gpu,g4dn.xlarge,Transformer,RNAFMEmbeddings,"{""flatten"": false}","{""d_model"": 64, ""dim_feedforward"": 64, ""dropout"": 0.25, ""nhead"": 4, ""num_layers"": 1}",immune_modulation_TLR7,192,random,3,2.4345856790000084,2.159509557999968,0.26479097200001434,0.006630242999960956,0.010631589000013264,3238.498304,710.796288,6.0,cuda:Tesla T4,"[154, 20, 640]",154.0,38.0,ok,0.0042372224,25.302,S,RNA-FM + Transformer,gpu,g4dn
batch_gpu,g4dn.xlarge,Transformer,RNAFMEmbeddings,"{""flatten"": false}","{""d_model"": 64, ""dim_feedforward"": 64, ""dropout"": 0.25, ""nhead"": 4, ""num_layers"": 1}",immune_modulation_TLR7,192,random,4,2.3361233599999878,1.89026499900001,0.4362398879999887,0.006715880999990986,0.010631589000013264,3250.016256,710.796288,11.0,cuda:Tesla T4,"[154, 20, 640]",154.0,38.0,ok,0.0042372224,25.302,S,RNA-FM + Transformer,gpu,g4dn
batch_gpu,g4dn.xlarge,Transformer,RNAFMEmbeddings,"{""flatten"": false}","{""d_model"": 64, ""dim_feedforward"": 64, ""dropout"": 0.25, ""nhead"": 4, ""num_layers"": 1}",immune_modulation_TLR7,192,random,0,4.3853589479999755,2.851636591999977,1.5220062739999776,0.008867518000045038,0.010631589000013264,2555.113472,710.795776,35.0,cuda:Tesla T4,"[154, 20, 640]",154.0,38.0,ok,0.0042372224,25.302,S,RNA-FM + Transformer,gpu,g4dn
batch_gpu,g4dn.xlarge,Transformer,RNAFMEmbeddings,"{""flatten"": false}","{""d_model"": 64, ""dim_feedforward"": 64, ""dropout"": 0.25, ""nhead"": 4, ""num_layers"": 1}",immune_modulation_TLR7,192,random,1,4.845616411000037,2.3038657159999616,2.5272487199999887,0.011076934000016081,0.010631589000013264,3232.64512,710.796288,69.0,cuda:Tesla T4,"[154, 20, 640]",154.0,38.0,ok,0.0042372224,25.302,S,RNA-FM + Transformer,gpu,g4dn
batch_gpu,g4dn.xlarge,Transformer,RNAFMEmbeddings,"{""flatten"": false}","{""d_model"": 64, ""dim_feedforward"": 64, ""dropout"": 0.25, ""nhead"": 4, ""num_layers"": 1}",immune_modulation_TLR7,192,random,2,2.6226444919999494,2.2221168579999926,0.3912455319999708,0.006533094000019446,0.010631589000013264,3237.019648,710.796288,10.0,cuda:Tesla T4,"[154, 20, 640]",154.0,38.0,ok,0.0042372224,25.302,S,RNA-FM + Transformer,gpu,g4dn
batch_gpu,g4dn.xlarge,Transformer,RNAFMEmbeddings,"{""flatten"": false}","{""d_model"": 64, ""dim_feedforward"": 64, ""dropout"": 0.25, ""nhead"": 4, ""num_layers"": 1}",immune_modulation_TLR7,192,random,3,2.4345856790000084,2.159509557999968,0.26479097200001434,0.006630242999960956,0.010631589000013264,3238.498304,710.796288,6.0,cuda:Tesla T4,"[154, 20, 640]",154.0,38.0,ok,0.0042372224,25.302,S,RNA-FM + Transformer,gpu,g4dn
batch_gpu,g4dn.xlarge,Transformer,RNAFMEmbeddings,"{""flatten"": false}","{""d_model"": 64, ""dim_feedforward"": 64, ""dropout"": 0.25, ""nhead"": 4, ""num_layers"": 1}",immune_modulation_TLR7,192,random,4,2.3361233599999878,1.89026499900001,0.4362398879999887,0.006715880999990986,0.010631589000013264,3250.016256,710.796288,11.0,cuda:Tesla T4,"[154, 20, 640]",154.0,38.0,ok,0.0042372224,25.302,S,RNA-FM + Transformer,gpu,g4dn
batch_gpu,g4dn.xlarge,Transformer,RNAFMEmbeddings,"{""flatten"": false}","{""d_model"": 128, ""dim_feedforward"": 64, ""dropout"": 0, ""nhead"": 2, ""num_layers"": 2}",immune_modulation_TLR7,192,random,0,5.326099496999973,2.64158182999995,2.6431390289999968,0.03674026499999172,0.008488467000006494,2558.48448,710.795776,47.0,cuda:Tesla T4,"[154, 20, 640]",154.0,38.0,ok,0.0058444447,27.348,S,RNA-FM + Transformer,gpu,g4dn
batch_gpu,g4dn.xlarge,Transformer,RNAFMEmbeddings,"{""flatten"": false}","{""d_model"": 128, ""dim_feedforward"": 64, ""dropout"": 0, ""nhead"": 2, ""num_layers"": 2}",immune_modulation_TLR7,192,random,1,4.554473400999996,2.314240412999993,2.219618423999975,0.016195745000004536,0.008488467000006494,3204.476928,710.796288,42.0,cuda:Tesla T4,"[154, 20, 640]",154.0,38.0,ok,0.0058444447,27.348,S,RNA-FM + Transformer,gpu,g4dn
batch_gpu,g4dn.xlarge,Transformer,RNAFMEmbeddings,"{""flatten"": false}","{""d_model"": 128, ""dim_feedforward"": 64, ""dropout"": 0, ""nhead"": 2, ""num_layers"": 2}",immune_modulation_TLR7,192,random,2,2.6230117030000315,1.984261899000046,0.606308295999952,0.027713375000018914,0.008488467000006494,3222.634496,710.7968,11.0,cuda:Tesla T4,"[154, 20, 640]",154.0,38.0,ok,0.0058444447,27.348,S,RNA-FM + Transformer,gpu,g4dn
batch_gpu,g4dn.xlarge,Transformer,RNAFMEmbeddings,"{""flatten"": false}","{""d_model"": 128, ""dim_feedforward"": 64, ""dropout"": 0, ""nhead"": 2, ""num_layers"": 2}",immune_modulation_TLR7,192,random,3,2.60199460299998,2.0144355940000196,0.5663501980000092,0.016233919999990576,0.008488467000006494,3224.805376,710.7968,10.0,cuda:Tesla T4,"[154, 20, 640]",154.0,38.0,ok,0.0058444447,27.348,S,RNA-FM + Transformer,gpu,g4dn
batch_gpu,g4dn.xlarge,Transformer,RNAFMEmbeddings,"{""flatten"": false}","{""d_model"": 128, ""dim_feedforward"": 64, ""dropout"": 0, ""nhead"": 2, ""num_layers"": 2}",immune_modulation_TLR7,192,random,4,3.8093398320000347,2.0251709049999818,1.7517967239999734,0.027951502000007622,0.008488467000006494,3226.423296,710.7968,33.0,cuda:Tesla T4,"[154, 20, 640]",154.0,38.0,ok,0.0058444447,27.348,S,RNA-FM + Transformer,gpu,g4dn
batch_gpu,g4dn.xlarge,Transformer,RNAFMEmbeddings,"{""flatten"": false}","{""d_model"": 128, ""dim_feedforward"": 64, ""dropout"": 0, ""nhead"": 2, ""num_layers"": 2}",immune_modulation_TLR7,192,random,0,5.326099496999973,2.64158182999995,2.6431390289999968,0.03674026499999172,0.008488467000006494,2558.48448,710.795776,47.0,cuda:Tesla T4,"[154, 20, 640]",154.0,38.0,ok,0.0058444447,27.348,S,RNA-FM + Transformer,gpu,g4dn
batch_gpu,g4dn.xlarge,Transformer,RNAFMEmbeddings,"{""flatten"": false}","{""d_model"": 128, ""dim_feedforward"": 64, ""dropout"": 0, ""nhead"": 2, ""num_layers"": 2}",immune_modulation_TLR7,192,random,1,4.554473400999996,2.314240412999993,2.219618423999975,0.016195745000004536,0.008488467000006494,3204.476928,710.796288,42.0,cuda:Tesla T4,"[154, 20, 640]",154.0,38.0,ok,0.0058444447,27.348,S,RNA-FM + Transformer,gpu,g4dn
batch_gpu,g4dn.xlarge,Transformer,RNAFMEmbeddings,"{""flatten"": false}","{""d_model"": 128, ""dim_feedforward"": 64, ""dropout"": 0, ""nhead"": 2, ""num_layers"": 2}",immune_modulation_TLR7,192,random,2,2.6230117030000315,1.984261899000046,0.606308295999952,0.027713375000018914,0.008488467000006494,3222.634496,710.7968,11.0,cuda:Tesla T4,"[154, 20, 640]",154.0,38.0,ok,0.0058444447,27.348,S,RNA-FM + Transformer,gpu,g4dn
batch_gpu,g4dn.xlarge,Transformer,RNAFMEmbeddings,"{""flatten"": false}","{""d_model"": 128, ""dim_feedforward"": 64, ""dropout"": 0, ""nhead"": 2, ""num_layers"": 2}",immune_modulation_TLR7,192,random,3,2.60199460299998,2.0144355940000196,0.5663501980000092,0.016233919999990576,0.008488467000006494,3224.805376,710.7968,10.0,cuda:Tesla T4,"[154, 20, 640]",154.0,38.0,ok,0.0058444447,27.348,S,RNA-FM + Transformer,gpu,g4dn
batch_gpu,g4dn.xlarge,Transformer,RNAFMEmbeddings,"{""flatten"": false}","{""d_model"": 128, ""dim_feedforward"": 64, ""dropout"": 0, ""nhead"": 2, ""num_layers"": 2}",immune_modulation_TLR7,192,random,4,3.8093398320000347,2.0251709049999818,1.7517967239999734,0.027951502000007622,0.008488467000006494,3226.423296,710.7968,33.0,cuda:Tesla T4,"[154, 20, 640]",154.0,38.0,ok,0.0058444447,27.348,S,RNA-FM + Transformer,gpu,g4dn
batch_gpu,g4dn.xlarge,MLP,KMersCounts,"{""k"": [1, 2, 3], ""modification_abundance"": false}","{""dropout"": 0.25, ""hidden_dims"": [64]}",sherwood,291551,random,0,584.835550458,480.957622846,102.88042513200003,0.9720481189999646,5.010519708000004,2516.824064,17.17248,6.0,cuda:Tesla T4,"[233241, 84]",233241.0,58310.0,ok,0.4704777982,3211.488,XL,MLP,gpu,g4dn
batch_gpu,g4dn.xlarge,MLP,KMersCounts,"{""k"": [1, 2, 3], ""modification_abundance"": false}","{""dropout"": 0.25, ""hidden_dims"": [64]}",sherwood,291551,random,1,583.8015160999998,481.46624396599987,101.53561810500014,0.7519059060000473,5.010519708000004,2966.859776,17.17248,6.0,cuda:Tesla T4,"[233241, 84]",233241.0,58310.0,ok,0.4704777982,3211.488,XL,MLP,gpu,g4dn
batch_gpu,g4dn.xlarge,MLP,KMersCounts,"{""k"": [1, 2, 3], ""modification_abundance"": false}","{""dropout"": 0.25, ""hidden_dims"": [64]}",sherwood,291551,random,2,682.3515651340001,480.1064279080001,201.2280138189999,0.9712522470003933,5.010519708000004,2978.095104,17.17248,12.0,cuda:Tesla T4,"[233241, 84]",233241.0,58310.0,ok,0.4704777982,3211.488,XL,MLP,gpu,g4dn
batch_gpu,g4dn.xlarge,MLP,KMersCounts,"{""k"": [1, 2, 3], ""modification_abundance"": false}","{""dropout"": 0.25, ""hidden_dims"": [64]}",sherwood,291551,random,3,681.246134553,478.87035155700005,201.5821822910002,0.7458870320001552,5.010519708000004,3049.086976,17.17248,12.0,cuda:Tesla T4,"[233241, 84]",233241.0,58310.0,ok,0.4704777982,3211.488,XL,MLP,gpu,g4dn
batch_gpu,g4dn.xlarge,MLP,KMersCounts,"{""k"": [1, 2, 3], ""modification_abundance"": false}","{""dropout"": 0.25, ""hidden_dims"": [64]}",sherwood,291551,random,4,665.4629244869998,479.145494073,185.30668058999981,0.9630218649999733,5.010519708000004,2994.880512,17.17248,11.0,cuda:Tesla T4,"[233241, 84]",233241.0,58310.0,ok,0.4704777982,3211.488,XL,MLP,gpu,g4dn
batch_gpu,g4dn.xlarge,MLP,KMersCounts,"{""k"": [1, 2, 3], ""modification_abundance"": false}","{""dropout"": 0.25, ""hidden_dims"": [64]}",sherwood,291551,random,0,584.835550458,480.957622846,102.88042513200003,0.9720481189999646,5.010519708000004,2516.824064,17.17248,6.0,cuda:Tesla T4,"[233241, 84]",233241.0,58310.0,ok,0.4704777982,3211.488,XL,MLP,gpu,g4dn
batch_gpu,g4dn.xlarge,MLP,KMersCounts,"{""k"": [1, 2, 3], ""modification_abundance"": false}","{""dropout"": 0.25, ""hidden_dims"": [64]}",sherwood,291551,random,1,583.8015160999998,481.46624396599987,101.53561810500014,0.7519059060000473,5.010519708000004,2966.859776,17.17248,6.0,cuda:Tesla T4,"[233241, 84]",233241.0,58310.0,ok,0.4704777982,3211.488,XL,MLP,gpu,g4dn
batch_gpu,g4dn.xlarge,MLP,KMersCounts,"{""k"": [1, 2, 3], ""modification_abundance"": false}","{""dropout"": 0.25, ""hidden_dims"": [64]}",sherwood,291551,random,2,682.3515651340001,480.1064279080001,201.2280138189999,0.9712522470003933,5.010519708000004,2978.095104,17.17248,12.0,cuda:Tesla T4,"[233241, 84]",233241.0,58310.0,ok,0.4704777982,3211.488,XL,MLP,gpu,g4dn
batch_gpu,g4dn.xlarge,MLP,KMersCounts,"{""k"": [1, 2, 3], ""modification_abundance"": false}","{""dropout"": 0.25, ""hidden_dims"": [64]}",sherwood,291551,random,3,681.246134553,478.87035155700005,201.5821822910002,0.7458870320001552,5.010519708000004,3049.086976,17.17248,12.0,cuda:Tesla T4,"[233241, 84]",233241.0,58310.0,ok,0.4704777982,3211.488,XL,MLP,gpu,g4dn
batch_gpu,g4dn.xlarge,MLP,KMersCounts,"{""k"": [1, 2, 3], ""modification_abundance"": false}","{""dropout"": 0.25, ""hidden_dims"": [64]}",sherwood,291551,random,4,665.4629244869998,479.145494073,185.30668058999981,0.9630218649999733,5.010519708000004,2994.880512,17.17248,11.0,cuda:Tesla T4,"[233241, 84]",233241.0,58310.0,ok,0.4704777982,3211.488,XL,MLP,gpu,g4dn
batch_gpu,g4dn.xlarge,MLP,KMersCounts,"{""k"": [1, 2, 3], ""modification_abundance"": true}","{""dropout"": 0, ""hidden_dims"": [128, 128]}",sherwood,291551,random,0,880.9079685940001,632.139011758,246.68460864500003,2.058871896000028,4.980925665000029,2522.959872,17.618432,14.0,cuda:Tesla T4,"[233241, 87]",233241.0,58310.0,ok,0.635583361,4345.372,XL,MLP,gpu,g4dn
batch_gpu,g4dn.xlarge,MLP,KMersCounts,"{""k"": [1, 2, 3], ""modification_abundance"": true}","{""dropout"": 0, ""hidden_dims"": [128, 128]}",sherwood,291551,random,1,792.946956042,630.984778671,160.0571674989999,1.8579249809999965,4.980925665000029,3005.87008,17.618432,9.0,cuda:Tesla T4,"[233241, 87]",233241.0,58310.0,ok,0.635583361,4345.372,XL,MLP,gpu,g4dn
batch_gpu,g4dn.xlarge,MLP,KMersCounts,"{""k"": [1, 2, 3], ""modification_abundance"": true}","{""dropout"": 0, ""hidden_dims"": [128, 128]}",sherwood,291551,random,2,1002.2493572299998,630.5831364149999,369.7942627970001,1.8217182869998396,4.980925665000029,3016.310784,17.618432,21.0,cuda:Tesla T4,"[233241, 87]",233241.0,58310.0,ok,0.635583361,4345.372,XL,MLP,gpu,g4dn
batch_gpu,g4dn.xlarge,MLP,KMersCounts,"{""k"": [1, 2, 3], ""modification_abundance"": true}","{""dropout"": 0, ""hidden_dims"": [128, 128]}",sherwood,291551,random,3,776.728119551,631.789032145,142.76122381200003,2.126222205999966,4.980925665000029,3003.772928,17.618432,8.0,cuda:Tesla T4,"[233241, 87]",233241.0,58310.0,ok,0.635583361,4345.372,XL,MLP,gpu,g4dn
batch_gpu,g4dn.xlarge,MLP,KMersCounts,"{""k"": [1, 2, 3], ""modification_abundance"": true}","{""dropout"": 0, ""hidden_dims"": [128, 128]}",sherwood,291551,random,4,878.6479406950002,629.7681867319998,246.78634786699968,2.0442497560006814,4.980925665000029,3038.470144,17.618432,14.0,cuda:Tesla T4,"[233241, 87]",233241.0,58310.0,ok,0.635583361,4345.372,XL,MLP,gpu,g4dn
batch_gpu,g4dn.xlarge,MLP,KMersCounts,"{""k"": [1, 2, 3], ""modification_abundance"": true}","{""dropout"": 0, ""hidden_dims"": [128, 128]}",sherwood,291551,random,0,880.9079685940001,632.139011758,246.68460864500003,2.058871896000028,4.980925665000029,2522.959872,17.618432,14.0,cuda:Tesla T4,"[233241, 87]",233241.0,58310.0,ok,0.635583361,4345.372,XL,MLP,gpu,g4dn
batch_gpu,g4dn.xlarge,MLP,KMersCounts,"{""k"": [1, 2, 3], ""modification_abundance"": true}","{""dropout"": 0, ""hidden_dims"": [128, 128]}",sherwood,291551,random,1,792.946956042,630.984778671,160.0571674989999,1.8579249809999965,4.980925665000029,3005.87008,17.618432,9.0,cuda:Tesla T4,"[233241, 87]",233241.0,58310.0,ok,0.635583361,4345.372,XL,MLP,gpu,g4dn
batch_gpu,g4dn.xlarge,MLP,KMersCounts,"{""k"": [1, 2, 3], ""modification_abundance"": true}","{""dropout"": 0, ""hidden_dims"": [128, 128]}",sherwood,291551,random,2,1002.2493572299998,630.5831364149999,369.7942627970001,1.8217182869998396,4.980925665000029,3016.310784,17.618432,21.0,cuda:Tesla T4,"[233241, 87]",233241.0,58310.0,ok,0.635583361,4345.372,XL,MLP,gpu,g4dn
batch_gpu,g4dn.xlarge,MLP,KMersCounts,"{""k"": [1, 2, 3], ""modification_abundance"": true}","{""dropout"": 0, ""hidden_dims"": [128, 128]}",sherwood,291551,random,3,776.728119551,631.789032145,142.76122381200003,2.126222205999966,4.980925665000029,3003.772928,17.618432,8.0,cuda:Tesla T4,"[233241, 87]",233241.0,58310.0,ok,0.635583361,4345.372,XL,MLP,gpu,g4dn
batch_gpu,g4dn.xlarge,MLP,KMersCounts,"{""k"": [1, 2, 3], ""modification_abundance"": true}","{""dropout"": 0, ""hidden_dims"": [128, 128]}",sherwood,291551,random,4,878.6479406950002,629.7681867319998,246.78634786699968,2.0442497560006814,4.980925665000029,3038.470144,17.618432,14.0,cuda:Tesla T4,"[233241, 87]",233241.0,58310.0,ok,0.635583361,4345.372,XL,MLP,gpu,g4dn
batch_gpu,g4dn.xlarge,CNN,OneHotEncoder,"{""encode_components"": [""base""]}","{""depth"": 2, ""hidden_dim"": 64, ""kernel_size"": 5, ""pooling_operation"": ""avg""}",sherwood,291551,random,0,1046.002113128,811.880185901,232.06645946999993,2.0249093439999797,5.124635105999971,3201.26976,17.851392,12.0,cuda:Tesla T4,"[233241, 22, 4]",233241.0,58310.0,ok,0.7406372545,5067.277,XL,CNN,gpu,g4dn
batch_gpu,g4dn.xlarge,CNN,OneHotEncoder,"{""encode_components"": [""base""]}","{""depth"": 2, ""hidden_dim"": 64, ""kernel_size"": 5, ""pooling_operation"": ""avg""}",sherwood,291551,random,1,995.775003169,810.4136447930002,175.2909258730001,10.020872423000128,5.124635105999971,3881.295872,17.851392,9.0,cuda:Tesla T4,"[233241, 22, 4]",233241.0,58310.0,ok,0.7406372545,5067.277,XL,CNN,gpu,g4dn
batch_gpu,g4dn.xlarge,CNN,OneHotEncoder,"{""encode_components"": [""base""]}","{""depth"": 2, ""hidden_dim"": 64, ""kernel_size"": 5, ""pooling_operation"": ""avg""}",sherwood,291551,random,2,969.6935376910001,811.5555632189999,155.98819276799986,2.097362621999764,5.124635105999971,3834.73664,17.851392,8.0,cuda:Tesla T4,"[233241, 22, 4]",233241.0,58310.0,ok,0.7406372545,5067.277,XL,CNN,gpu,g4dn
batch_gpu,g4dn.xlarge,CNN,OneHotEncoder,"{""encode_components"": [""base""]}","{""depth"": 2, ""hidden_dim"": 64, ""kernel_size"": 5, ""pooling_operation"": ""avg""}",sherwood,291551,random,3,1103.5400926630005,810.2532274439995,291.06012626900065,2.177623028999733,5.124635105999971,3865.088,17.851392,15.0,cuda:Tesla T4,"[233241, 22, 4]",233241.0,58310.0,ok,0.7406372545,5067.277,XL,CNN,gpu,g4dn
batch_gpu,g4dn.xlarge,CNN,OneHotEncoder,"{""encode_components"": [""base""]}","{""depth"": 2, ""hidden_dim"": 64, ""kernel_size"": 5, ""pooling_operation"": ""avg""}",sherwood,291551,random,4,937.5723486860006,812.6272778000002,117.03552923200004,7.860441842,5.124635105999971,3873.05472,17.851392,6.0,cuda:Tesla T4,"[233241, 22, 4]",233241.0,58310.0,ok,0.7406372545,5067.277,XL,CNN,gpu,g4dn
batch_gpu,g4dn.xlarge,CNN,OneHotEncoder,"{""encode_components"": [""base""]}","{""depth"": 2, ""hidden_dim"": 64, ""kernel_size"": 5, ""pooling_operation"": ""avg""}",sherwood,291551,random,0,1046.002113128,811.880185901,232.06645946999993,2.0249093439999797,5.124635105999971,3201.26976,17.851392,12.0,cuda:Tesla T4,"[233241, 22, 4]",233241.0,58310.0,ok,0.7406372545,5067.277,XL,CNN,gpu,g4dn
batch_gpu,g4dn.xlarge,CNN,OneHotEncoder,"{""encode_components"": [""base""]}","{""depth"": 2, ""hidden_dim"": 64, ""kernel_size"": 5, ""pooling_operation"": ""avg""}",sherwood,291551,random,1,995.775003169,810.4136447930002,175.2909258730001,10.020872423000128,5.124635105999971,3881.295872,17.851392,9.0,cuda:Tesla T4,"[233241, 22, 4]",233241.0,58310.0,ok,0.7406372545,5067.277,XL,CNN,gpu,g4dn
batch_gpu,g4dn.xlarge,CNN,OneHotEncoder,"{""encode_components"": [""base""]}","{""depth"": 2, ""hidden_dim"": 64, ""kernel_size"": 5, ""pooling_operation"": ""avg""}",sherwood,291551,random,2,969.6935376910001,811.5555632189999,155.98819276799986,2.097362621999764,5.124635105999971,3834.73664,17.851392,8.0,cuda:Tesla T4,"[233241, 22, 4]",233241.0,58310.0,ok,0.7406372545,5067.277,XL,CNN,gpu,g4dn
batch_gpu,g4dn.xlarge,CNN,OneHotEncoder,"{""encode_components"": [""base""]}","{""depth"": 2, ""hidden_dim"": 64, ""kernel_size"": 5, ""pooling_operation"": ""avg""}",sherwood,291551,random,3,1103.5400926630005,810.2532274439995,291.06012626900065,2.177623028999733,5.124635105999971,3865.088,17.851392,15.0,cuda:Tesla T4,"[233241, 22, 4]",233241.0,58310.0,ok,0.7406372545,5067.277,XL,CNN,gpu,g4dn
batch_gpu,g4dn.xlarge,CNN,OneHotEncoder,"{""encode_components"": [""base""]}","{""depth"": 2, ""hidden_dim"": 64, ""kernel_size"": 5, ""pooling_operation"": ""avg""}",sherwood,291551,random,4,937.5723486860006,812.6272778000002,117.03552923200004,7.860441842,5.124635105999971,3873.05472,17.851392,6.0,cuda:Tesla T4,"[233241, 22, 4]",233241.0,58310.0,ok,0.7406372545,5067.277,XL,CNN,gpu,g4dn
batch_gpu,g4dn.2xlarge,GRU,OneHotEncoder,"{""encode_components"": [""base""]}","{""hidden_dim"": 32, ""num_layers"": 1}",sherwood,291551,random,0,1259.3887286880001,915.9031869300002,341.05205234999994,2.403161611000087,5.3285529489999135,3191.76704,28.025344,15.0,cuda:Tesla T4,"[233241, 22, 4]",233241.0,58310.0,ok,0.5755933136,5500.445,XL,GRU,gpu,g4dn
batch_gpu,g4dn.2xlarge,GRU,OneHotEncoder,"{""encode_components"": [""base""]}","{""hidden_dim"": 32, ""num_layers"": 1}",sherwood,291551,random,1,1053.702291997,914.1256108389998,137.09308959500004,2.433160873999441,5.3285529489999135,3713.052672,28.025344,6.0,cuda:Tesla T4,"[233241, 22, 4]",233241.0,58310.0,ok,0.5755933136,5500.445,XL,GRU,gpu,g4dn
batch_gpu,g4dn.2xlarge,GRU,OneHotEncoder,"{""encode_components"": [""base""]}","{""hidden_dim"": 32, ""num_layers"": 1}",sherwood,291551,random,2,1054.800525525,911.4678565160002,140.87314895500003,2.3954559900003005,5.3285529489999135,3743.166464,28.025344,6.0,cuda:Tesla T4,"[233241, 22, 4]",233241.0,58310.0,ok,0.5755933136,5500.445,XL,GRU,gpu,g4dn
batch_gpu,g4dn.2xlarge,GRU,OneHotEncoder,"{""encode_components"": [""base""]}","{""hidden_dim"": 32, ""num_layers"": 1}",sherwood,291551,random,3,1052.964242395,908.913064411,141.60549988399998,2.410642906999783,5.3285529489999135,3723.730944,28.025344,6.0,cuda:Tesla T4,"[233241, 22, 4]",233241.0,58310.0,ok,0.5755933136,5500.445,XL,GRU,gpu,g4dn
batch_gpu,g4dn.2xlarge,GRU,OneHotEncoder,"{""encode_components"": [""base""]}","{""hidden_dim"": 32, ""num_layers"": 1}",sherwood,291551,random,4,1064.5341621899997,925.4760411130001,136.58668961199965,2.437075217000711,5.3285529489999135,3739.373568,28.025344,6.0,cuda:Tesla T4,"[233241, 22, 4]",233241.0,58310.0,ok,0.5755933136,5500.445,XL,GRU,gpu,g4dn
batch_gpu,g4dn.2xlarge,GRU,OneHotEncoder,"{""encode_components"": [""base""]}","{""hidden_dim"": 32, ""num_layers"": 1}",sherwood,291551,random,0,1259.3887286880001,915.9031869300002,341.05205234999994,2.403161611000087,5.3285529489999135,3191.76704,28.025344,15.0,cuda:Tesla T4,"[233241, 22, 4]",233241.0,58310.0,ok,0.5755933136,5500.445,XL,GRU,gpu,g4dn
batch_gpu,g4dn.2xlarge,GRU,OneHotEncoder,"{""encode_components"": [""base""]}","{""hidden_dim"": 32, ""num_layers"": 1}",sherwood,291551,random,1,1053.702291997,914.1256108389998,137.09308959500004,2.433160873999441,5.3285529489999135,3713.052672,28.025344,6.0,cuda:Tesla T4,"[233241, 22, 4]",233241.0,58310.0,ok,0.5755933136,5500.445,XL,GRU,gpu,g4dn
batch_gpu,g4dn.2xlarge,GRU,OneHotEncoder,"{""encode_components"": [""base""]}","{""hidden_dim"": 32, ""num_layers"": 1}",sherwood,291551,random,2,1054.800525525,911.4678565160002,140.87314895500003,2.3954559900003005,5.3285529489999135,3743.166464,28.025344,6.0,cuda:Tesla T4,"[233241, 22, 4]",233241.0,58310.0,ok,0.5755933136,5500.445,XL,GRU,gpu,g4dn
batch_gpu,g4dn.2xlarge,GRU,OneHotEncoder,"{""encode_components"": [""base""]}","{""hidden_dim"": 32, ""num_layers"": 1}",sherwood,291551,random,3,1052.964242395,908.913064411,141.60549988399998,2.410642906999783,5.3285529489999135,3723.730944,28.025344,6.0,cuda:Tesla T4,"[233241, 22, 4]",233241.0,58310.0,ok,0.5755933136,5500.445,XL,GRU,gpu,g4dn
batch_gpu,g4dn.2xlarge,GRU,OneHotEncoder,"{""encode_components"": [""base""]}","{""hidden_dim"": 32, ""num_layers"": 1}",sherwood,291551,random,4,1064.5341621899997,925.4760411130001,136.58668961199965,2.437075217000711,5.3285529489999135,3739.373568,28.025344,6.0,cuda:Tesla T4,"[233241, 22, 4]",233241.0,58310.0,ok,0.5755933136,5500.445,XL,GRU,gpu,g4dn
batch_cpu,m6id.24xlarge,LinearModel,KMersCounts,"{""k"": [1, 2], ""modification_abundance"": false}","{""type"": ""ridge""}",asoptimizer_cleaned,32602,nucleobase,0,85.18778922299998,39.958743502999994,0.008856562999994821,0.0023817479999479474,0.3671308240000144,1124.216832,,,cpu,"[25428, 29]",25428.0,7174.0,ok,0.0138424999,419.716,L,LinearModel,cpu,m6id
batch_cpu,m6id.24xlarge,LinearModel,KMersCounts,"{""k"": [1, 2], ""modification_abundance"": false}","{""type"": ""ridge""}",asoptimizer_cleaned,32602,nucleobase,1,81.465250749,39.973705887999984,0.009015623000038886,0.0023853079999867077,0.3671308240000144,1126.694912,,,cpu,"[25448, 29]",25448.0,7154.0,ok,0.0138424999,419.716,L,LinearModel,cpu,m6id
batch_cpu,m6id.24xlarge,LinearModel,KMersCounts,"{""k"": [1, 2], ""modification_abundance"": false}","{""type"": ""ridge""}",asoptimizer_cleaned,32602,nucleobase,2,82.77406495700001,40.67074350099995,0.006064573000003293,0.00173463399994489,0.3671308240000144,1164.316672,,,cpu,"[23423, 29]",23423.0,9179.0,ok,0.0138424999,419.716,L,LinearModel,cpu,m6id
batch_cpu,m6id.24xlarge,LinearModel,KMersCounts,"{""k"": [1, 2], ""modification_abundance"": false}","{""type"": ""ridge""}",asoptimizer_cleaned,32602,nucleobase,3,80.59620846799999,39.07179457799998,0.007399061000000984,0.002093457999990278,0.3671308240000144,1133.780992,,,cpu,"[23507, 29]",23507.0,9095.0,ok,0.0138424999,419.716,L,LinearModel,cpu,m6id
batch_cpu,m6id.24xlarge,LinearModel,KMersCounts,"{""k"": [1, 2], ""modification_abundance"": false}","{""type"": ""ridge""}",asoptimizer_cleaned,32602,nucleobase,4,81.20244794500002,40.09932989699996,0.006618274999937057,0.0017848019999746612,0.3671308240000144,1166.147584,,,cpu,"[25606, 29]",25606.0,6996.0,ok,0.0138424999,419.716,L,LinearModel,cpu,m6id
batch_cpu,m6id.24xlarge,LinearModel,KMersCounts,"{""k"": [1, 2], ""modification_abundance"": false}","{""type"": ""ridge""}",asoptimizer_cleaned,32602,nucleobase,0,85.18778922299998,39.958743502999994,0.008856562999994821,0.0023817479999479474,0.3671308240000144,1124.216832,,,cpu,"[25428, 29]",25428.0,7174.0,ok,0.0138424999,419.716,L,LinearModel,cpu,m6id
batch_cpu,m6id.24xlarge,LinearModel,KMersCounts,"{""k"": [1, 2], ""modification_abundance"": false}","{""type"": ""ridge""}",asoptimizer_cleaned,32602,nucleobase,1,81.465250749,39.973705887999984,0.009015623000038886,0.0023853079999867077,0.3671308240000144,1126.694912,,,cpu,"[25448, 29]",25448.0,7154.0,ok,0.0138424999,419.716,L,LinearModel,cpu,m6id
batch_cpu,m6id.24xlarge,LinearModel,KMersCounts,"{""k"": [1, 2], ""modification_abundance"": false}","{""type"": ""ridge""}",asoptimizer_cleaned,32602,nucleobase,2,82.77406495700001,40.67074350099995,0.006064573000003293,0.00173463399994489,0.3671308240000144,1164.316672,,,cpu,"[23423, 29]",23423.0,9179.0,ok,0.0138424999,419.716,L,LinearModel,cpu,m6id
batch_cpu,m6id.24xlarge,LinearModel,KMersCounts,"{""k"": [1, 2], ""modification_abundance"": false}","{""type"": ""ridge""}",asoptimizer_cleaned,32602,nucleobase,3,80.59620846799999,39.07179457799998,0.007399061000000984,0.002093457999990278,0.3671308240000144,1133.780992,,,cpu,"[23507, 29]",23507.0,9095.0,ok,0.0138424999,419.716,L,LinearModel,cpu,m6id
batch_cpu,m6id.24xlarge,LinearModel,KMersCounts,"{""k"": [1, 2], ""modification_abundance"": false}","{""type"": ""ridge""}",asoptimizer_cleaned,32602,nucleobase,4,81.20244794500002,40.09932989699996,0.006618274999937057,0.0017848019999746612,0.3671308240000144,1166.147584,,,cpu,"[25606, 29]",25606.0,6996.0,ok,0.0138424999,419.716,L,LinearModel,cpu,m6id
batch_cpu,m6id.24xlarge,LinearModel,KMersCounts,"{""k"": [1, 2, 3], ""modification_abundance"": false}","{""type"": ""standard""}",asoptimizer_cleaned,32602,nucleobase,0,86.31465710699996,42.55824340400005,0.11563692799995806,0.014514060000010431,0.531199794000031,1097.940992,,,cpu,"[25428, 140]",25428.0,7174.0,ok,0.0143698332,426.607,L,LinearModel,cpu,m6id
batch_cpu,m6id.24xlarge,LinearModel,KMersCounts,"{""k"": [1, 2, 3], ""modification_abundance"": false}","{""type"": ""standard""}",asoptimizer_cleaned,32602,nucleobase,1,82.65320156899998,41.247324349999985,0.12214893800000937,0.01078259700000217,0.531199794000031,1126.690816,,,cpu,"[25448, 139]",25448.0,7154.0,ok,0.0143698332,426.607,L,LinearModel,cpu,m6id
batch_cpu,m6id.24xlarge,LinearModel,KMersCounts,"{""k"": [1, 2, 3], ""modification_abundance"": false}","{""type"": ""standard""}",asoptimizer_cleaned,32602,nucleobase,2,84.71691959599997,43.218087018999995,0.10538808800004063,0.0138269770000079,0.531199794000031,1156.018176,,,cpu,"[23423, 141]",23423.0,9179.0,ok,0.0143698332,426.607,L,LinearModel,cpu,m6id
batch_cpu,m6id.24xlarge,LinearModel,KMersCounts,"{""k"": [1, 2, 3], ""modification_abundance"": false}","{""type"": ""standard""}",asoptimizer_cleaned,32602,nucleobase,3,81.43142624799998,41.18709966299991,0.10298091100003148,0.013929010999959246,0.531199794000031,1126.060032,,,cpu,"[23507, 140]",23507.0,9095.0,ok,0.0143698332,426.607,L,LinearModel,cpu,m6id
batch_cpu,m6id.24xlarge,LinearModel,KMersCounts,"{""k"": [1, 2, 3], ""modification_abundance"": false}","{""type"": ""standard""}",asoptimizer_cleaned,32602,nucleobase,4,83.02366549200008,41.53037921300006,0.11781254700008503,0.01374334699994506,0.531199794000031,1118.732288,,,cpu,"[25606, 141]",25606.0,6996.0,ok,0.0143698332,426.607,L,LinearModel,cpu,m6id
batch_cpu,m6id.24xlarge,LinearModel,KMersCounts,"{""k"": [1, 2, 3], ""modification_abundance"": false}","{""type"": ""standard""}",asoptimizer_cleaned,32602,nucleobase,0,86.31465710699996,42.55824340400005,0.11563692799995806,0.014514060000010431,0.531199794000031,1097.940992,,,cpu,"[25428, 140]",25428.0,7174.0,ok,0.0143698332,426.607,L,LinearModel,cpu,m6id
batch_cpu,m6id.24xlarge,LinearModel,KMersCounts,"{""k"": [1, 2, 3], ""modification_abundance"": false}","{""type"": ""standard""}",asoptimizer_cleaned,32602,nucleobase,1,82.65320156899998,41.247324349999985,0.12214893800000937,0.01078259700000217,0.531199794000031,1126.690816,,,cpu,"[25448, 139]",25448.0,7154.0,ok,0.0143698332,426.607,L,LinearModel,cpu,m6id
batch_cpu,m6id.24xlarge,LinearModel,KMersCounts,"{""k"": [1, 2, 3], ""modification_abundance"": false}","{""type"": ""standard""}",asoptimizer_cleaned,32602,nucleobase,2,84.71691959599997,43.218087018999995,0.10538808800004063,0.0138269770000079,0.531199794000031,1156.018176,,,cpu,"[23423, 141]",23423.0,9179.0,ok,0.0143698332,426.607,L,LinearModel,cpu,m6id
batch_cpu,m6id.24xlarge,LinearModel,KMersCounts,"{""k"": [1, 2, 3], ""modification_abundance"": false}","{""type"": ""standard""}",asoptimizer_cleaned,32602,nucleobase,3,81.43142624799998,41.18709966299991,0.10298091100003148,0.013929010999959246,0.531199794000031,1126.060032,,,cpu,"[23507, 140]",23507.0,9095.0,ok,0.0143698332,426.607,L,LinearModel,cpu,m6id
batch_cpu,m6id.24xlarge,LinearModel,KMersCounts,"{""k"": [1, 2, 3], ""modification_abundance"": false}","{""type"": ""standard""}",asoptimizer_cleaned,32602,nucleobase,4,83.02366549200008,41.53037921300006,0.11781254700008503,0.01374334699994506,0.531199794000031,1118.732288,,,cpu,"[25606, 141]",25606.0,6996.0,ok,0.0143698332,426.607,L,LinearModel,cpu,m6id
batch_cpu,m6id.24xlarge,NearestNeighborsModel,KMersCounts,"{""k"": [1, 2], ""modification_abundance"": false}","{""n_neighbors"": 5}",asoptimizer_cleaned,32602,random,0,58.23079019100004,44.53540348200005,0.002907344999982797,13.690762482999958,0.39037027800003443,3161.485312,,,cpu,"[26082, 29]",26082.0,6520.0,ok,0.0097886249,287.654,L,NearestNeighborsModel,cpu,m6id
batch_cpu,m6id.24xlarge,NearestNeighborsModel,KMersCounts,"{""k"": [1, 2], ""modification_abundance"": false}","{""n_neighbors"": 5}",asoptimizer_cleaned,32602,random,1,55.965283356999976,41.76154967100001,0.0013553050000041367,14.200557559999993,0.39037027800003443,3161.088,,,cpu,"[26082, 29]",26082.0,6520.0,ok,0.0097886249,287.654,L,NearestNeighborsModel,cpu,m6id
batch_cpu,m6id.24xlarge,NearestNeighborsModel,KMersCounts,"{""k"": [1, 2], ""modification_abundance"": false}","{""n_neighbors"": 5}",asoptimizer_cleaned,32602,random,2,55.11373008800001,41.229628413,0.0017263510000020688,13.880843666999965,0.39037027800003443,3168.292864,,,cpu,"[26082, 29]",26082.0,6520.0,ok,0.0097886249,287.654,L,NearestNeighborsModel,cpu,m6id
batch_cpu,m6id.24xlarge,NearestNeighborsModel,KMersCounts,"{""k"": [1, 2], ""modification_abundance"": false}","{""n_neighbors"": 5}",asoptimizer_cleaned,32602,random,3,54.51679233599998,40.78184233700006,0.0015944050001053256,13.731416302999946,0.39037027800003443,3164.135424,,,cpu,"[26082, 29]",26082.0,6520.0,ok,0.0097886249,287.654,L,NearestNeighborsModel,cpu,m6id
batch_cpu,m6id.24xlarge,NearestNeighborsModel,KMersCounts,"{""k"": [1, 2], ""modification_abundance"": false}","{""n_neighbors"": 5}",asoptimizer_cleaned,32602,random,4,55.11678056099993,41.19314270799998,0.0013458959999752551,13.920399574000044,0.39037027800003443,3150.532608,,,cpu,"[26082, 29]",26082.0,6520.0,ok,0.0097886249,287.654,L,NearestNeighborsModel,cpu,m6id
batch_cpu,m6id.24xlarge,NearestNeighborsModel,KMersCounts,"{""k"": [1, 2], ""modification_abundance"": false}","{""n_neighbors"": 5}",asoptimizer_cleaned,32602,random,0,58.23079019100004,44.53540348200005,0.002907344999982797,13.690762482999958,0.39037027800003443,3161.485312,,,cpu,"[26082, 29]",26082.0,6520.0,ok,0.0097886249,287.654,L,NearestNeighborsModel,cpu,m6id
batch_cpu,m6id.24xlarge,NearestNeighborsModel,KMersCounts,"{""k"": [1, 2], ""modification_abundance"": false}","{""n_neighbors"": 5}",asoptimizer_cleaned,32602,random,1,55.965283356999976,41.76154967100001,0.0013553050000041367,14.200557559999993,0.39037027800003443,3161.088,,,cpu,"[26082, 29]",26082.0,6520.0,ok,0.0097886249,287.654,L,NearestNeighborsModel,cpu,m6id
batch_cpu,m6id.24xlarge,NearestNeighborsModel,KMersCounts,"{""k"": [1, 2], ""modification_abundance"": false}","{""n_neighbors"": 5}",asoptimizer_cleaned,32602,random,2,55.11373008800001,41.229628413,0.0017263510000020688,13.880843666999965,0.39037027800003443,3168.292864,,,cpu,"[26082, 29]",26082.0,6520.0,ok,0.0097886249,287.654,L,NearestNeighborsModel,cpu,m6id
batch_cpu,m6id.24xlarge,NearestNeighborsModel,KMersCounts,"{""k"": [1, 2], ""modification_abundance"": false}","{""n_neighbors"": 5}",asoptimizer_cleaned,32602,random,3,54.51679233599998,40.78184233700006,0.0015944050001053256,13.731416302999946,0.39037027800003443,3164.135424,,,cpu,"[26082, 29]",26082.0,6520.0,ok,0.0097886249,287.654,L,NearestNeighborsModel,cpu,m6id
batch_cpu,m6id.24xlarge,NearestNeighborsModel,KMersCounts,"{""k"": [1, 2], ""modification_abundance"": false}","{""n_neighbors"": 5}",asoptimizer_cleaned,32602,random,4,55.11678056099993,41.19314270799998,0.0013458959999752551,13.920399574000044,0.39037027800003443,3150.532608,,,cpu,"[26082, 29]",26082.0,6520.0,ok,0.0097886249,287.654,L,NearestNeighborsModel,cpu,m6id
batch_cpu,m6id.24xlarge,NearestNeighborsModel,KMersCounts,"{""k"": [1], ""modification_abundance"": false}","{""n_neighbors"": 10}",asoptimizer_cleaned,32602,random,0,41.14184377099997,40.83060860200004,0.017225710999980492,0.2913120929999877,0.49381127199995944,988.942336,,,cpu,"[26082, 5]",26082.0,6520.0,ok,0.007415625,213.657,L,NearestNeighborsModel,cpu,m6id
batch_cpu,m6id.24xlarge,NearestNeighborsModel,KMersCounts,"{""k"": [1], ""modification_abundance"": false}","{""n_neighbors"": 10}",asoptimizer_cleaned,32602,random,1,40.73091255899999,40.41494774700004,0.017341310999995585,0.29694255900000144,0.49381127199995944,990.65856,,,cpu,"[26082, 5]",26082.0,6520.0,ok,0.007415625,213.657,L,NearestNeighborsModel,cpu,m6id
batch_cpu,m6id.24xlarge,NearestNeighborsModel,KMersCounts,"{""k"": [1], ""modification_abundance"": false}","{""n_neighbors"": 10}",asoptimizer_cleaned,32602,random,2,41.19284653300002,40.876240601000006,0.017121342999985245,0.2972172429999773,0.49381127199995944,990.130176,,,cpu,"[26082, 5]",26082.0,6520.0,ok,0.007415625,213.657,L,NearestNeighborsModel,cpu,m6id
batch_cpu,m6id.24xlarge,NearestNeighborsModel,KMersCounts,"{""k"": [1], ""modification_abundance"": false}","{""n_neighbors"": 10}",asoptimizer_cleaned,32602,random,3,40.676689475000046,40.342563262,0.017304513999988558,0.3146313560000067,0.49381127199995944,990.24896,,,cpu,"[26082, 5]",26082.0,6520.0,ok,0.007415625,213.657,L,NearestNeighborsModel,cpu,m6id
batch_cpu,m6id.24xlarge,NearestNeighborsModel,KMersCounts,"{""k"": [1], ""modification_abundance"": false}","{""n_neighbors"": 10}",asoptimizer_cleaned,32602,random,4,40.89284119400003,40.54009388600002,0.01729185800002142,0.33321371900001395,0.49381127199995944,990.326784,,,cpu,"[26082, 5]",26082.0,6520.0,ok,0.007415625,213.657,L,NearestNeighborsModel,cpu,m6id
batch_cpu,m6id.24xlarge,NearestNeighborsModel,KMersCounts,"{""k"": [1], ""modification_abundance"": false}","{""n_neighbors"": 10}",asoptimizer_cleaned,32602,random,0,41.14184377099997,40.83060860200004,0.017225710999980492,0.2913120929999877,0.49381127199995944,988.942336,,,cpu,"[26082, 5]",26082.0,6520.0,ok,0.007415625,213.657,L,NearestNeighborsModel,cpu,m6id
batch_cpu,m6id.24xlarge,NearestNeighborsModel,KMersCounts,"{""k"": [1], ""modification_abundance"": false}","{""n_neighbors"": 10}",asoptimizer_cleaned,32602,random,1,40.73091255899999,40.41494774700004,0.017341310999995585,0.29694255900000144,0.49381127199995944,990.65856,,,cpu,"[26082, 5]",26082.0,6520.0,ok,0.007415625,213.657,L,NearestNeighborsModel,cpu,m6id
batch_cpu,m6id.24xlarge,NearestNeighborsModel,KMersCounts,"{""k"": [1], ""modification_abundance"": false}","{""n_neighbors"": 10}",asoptimizer_cleaned,32602,random,2,41.19284653300002,40.876240601000006,0.017121342999985245,0.2972172429999773,0.49381127199995944,990.130176,,,cpu,"[26082, 5]",26082.0,6520.0,ok,0.007415625,213.657,L,NearestNeighborsModel,cpu,m6id
batch_cpu,m6id.24xlarge,NearestNeighborsModel,KMersCounts,"{""k"": [1], ""modification_abundance"": false}","{""n_neighbors"": 10}",asoptimizer_cleaned,32602,random,3,40.676689475000046,40.342563262,0.017304513999988558,0.3146313560000067,0.49381127199995944,990.24896,,,cpu,"[26082, 5]",26082.0,6520.0,ok,0.007415625,213.657,L,NearestNeighborsModel,cpu,m6id
batch_cpu,m6id.24xlarge,NearestNeighborsModel,KMersCounts,"{""k"": [1], ""modification_abundance"": false}","{""n_neighbors"": 10}",asoptimizer_cleaned,32602,random,4,40.89284119400003,40.54009388600002,0.01729185800002142,0.33321371900001395,0.49381127199995944,990.326784,,,cpu,"[26082, 5]",26082.0,6520.0,ok,0.007415625,213.657,L,NearestNeighborsModel,cpu,m6id
batch_cpu,c6id.24xlarge,NearestNeighborsModel,KMersCounts,"{""k"": [1, 2], ""modification_abundance"": true}","{""n_neighbors"": 15}",asoptimizer_cleaned,32602,random,0,63.19655705200012,52.50010031700003,0.001538001999961125,10.693899195000085,0.31402558699983274,3196.829696,,,cpu,"[26082, 39]",26082.0,6520.0,ok,0.0189279996,329.672,L,NearestNeighborsModel,cpu,c6id
batch_cpu,c6id.24xlarge,NearestNeighborsModel,KMersCounts,"{""k"": [1, 2], ""modification_abundance"": true}","{""n_neighbors"": 15}",asoptimizer_cleaned,32602,random,1,64.66483101400036,52.72641280900007,0.0014206010000634706,11.935538457999883,0.31402558699983274,3200.475136,,,cpu,"[26082, 39]",26082.0,6520.0,ok,0.0189279996,329.672,L,NearestNeighborsModel,cpu,c6id
batch_cpu,c6id.24xlarge,NearestNeighborsModel,KMersCounts,"{""k"": [1, 2], ""modification_abundance"": true}","{""n_neighbors"": 15}",asoptimizer_cleaned,32602,random,2,65.53680100499969,52.74207667199971,0.0014109879998613906,12.791791664999892,0.31402558699983274,3200.483328,,,cpu,"[26082, 39]",26082.0,6520.0,ok,0.0189279996,329.672,L,NearestNeighborsModel,cpu,c6id
batch_cpu,c6id.24xlarge,NearestNeighborsModel,KMersCounts,"{""k"": [1, 2], ""modification_abundance"": true}","{""n_neighbors"": 15}",asoptimizer_cleaned,32602,random,3,64.79557866200003,52.71487007500036,0.0025684829997771885,12.076690395000242,0.31402558699983274,3200.933888,,,cpu,"[26082, 39]",26082.0,6520.0,ok,0.0189279996,329.672,L,NearestNeighborsModel,cpu,c6id
batch_cpu,c6id.24xlarge,NearestNeighborsModel,KMersCounts,"{""k"": [1, 2], ""modification_abundance"": true}","{""n_neighbors"": 15}",asoptimizer_cleaned,32602,random,4,65.11587568899995,52.304351186000076,0.0013649630000145407,12.808763319000263,0.31402558699983274,3177.45152,,,cpu,"[26082, 39]",26082.0,6520.0,ok,0.0189279996,329.672,L,NearestNeighborsModel,cpu,c6id
batch_cpu,c6id.24xlarge,NearestNeighborsModel,KMersCounts,"{""k"": [1, 2], ""modification_abundance"": true}","{""n_neighbors"": 15}",asoptimizer_cleaned,32602,random,0,63.19655705200012,52.50010031700003,0.001538001999961125,10.693899195000085,0.31402558699983274,3196.829696,,,cpu,"[26082, 39]",26082.0,6520.0,ok,0.0189279996,329.672,L,NearestNeighborsModel,cpu,c6id
batch_cpu,c6id.24xlarge,NearestNeighborsModel,KMersCounts,"{""k"": [1, 2], ""modification_abundance"": true}","{""n_neighbors"": 15}",asoptimizer_cleaned,32602,random,1,64.66483101400036,52.72641280900007,0.0014206010000634706,11.935538457999883,0.31402558699983274,3200.475136,,,cpu,"[26082, 39]",26082.0,6520.0,ok,0.0189279996,329.672,L,NearestNeighborsModel,cpu,c6id
batch_cpu,c6id.24xlarge,NearestNeighborsModel,KMersCounts,"{""k"": [1, 2], ""modification_abundance"": true}","{""n_neighbors"": 15}",asoptimizer_cleaned,32602,random,2,65.53680100499969,52.74207667199971,0.0014109879998613906,12.791791664999892,0.31402558699983274,3200.483328,,,cpu,"[26082, 39]",26082.0,6520.0,ok,0.0189279996,329.672,L,NearestNeighborsModel,cpu,c6id
batch_cpu,c6id.24xlarge,NearestNeighborsModel,KMersCounts,"{""k"": [1, 2], ""modification_abundance"": true}","{""n_neighbors"": 15}",asoptimizer_cleaned,32602,random,3,64.79557866200003,52.71487007500036,0.0025684829997771885,12.076690395000242,0.31402558699983274,3200.933888,,,cpu,"[26082, 39]",26082.0,6520.0,ok,0.0189279996,329.672,L,NearestNeighborsModel,cpu,c6id
batch_cpu,c6id.24xlarge,NearestNeighborsModel,KMersCounts,"{""k"": [1, 2], ""modification_abundance"": true}","{""n_neighbors"": 15}",asoptimizer_cleaned,32602,random,4,65.11587568899995,52.304351186000076,0.0013649630000145407,12.808763319000263,0.31402558699983274,3177.45152,,,cpu,"[26082, 39]",26082.0,6520.0,ok,0.0189279996,329.672,L,NearestNeighborsModel,cpu,c6id
batch_cpu,m6id.24xlarge,RandomForestModel,KMersCounts,"{""k"": [1, 2], ""modification_abundance"": true}","{""max_depth"": 20, ""n_estimators"": 100}",asoptimizer_cleaned,32602,random,0,72.47455181800001,60.593154185,11.127919313000007,0.7515423529999907,0.36419342099998175,1170.563072,,,cpu,"[26082, 39]",26082.0,6520.0,ok,0.0113706249,341.37,L,RandomForestModel,cpu,m6id
batch_cpu,m6id.24xlarge,RandomForestModel,KMersCounts,"{""k"": [1, 2], ""modification_abundance"": true}","{""max_depth"": 20, ""n_estimators"": 100}",asoptimizer_cleaned,32602,random,1,67.317871572,55.530247051,11.043253026999992,0.7422081280000157,0.36419342099998175,1173.13536,,,cpu,"[26082, 39]",26082.0,6520.0,ok,0.0113706249,341.37,L,RandomForestModel,cpu,m6id
batch_cpu,m6id.24xlarge,RandomForestModel,KMersCounts,"{""k"": [1, 2], ""modification_abundance"": true}","{""max_depth"": 20, ""n_estimators"": 100}",asoptimizer_cleaned,32602,random,2,64.70501414800003,53.36462836099997,10.643006137000043,0.6956409789999611,0.36419342099998175,1171.841024,,,cpu,"[26082, 39]",26082.0,6520.0,ok,0.0113706249,341.37,L,RandomForestModel,cpu,m6id
batch_cpu,m6id.24xlarge,RandomForestModel,KMersCounts,"{""k"": [1, 2], ""modification_abundance"": true}","{""max_depth"": 20, ""n_estimators"": 100}",asoptimizer_cleaned,32602,random,3,64.55412599200002,53.42472866200001,10.474235583999985,0.6528393989999586,0.36419342099998175,1171.750912,,,cpu,"[26082, 39]",26082.0,6520.0,ok,0.0113706249,341.37,L,RandomForestModel,cpu,m6id
batch_cpu,m6id.24xlarge,RandomForestModel,KMersCounts,"{""k"": [1, 2], ""modification_abundance"": true}","{""max_depth"": 20, ""n_estimators"": 100}",asoptimizer_cleaned,32602,random,4,64.11979584999995,53.12757305799994,10.34962026300002,0.6401472089999061,0.36419342099998175,1173.168128,,,cpu,"[26082, 39]",26082.0,6520.0,ok,0.0113706249,341.37,L,RandomForestModel,cpu,m6id
batch_cpu,m6id.24xlarge,RandomForestModel,KMersCounts,"{""k"": [1, 2], ""modification_abundance"": true}","{""max_depth"": 20, ""n_estimators"": 100}",asoptimizer_cleaned,32602,random,0,72.47455181800001,60.593154185,11.127919313000007,0.7515423529999907,0.36419342099998175,1170.563072,,,cpu,"[26082, 39]",26082.0,6520.0,ok,0.0113706249,341.37,L,RandomForestModel,cpu,m6id
batch_cpu,m6id.24xlarge,RandomForestModel,KMersCounts,"{""k"": [1, 2], ""modification_abundance"": true}","{""max_depth"": 20, ""n_estimators"": 100}",asoptimizer_cleaned,32602,random,1,67.317871572,55.530247051,11.043253026999992,0.7422081280000157,0.36419342099998175,1173.13536,,,cpu,"[26082, 39]",26082.0,6520.0,ok,0.0113706249,341.37,L,RandomForestModel,cpu,m6id
batch_cpu,m6id.24xlarge,RandomForestModel,KMersCounts,"{""k"": [1, 2], ""modification_abundance"": true}","{""max_depth"": 20, ""n_estimators"": 100}",asoptimizer_cleaned,32602,random,2,64.70501414800003,53.36462836099997,10.643006137000043,0.6956409789999611,0.36419342099998175,1171.841024,,,cpu,"[26082, 39]",26082.0,6520.0,ok,0.0113706249,341.37,L,RandomForestModel,cpu,m6id
batch_cpu,m6id.24xlarge,RandomForestModel,KMersCounts,"{""k"": [1, 2], ""modification_abundance"": true}","{""max_depth"": 20, ""n_estimators"": 100}",asoptimizer_cleaned,32602,random,3,64.55412599200002,53.42472866200001,10.474235583999985,0.6528393989999586,0.36419342099998175,1171.750912,,,cpu,"[26082, 39]",26082.0,6520.0,ok,0.0113706249,341.37,L,RandomForestModel,cpu,m6id
batch_cpu,m6id.24xlarge,RandomForestModel,KMersCounts,"{""k"": [1, 2], ""modification_abundance"": true}","{""max_depth"": 20, ""n_estimators"": 100}",asoptimizer_cleaned,32602,random,4,64.11979584999995,53.12757305799994,10.34962026300002,0.6401472089999061,0.36419342099998175,1173.168128,,,cpu,"[26082, 39]",26082.0,6520.0,ok,0.0113706249,341.37,L,RandomForestModel,cpu,m6id
batch_cpu,c6id.24xlarge,RandomForestModel,KMersCounts,"{""k"": [1, 2, 3], ""modification_abundance"": false}","{""max_depth"": 20, ""n_estimators"": 500}",asoptimizer_cleaned,32602,nucleobase,0,196.30684029199983,42.00946036000005,111.37279511099996,2.277725064999686,0.32319461699989915,1621.143552,,,cpu,"[25428, 140]",25428.0,7174.0,ok,0.0552719987,982.273,L,RandomForestModel,cpu,c6id
batch_cpu,c6id.24xlarge,RandomForestModel,KMersCounts,"{""k"": [1, 2, 3], ""modification_abundance"": false}","{""max_depth"": 20, ""n_estimators"": 500}",asoptimizer_cleaned,32602,nucleobase,1,195.9476186259999,41.717343678999896,110.99874488099977,2.4189781620002577,0.32319461699989915,1625.391104,,,cpu,"[25448, 139]",25448.0,7154.0,ok,0.0552719987,982.273,L,RandomForestModel,cpu,c6id
batch_cpu,c6id.24xlarge,RandomForestModel,KMersCounts,"{""k"": [1, 2, 3], ""modification_abundance"": false}","{""max_depth"": 20, ""n_estimators"": 500}",asoptimizer_cleaned,32602,nucleobase,2,189.3703130009999,43.53395675599995,103.42299800299998,2.2119815259998177,0.32319461699989915,1585.147904,,,cpu,"[23423, 141]",23423.0,9179.0,ok,0.0552719987,982.273,L,RandomForestModel,cpu,c6id
batch_cpu,c6id.24xlarge,RandomForestModel,KMersCounts,"{""k"": [1, 2, 3], ""modification_abundance"": false}","{""max_depth"": 20, ""n_estimators"": 500}",asoptimizer_cleaned,32602,nucleobase,3,184.59703102999993,43.195231525000054,99.01117680299967,2.4177421219997086,0.32319461699989915,1608.687616,,,cpu,"[23507, 140]",23507.0,9095.0,ok,0.0552719987,982.273,L,RandomForestModel,cpu,c6id
batch_cpu,c6id.24xlarge,RandomForestModel,KMersCounts,"{""k"": [1, 2, 3], ""modification_abundance"": false}","{""max_depth"": 20, ""n_estimators"": 500}",asoptimizer_cleaned,32602,nucleobase,4,208.6574662779999,43.72759344399992,119.21448007699973,2.695159717000024,0.32319461699989915,1641.455616,,,cpu,"[25606, 141]",25606.0,6996.0,ok,0.0552719987,982.273,L,RandomForestModel,cpu,c6id
batch_cpu,c6id.24xlarge,RandomForestModel,KMersCounts,"{""k"": [1, 2, 3], ""modification_abundance"": false}","{""max_depth"": 20, ""n_estimators"": 500}",asoptimizer_cleaned,32602,nucleobase,0,196.30684029199983,42.00946036000005,111.37279511099996,2.277725064999686,0.32319461699989915,1621.143552,,,cpu,"[25428, 140]",25428.0,7174.0,ok,0.0552719987,982.273,L,RandomForestModel,cpu,c6id
batch_cpu,c6id.24xlarge,RandomForestModel,KMersCounts,"{""k"": [1, 2, 3], ""modification_abundance"": false}","{""max_depth"": 20, ""n_estimators"": 500}",asoptimizer_cleaned,32602,nucleobase,1,195.9476186259999,41.717343678999896,110.99874488099977,2.4189781620002577,0.32319461699989915,1625.391104,,,cpu,"[25448, 139]",25448.0,7154.0,ok,0.0552719987,982.273,L,RandomForestModel,cpu,c6id
batch_cpu,c6id.24xlarge,RandomForestModel,KMersCounts,"{""k"": [1, 2, 3], ""modification_abundance"": false}","{""max_depth"": 20, ""n_estimators"": 500}",asoptimizer_cleaned,32602,nucleobase,2,189.3703130009999,43.53395675599995,103.42299800299998,2.2119815259998177,0.32319461699989915,1585.147904,,,cpu,"[23423, 141]",23423.0,9179.0,ok,0.0552719987,982.273,L,RandomForestModel,cpu,c6id
batch_cpu,c6id.24xlarge,RandomForestModel,KMersCounts,"{""k"": [1, 2, 3], ""modification_abundance"": false}","{""max_depth"": 20, ""n_estimators"": 500}",asoptimizer_cleaned,32602,nucleobase,3,184.59703102999993,43.195231525000054,99.01117680299967,2.4177421219997086,0.32319461699989915,1608.687616,,,cpu,"[23507, 140]",23507.0,9095.0,ok,0.0552719987,982.273,L,RandomForestModel,cpu,c6id
batch_cpu,c6id.24xlarge,RandomForestModel,KMersCounts,"{""k"": [1, 2, 3], ""modification_abundance"": false}","{""max_depth"": 20, ""n_estimators"": 500}",asoptimizer_cleaned,32602,nucleobase,4,208.6574662779999,43.72759344399992,119.21448007699973,2.695159717000024,0.32319461699989915,1641.455616,,,cpu,"[25606, 141]",25606.0,6996.0,ok,0.0552719987,982.273,L,RandomForestModel,cpu,c6id
batch_cpu,m6id.24xlarge,RandomForestModel,KMersCounts,"{""k"": [1, 2, 3], ""modification_abundance"": false}","{""max_depth"": 30, ""n_estimators"": 1000}",asoptimizer_cleaned,32602,nucleobase,0,338.947959218,45.169598700999984,243.23112727900008,5.986071548999917,0.365806144999965,2207.367168,,,cpu,"[25428, 140]",25428.0,7174.0,ok,0.0545789997,1641.688,L,RandomForestModel,cpu,m6id
batch_cpu,m6id.24xlarge,RandomForestModel,KMersCounts,"{""k"": [1, 2, 3], ""modification_abundance"": false}","{""max_depth"": 30, ""n_estimators"": 1000}",asoptimizer_cleaned,32602,nucleobase,1,328.08623285399995,42.763284185999964,236.46689837200006,6.800777145999973,0.365806144999965,2207.444992,,,cpu,"[25448, 139]",25448.0,7154.0,ok,0.0545789997,1641.688,L,RandomForestModel,cpu,m6id
batch_cpu,m6id.24xlarge,RandomForestModel,KMersCounts,"{""k"": [1, 2, 3], ""modification_abundance"": false}","{""max_depth"": 30, ""n_estimators"": 1000}",asoptimizer_cleaned,32602,nucleobase,2,324.37145370500014,43.48883427099997,232.7840969099998,6.663739990999829,0.365806144999965,2112.749568,,,cpu,"[23423, 141]",23423.0,9179.0,ok,0.0545789997,1641.688,L,RandomForestModel,cpu,m6id
batch_cpu,m6id.24xlarge,RandomForestModel,KMersCounts,"{""k"": [1, 2, 3], ""modification_abundance"": false}","{""max_depth"": 30, ""n_estimators"": 1000}",asoptimizer_cleaned,32602,nucleobase,3,298.61334391499986,42.390571419000025,208.988199463,4.557961623999972,0.365806144999965,2139.410432,,,cpu,"[23507, 140]",23507.0,9095.0,ok,0.0545789997,1641.688,L,RandomForestModel,cpu,m6id
batch_cpu,m6id.24xlarge,RandomForestModel,KMersCounts,"{""k"": [1, 2, 3], ""modification_abundance"": false}","{""max_depth"": 30, ""n_estimators"": 1000}",asoptimizer_cleaned,32602,nucleobase,4,342.41016174499987,43.55147802800002,250.50649310000017,6.0732408619999205,0.365806144999965,2215.170048,,,cpu,"[25606, 141]",25606.0,6996.0,ok,0.0545789997,1641.688,L,RandomForestModel,cpu,m6id
batch_cpu,m6id.24xlarge,RandomForestModel,KMersCounts,"{""k"": [1, 2, 3], ""modification_abundance"": false}","{""max_depth"": 30, ""n_estimators"": 1000}",asoptimizer_cleaned,32602,nucleobase,0,338.947959218,45.169598700999984,243.23112727900008,5.986071548999917,0.365806144999965,2207.367168,,,cpu,"[25428, 140]",25428.0,7174.0,ok,0.0545789997,1641.688,L,RandomForestModel,cpu,m6id
batch_cpu,m6id.24xlarge,RandomForestModel,KMersCounts,"{""k"": [1, 2, 3], ""modification_abundance"": false}","{""max_depth"": 30, ""n_estimators"": 1000}",asoptimizer_cleaned,32602,nucleobase,1,328.08623285399995,42.763284185999964,236.46689837200006,6.800777145999973,0.365806144999965,2207.444992,,,cpu,"[25448, 139]",25448.0,7154.0,ok,0.0545789997,1641.688,L,RandomForestModel,cpu,m6id
batch_cpu,m6id.24xlarge,RandomForestModel,KMersCounts,"{""k"": [1, 2, 3], ""modification_abundance"": false}","{""max_depth"": 30, ""n_estimators"": 1000}",asoptimizer_cleaned,32602,nucleobase,2,324.37145370500014,43.48883427099997,232.7840969099998,6.663739990999829,0.365806144999965,2112.749568,,,cpu,"[23423, 141]",23423.0,9179.0,ok,0.0545789997,1641.688,L,RandomForestModel,cpu,m6id
batch_cpu,m6id.24xlarge,RandomForestModel,KMersCounts,"{""k"": [1, 2, 3], ""modification_abundance"": false}","{""max_depth"": 30, ""n_estimators"": 1000}",asoptimizer_cleaned,32602,nucleobase,3,298.61334391499986,42.390571419000025,208.988199463,4.557961623999972,0.365806144999965,2139.410432,,,cpu,"[23507, 140]",23507.0,9095.0,ok,0.0545789997,1641.688,L,RandomForestModel,cpu,m6id
batch_cpu,m6id.24xlarge,RandomForestModel,KMersCounts,"{""k"": [1, 2, 3], ""modification_abundance"": false}","{""max_depth"": 30, ""n_estimators"": 1000}",asoptimizer_cleaned,32602,nucleobase,4,342.41016174499987,43.55147802800002,250.50649310000017,6.0732408619999205,0.365806144999965,2215.170048,,,cpu,"[25606, 141]",25606.0,6996.0,ok,0.0545789997,1641.688,L,RandomForestModel,cpu,m6id
batch_cpu,c6id.24xlarge,XGBoostModel,KMersCounts,"{""k"": [1], ""modification_abundance"": false}","{""max_depth"": 10, ""n_estimators"": 100}",asoptimizer_cleaned,32602,random,0,39.039861949999704,38.816730605999965,0.17306910500019512,0.048866368000290095,0.3164761739999449,1005.391872,,,cpu,"[26082, 5]",26082.0,6520.0,ok,0.0116479997,201.713,L,XGBoostModel,cpu,c6id
batch_cpu,c6id.24xlarge,XGBoostModel,KMersCounts,"{""k"": [1], ""modification_abundance"": false}","{""max_depth"": 10, ""n_estimators"": 100}",asoptimizer_cleaned,32602,random,1,38.32713841199984,38.10400938399971,0.16882059599993227,0.052344228999572806,0.3164761739999449,1010.450432,,,cpu,"[26082, 5]",26082.0,6520.0,ok,0.0116479997,201.713,L,XGBoostModel,cpu,c6id
batch_cpu,c6id.24xlarge,XGBoostModel,KMersCounts,"{""k"": [1], ""modification_abundance"": false}","{""max_depth"": 10, ""n_estimators"": 100}",asoptimizer_cleaned,32602,random,2,38.83460633100003,38.61247541400007,0.16916729900003702,0.050908111999888206,0.3164761739999449,1010.700288,,,cpu,"[26082, 5]",26082.0,6520.0,ok,0.0116479997,201.713,L,XGBoostModel,cpu,c6id
batch_cpu,c6id.24xlarge,XGBoostModel,KMersCounts,"{""k"": [1], ""modification_abundance"": false}","{""max_depth"": 10, ""n_estimators"": 100}",asoptimizer_cleaned,32602,random,3,39.08691755799964,38.867391257000236,0.1670837390001907,0.050421479000306135,0.3164761739999449,1011.22048,,,cpu,"[26082, 5]",26082.0,6520.0,ok,0.0116479997,201.713,L,XGBoostModel,cpu,c6id
batch_cpu,c6id.24xlarge,XGBoostModel,KMersCounts,"{""k"": [1], ""modification_abundance"": false}","{""max_depth"": 10, ""n_estimators"": 100}",asoptimizer_cleaned,32602,random,4,39.112044133999916,38.888064055000086,0.17185636099975454,0.05019942399985666,0.3164761739999449,1011.22048,,,cpu,"[26082, 5]",26082.0,6520.0,ok,0.0116479997,201.713,L,XGBoostModel,cpu,c6id
batch_cpu,c6id.24xlarge,XGBoostModel,KMersCounts,"{""k"": [1], ""modification_abundance"": false}","{""max_depth"": 10, ""n_estimators"": 100}",asoptimizer_cleaned,32602,random,0,39.039861949999704,38.816730605999965,0.17306910500019512,0.048866368000290095,0.3164761739999449,1005.391872,,,cpu,"[26082, 5]",26082.0,6520.0,ok,0.0116479997,201.713,L,XGBoostModel,cpu,c6id
batch_cpu,c6id.24xlarge,XGBoostModel,KMersCounts,"{""k"": [1], ""modification_abundance"": false}","{""max_depth"": 10, ""n_estimators"": 100}",asoptimizer_cleaned,32602,random,1,38.32713841199984,38.10400938399971,0.16882059599993227,0.052344228999572806,0.3164761739999449,1010.450432,,,cpu,"[26082, 5]",26082.0,6520.0,ok,0.0116479997,201.713,L,XGBoostModel,cpu,c6id
batch_cpu,c6id.24xlarge,XGBoostModel,KMersCounts,"{""k"": [1], ""modification_abundance"": false}","{""max_depth"": 10, ""n_estimators"": 100}",asoptimizer_cleaned,32602,random,2,38.83460633100003,38.61247541400007,0.16916729900003702,0.050908111999888206,0.3164761739999449,1010.700288,,,cpu,"[26082, 5]",26082.0,6520.0,ok,0.0116479997,201.713,L,XGBoostModel,cpu,c6id
batch_cpu,c6id.24xlarge,XGBoostModel,KMersCounts,"{""k"": [1], ""modification_abundance"": false}","{""max_depth"": 10, ""n_estimators"": 100}",asoptimizer_cleaned,32602,random,3,39.08691755799964,38.867391257000236,0.1670837390001907,0.050421479000306135,0.3164761739999449,1011.22048,,,cpu,"[26082, 5]",26082.0,6520.0,ok,0.0116479997,201.713,L,XGBoostModel,cpu,c6id
batch_cpu,c6id.24xlarge,XGBoostModel,KMersCounts,"{""k"": [1], ""modification_abundance"": false}","{""max_depth"": 10, ""n_estimators"": 100}",asoptimizer_cleaned,32602,random,4,39.112044133999916,38.888064055000086,0.17185636099975454,0.05019942399985666,0.3164761739999449,1011.22048,,,cpu,"[26082, 5]",26082.0,6520.0,ok,0.0116479997,201.713,L,XGBoostModel,cpu,c6id
batch_cpu,c6id.24xlarge,XGBoostModel,KMersCounts,"{""k"": [1, 2, 3], ""modification_abundance"": true}","{""max_depth"": 30, ""n_estimators"": 500}",asoptimizer_cleaned,32602,random,0,60.89033409099966,55.03870726800005,5.415967702000216,0.43457728199973644,0.31754756800000905,1429.766144,,,cpu,"[26082, 151]",26082.0,6520.0,ok,0.0177519996,309.264,L,XGBoostModel,cpu,c6id
batch_cpu,c6id.24xlarge,XGBoostModel,KMersCounts,"{""k"": [1, 2, 3], ""modification_abundance"": true}","{""max_depth"": 30, ""n_estimators"": 500}",asoptimizer_cleaned,32602,random,1,59.87792818399976,54.20114867500024,5.287719330000073,0.38745860800008813,0.31754756800000905,1465.42592,,,cpu,"[26082, 151]",26082.0,6520.0,ok,0.0177519996,309.264,L,XGBoostModel,cpu,c6id
batch_cpu,c6id.24xlarge,XGBoostModel,KMersCounts,"{""k"": [1, 2, 3], ""modification_abundance"": true}","{""max_depth"": 30, ""n_estimators"": 500}",asoptimizer_cleaned,32602,random,2,60.4391947969998,54.843545099999574,5.1914461800001845,0.40272617100026764,0.31754756800000905,1471.336448,,,cpu,"[26082, 151]",26082.0,6520.0,ok,0.0177519996,309.264,L,XGBoostModel,cpu,c6id
batch_cpu,c6id.24xlarge,XGBoostModel,KMersCounts,"{""k"": [1, 2, 3], ""modification_abundance"": true}","{""max_depth"": 30, ""n_estimators"": 500}",asoptimizer_cleaned,32602,random,3,60.56133755200017,55.242016392000096,4.940444786999706,0.37740012199992634,0.31754756800000905,1474.777088,,,cpu,"[26082, 150]",26082.0,6520.0,ok,0.0177519996,309.264,L,XGBoostModel,cpu,c6id
batch_cpu,c6id.24xlarge,XGBoostModel,KMersCounts,"{""k"": [1, 2, 3], ""modification_abundance"": true}","{""max_depth"": 30, ""n_estimators"": 500}",asoptimizer_cleaned,32602,random,4,60.68980908399999,55.34047910699974,4.986483334000241,0.36132663799980946,0.31754756800000905,1435.222016,,,cpu,"[26082, 150]",26082.0,6520.0,ok,0.0177519996,309.264,L,XGBoostModel,cpu,c6id
batch_cpu,c6id.24xlarge,XGBoostModel,KMersCounts,"{""k"": [1, 2, 3], ""modification_abundance"": true}","{""max_depth"": 30, ""n_estimators"": 500}",asoptimizer_cleaned,32602,random,0,60.89033409099966,55.03870726800005,5.415967702000216,0.43457728199973644,0.31754756800000905,1429.766144,,,cpu,"[26082, 151]",26082.0,6520.0,ok,0.0177519996,309.264,L,XGBoostModel,cpu,c6id
batch_cpu,c6id.24xlarge,XGBoostModel,KMersCounts,"{""k"": [1, 2, 3], ""modification_abundance"": true}","{""max_depth"": 30, ""n_estimators"": 500}",asoptimizer_cleaned,32602,random,1,59.87792818399976,54.20114867500024,5.287719330000073,0.38745860800008813,0.31754756800000905,1465.42592,,,cpu,"[26082, 151]",26082.0,6520.0,ok,0.0177519996,309.264,L,XGBoostModel,cpu,c6id
batch_cpu,c6id.24xlarge,XGBoostModel,KMersCounts,"{""k"": [1, 2, 3], ""modification_abundance"": true}","{""max_depth"": 30, ""n_estimators"": 500}",asoptimizer_cleaned,32602,random,2,60.4391947969998,54.843545099999574,5.1914461800001845,0.40272617100026764,0.31754756800000905,1471.336448,,,cpu,"[26082, 151]",26082.0,6520.0,ok,0.0177519996,309.264,L,XGBoostModel,cpu,c6id
batch_cpu,c6id.24xlarge,XGBoostModel,KMersCounts,"{""k"": [1, 2, 3], ""modification_abundance"": true}","{""max_depth"": 30, ""n_estimators"": 500}",asoptimizer_cleaned,32602,random,3,60.56133755200017,55.242016392000096,4.940444786999706,0.37740012199992634,0.31754756800000905,1474.777088,,,cpu,"[26082, 150]",26082.0,6520.0,ok,0.0177519996,309.264,L,XGBoostModel,cpu,c6id
batch_cpu,c6id.24xlarge,XGBoostModel,KMersCounts,"{""k"": [1, 2, 3], ""modification_abundance"": true}","{""max_depth"": 30, ""n_estimators"": 500}",asoptimizer_cleaned,32602,random,4,60.68980908399999,55.34047910699974,4.986483334000241,0.36132663799980946,0.31754756800000905,1435.222016,,,cpu,"[26082, 150]",26082.0,6520.0,ok,0.0177519996,309.264,L,XGBoostModel,cpu,c6id
batch_cpu,c6id.24xlarge,XGBoostModel,KMersCounts,"{""k"": [1, 2], ""modification_abundance"": true}","{""max_depth"": 30, ""n_estimators"": 1000}",asoptimizer_cleaned,32602,nucleobase,0,95.53743821999979,52.13316141900032,2.653188274999593,0.2478057949997492,0.31789682199996605,1296.56832,,,cpu,"[25428, 38]",25428.0,7174.0,ok,0.0273279994,487.15,L,XGBoostModel,cpu,c6id
batch_cpu,c6id.24xlarge,XGBoostModel,KMersCounts,"{""k"": [1, 2], ""modification_abundance"": true}","{""max_depth"": 30, ""n_estimators"": 1000}",asoptimizer_cleaned,32602,nucleobase,1,96.43247316500037,53.127604797000004,2.6482869910000773,0.2621004229999926,0.31789682199996605,1335.832576,,,cpu,"[25448, 39]",25448.0,7154.0,ok,0.0273279994,487.15,L,XGBoostModel,cpu,c6id
batch_cpu,c6id.24xlarge,XGBoostModel,KMersCounts,"{""k"": [1, 2], ""modification_abundance"": true}","{""max_depth"": 30, ""n_estimators"": 1000}",asoptimizer_cleaned,32602,nucleobase,2,97.24639011299996,53.67814010799975,2.476215291000244,0.23566847999973106,0.31789682199996605,1334.411264,,,cpu,"[23423, 39]",23423.0,9179.0,ok,0.0273279994,487.15,L,XGBoostModel,cpu,c6id
batch_cpu,c6id.24xlarge,XGBoostModel,KMersCounts,"{""k"": [1, 2], ""modification_abundance"": true}","{""max_depth"": 30, ""n_estimators"": 1000}",asoptimizer_cleaned,32602,nucleobase,3,95.58712152699991,52.60591656800034,2.3738334690001466,0.23024905300007958,0.31789682199996605,1335.115776,,,cpu,"[23507, 39]",23507.0,9095.0,ok,0.0273279994,487.15,L,XGBoostModel,cpu,c6id
batch_cpu,c6id.24xlarge,XGBoostModel,KMersCounts,"{""k"": [1, 2], ""modification_abundance"": true}","{""max_depth"": 30, ""n_estimators"": 1000}",asoptimizer_cleaned,32602,nucleobase,4,95.68904487300006,52.65344342200024,2.806129759999749,0.2354962389999855,0.31789682199996605,1369.43616,,,cpu,"[25606, 39]",25606.0,6996.0,ok,0.0273279994,487.15,L,XGBoostModel,cpu,c6id
batch_cpu,c6id.24xlarge,XGBoostModel,KMersCounts,"{""k"": [1, 2], ""modification_abundance"": true}","{""max_depth"": 30, ""n_estimators"": 1000}",asoptimizer_cleaned,32602,nucleobase,0,95.53743821999979,52.13316141900032,2.653188274999593,0.2478057949997492,0.31789682199996605,1296.56832,,,cpu,"[25428, 38]",25428.0,7174.0,ok,0.0273279994,487.15,L,XGBoostModel,cpu,c6id
batch_cpu,c6id.24xlarge,XGBoostModel,KMersCounts,"{""k"": [1, 2], ""modification_abundance"": true}","{""max_depth"": 30, ""n_estimators"": 1000}",asoptimizer_cleaned,32602,nucleobase,1,96.43247316500037,53.127604797000004,2.6482869910000773,0.2621004229999926,0.31789682199996605,1335.832576,,,cpu,"[25448, 39]",25448.0,7154.0,ok,0.0273279994,487.15,L,XGBoostModel,cpu,c6id
batch_cpu,c6id.24xlarge,XGBoostModel,KMersCounts,"{""k"": [1, 2], ""modification_abundance"": true}","{""max_depth"": 30, ""n_estimators"": 1000}",asoptimizer_cleaned,32602,nucleobase,2,97.24639011299996,53.67814010799975,2.476215291000244,0.23566847999973106,0.31789682199996605,1334.411264,,,cpu,"[23423, 39]",23423.0,9179.0,ok,0.0273279994,487.15,L,XGBoostModel,cpu,c6id
batch_cpu,c6id.24xlarge,XGBoostModel,KMersCounts,"{""k"": [1, 2], ""modification_abundance"": true}","{""max_depth"": 30, ""n_estimators"": 1000}",asoptimizer_cleaned,32602,nucleobase,3,95.58712152699991,52.60591656800034,2.3738334690001466,0.23024905300007958,0.31789682199996605,1335.115776,,,cpu,"[23507, 39]",23507.0,9095.0,ok,0.0273279994,487.15,L,XGBoostModel,cpu,c6id
batch_cpu,c6id.24xlarge,XGBoostModel,KMersCounts,"{""k"": [1, 2], ""modification_abundance"": true}","{""max_depth"": 30, ""n_estimators"": 1000}",asoptimizer_cleaned,32602,nucleobase,4,95.68904487300006,52.65344342200024,2.806129759999749,0.2354962389999855,0.31789682199996605,1369.43616,,,cpu,"[25606, 39]",25606.0,6996.0,ok,0.0273279994,487.15,L,XGBoostModel,cpu,c6id
batch_cpu,m6id.24xlarge,LinearModel,OneHotEncoder,"{""encode_components"": [""base"", ""sugar"", ""phosphate""]}","{""type"": ""ridge""}",asoptimizer_cleaned,32602,nucleobase,0,127.490438176,83.71860746299996,0.126344969999991,0.01750226099994734,0.3354182560000254,1221.55008,,,cpu,"[25428, 350]",25428.0,7174.0,ok,0.0209614999,634.444,L,LinearModel,cpu,m6id
batch_cpu,m6id.24xlarge,LinearModel,OneHotEncoder,"{""encode_components"": [""base"", ""sugar"", ""phosphate""]}","{""type"": ""ridge""}",asoptimizer_cleaned,32602,nucleobase,1,128.450941537,84.41536821699998,0.11240843600000971,0.011720829000068989,0.3354182560000254,1252.220928,,,cpu,"[25448, 375]",25448.0,7154.0,ok,0.0209614999,634.444,L,LinearModel,cpu,m6id
batch_cpu,m6id.24xlarge,LinearModel,OneHotEncoder,"{""encode_components"": [""base"", ""sugar"", ""phosphate""]}","{""type"": ""ridge""}",asoptimizer_cleaned,32602,nucleobase,2,121.39593376899995,80.03844808200006,0.10186088300008578,0.01238354800000252,0.3354182560000254,1240.6784,,,cpu,"[23423, 375]",23423.0,9179.0,ok,0.0209614999,634.444,L,LinearModel,cpu,m6id
batch_cpu,m6id.24xlarge,LinearModel,OneHotEncoder,"{""encode_components"": [""base"", ""sugar"", ""phosphate""]}","{""type"": ""ridge""}",asoptimizer_cleaned,32602,nucleobase,3,121.04391927899997,79.793997935,0.10011769400000503,0.011258068000074672,0.3354182560000254,1254.33856,,,cpu,"[23507, 375]",23507.0,9095.0,ok,0.0209614999,634.444,L,LinearModel,cpu,m6id
batch_cpu,m6id.24xlarge,LinearModel,OneHotEncoder,"{""encode_components"": [""base"", ""sugar"", ""phosphate""]}","{""type"": ""ridge""}",asoptimizer_cleaned,32602,nucleobase,4,127.92348781300007,85.54641543799994,0.11663802000009582,0.01366649999999936,0.3354182560000254,1251.905536,,,cpu,"[25606, 375]",25606.0,6996.0,ok,0.0209614999,634.444,L,LinearModel,cpu,m6id
batch_cpu,m6id.24xlarge,LinearModel,OneHotEncoder,"{""encode_components"": [""base"", ""sugar"", ""phosphate""]}","{""type"": ""ridge""}",asoptimizer_cleaned,32602,nucleobase,0,127.490438176,83.71860746299996,0.126344969999991,0.01750226099994734,0.3354182560000254,1221.55008,,,cpu,"[25428, 350]",25428.0,7174.0,ok,0.0209614999,634.444,L,LinearModel,cpu,m6id
batch_cpu,m6id.24xlarge,LinearModel,OneHotEncoder,"{""encode_components"": [""base"", ""sugar"", ""phosphate""]}","{""type"": ""ridge""}",asoptimizer_cleaned,32602,nucleobase,1,128.450941537,84.41536821699998,0.11240843600000971,0.011720829000068989,0.3354182560000254,1252.220928,,,cpu,"[25448, 375]",25448.0,7154.0,ok,0.0209614999,634.444,L,LinearModel,cpu,m6id
batch_cpu,m6id.24xlarge,LinearModel,OneHotEncoder,"{""encode_components"": [""base"", ""sugar"", ""phosphate""]}","{""type"": ""ridge""}",asoptimizer_cleaned,32602,nucleobase,2,121.39593376899995,80.03844808200006,0.10186088300008578,0.01238354800000252,0.3354182560000254,1240.6784,,,cpu,"[23423, 375]",23423.0,9179.0,ok,0.0209614999,634.444,L,LinearModel,cpu,m6id
batch_cpu,m6id.24xlarge,LinearModel,OneHotEncoder,"{""encode_components"": [""base"", ""sugar"", ""phosphate""]}","{""type"": ""ridge""}",asoptimizer_cleaned,32602,nucleobase,3,121.04391927899997,79.793997935,0.10011769400000503,0.011258068000074672,0.3354182560000254,1254.33856,,,cpu,"[23507, 375]",23507.0,9095.0,ok,0.0209614999,634.444,L,LinearModel,cpu,m6id
batch_cpu,m6id.24xlarge,LinearModel,OneHotEncoder,"{""encode_components"": [""base"", ""sugar"", ""phosphate""]}","{""type"": ""ridge""}",asoptimizer_cleaned,32602,nucleobase,4,127.92348781300007,85.54641543799994,0.11663802000009582,0.01366649999999936,0.3354182560000254,1251.905536,,,cpu,"[25606, 375]",25606.0,6996.0,ok,0.0209614999,634.444,L,LinearModel,cpu,m6id
batch_cpu,m6id.24xlarge,LinearModel,OneHotEncoder,"{""encode_components"": [""base"", ""sugar"", ""phosphate""]}","{""type"": ""standard""}",asoptimizer_cleaned,32602,random,0,85.29260827999997,84.87667955500001,0.40011922800005095,0.013241590000006909,0.5230792510000128,1258.995712,,,cpu,"[26082, 375]",26082.0,6520.0,ok,0.0146994166,434.298,L,LinearModel,cpu,m6id
batch_cpu,m6id.24xlarge,LinearModel,OneHotEncoder,"{""encode_components"": [""base"", ""sugar"", ""phosphate""]}","{""type"": ""standard""}",asoptimizer_cleaned,32602,random,1,85.25326686099999,84.82115373799996,0.4190372440000374,0.011363952000010613,0.5230792510000128,1267.007488,,,cpu,"[26082, 375]",26082.0,6520.0,ok,0.0146994166,434.298,L,LinearModel,cpu,m6id
batch_cpu,m6id.24xlarge,LinearModel,OneHotEncoder,"{""encode_components"": [""base"", ""sugar"", ""phosphate""]}","{""type"": ""standard""}",asoptimizer_cleaned,32602,random,2,85.18411855699998,84.71478338399993,0.4520263919999934,0.015175607000060154,0.5230792510000128,1292.6976,,,cpu,"[26082, 375]",26082.0,6520.0,ok,0.0146994166,434.298,L,LinearModel,cpu,m6id
batch_cpu,m6id.24xlarge,LinearModel,OneHotEncoder,"{""encode_components"": [""base"", ""sugar"", ""phosphate""]}","{""type"": ""standard""}",asoptimizer_cleaned,32602,random,3,85.47421708700006,85.02027464000003,0.4360039499999857,0.01569664399994508,0.5230792510000128,1285.193728,,,cpu,"[26082, 375]",26082.0,6520.0,ok,0.0146994166,434.298,L,LinearModel,cpu,m6id
batch_cpu,m6id.24xlarge,LinearModel,OneHotEncoder,"{""encode_components"": [""base"", ""sugar"", ""phosphate""]}","{""type"": ""standard""}",asoptimizer_cleaned,32602,random,4,83.95453014600002,83.50539483400007,0.430991228000039,0.01593410100008441,0.5230792510000128,1262.084096,,,cpu,"[26082, 375]",26082.0,6520.0,ok,0.0146994166,434.298,L,LinearModel,cpu,m6id
batch_cpu,m6id.24xlarge,LinearModel,OneHotEncoder,"{""encode_components"": [""base"", ""sugar"", ""phosphate""]}","{""type"": ""standard""}",asoptimizer_cleaned,32602,random,0,85.29260827999997,84.87667955500001,0.40011922800005095,0.013241590000006909,0.5230792510000128,1258.995712,,,cpu,"[26082, 375]",26082.0,6520.0,ok,0.0146994166,434.298,L,LinearModel,cpu,m6id
batch_cpu,m6id.24xlarge,LinearModel,OneHotEncoder,"{""encode_components"": [""base"", ""sugar"", ""phosphate""]}","{""type"": ""standard""}",asoptimizer_cleaned,32602,random,1,85.25326686099999,84.82115373799996,0.4190372440000374,0.011363952000010613,0.5230792510000128,1267.007488,,,cpu,"[26082, 375]",26082.0,6520.0,ok,0.0146994166,434.298,L,LinearModel,cpu,m6id
batch_cpu,m6id.24xlarge,LinearModel,OneHotEncoder,"{""encode_components"": [""base"", ""sugar"", ""phosphate""]}","{""type"": ""standard""}",asoptimizer_cleaned,32602,random,2,85.18411855699998,84.71478338399993,0.4520263919999934,0.015175607000060154,0.5230792510000128,1292.6976,,,cpu,"[26082, 375]",26082.0,6520.0,ok,0.0146994166,434.298,L,LinearModel,cpu,m6id
batch_cpu,m6id.24xlarge,LinearModel,OneHotEncoder,"{""encode_components"": [""base"", ""sugar"", ""phosphate""]}","{""type"": ""standard""}",asoptimizer_cleaned,32602,random,3,85.47421708700006,85.02027464000003,0.4360039499999857,0.01569664399994508,0.5230792510000128,1285.193728,,,cpu,"[26082, 375]",26082.0,6520.0,ok,0.0146994166,434.298,L,LinearModel,cpu,m6id
batch_cpu,m6id.24xlarge,LinearModel,OneHotEncoder,"{""encode_components"": [""base"", ""sugar"", ""phosphate""]}","{""type"": ""standard""}",asoptimizer_cleaned,32602,random,4,83.95453014600002,83.50539483400007,0.430991228000039,0.01593410100008441,0.5230792510000128,1262.084096,,,cpu,"[26082, 375]",26082.0,6520.0,ok,0.0146994166,434.298,L,LinearModel,cpu,m6id
batch_cpu,c6id.24xlarge,NearestNeighborsModel,OneHotEncoder,"{""encode_components"": [""base"", ""sugar"", ""phosphate""]}","{""n_neighbors"": 5}",asoptimizer_cleaned,32602,random,0,88.1997591280001,81.27855677799971,0.005389636000018072,6.9147535440001775,0.31681526099964685,1193.803776,,,cpu,"[26082, 375]",26082.0,6520.0,ok,0.0250879994,448.295,L,NearestNeighborsModel,cpu,c6id
batch_cpu,c6id.24xlarge,NearestNeighborsModel,OneHotEncoder,"{""encode_components"": [""base"", ""sugar"", ""phosphate""]}","{""n_neighbors"": 5}",asoptimizer_cleaned,32602,random,1,87.25467802100002,80.27981929099997,0.00522524699999849,6.968287866000082,0.31681526099964685,1212.297216,,,cpu,"[26082, 375]",26082.0,6520.0,ok,0.0250879994,448.295,L,NearestNeighborsModel,cpu,c6id
batch_cpu,c6id.24xlarge,NearestNeighborsModel,OneHotEncoder,"{""encode_components"": [""base"", ""sugar"", ""phosphate""]}","{""n_neighbors"": 5}",asoptimizer_cleaned,32602,random,2,87.85006767300001,80.86254799100016,0.005568508000123984,6.9804589569998825,0.31681526099964685,1196.552192,,,cpu,"[26082, 375]",26082.0,6520.0,ok,0.0250879994,448.295,L,NearestNeighborsModel,cpu,c6id
batch_cpu,c6id.24xlarge,NearestNeighborsModel,OneHotEncoder,"{""encode_components"": [""base"", ""sugar"", ""phosphate""]}","{""n_neighbors"": 5}",asoptimizer_cleaned,32602,random,3,88.1705959130004,81.16406446199971,0.005661403999965842,6.999309970000013,0.31681526099964685,1191.018496,,,cpu,"[26082, 375]",26082.0,6520.0,ok,0.0250879994,448.295,L,NearestNeighborsModel,cpu,c6id
batch_cpu,c6id.24xlarge,NearestNeighborsModel,OneHotEncoder,"{""encode_components"": [""base"", ""sugar"", ""phosphate""]}","{""n_neighbors"": 5}",asoptimizer_cleaned,32602,random,4,89.28778494300013,82.27547750899976,0.006054565999875194,7.004259423999883,0.31681526099964685,1208.365056,,,cpu,"[26082, 375]",26082.0,6520.0,ok,0.0250879994,448.295,L,NearestNeighborsModel,cpu,c6id
batch_cpu,c6id.24xlarge,NearestNeighborsModel,OneHotEncoder,"{""encode_components"": [""base"", ""sugar"", ""phosphate""]}","{""n_neighbors"": 5}",asoptimizer_cleaned,32602,random,0,88.1997591280001,81.27855677799971,0.005389636000018072,6.9147535440001775,0.31681526099964685,1193.803776,,,cpu,"[26082, 375]",26082.0,6520.0,ok,0.0250879994,448.295,L,NearestNeighborsModel,cpu,c6id
batch_cpu,c6id.24xlarge,NearestNeighborsModel,OneHotEncoder,"{""encode_components"": [""base"", ""sugar"", ""phosphate""]}","{""n_neighbors"": 5}",asoptimizer_cleaned,32602,random,1,87.25467802100002,80.27981929099997,0.00522524699999849,6.968287866000082,0.31681526099964685,1212.297216,,,cpu,"[26082, 375]",26082.0,6520.0,ok,0.0250879994,448.295,L,NearestNeighborsModel,cpu,c6id
batch_cpu,c6id.24xlarge,NearestNeighborsModel,OneHotEncoder,"{""encode_components"": [""base"", ""sugar"", ""phosphate""]}","{""n_neighbors"": 5}",asoptimizer_cleaned,32602,random,2,87.85006767300001,80.86254799100016,0.005568508000123984,6.9804589569998825,0.31681526099964685,1196.552192,,,cpu,"[26082, 375]",26082.0,6520.0,ok,0.0250879994,448.295,L,NearestNeighborsModel,cpu,c6id
batch_cpu,c6id.24xlarge,NearestNeighborsModel,OneHotEncoder,"{""encode_components"": [""base"", ""sugar"", ""phosphate""]}","{""n_neighbors"": 5}",asoptimizer_cleaned,32602,random,3,88.1705959130004,81.16406446199971,0.005661403999965842,6.999309970000013,0.31681526099964685,1191.018496,,,cpu,"[26082, 375]",26082.0,6520.0,ok,0.0250879994,448.295,L,NearestNeighborsModel,cpu,c6id
batch_cpu,c6id.24xlarge,NearestNeighborsModel,OneHotEncoder,"{""encode_components"": [""base"", ""sugar"", ""phosphate""]}","{""n_neighbors"": 5}",asoptimizer_cleaned,32602,random,4,89.28778494300013,82.27547750899976,0.006054565999875194,7.004259423999883,0.31681526099964685,1208.365056,,,cpu,"[26082, 375]",26082.0,6520.0,ok,0.0250879994,448.295,L,NearestNeighborsModel,cpu,c6id
batch_cpu,m6id.24xlarge,NearestNeighborsModel,OneHotEncoder,"{""encode_components"": [""base"", ""sugar"", ""phosphate""]}","{""n_neighbors"": 10}",asoptimizer_cleaned,32602,nucleobase,0,138.585567916,87.17224280599999,0.008906099999990147,6.8260231060000365,0.5037233969999875,1197.539328,,,cpu,"[25428, 350]",25428.0,7174.0,ok,0.0222798332,669.375,L,NearestNeighborsModel,cpu,m6id
batch_cpu,m6id.24xlarge,NearestNeighborsModel,OneHotEncoder,"{""encode_components"": [""base"", ""sugar"", ""phosphate""]}","{""n_neighbors"": 10}",asoptimizer_cleaned,32602,nucleobase,1,133.933711845,84.66321989800002,0.008212060000005295,7.089228910999964,0.5037233969999875,1222.254592,,,cpu,"[25448, 375]",25448.0,7154.0,ok,0.0222798332,669.375,L,NearestNeighborsModel,cpu,m6id
batch_cpu,m6id.24xlarge,NearestNeighborsModel,OneHotEncoder,"{""encode_components"": [""base"", ""sugar"", ""phosphate""]}","{""n_neighbors"": 10}",asoptimizer_cleaned,32602,nucleobase,2,130.82764517300006,82.99812328000007,0.005077969000012672,6.542203308000012,0.5037233969999875,1209.782272,,,cpu,"[23423, 375]",23423.0,9179.0,ok,0.0222798332,669.375,L,NearestNeighborsModel,cpu,m6id
batch_cpu,m6id.24xlarge,NearestNeighborsModel,OneHotEncoder,"{""encode_components"": [""base"", ""sugar"", ""phosphate""]}","{""n_neighbors"": 10}",asoptimizer_cleaned,32602,nucleobase,3,127.63939380299996,79.51808868299997,0.0054087660000732285,6.371304112999951,0.5037233969999875,1207.1936,,,cpu,"[23507, 375]",23507.0,9095.0,ok,0.0222798332,669.375,L,NearestNeighborsModel,cpu,m6id
batch_cpu,m6id.24xlarge,NearestNeighborsModel,OneHotEncoder,"{""encode_components"": [""base"", ""sugar"", ""phosphate""]}","{""n_neighbors"": 10}",asoptimizer_cleaned,32602,nucleobase,4,129.31346484800008,81.25373092899997,0.006261543999926289,7.01933292199999,0.5037233969999875,1222.20544,,,cpu,"[25606, 375]",25606.0,6996.0,ok,0.0222798332,669.375,L,NearestNeighborsModel,cpu,m6id
batch_cpu,m6id.24xlarge,NearestNeighborsModel,OneHotEncoder,"{""encode_components"": [""base"", ""sugar"", ""phosphate""]}","{""n_neighbors"": 10}",asoptimizer_cleaned,32602,nucleobase,0,138.585567916,87.17224280599999,0.008906099999990147,6.8260231060000365,0.5037233969999875,1197.539328,,,cpu,"[25428, 350]",25428.0,7174.0,ok,0.0222798332,669.375,L,NearestNeighborsModel,cpu,m6id
batch_cpu,m6id.24xlarge,NearestNeighborsModel,OneHotEncoder,"{""encode_components"": [""base"", ""sugar"", ""phosphate""]}","{""n_neighbors"": 10}",asoptimizer_cleaned,32602,nucleobase,1,133.933711845,84.66321989800002,0.008212060000005295,7.089228910999964,0.5037233969999875,1222.254592,,,cpu,"[25448, 375]",25448.0,7154.0,ok,0.0222798332,669.375,L,NearestNeighborsModel,cpu,m6id
batch_cpu,m6id.24xlarge,NearestNeighborsModel,OneHotEncoder,"{""encode_components"": [""base"", ""sugar"", ""phosphate""]}","{""n_neighbors"": 10}",asoptimizer_cleaned,32602,nucleobase,2,130.82764517300006,82.99812328000007,0.005077969000012672,6.542203308000012,0.5037233969999875,1209.782272,,,cpu,"[23423, 375]",23423.0,9179.0,ok,0.0222798332,669.375,L,NearestNeighborsModel,cpu,m6id
batch_cpu,m6id.24xlarge,NearestNeighborsModel,OneHotEncoder,"{""encode_components"": [""base"", ""sugar"", ""phosphate""]}","{""n_neighbors"": 10}",asoptimizer_cleaned,32602,nucleobase,3,127.63939380299996,79.51808868299997,0.0054087660000732285,6.371304112999951,0.5037233969999875,1207.1936,,,cpu,"[23507, 375]",23507.0,9095.0,ok,0.0222798332,669.375,L,NearestNeighborsModel,cpu,m6id
batch_cpu,m6id.24xlarge,NearestNeighborsModel,OneHotEncoder,"{""encode_components"": [""base"", ""sugar"", ""phosphate""]}","{""n_neighbors"": 10}",asoptimizer_cleaned,32602,nucleobase,4,129.31346484800008,81.25373092899997,0.006261543999926289,7.01933292199999,0.5037233969999875,1222.20544,,,cpu,"[25606, 375]",25606.0,6996.0,ok,0.0222798332,669.375,L,NearestNeighborsModel,cpu,m6id
batch_cpu,c6id.24xlarge,NearestNeighborsModel,OneHotEncoder,"{""encode_components"": [""base"", ""sugar"", ""phosphate""]}","{""n_neighbors"": 15}",asoptimizer_cleaned,32602,random,0,89.43765044300017,82.5082775879996,0.00654124899983799,6.921606862999852,0.3572680130000663,1191.40352,,,cpu,"[26082, 375]",26082.0,6520.0,ok,0.0257039994,453.331,L,NearestNeighborsModel,cpu,c6id
batch_cpu,c6id.24xlarge,NearestNeighborsModel,OneHotEncoder,"{""encode_components"": [""base"", ""sugar"", ""phosphate""]}","{""n_neighbors"": 15}",asoptimizer_cleaned,32602,random,1,89.7248149850002,82.82213718799994,0.005712098000003607,6.895231887999671,0.3572680130000663,1195.52,,,cpu,"[26082, 375]",26082.0,6520.0,ok,0.0257039994,453.331,L,NearestNeighborsModel,cpu,c6id
batch_cpu,c6id.24xlarge,NearestNeighborsModel,OneHotEncoder,"{""encode_components"": [""base"", ""sugar"", ""phosphate""]}","{""n_neighbors"": 15}",asoptimizer_cleaned,32602,random,2,89.04667094700017,82.14789852800004,0.005729895000058605,6.891317039000114,0.3572680130000663,1211.88352,,,cpu,"[26082, 375]",26082.0,6520.0,ok,0.0257039994,453.331,L,NearestNeighborsModel,cpu,c6id
batch_cpu,c6id.24xlarge,NearestNeighborsModel,OneHotEncoder,"{""encode_components"": [""base"", ""sugar"", ""phosphate""]}","{""n_neighbors"": 15}",asoptimizer_cleaned,32602,random,3,89.05615048900017,82.20935654499999,0.005755743999998231,6.839337720000003,0.3572680130000663,1211.584512,,,cpu,"[26082, 375]",26082.0,6520.0,ok,0.0257039994,453.331,L,NearestNeighborsModel,cpu,c6id
batch_cpu,c6id.24xlarge,NearestNeighborsModel,OneHotEncoder,"{""encode_components"": [""base"", ""sugar"", ""phosphate""]}","{""n_neighbors"": 15}",asoptimizer_cleaned,32602,random,4,88.75845602299978,81.87734439099995,0.005479714000102831,6.873878798000078,0.3572680130000663,1194.446848,,,cpu,"[26082, 375]",26082.0,6520.0,ok,0.0257039994,453.331,L,NearestNeighborsModel,cpu,c6id
batch_cpu,c6id.24xlarge,NearestNeighborsModel,OneHotEncoder,"{""encode_components"": [""base"", ""sugar"", ""phosphate""]}","{""n_neighbors"": 15}",asoptimizer_cleaned,32602,random,0,89.43765044300017,82.5082775879996,0.00654124899983799,6.921606862999852,0.3572680130000663,1191.40352,,,cpu,"[26082, 375]",26082.0,6520.0,ok,0.0257039994,453.331,L,NearestNeighborsModel,cpu,c6id
batch_cpu,c6id.24xlarge,NearestNeighborsModel,OneHotEncoder,"{""encode_components"": [""base"", ""sugar"", ""phosphate""]}","{""n_neighbors"": 15}",asoptimizer_cleaned,32602,random,1,89.7248149850002,82.82213718799994,0.005712098000003607,6.895231887999671,0.3572680130000663,1195.52,,,cpu,"[26082, 375]",26082.0,6520.0,ok,0.0257039994,453.331,L,NearestNeighborsModel,cpu,c6id
batch_cpu,c6id.24xlarge,NearestNeighborsModel,OneHotEncoder,"{""encode_components"": [""base"", ""sugar"", ""phosphate""]}","{""n_neighbors"": 15}",asoptimizer_cleaned,32602,random,2,89.04667094700017,82.14789852800004,0.005729895000058605,6.891317039000114,0.3572680130000663,1211.88352,,,cpu,"[26082, 375]",26082.0,6520.0,ok,0.0257039994,453.331,L,NearestNeighborsModel,cpu,c6id
batch_cpu,c6id.24xlarge,NearestNeighborsModel,OneHotEncoder,"{""encode_components"": [""base"", ""sugar"", ""phosphate""]}","{""n_neighbors"": 15}",asoptimizer_cleaned,32602,random,3,89.05615048900017,82.20935654499999,0.005755743999998231,6.839337720000003,0.3572680130000663,1211.584512,,,cpu,"[26082, 375]",26082.0,6520.0,ok,0.0257039994,453.331,L,NearestNeighborsModel,cpu,c6id
batch_cpu,c6id.24xlarge,NearestNeighborsModel,OneHotEncoder,"{""encode_components"": [""base"", ""sugar"", ""phosphate""]}","{""n_neighbors"": 15}",asoptimizer_cleaned,32602,random,4,88.75845602299978,81.87734439099995,0.005479714000102831,6.873878798000078,0.3572680130000663,1194.446848,,,cpu,"[26082, 375]",26082.0,6520.0,ok,0.0257039994,453.331,L,NearestNeighborsModel,cpu,c6id
batch_cpu,c6id.24xlarge,RandomForestModel,OneHotEncoder,"{""encode_components"": [""base"", ""sugar"", ""phosphate""]}","{""max_depth"": 30, ""n_estimators"": 100}",asoptimizer_cleaned,32602,random,0,108.80036724299998,81.27712102299984,26.80464247000009,0.7173191830001997,0.3237385490001543,1310.076928,,,cpu,"[26082, 375]",26082.0,6520.0,ok,0.0313599993,556.535,L,RandomForestModel,cpu,c6id
batch_cpu,c6id.24xlarge,RandomForestModel,OneHotEncoder,"{""encode_components"": [""base"", ""sugar"", ""phosphate""]}","{""max_depth"": 30, ""n_estimators"": 100}",asoptimizer_cleaned,32602,random,1,109.12920037599997,80.99888624799996,27.339470309000262,0.7893195399997239,0.3237385490001543,1326.088192,,,cpu,"[26082, 375]",26082.0,6520.0,ok,0.0313599993,556.535,L,RandomForestModel,cpu,c6id
batch_cpu,c6id.24xlarge,RandomForestModel,OneHotEncoder,"{""encode_components"": [""base"", ""sugar"", ""phosphate""]}","{""max_depth"": 30, ""n_estimators"": 100}",asoptimizer_cleaned,32602,random,2,110.57533128100022,82.03591159100006,27.71533728600025,0.8219876930002101,0.3237385490001543,1326.1824,,,cpu,"[26082, 375]",26082.0,6520.0,ok,0.0313599993,556.535,L,RandomForestModel,cpu,c6id
batch_cpu,c6id.24xlarge,RandomForestModel,OneHotEncoder,"{""encode_components"": [""base"", ""sugar"", ""phosphate""]}","{""max_depth"": 30, ""n_estimators"": 100}",asoptimizer_cleaned,32602,random,3,110.51649528799999,82.32891800700008,27.365455185999963,0.8200466759999472,0.3237385490001543,1328.709632,,,cpu,"[26082, 375]",26082.0,6520.0,ok,0.0313599993,556.535,L,RandomForestModel,cpu,c6id
batch_cpu,c6id.24xlarge,RandomForestModel,OneHotEncoder,"{""encode_components"": [""base"", ""sugar"", ""phosphate""]}","{""max_depth"": 30, ""n_estimators"": 100}",asoptimizer_cleaned,32602,random,4,109.70631931400021,81.72342876599987,27.18843795299972,0.7924456450000434,0.3237385490001543,1339.011072,,,cpu,"[26082, 375]",26082.0,6520.0,ok,0.0313599993,556.535,L,RandomForestModel,cpu,c6id
batch_cpu,c6id.24xlarge,RandomForestModel,OneHotEncoder,"{""encode_components"": [""base"", ""sugar"", ""phosphate""]}","{""max_depth"": 30, ""n_estimators"": 100}",asoptimizer_cleaned,32602,random,0,108.80036724299998,81.27712102299984,26.80464247000009,0.7173191830001997,0.3237385490001543,1310.076928,,,cpu,"[26082, 375]",26082.0,6520.0,ok,0.0313599993,556.535,L,RandomForestModel,cpu,c6id
batch_cpu,c6id.24xlarge,RandomForestModel,OneHotEncoder,"{""encode_components"": [""base"", ""sugar"", ""phosphate""]}","{""max_depth"": 30, ""n_estimators"": 100}",asoptimizer_cleaned,32602,random,1,109.12920037599997,80.99888624799996,27.339470309000262,0.7893195399997239,0.3237385490001543,1326.088192,,,cpu,"[26082, 375]",26082.0,6520.0,ok,0.0313599993,556.535,L,RandomForestModel,cpu,c6id
batch_cpu,c6id.24xlarge,RandomForestModel,OneHotEncoder,"{""encode_components"": [""base"", ""sugar"", ""phosphate""]}","{""max_depth"": 30, ""n_estimators"": 100}",asoptimizer_cleaned,32602,random,2,110.57533128100022,82.03591159100006,27.71533728600025,0.8219876930002101,0.3237385490001543,1326.1824,,,cpu,"[26082, 375]",26082.0,6520.0,ok,0.0313599993,556.535,L,RandomForestModel,cpu,c6id
batch_cpu,c6id.24xlarge,RandomForestModel,OneHotEncoder,"{""encode_components"": [""base"", ""sugar"", ""phosphate""]}","{""max_depth"": 30, ""n_estimators"": 100}",asoptimizer_cleaned,32602,random,3,110.51649528799999,82.32891800700008,27.365455185999963,0.8200466759999472,0.3237385490001543,1328.709632,,,cpu,"[26082, 375]",26082.0,6520.0,ok,0.0313599993,556.535,L,RandomForestModel,cpu,c6id
batch_cpu,c6id.24xlarge,RandomForestModel,OneHotEncoder,"{""encode_components"": [""base"", ""sugar"", ""phosphate""]}","{""max_depth"": 30, ""n_estimators"": 100}",asoptimizer_cleaned,32602,random,4,109.70631931400021,81.72342876599987,27.18843795299972,0.7924456450000434,0.3237385490001543,1339.011072,,,cpu,"[26082, 375]",26082.0,6520.0,ok,0.0313599993,556.535,L,RandomForestModel,cpu,c6id
batch_cpu,m6id.24xlarge,RandomForestModel,OneHotEncoder,"{""encode_components"": [""base""]}","{""max_depth"": 10, ""n_estimators"": 500}",asoptimizer_cleaned,32602,nucleobase,0,201.27793019300003,73.22647007400002,81.14925949000002,2.240428838000014,0.3430078259999618,1647.816704,,,cpu,"[25428, 125]",25428.0,7174.0,ok,0.0325298748,975.046,L,RandomForestModel,cpu,m6id
batch_cpu,m6id.24xlarge,RandomForestModel,OneHotEncoder,"{""encode_components"": [""base""]}","{""max_depth"": 10, ""n_estimators"": 500}",asoptimizer_cleaned,32602,nucleobase,1,195.46262236500002,72.83079477800004,79.05556096500004,1.952488770000059,0.3430078259999618,1656.311808,,,cpu,"[25448, 125]",25448.0,7154.0,ok,0.0325298748,975.046,L,RandomForestModel,cpu,m6id
batch_cpu,m6id.24xlarge,RandomForestModel,OneHotEncoder,"{""encode_components"": [""base""]}","{""max_depth"": 10, ""n_estimators"": 500}",asoptimizer_cleaned,32602,nucleobase,2,188.08448756500002,68.56260542099994,76.16831219300002,2.130912283999919,0.3430078259999618,1644.797952,,,cpu,"[23423, 125]",23423.0,9179.0,ok,0.0325298748,975.046,L,RandomForestModel,cpu,m6id
batch_cpu,m6id.24xlarge,RandomForestModel,OneHotEncoder,"{""encode_components"": [""base""]}","{""max_depth"": 10, ""n_estimators"": 500}",asoptimizer_cleaned,32602,nucleobase,3,185.52532863199997,70.12111512600006,72.08928585099989,1.9114193219998015,0.3430078259999618,1579.225088,,,cpu,"[23507, 125]",23507.0,9095.0,ok,0.0325298748,975.046,L,RandomForestModel,cpu,m6id
batch_cpu,m6id.24xlarge,RandomForestModel,OneHotEncoder,"{""encode_components"": [""base""]}","{""max_depth"": 10, ""n_estimators"": 500}",asoptimizer_cleaned,32602,nucleobase,4,196.15718338400006,70.81914989699999,81.04831990600019,2.0193857369999932,0.3430078259999618,1659.949056,,,cpu,"[25606, 125]",25606.0,6996.0,ok,0.0325298748,975.046,L,RandomForestModel,cpu,m6id
batch_cpu,m6id.24xlarge,RandomForestModel,OneHotEncoder,"{""encode_components"": [""base""]}","{""max_depth"": 10, ""n_estimators"": 500}",asoptimizer_cleaned,32602,nucleobase,0,201.27793019300003,73.22647007400002,81.14925949000002,2.240428838000014,0.3430078259999618,1647.816704,,,cpu,"[25428, 125]",25428.0,7174.0,ok,0.0325298748,975.046,L,RandomForestModel,cpu,m6id
batch_cpu,m6id.24xlarge,RandomForestModel,OneHotEncoder,"{""encode_components"": [""base""]}","{""max_depth"": 10, ""n_estimators"": 500}",asoptimizer_cleaned,32602,nucleobase,1,195.46262236500002,72.83079477800004,79.05556096500004,1.952488770000059,0.3430078259999618,1656.311808,,,cpu,"[25448, 125]",25448.0,7154.0,ok,0.0325298748,975.046,L,RandomForestModel,cpu,m6id
batch_cpu,m6id.24xlarge,RandomForestModel,OneHotEncoder,"{""encode_components"": [""base""]}","{""max_depth"": 10, ""n_estimators"": 500}",asoptimizer_cleaned,32602,nucleobase,2,188.08448756500002,68.56260542099994,76.16831219300002,2.130912283999919,0.3430078259999618,1644.797952,,,cpu,"[23423, 125]",23423.0,9179.0,ok,0.0325298748,975.046,L,RandomForestModel,cpu,m6id
batch_cpu,m6id.24xlarge,RandomForestModel,OneHotEncoder,"{""encode_components"": [""base""]}","{""max_depth"": 10, ""n_estimators"": 500}",asoptimizer_cleaned,32602,nucleobase,3,185.52532863199997,70.12111512600006,72.08928585099989,1.9114193219998015,0.3430078259999618,1579.225088,,,cpu,"[23507, 125]",23507.0,9095.0,ok,0.0325298748,975.046,L,RandomForestModel,cpu,m6id
batch_cpu,m6id.24xlarge,RandomForestModel,OneHotEncoder,"{""encode_components"": [""base""]}","{""max_depth"": 10, ""n_estimators"": 500}",asoptimizer_cleaned,32602,nucleobase,4,196.15718338400006,70.81914989699999,81.04831990600019,2.0193857369999932,0.3430078259999618,1659.949056,,,cpu,"[25606, 125]",25606.0,6996.0,ok,0.0325298748,975.046,L,RandomForestModel,cpu,m6id
batch_cpu,r6id.32xlarge,RandomForestModel,OneHotEncoder,"{""encode_components"": [""base""]}","{""max_depth"": 10, ""n_estimators"": 1000}",asoptimizer_cleaned,32602,nucleobase,0,314.00232471399977,93.93193341799997,163.02665711199916,3.862715549001223,0.5001919209989865,2212.880384,,,cpu,"[25428, 125]",25428.0,7174.0,ok,0.0591779986,1404.434,L,RandomForestModel,cpu,r6id
batch_cpu,r6id.32xlarge,RandomForestModel,OneHotEncoder,"{""encode_components"": [""base""]}","{""max_depth"": 10, ""n_estimators"": 1000}",asoptimizer_cleaned,32602,nucleobase,1,276.47951524200107,69.16024805699999,163.21765710200089,3.763376999000684,0.5001919209989865,2213.244928,,,cpu,"[25448, 125]",25448.0,7154.0,ok,0.0591779986,1404.434,L,RandomForestModel,cpu,r6id
batch_cpu,r6id.32xlarge,RandomForestModel,OneHotEncoder,"{""encode_components"": [""base""]}","{""max_depth"": 10, ""n_estimators"": 1000}",asoptimizer_cleaned,32602,nucleobase,2,265.8479900549992,65.82590323899967,156.159556943001,3.851960488000259,0.5001919209989865,2183.667712,,,cpu,"[23423, 125]",23423.0,9179.0,ok,0.0591779986,1404.434,L,RandomForestModel,cpu,r6id
batch_cpu,r6id.32xlarge,RandomForestModel,OneHotEncoder,"{""encode_components"": [""base""]}","{""max_depth"": 10, ""n_estimators"": 1000}",asoptimizer_cleaned,32602,nucleobase,3,256.99920527200084,65.7757390959996,147.64400975399985,3.808150929999101,0.5001919209989865,2257.350656,,,cpu,"[23507, 125]",23507.0,9095.0,ok,0.0591779986,1404.434,L,RandomForestModel,cpu,r6id
batch_cpu,r6id.32xlarge,RandomForestModel,OneHotEncoder,"{""encode_components"": [""base""]}","{""max_depth"": 10, ""n_estimators"": 1000}",asoptimizer_cleaned,32602,nucleobase,4,281.34894230400096,67.60912065699995,170.26110598299965,3.852572986001178,0.5001919209989865,2275.667968,,,cpu,"[25606, 125]",25606.0,6996.0,ok,0.0591779986,1404.434,L,RandomForestModel,cpu,r6id
batch_cpu,r6id.32xlarge,RandomForestModel,OneHotEncoder,"{""encode_components"": [""base""]}","{""max_depth"": 10, ""n_estimators"": 1000}",asoptimizer_cleaned,32602,nucleobase,0,314.00232471399977,93.93193341799997,163.02665711199916,3.862715549001223,0.5001919209989865,2212.880384,,,cpu,"[25428, 125]",25428.0,7174.0,ok,0.0591779986,1404.434,L,RandomForestModel,cpu,r6id
batch_cpu,r6id.32xlarge,RandomForestModel,OneHotEncoder,"{""encode_components"": [""base""]}","{""max_depth"": 10, ""n_estimators"": 1000}",asoptimizer_cleaned,32602,nucleobase,1,276.47951524200107,69.16024805699999,163.21765710200089,3.763376999000684,0.5001919209989865,2213.244928,,,cpu,"[25448, 125]",25448.0,7154.0,ok,0.0591779986,1404.434,L,RandomForestModel,cpu,r6id
batch_cpu,r6id.32xlarge,RandomForestModel,OneHotEncoder,"{""encode_components"": [""base""]}","{""max_depth"": 10, ""n_estimators"": 1000}",asoptimizer_cleaned,32602,nucleobase,2,265.8479900549992,65.82590323899967,156.159556943001,3.851960488000259,0.5001919209989865,2183.667712,,,cpu,"[23423, 125]",23423.0,9179.0,ok,0.0591779986,1404.434,L,RandomForestModel,cpu,r6id
batch_cpu,r6id.32xlarge,RandomForestModel,OneHotEncoder,"{""encode_components"": [""base""]}","{""max_depth"": 10, ""n_estimators"": 1000}",asoptimizer_cleaned,32602,nucleobase,3,256.99920527200084,65.7757390959996,147.64400975399985,3.808150929999101,0.5001919209989865,2257.350656,,,cpu,"[23507, 125]",23507.0,9095.0,ok,0.0591779986,1404.434,L,RandomForestModel,cpu,r6id
batch_cpu,r6id.32xlarge,RandomForestModel,OneHotEncoder,"{""encode_components"": [""base""]}","{""max_depth"": 10, ""n_estimators"": 1000}",asoptimizer_cleaned,32602,nucleobase,4,281.34894230400096,67.60912065699995,170.26110598299965,3.852572986001178,0.5001919209989865,2275.667968,,,cpu,"[25606, 125]",25606.0,6996.0,ok,0.0591779986,1404.434,L,RandomForestModel,cpu,r6id
batch_cpu,m6id.24xlarge,XGBoostModel,OneHotEncoder,"{""encode_components"": [""base"", ""sugar"", ""phosphate""]}","{""max_depth"": 30, ""n_estimators"": 100}",asoptimizer_cleaned,32602,nucleobase,0,135.0296692,84.80898464799998,6.530351792000033,0.3409610460000181,0.5475898090000442,1529.50784,,,cpu,"[25428, 350]",25428.0,7174.0,ok,0.0219832082,652.634,L,XGBoostModel,cpu,m6id
batch_cpu,m6id.24xlarge,XGBoostModel,OneHotEncoder,"{""encode_components"": [""base"", ""sugar"", ""phosphate""]}","{""max_depth"": 30, ""n_estimators"": 100}",asoptimizer_cleaned,32602,nucleobase,1,130.743521745,82.70481566900003,6.665602321999927,0.2851240229999803,0.5475898090000442,1563.734016,,,cpu,"[25448, 375]",25448.0,7154.0,ok,0.0219832082,652.634,L,XGBoostModel,cpu,m6id
batch_cpu,m6id.24xlarge,XGBoostModel,OneHotEncoder,"{""encode_components"": [""base"", ""sugar"", ""phosphate""]}","{""max_depth"": 30, ""n_estimators"": 100}",asoptimizer_cleaned,32602,nucleobase,2,124.48672595999994,78.84893855000007,5.791582274000007,0.22081469399995513,0.5475898090000442,1523.900416,,,cpu,"[23423, 375]",23423.0,9179.0,ok,0.0219832082,652.634,L,XGBoostModel,cpu,m6id
batch_cpu,m6id.24xlarge,XGBoostModel,OneHotEncoder,"{""encode_components"": [""base"", ""sugar"", ""phosphate""]}","{""max_depth"": 30, ""n_estimators"": 100}",asoptimizer_cleaned,32602,nucleobase,3,125.18284072200004,79.25513698399993,5.550085314999933,0.22788174299989805,0.5475898090000442,1555.37408,,,cpu,"[23507, 375]",23507.0,9095.0,ok,0.0219832082,652.634,L,XGBoostModel,cpu,m6id
batch_cpu,m6id.24xlarge,XGBoostModel,OneHotEncoder,"{""encode_components"": [""base"", ""sugar"", ""phosphate""]}","{""max_depth"": 30, ""n_estimators"": 100}",asoptimizer_cleaned,32602,nucleobase,4,126.58797492899998,80.64930082399997,6.556473039000025,0.2553405029999567,0.5475898090000442,1619.78368,,,cpu,"[25606, 375]",25606.0,6996.0,ok,0.0219832082,652.634,L,XGBoostModel,cpu,m6id
batch_cpu,m6id.24xlarge,XGBoostModel,OneHotEncoder,"{""encode_components"": [""base"", ""sugar"", ""phosphate""]}","{""max_depth"": 30, ""n_estimators"": 100}",asoptimizer_cleaned,32602,nucleobase,0,135.0296692,84.80898464799998,6.530351792000033,0.3409610460000181,0.5475898090000442,1529.50784,,,cpu,"[25428, 350]",25428.0,7174.0,ok,0.0219832082,652.634,L,XGBoostModel,cpu,m6id
batch_cpu,m6id.24xlarge,XGBoostModel,OneHotEncoder,"{""encode_components"": [""base"", ""sugar"", ""phosphate""]}","{""max_depth"": 30, ""n_estimators"": 100}",asoptimizer_cleaned,32602,nucleobase,1,130.743521745,82.70481566900003,6.665602321999927,0.2851240229999803,0.5475898090000442,1563.734016,,,cpu,"[25448, 375]",25448.0,7154.0,ok,0.0219832082,652.634,L,XGBoostModel,cpu,m6id
batch_cpu,m6id.24xlarge,XGBoostModel,OneHotEncoder,"{""encode_components"": [""base"", ""sugar"", ""phosphate""]}","{""max_depth"": 30, ""n_estimators"": 100}",asoptimizer_cleaned,32602,nucleobase,2,124.48672595999994,78.84893855000007,5.791582274000007,0.22081469399995513,0.5475898090000442,1523.900416,,,cpu,"[23423, 375]",23423.0,9179.0,ok,0.0219832082,652.634,L,XGBoostModel,cpu,m6id
batch_cpu,m6id.24xlarge,XGBoostModel,OneHotEncoder,"{""encode_components"": [""base"", ""sugar"", ""phosphate""]}","{""max_depth"": 30, ""n_estimators"": 100}",asoptimizer_cleaned,32602,nucleobase,3,125.18284072200004,79.25513698399993,5.550085314999933,0.22788174299989805,0.5475898090000442,1555.37408,,,cpu,"[23507, 375]",23507.0,9095.0,ok,0.0219832082,652.634,L,XGBoostModel,cpu,m6id
batch_cpu,m6id.24xlarge,XGBoostModel,OneHotEncoder,"{""encode_components"": [""base"", ""sugar"", ""phosphate""]}","{""max_depth"": 30, ""n_estimators"": 100}",asoptimizer_cleaned,32602,nucleobase,4,126.58797492899998,80.64930082399997,6.556473039000025,0.2553405029999567,0.5475898090000442,1619.78368,,,cpu,"[25606, 375]",25606.0,6996.0,ok,0.0219832082,652.634,L,XGBoostModel,cpu,m6id
batch_cpu,c6id.24xlarge,XGBoostModel,OneHotEncoder,"{""encode_components"": [""base"", ""sugar"", ""phosphate""]}","{""max_depth"": 10, ""n_estimators"": 500}",asoptimizer_cleaned,32602,nucleobase,0,128.23051284699977,81.400037677,5.571120900000096,0.3071058259997699,0.3372484229998918,1244.377088,,,cpu,"[25428, 350]",25428.0,7174.0,ok,0.0369039991,653.017,L,XGBoostModel,cpu,c6id
batch_cpu,c6id.24xlarge,XGBoostModel,OneHotEncoder,"{""encode_components"": [""base"", ""sugar"", ""phosphate""]}","{""max_depth"": 10, ""n_estimators"": 500}",asoptimizer_cleaned,32602,nucleobase,1,131.3449724860002,82.82029434700007,6.478733969000132,0.31771445100002893,0.3372484229998918,1292.730368,,,cpu,"[25448, 375]",25448.0,7154.0,ok,0.0369039991,653.017,L,XGBoostModel,cpu,c6id
batch_cpu,c6id.24xlarge,XGBoostModel,OneHotEncoder,"{""encode_components"": [""base"", ""sugar"", ""phosphate""]}","{""max_depth"": 10, ""n_estimators"": 500}",asoptimizer_cleaned,32602,nucleobase,2,127.08272537599987,79.72434209799985,6.09979512100017,0.31881083299958846,0.3372484229998918,1308.786688,,,cpu,"[23423, 375]",23423.0,9179.0,ok,0.0369039991,653.017,L,XGBoostModel,cpu,c6id
batch_cpu,c6id.24xlarge,XGBoostModel,OneHotEncoder,"{""encode_components"": [""base"", ""sugar"", ""phosphate""]}","{""max_depth"": 10, ""n_estimators"": 500}",asoptimizer_cleaned,32602,nucleobase,3,128.43918313899985,80.17452497900013,6.0255928879996645,0.31436856300024374,0.3372484229998918,1284.558848,,,cpu,"[23507, 375]",23507.0,9095.0,ok,0.0369039991,653.017,L,XGBoostModel,cpu,c6id
batch_cpu,c6id.24xlarge,XGBoostModel,OneHotEncoder,"{""encode_components"": [""base"", ""sugar"", ""phosphate""]}","{""max_depth"": 10, ""n_estimators"": 500}",asoptimizer_cleaned,32602,nucleobase,4,130.44935931999999,82.25029325300011,6.466733923999982,0.31202125900017563,0.3372484229998918,1338.61376,,,cpu,"[25606, 375]",25606.0,6996.0,ok,0.0369039991,653.017,L,XGBoostModel,cpu,c6id
batch_cpu,c6id.24xlarge,XGBoostModel,OneHotEncoder,"{""encode_components"": [""base"", ""sugar"", ""phosphate""]}","{""max_depth"": 10, ""n_estimators"": 500}",asoptimizer_cleaned,32602,nucleobase,0,128.23051284699977,81.400037677,5.571120900000096,0.3071058259997699,0.3372484229998918,1244.377088,,,cpu,"[25428, 350]",25428.0,7174.0,ok,0.0369039991,653.017,L,XGBoostModel,cpu,c6id
batch_cpu,c6id.24xlarge,XGBoostModel,OneHotEncoder,"{""encode_components"": [""base"", ""sugar"", ""phosphate""]}","{""max_depth"": 10, ""n_estimators"": 500}",asoptimizer_cleaned,32602,nucleobase,1,131.3449724860002,82.82029434700007,6.478733969000132,0.31771445100002893,0.3372484229998918,1292.730368,,,cpu,"[25448, 375]",25448.0,7154.0,ok,0.0369039991,653.017,L,XGBoostModel,cpu,c6id
batch_cpu,c6id.24xlarge,XGBoostModel,OneHotEncoder,"{""encode_components"": [""base"", ""sugar"", ""phosphate""]}","{""max_depth"": 10, ""n_estimators"": 500}",asoptimizer_cleaned,32602,nucleobase,2,127.08272537599987,79.72434209799985,6.09979512100017,0.31881083299958846,0.3372484229998918,1308.786688,,,cpu,"[23423, 375]",23423.0,9179.0,ok,0.0369039991,653.017,L,XGBoostModel,cpu,c6id
batch_cpu,c6id.24xlarge,XGBoostModel,OneHotEncoder,"{""encode_components"": [""base"", ""sugar"", ""phosphate""]}","{""max_depth"": 10, ""n_estimators"": 500}",asoptimizer_cleaned,32602,nucleobase,3,128.43918313899985,80.17452497900013,6.0255928879996645,0.31436856300024374,0.3372484229998918,1284.558848,,,cpu,"[23507, 375]",23507.0,9095.0,ok,0.0369039991,653.017,L,XGBoostModel,cpu,c6id
batch_cpu,c6id.24xlarge,XGBoostModel,OneHotEncoder,"{""encode_components"": [""base"", ""sugar"", ""phosphate""]}","{""max_depth"": 10, ""n_estimators"": 500}",asoptimizer_cleaned,32602,nucleobase,4,130.44935931999999,82.25029325300011,6.466733923999982,0.31202125900017563,0.3372484229998918,1338.61376,,,cpu,"[25606, 375]",25606.0,6996.0,ok,0.0369039991,653.017,L,XGBoostModel,cpu,c6id
batch_cpu,c6id.24xlarge,XGBoostModel,OneHotEncoder,"{""encode_components"": [""base"", ""sugar"", ""phosphate""]}","{""max_depth"": 10, ""n_estimators"": 1000}",asoptimizer_cleaned,32602,nucleobase,0,134.4203118360001,82.10628042899998,11.304159572000117,0.6214161319999221,0.33011750400009987,1330.774016,,,cpu,"[25428, 350]",25428.0,7174.0,ok,0.0380239991,678.496,L,XGBoostModel,cpu,c6id
batch_cpu,c6id.24xlarge,XGBoostModel,OneHotEncoder,"{""encode_components"": [""base"", ""sugar"", ""phosphate""]}","{""max_depth"": 10, ""n_estimators"": 1000}",asoptimizer_cleaned,32602,nucleobase,1,135.6788723919999,81.58394540499967,11.816599778000182,0.6200827679999747,0.33011750400009987,1325.146112,,,cpu,"[25448, 375]",25448.0,7154.0,ok,0.0380239991,678.496,L,XGBoostModel,cpu,c6id
batch_cpu,c6id.24xlarge,XGBoostModel,OneHotEncoder,"{""encode_components"": [""base"", ""sugar"", ""phosphate""]}","{""max_depth"": 10, ""n_estimators"": 1000}",asoptimizer_cleaned,32602,nucleobase,2,133.65730114300004,80.4958990150003,10.639290680000158,0.6091143080002439,0.33011750400009987,1382.326272,,,cpu,"[23423, 375]",23423.0,9179.0,ok,0.0380239991,678.496,L,XGBoostModel,cpu,c6id
batch_cpu,c6id.24xlarge,XGBoostModel,OneHotEncoder,"{""encode_components"": [""base"", ""sugar"", ""phosphate""]}","{""max_depth"": 10, ""n_estimators"": 1000}",asoptimizer_cleaned,32602,nucleobase,3,133.307501066,80.32728285100029,12.375448219999726,0.6313114909999058,0.33011750400009987,1393.102848,,,cpu,"[23507, 375]",23507.0,9095.0,ok,0.0380239991,678.496,L,XGBoostModel,cpu,c6id
batch_cpu,c6id.24xlarge,XGBoostModel,OneHotEncoder,"{""encode_components"": [""base"", ""sugar"", ""phosphate""]}","{""max_depth"": 10, ""n_estimators"": 1000}",asoptimizer_cleaned,32602,nucleobase,4,134.4307258409999,80.94371452199994,12.958870116000071,0.6443454179998298,0.33011750400009987,1367.138304,,,cpu,"[25606, 375]",25606.0,6996.0,ok,0.0380239991,678.496,L,XGBoostModel,cpu,c6id
batch_cpu,c6id.24xlarge,XGBoostModel,OneHotEncoder,"{""encode_components"": [""base"", ""sugar"", ""phosphate""]}","{""max_depth"": 10, ""n_estimators"": 1000}",asoptimizer_cleaned,32602,nucleobase,0,134.4203118360001,82.10628042899998,11.304159572000117,0.6214161319999221,0.33011750400009987,1330.774016,,,cpu,"[25428, 350]",25428.0,7174.0,ok,0.0380239991,678.496,L,XGBoostModel,cpu,c6id
batch_cpu,c6id.24xlarge,XGBoostModel,OneHotEncoder,"{""encode_components"": [""base"", ""sugar"", ""phosphate""]}","{""max_depth"": 10, ""n_estimators"": 1000}",asoptimizer_cleaned,32602,nucleobase,1,135.6788723919999,81.58394540499967,11.816599778000182,0.6200827679999747,0.33011750400009987,1325.146112,,,cpu,"[25448, 375]",25448.0,7154.0,ok,0.0380239991,678.496,L,XGBoostModel,cpu,c6id
batch_cpu,c6id.24xlarge,XGBoostModel,OneHotEncoder,"{""encode_components"": [""base"", ""sugar"", ""phosphate""]}","{""max_depth"": 10, ""n_estimators"": 1000}",asoptimizer_cleaned,32602,nucleobase,2,133.65730114300004,80.4958990150003,10.639290680000158,0.6091143080002439,0.33011750400009987,1382.326272,,,cpu,"[23423, 375]",23423.0,9179.0,ok,0.0380239991,678.496,L,XGBoostModel,cpu,c6id
batch_cpu,c6id.24xlarge,XGBoostModel,OneHotEncoder,"{""encode_components"": [""base"", ""sugar"", ""phosphate""]}","{""max_depth"": 10, ""n_estimators"": 1000}",asoptimizer_cleaned,32602,nucleobase,3,133.307501066,80.32728285100029,12.375448219999726,0.6313114909999058,0.33011750400009987,1393.102848,,,cpu,"[23507, 375]",23507.0,9095.0,ok,0.0380239991,678.496,L,XGBoostModel,cpu,c6id
batch_cpu,c6id.24xlarge,XGBoostModel,OneHotEncoder,"{""encode_components"": [""base"", ""sugar"", ""phosphate""]}","{""max_depth"": 10, ""n_estimators"": 1000}",asoptimizer_cleaned,32602,nucleobase,4,134.4307258409999,80.94371452199994,12.958870116000071,0.6443454179998298,0.33011750400009987,1367.138304,,,cpu,"[25606, 375]",25606.0,6996.0,ok,0.0380239991,678.496,L,XGBoostModel,cpu,c6id
batch_cpu,c6id.24xlarge,LinearModel,KMersCounts,"{""k"": [1, 2, 3], ""modification_abundance"": true}","{""type"": ""ridge""}",cytotox_lna,768,random,0,1.2459066780002104,1.2438241969998671,0.001498758999787242,0.00023623000015504658,0.011346541999955662,943.714304,,,cpu,"[615, 44]",615.0,153.0,ok,0.001008,13.333,S,LinearModel,cpu,c6id
batch_cpu,c6id.24xlarge,LinearModel,KMersCounts,"{""k"": [1, 2, 3], ""modification_abundance"": true}","{""type"": ""ridge""}",cytotox_lna,768,random,1,1.2639761310001632,1.2624486529998649,0.0010257730000375886,0.00019680800005517085,0.011346541999955662,945.954816,,,cpu,"[615, 44]",615.0,153.0,ok,0.001008,13.333,S,LinearModel,cpu,c6id
batch_cpu,c6id.24xlarge,LinearModel,KMersCounts,"{""k"": [1, 2, 3], ""modification_abundance"": true}","{""type"": ""ridge""}",cytotox_lna,768,random,2,1.271268136999879,1.2696434389999922,0.0011687900000652007,0.00023136099980547442,0.011346541999955662,946.036736,,,cpu,"[615, 44]",615.0,153.0,ok,0.001008,13.333,S,LinearModel,cpu,c6id
batch_cpu,c6id.24xlarge,LinearModel,KMersCounts,"{""k"": [1, 2, 3], ""modification_abundance"": true}","{""type"": ""ridge""}",cytotox_lna,768,random,3,1.277550877000067,1.2759576160001416,0.0010459229997650255,0.00017420199992557173,0.011346541999955662,946.0736,,,cpu,"[615, 44]",615.0,153.0,ok,0.001008,13.333,S,LinearModel,cpu,c6id
batch_cpu,c6id.24xlarge,LinearModel,KMersCounts,"{""k"": [1, 2, 3], ""modification_abundance"": true}","{""type"": ""ridge""}",cytotox_lna,768,random,4,1.2740450490000512,1.2724223700001858,0.0011159880000377598,0.0002451410000503529,0.011346541999955662,946.089984,,,cpu,"[615, 44]",615.0,153.0,ok,0.001008,13.333,S,LinearModel,cpu,c6id
batch_cpu,c6id.24xlarge,LinearModel,KMersCounts,"{""k"": [1, 2, 3], ""modification_abundance"": true}","{""type"": ""ridge""}",cytotox_lna,768,random,0,1.2459066780002104,1.2438241969998671,0.001498758999787242,0.00023623000015504658,0.011346541999955662,943.714304,,,cpu,"[615, 44]",615.0,153.0,ok,0.001008,13.333,S,LinearModel,cpu,c6id
batch_cpu,c6id.24xlarge,LinearModel,KMersCounts,"{""k"": [1, 2, 3], ""modification_abundance"": true}","{""type"": ""ridge""}",cytotox_lna,768,random,1,1.2639761310001632,1.2624486529998649,0.0010257730000375886,0.00019680800005517085,0.011346541999955662,945.954816,,,cpu,"[615, 44]",615.0,153.0,ok,0.001008,13.333,S,LinearModel,cpu,c6id
batch_cpu,c6id.24xlarge,LinearModel,KMersCounts,"{""k"": [1, 2, 3], ""modification_abundance"": true}","{""type"": ""ridge""}",cytotox_lna,768,random,2,1.271268136999879,1.2696434389999922,0.0011687900000652007,0.00023136099980547442,0.011346541999955662,946.036736,,,cpu,"[615, 44]",615.0,153.0,ok,0.001008,13.333,S,LinearModel,cpu,c6id
batch_cpu,c6id.24xlarge,LinearModel,KMersCounts,"{""k"": [1, 2, 3], ""modification_abundance"": true}","{""type"": ""ridge""}",cytotox_lna,768,random,3,1.277550877000067,1.2759576160001416,0.0010459229997650255,0.00017420199992557173,0.011346541999955662,946.0736,,,cpu,"[615, 44]",615.0,153.0,ok,0.001008,13.333,S,LinearModel,cpu,c6id
batch_cpu,c6id.24xlarge,LinearModel,KMersCounts,"{""k"": [1, 2, 3], ""modification_abundance"": true}","{""type"": ""ridge""}",cytotox_lna,768,random,4,1.2740450490000512,1.2724223700001858,0.0011159880000377598,0.0002451410000503529,0.011346541999955662,946.089984,,,cpu,"[615, 44]",615.0,153.0,ok,0.001008,13.333,S,LinearModel,cpu,c6id
batch_cpu,c6id.24xlarge,LinearModel,KMersCounts,"{""k"": [1, 2], ""modification_abundance"": false}","{""type"": ""standard""}",cytotox_lna,768,random,0,0.9589909719998104,0.9570682569997189,0.001288348999878508,0.0003449750001891516,0.012305042000207322,941.088768,,,cpu,"[615, 18]",615.0,153.0,ok,0.00112,11.86,S,LinearModel,cpu,c6id
batch_cpu,c6id.24xlarge,LinearModel,KMersCounts,"{""k"": [1, 2], ""modification_abundance"": false}","{""type"": ""standard""}",cytotox_lna,768,random,1,0.9447290670000257,0.9433977399999094,0.0008295539996652224,0.00020825699994020397,0.012305042000207322,943.415296,,,cpu,"[615, 18]",615.0,153.0,ok,0.00112,11.86,S,LinearModel,cpu,c6id
batch_cpu,c6id.24xlarge,LinearModel,KMersCounts,"{""k"": [1, 2], ""modification_abundance"": false}","{""type"": ""standard""}",cytotox_lna,768,random,2,0.9477396830002363,0.9464525879998291,0.0008308460000989726,0.00021622799977194518,0.012305042000207322,943.480832,,,cpu,"[615, 18]",615.0,153.0,ok,0.00112,11.86,S,LinearModel,cpu,c6id
batch_cpu,c6id.24xlarge,LinearModel,KMersCounts,"{""k"": [1, 2], ""modification_abundance"": false}","{""type"": ""standard""}",cytotox_lna,768,random,3,0.9490061649999006,0.9475775930000054,0.0009423350002180086,0.00023367799985862803,0.012305042000207322,943.49312,,,cpu,"[615, 18]",615.0,153.0,ok,0.00112,11.86,S,LinearModel,cpu,c6id
batch_cpu,c6id.24xlarge,LinearModel,KMersCounts,"{""k"": [1, 2], ""modification_abundance"": false}","{""type"": ""standard""}",cytotox_lna,768,random,4,0.9436635570000362,0.9417713709999589,0.001306806999764376,0.0001937039996846579,0.012305042000207322,943.693824,,,cpu,"[615, 18]",615.0,153.0,ok,0.00112,11.86,S,LinearModel,cpu,c6id
batch_cpu,c6id.24xlarge,LinearModel,KMersCounts,"{""k"": [1, 2], ""modification_abundance"": false}","{""type"": ""standard""}",cytotox_lna,768,random,0,0.9589909719998104,0.9570682569997189,0.001288348999878508,0.0003449750001891516,0.012305042000207322,941.088768,,,cpu,"[615, 18]",615.0,153.0,ok,0.00112,11.86,S,LinearModel,cpu,c6id
batch_cpu,c6id.24xlarge,LinearModel,KMersCounts,"{""k"": [1, 2], ""modification_abundance"": false}","{""type"": ""standard""}",cytotox_lna,768,random,1,0.9447290670000257,0.9433977399999094,0.0008295539996652224,0.00020825699994020397,0.012305042000207322,943.415296,,,cpu,"[615, 18]",615.0,153.0,ok,0.00112,11.86,S,LinearModel,cpu,c6id
batch_cpu,c6id.24xlarge,LinearModel,KMersCounts,"{""k"": [1, 2], ""modification_abundance"": false}","{""type"": ""standard""}",cytotox_lna,768,random,2,0.9477396830002363,0.9464525879998291,0.0008308460000989726,0.00021622799977194518,0.012305042000207322,943.480832,,,cpu,"[615, 18]",615.0,153.0,ok,0.00112,11.86,S,LinearModel,cpu,c6id
batch_cpu,c6id.24xlarge,LinearModel,KMersCounts,"{""k"": [1, 2], ""modification_abundance"": false}","{""type"": ""standard""}",cytotox_lna,768,random,3,0.9490061649999006,0.9475775930000054,0.0009423350002180086,0.00023367799985862803,0.012305042000207322,943.49312,,,cpu,"[615, 18]",615.0,153.0,ok,0.00112,11.86,S,LinearModel,cpu,c6id
batch_cpu,c6id.24xlarge,LinearModel,KMersCounts,"{""k"": [1, 2], ""modification_abundance"": false}","{""type"": ""standard""}",cytotox_lna,768,random,4,0.9436635570000362,0.9417713709999589,0.001306806999764376,0.0001937039996846579,0.012305042000207322,943.693824,,,cpu,"[615, 18]",615.0,153.0,ok,0.00112,11.86,S,LinearModel,cpu,c6id
batch_cpu,c6id.24xlarge,NearestNeighborsModel,KMersCounts,"{""k"": [1], ""modification_abundance"": true}","{""n_neighbors"": 5}",cytotox_lna,768,nucleobase,0,2.2146760320001704,1.22085411199987,0.0010084320001624292,0.0024206490002143255,0.01194935000012265,941.79328,,,cpu,"[704, 8]",704.0,64.0,ok,0.001008,17.677,S,NearestNeighborsModel,cpu,c6id
batch_cpu,c6id.24xlarge,NearestNeighborsModel,KMersCounts,"{""k"": [1], ""modification_abundance"": true}","{""n_neighbors"": 5}",cytotox_lna,768,nucleobase,1,2.1750795719999587,1.202578435000305,0.0006867560000500816,0.002843702000063786,0.01194935000012265,943.419392,,,cpu,"[480, 8]",480.0,288.0,ok,0.001008,17.677,S,NearestNeighborsModel,cpu,c6id
batch_cpu,c6id.24xlarge,NearestNeighborsModel,KMersCounts,"{""k"": [1], ""modification_abundance"": true}","{""n_neighbors"": 5}",cytotox_lna,768,nucleobase,2,2.2139039769999727,1.225378023000303,0.0007908319998932711,0.0023910439999781374,0.01194935000012265,943.775744,,,cpu,"[704, 8]",704.0,64.0,ok,0.001008,17.677,S,NearestNeighborsModel,cpu,c6id
batch_cpu,c6id.24xlarge,NearestNeighborsModel,KMersCounts,"{""k"": [1], ""modification_abundance"": true}","{""n_neighbors"": 5}",cytotox_lna,768,nucleobase,3,2.177490023000246,1.1993795200000932,0.0007159659999160795,0.0026798519998010306,0.01194935000012265,943.77984,,,cpu,"[448, 8]",448.0,320.0,ok,0.001008,17.677,S,NearestNeighborsModel,cpu,c6id
batch_cpu,c6id.24xlarge,NearestNeighborsModel,KMersCounts,"{""k"": [1], ""modification_abundance"": true}","{""n_neighbors"": 5}",cytotox_lna,768,nucleobase,4,2.2090149709997604,1.2148421629999575,0.0007777850000820763,0.0027792939999926602,0.01194935000012265,943.80032,,,cpu,"[480, 8]",480.0,288.0,ok,0.001008,17.677,S,NearestNeighborsModel,cpu,c6id
batch_cpu,c6id.24xlarge,NearestNeighborsModel,KMersCounts,"{""k"": [1], ""modification_abundance"": true}","{""n_neighbors"": 5}",cytotox_lna,768,nucleobase,0,2.2146760320001704,1.22085411199987,0.0010084320001624292,0.0024206490002143255,0.01194935000012265,941.79328,,,cpu,"[704, 8]",704.0,64.0,ok,0.001008,17.677,S,NearestNeighborsModel,cpu,c6id
batch_cpu,c6id.24xlarge,NearestNeighborsModel,KMersCounts,"{""k"": [1], ""modification_abundance"": true}","{""n_neighbors"": 5}",cytotox_lna,768,nucleobase,1,2.1750795719999587,1.202578435000305,0.0006867560000500816,0.002843702000063786,0.01194935000012265,943.419392,,,cpu,"[480, 8]",480.0,288.0,ok,0.001008,17.677,S,NearestNeighborsModel,cpu,c6id
batch_cpu,c6id.24xlarge,NearestNeighborsModel,KMersCounts,"{""k"": [1], ""modification_abundance"": true}","{""n_neighbors"": 5}",cytotox_lna,768,nucleobase,2,2.2139039769999727,1.225378023000303,0.0007908319998932711,0.0023910439999781374,0.01194935000012265,943.775744,,,cpu,"[704, 8]",704.0,64.0,ok,0.001008,17.677,S,NearestNeighborsModel,cpu,c6id
batch_cpu,c6id.24xlarge,NearestNeighborsModel,KMersCounts,"{""k"": [1], ""modification_abundance"": true}","{""n_neighbors"": 5}",cytotox_lna,768,nucleobase,3,2.177490023000246,1.1993795200000932,0.0007159659999160795,0.0026798519998010306,0.01194935000012265,943.77984,,,cpu,"[448, 8]",448.0,320.0,ok,0.001008,17.677,S,NearestNeighborsModel,cpu,c6id
batch_cpu,c6id.24xlarge,NearestNeighborsModel,KMersCounts,"{""k"": [1], ""modification_abundance"": true}","{""n_neighbors"": 5}",cytotox_lna,768,nucleobase,4,2.2090149709997604,1.2148421629999575,0.0007777850000820763,0.0027792939999926602,0.01194935000012265,943.80032,,,cpu,"[480, 8]",480.0,288.0,ok,0.001008,17.677,S,NearestNeighborsModel,cpu,c6id
batch_cpu,c6id.24xlarge,NearestNeighborsModel,KMersCounts,"{""k"": [1], ""modification_abundance"": true}","{""n_neighbors"": 10}",cytotox_lna,768,random,0,1.2324542999999721,1.228782725000201,0.0009077360000446788,0.0023977569999260595,0.011882693999723415,939.134976,,,cpu,"[615, 8]",615.0,153.0,ok,0.001456,12.833,S,NearestNeighborsModel,cpu,c6id
batch_cpu,c6id.24xlarge,NearestNeighborsModel,KMersCounts,"{""k"": [1], ""modification_abundance"": true}","{""n_neighbors"": 10}",cytotox_lna,768,random,1,1.2397771250002734,1.236045307999575,0.0007456700000147976,0.0026500320000195643,0.011882693999723415,940.228608,,,cpu,"[615, 8]",615.0,153.0,ok,0.001456,12.833,S,NearestNeighborsModel,cpu,c6id
batch_cpu,c6id.24xlarge,NearestNeighborsModel,KMersCounts,"{""k"": [1], ""modification_abundance"": true}","{""n_neighbors"": 10}",cytotox_lna,768,random,2,1.2379825809998692,1.2342561739997109,0.0007541439999840804,0.0026951489999191836,0.011882693999723415,940.294144,,,cpu,"[615, 8]",615.0,153.0,ok,0.001456,12.833,S,NearestNeighborsModel,cpu,c6id
batch_cpu,c6id.24xlarge,NearestNeighborsModel,KMersCounts,"{""k"": [1], ""modification_abundance"": true}","{""n_neighbors"": 10}",cytotox_lna,768,random,3,1.2403690239998468,1.23634173299979,0.0009083019999707176,0.0028268589999242977,0.011882693999723415,940.314624,,,cpu,"[615, 8]",615.0,153.0,ok,0.001456,12.833,S,NearestNeighborsModel,cpu,c6id
batch_cpu,c6id.24xlarge,NearestNeighborsModel,KMersCounts,"{""k"": [1], ""modification_abundance"": true}","{""n_neighbors"": 10}",cytotox_lna,768,random,4,1.2378789819999838,1.2342482059998474,0.0008065480001278047,0.0025729220001267095,0.011882693999723415,940.31872,,,cpu,"[615, 8]",615.0,153.0,ok,0.001456,12.833,S,NearestNeighborsModel,cpu,c6id
batch_cpu,c6id.24xlarge,NearestNeighborsModel,KMersCounts,"{""k"": [1], ""modification_abundance"": true}","{""n_neighbors"": 10}",cytotox_lna,768,random,0,1.2324542999999721,1.228782725000201,0.0009077360000446788,0.0023977569999260595,0.011882693999723415,939.134976,,,cpu,"[615, 8]",615.0,153.0,ok,0.001456,12.833,S,NearestNeighborsModel,cpu,c6id
batch_cpu,c6id.24xlarge,NearestNeighborsModel,KMersCounts,"{""k"": [1], ""modification_abundance"": true}","{""n_neighbors"": 10}",cytotox_lna,768,random,1,1.2397771250002734,1.236045307999575,0.0007456700000147976,0.0026500320000195643,0.011882693999723415,940.228608,,,cpu,"[615, 8]",615.0,153.0,ok,0.001456,12.833,S,NearestNeighborsModel,cpu,c6id
batch_cpu,c6id.24xlarge,NearestNeighborsModel,KMersCounts,"{""k"": [1], ""modification_abundance"": true}","{""n_neighbors"": 10}",cytotox_lna,768,random,2,1.2379825809998692,1.2342561739997109,0.0007541439999840804,0.0026951489999191836,0.011882693999723415,940.294144,,,cpu,"[615, 8]",615.0,153.0,ok,0.001456,12.833,S,NearestNeighborsModel,cpu,c6id
batch_cpu,c6id.24xlarge,NearestNeighborsModel,KMersCounts,"{""k"": [1], ""modification_abundance"": true}","{""n_neighbors"": 10}",cytotox_lna,768,random,3,1.2403690239998468,1.23634173299979,0.0009083019999707176,0.0028268589999242977,0.011882693999723415,940.314624,,,cpu,"[615, 8]",615.0,153.0,ok,0.001456,12.833,S,NearestNeighborsModel,cpu,c6id
batch_cpu,c6id.24xlarge,NearestNeighborsModel,KMersCounts,"{""k"": [1], ""modification_abundance"": true}","{""n_neighbors"": 10}",cytotox_lna,768,random,4,1.2378789819999838,1.2342482059998474,0.0008065480001278047,0.0025729220001267095,0.011882693999723415,940.31872,,,cpu,"[615, 8]",615.0,153.0,ok,0.001456,12.833,S,NearestNeighborsModel,cpu,c6id
batch_cpu,m6id.24xlarge,NearestNeighborsModel,KMersCounts,"{""k"": [1], ""modification_abundance"": false}","{""n_neighbors"": 15}",cytotox_lna,768,random,0,1.0260940060000507,1.021684897,0.0010696130000269477,0.0028782649999925525,0.014005830000030528,942.616576,,,cpu,"[615, 4]",615.0,153.0,ok,0.0005273333,13.598,S,NearestNeighborsModel,cpu,m6id
batch_cpu,m6id.24xlarge,NearestNeighborsModel,KMersCounts,"{""k"": [1], ""modification_abundance"": false}","{""n_neighbors"": 15}",cytotox_lna,768,random,1,0.9776900420000061,0.9737478899999701,0.0006988669999827835,0.0029309669999975085,0.014005830000030528,944.443392,,,cpu,"[615, 4]",615.0,153.0,ok,0.0005273333,13.598,S,NearestNeighborsModel,cpu,m6id
batch_cpu,m6id.24xlarge,NearestNeighborsModel,KMersCounts,"{""k"": [1], ""modification_abundance"": false}","{""n_neighbors"": 15}",cytotox_lna,768,random,2,0.9791615230000161,0.9754284809999945,0.0006945119999954841,0.002738125000007585,0.014005830000030528,944.685056,,,cpu,"[615, 4]",615.0,153.0,ok,0.0005273333,13.598,S,NearestNeighborsModel,cpu,m6id
batch_cpu,m6id.24xlarge,NearestNeighborsModel,KMersCounts,"{""k"": [1], ""modification_abundance"": false}","{""n_neighbors"": 15}",cytotox_lna,768,random,3,1.0210461009999676,1.0170341770000277,0.0007289920000062011,0.0028836320000209525,0.014005830000030528,944.689152,,,cpu,"[615, 4]",615.0,153.0,ok,0.0005273333,13.598,S,NearestNeighborsModel,cpu,m6id
batch_cpu,m6id.24xlarge,NearestNeighborsModel,KMersCounts,"{""k"": [1], ""modification_abundance"": false}","{""n_neighbors"": 15}",cytotox_lna,768,random,4,1.110836794000022,1.1034387830000014,0.0010108859999604647,0.005965004000017871,0.014005830000030528,944.689152,,,cpu,"[615, 4]",615.0,153.0,ok,0.0005273333,13.598,S,NearestNeighborsModel,cpu,m6id
batch_cpu,m6id.24xlarge,NearestNeighborsModel,KMersCounts,"{""k"": [1], ""modification_abundance"": false}","{""n_neighbors"": 15}",cytotox_lna,768,random,0,1.0260940060000507,1.021684897,0.0010696130000269477,0.0028782649999925525,0.014005830000030528,942.616576,,,cpu,"[615, 4]",615.0,153.0,ok,0.0005273333,13.598,S,NearestNeighborsModel,cpu,m6id
batch_cpu,m6id.24xlarge,NearestNeighborsModel,KMersCounts,"{""k"": [1], ""modification_abundance"": false}","{""n_neighbors"": 15}",cytotox_lna,768,random,1,0.9776900420000061,0.9737478899999701,0.0006988669999827835,0.0029309669999975085,0.014005830000030528,944.443392,,,cpu,"[615, 4]",615.0,153.0,ok,0.0005273333,13.598,S,NearestNeighborsModel,cpu,m6id
batch_cpu,m6id.24xlarge,NearestNeighborsModel,KMersCounts,"{""k"": [1], ""modification_abundance"": false}","{""n_neighbors"": 15}",cytotox_lna,768,random,2,0.9791615230000161,0.9754284809999945,0.0006945119999954841,0.002738125000007585,0.014005830000030528,944.685056,,,cpu,"[615, 4]",615.0,153.0,ok,0.0005273333,13.598,S,NearestNeighborsModel,cpu,m6id
batch_cpu,m6id.24xlarge,NearestNeighborsModel,KMersCounts,"{""k"": [1], ""modification_abundance"": false}","{""n_neighbors"": 15}",cytotox_lna,768,random,3,1.0210461009999676,1.0170341770000277,0.0007289920000062011,0.0028836320000209525,0.014005830000030528,944.689152,,,cpu,"[615, 4]",615.0,153.0,ok,0.0005273333,13.598,S,NearestNeighborsModel,cpu,m6id
batch_cpu,m6id.24xlarge,NearestNeighborsModel,KMersCounts,"{""k"": [1], ""modification_abundance"": false}","{""n_neighbors"": 15}",cytotox_lna,768,random,4,1.110836794000022,1.1034387830000014,0.0010108859999604647,0.005965004000017871,0.014005830000030528,944.689152,,,cpu,"[615, 4]",615.0,153.0,ok,0.0005273333,13.598,S,NearestNeighborsModel,cpu,m6id
batch_cpu,c6id.24xlarge,RandomForestModel,KMersCounts,"{""k"": [1, 2, 3], ""modification_abundance"": true}","{""max_depth"": 20, ""n_estimators"": 100}",cytotox_lna,768,random,0,1.39356860900034,1.2665269760000228,0.11779775899958622,0.008867309999914141,0.012514181999904395,944.750592,,,cpu,"[615, 44]",615.0,153.0,ok,0.001008,13.829,S,RandomForestModel,cpu,c6id
batch_cpu,c6id.24xlarge,RandomForestModel,KMersCounts,"{""k"": [1, 2, 3], ""modification_abundance"": true}","{""max_depth"": 20, ""n_estimators"": 100}",cytotox_lna,768,random,1,1.3853791289998298,1.262498788999892,0.11421111900017422,0.008367912999801774,0.012514181999904395,945.41824,,,cpu,"[615, 44]",615.0,153.0,ok,0.001008,13.829,S,RandomForestModel,cpu,c6id
batch_cpu,c6id.24xlarge,RandomForestModel,KMersCounts,"{""k"": [1, 2, 3], ""modification_abundance"": true}","{""max_depth"": 20, ""n_estimators"": 100}",cytotox_lna,768,random,2,1.38831017099983,1.2618641800004298,0.11686087499992937,0.009284340999784035,0.012514181999904395,945.475584,,,cpu,"[615, 44]",615.0,153.0,ok,0.001008,13.829,S,RandomForestModel,cpu,c6id
batch_cpu,c6id.24xlarge,RandomForestModel,KMersCounts,"{""k"": [1, 2, 3], ""modification_abundance"": true}","{""max_depth"": 20, ""n_estimators"": 100}",cytotox_lna,768,random,3,1.389146437999898,1.2650890179997987,0.11531778800008397,0.008344024000052741,0.012514181999904395,945.491968,,,cpu,"[615, 44]",615.0,153.0,ok,0.001008,13.829,S,RandomForestModel,cpu,c6id
batch_cpu,c6id.24xlarge,RandomForestModel,KMersCounts,"{""k"": [1, 2, 3], ""modification_abundance"": true}","{""max_depth"": 20, ""n_estimators"": 100}",cytotox_lna,768,random,4,1.4203815639998538,1.2960423919998902,0.11555294199979471,0.008438152000053378,0.012514181999904395,945.508352,,,cpu,"[615, 44]",615.0,153.0,ok,0.001008,13.829,S,RandomForestModel,cpu,c6id
batch_cpu,c6id.24xlarge,RandomForestModel,KMersCounts,"{""k"": [1, 2, 3], ""modification_abundance"": true}","{""max_depth"": 20, ""n_estimators"": 100}",cytotox_lna,768,random,0,1.39356860900034,1.2665269760000228,0.11779775899958622,0.008867309999914141,0.012514181999904395,944.750592,,,cpu,"[615, 44]",615.0,153.0,ok,0.001008,13.829,S,RandomForestModel,cpu,c6id
batch_cpu,c6id.24xlarge,RandomForestModel,KMersCounts,"{""k"": [1, 2, 3], ""modification_abundance"": true}","{""max_depth"": 20, ""n_estimators"": 100}",cytotox_lna,768,random,1,1.3853791289998298,1.262498788999892,0.11421111900017422,0.008367912999801774,0.012514181999904395,945.41824,,,cpu,"[615, 44]",615.0,153.0,ok,0.001008,13.829,S,RandomForestModel,cpu,c6id
batch_cpu,c6id.24xlarge,RandomForestModel,KMersCounts,"{""k"": [1, 2, 3], ""modification_abundance"": true}","{""max_depth"": 20, ""n_estimators"": 100}",cytotox_lna,768,random,2,1.38831017099983,1.2618641800004298,0.11686087499992937,0.009284340999784035,0.012514181999904395,945.475584,,,cpu,"[615, 44]",615.0,153.0,ok,0.001008,13.829,S,RandomForestModel,cpu,c6id
batch_cpu,c6id.24xlarge,RandomForestModel,KMersCounts,"{""k"": [1, 2, 3], ""modification_abundance"": true}","{""max_depth"": 20, ""n_estimators"": 100}",cytotox_lna,768,random,3,1.389146437999898,1.2650890179997987,0.11531778800008397,0.008344024000052741,0.012514181999904395,945.491968,,,cpu,"[615, 44]",615.0,153.0,ok,0.001008,13.829,S,RandomForestModel,cpu,c6id
batch_cpu,c6id.24xlarge,RandomForestModel,KMersCounts,"{""k"": [1, 2, 3], ""modification_abundance"": true}","{""max_depth"": 20, ""n_estimators"": 100}",cytotox_lna,768,random,4,1.4203815639998538,1.2960423919998902,0.11555294199979471,0.008438152000053378,0.012514181999904395,945.508352,,,cpu,"[615, 44]",615.0,153.0,ok,0.001008,13.829,S,RandomForestModel,cpu,c6id
batch_cpu,c6id.24xlarge,RandomForestModel,KMersCounts,"{""k"": [1], ""modification_abundance"": false}","{""max_depth"": 20, ""n_estimators"": 500}",cytotox_lna,768,random,0,1.2593463309999606,0.9170537220002188,0.31679552099967623,0.025110220999977173,0.01217219499994826,941.518848,,,cpu,"[615, 4]",615.0,153.0,ok,0.000952,13.24,S,RandomForestModel,cpu,c6id
batch_cpu,c6id.24xlarge,RandomForestModel,KMersCounts,"{""k"": [1], ""modification_abundance"": false}","{""max_depth"": 20, ""n_estimators"": 500}",cytotox_lna,768,random,1,1.2753977070001383,0.942076471999826,0.30774918899987824,0.02527704400017683,0.01217219499994826,941.9776,,,cpu,"[615, 4]",615.0,153.0,ok,0.000952,13.24,S,RandomForestModel,cpu,c6id
batch_cpu,c6id.24xlarge,RandomForestModel,KMersCounts,"{""k"": [1], ""modification_abundance"": false}","{""max_depth"": 20, ""n_estimators"": 500}",cytotox_lna,768,random,2,1.2473298220002107,0.9163257310001427,0.30432340000015756,0.02633419700032391,0.01217219499994826,942.108672,,,cpu,"[615, 4]",615.0,153.0,ok,0.000952,13.24,S,RandomForestModel,cpu,c6id
batch_cpu,c6id.24xlarge,RandomForestModel,KMersCounts,"{""k"": [1], ""modification_abundance"": false}","{""max_depth"": 20, ""n_estimators"": 500}",cytotox_lna,768,random,3,1.2667340789998889,0.9357651989998885,0.30564575199969113,0.024987837000026047,0.01217219499994826,942.12096,,,cpu,"[615, 4]",615.0,153.0,ok,0.000952,13.24,S,RandomForestModel,cpu,c6id
batch_cpu,c6id.24xlarge,RandomForestModel,KMersCounts,"{""k"": [1], ""modification_abundance"": false}","{""max_depth"": 20, ""n_estimators"": 500}",cytotox_lna,768,random,4,1.2528720740001518,0.9191195100002005,0.3073084630000267,0.02607320000015534,0.01217219499994826,942.280704,,,cpu,"[615, 4]",615.0,153.0,ok,0.000952,13.24,S,RandomForestModel,cpu,c6id
batch_cpu,c6id.24xlarge,RandomForestModel,KMersCounts,"{""k"": [1], ""modification_abundance"": false}","{""max_depth"": 20, ""n_estimators"": 500}",cytotox_lna,768,random,0,1.2593463309999606,0.9170537220002188,0.31679552099967623,0.025110220999977173,0.01217219499994826,941.518848,,,cpu,"[615, 4]",615.0,153.0,ok,0.000952,13.24,S,RandomForestModel,cpu,c6id
batch_cpu,c6id.24xlarge,RandomForestModel,KMersCounts,"{""k"": [1], ""modification_abundance"": false}","{""max_depth"": 20, ""n_estimators"": 500}",cytotox_lna,768,random,1,1.2753977070001383,0.942076471999826,0.30774918899987824,0.02527704400017683,0.01217219499994826,941.9776,,,cpu,"[615, 4]",615.0,153.0,ok,0.000952,13.24,S,RandomForestModel,cpu,c6id
batch_cpu,c6id.24xlarge,RandomForestModel,KMersCounts,"{""k"": [1], ""modification_abundance"": false}","{""max_depth"": 20, ""n_estimators"": 500}",cytotox_lna,768,random,2,1.2473298220002107,0.9163257310001427,0.30432340000015756,0.02633419700032391,0.01217219499994826,942.108672,,,cpu,"[615, 4]",615.0,153.0,ok,0.000952,13.24,S,RandomForestModel,cpu,c6id
batch_cpu,c6id.24xlarge,RandomForestModel,KMersCounts,"{""k"": [1], ""modification_abundance"": false}","{""max_depth"": 20, ""n_estimators"": 500}",cytotox_lna,768,random,3,1.2667340789998889,0.9357651989998885,0.30564575199969113,0.024987837000026047,0.01217219499994826,942.12096,,,cpu,"[615, 4]",615.0,153.0,ok,0.000952,13.24,S,RandomForestModel,cpu,c6id
batch_cpu,c6id.24xlarge,RandomForestModel,KMersCounts,"{""k"": [1], ""modification_abundance"": false}","{""max_depth"": 20, ""n_estimators"": 500}",cytotox_lna,768,random,4,1.2528720740001518,0.9191195100002005,0.3073084630000267,0.02607320000015534,0.01217219499994826,942.280704,,,cpu,"[615, 4]",615.0,153.0,ok,0.000952,13.24,S,RandomForestModel,cpu,c6id
batch_cpu,c6id.24xlarge,RandomForestModel,KMersCounts,"{""k"": [1], ""modification_abundance"": true}","{""max_depth"": 30, ""n_estimators"": 1000}",cytotox_lna,768,random,0,2.080006689000129,1.2226035159997082,0.7795901019999292,0.07747091400005957,0.012070506999862118,950.554624,,,cpu,"[615, 8]",615.0,153.0,ok,0.00112,17.013,S,RandomForestModel,cpu,c6id
batch_cpu,c6id.24xlarge,RandomForestModel,KMersCounts,"{""k"": [1], ""modification_abundance"": true}","{""max_depth"": 30, ""n_estimators"": 1000}",cytotox_lna,768,random,1,2.029746936000265,1.193982498999958,0.7594387620001726,0.0760065030003716,0.012070506999862118,951.226368,,,cpu,"[615, 8]",615.0,153.0,ok,0.00112,17.013,S,RandomForestModel,cpu,c6id
batch_cpu,c6id.24xlarge,RandomForestModel,KMersCounts,"{""k"": [1], ""modification_abundance"": true}","{""max_depth"": 30, ""n_estimators"": 1000}",cytotox_lna,768,random,2,2.042977515000075,1.2046721349997824,0.7603494639997734,0.07765914699984933,0.012070506999862118,951.291904,,,cpu,"[615, 8]",615.0,153.0,ok,0.00112,17.013,S,RandomForestModel,cpu,c6id
batch_cpu,c6id.24xlarge,RandomForestModel,KMersCounts,"{""k"": [1], ""modification_abundance"": true}","{""max_depth"": 30, ""n_estimators"": 1000}",cytotox_lna,768,random,3,2.0445431399998597,1.2052551350002432,0.7605226509999738,0.07842693800012057,0.012070506999862118,951.345152,,,cpu,"[615, 8]",615.0,153.0,ok,0.00112,17.013,S,RandomForestModel,cpu,c6id
batch_cpu,c6id.24xlarge,RandomForestModel,KMersCounts,"{""k"": [1], ""modification_abundance"": true}","{""max_depth"": 30, ""n_estimators"": 1000}",cytotox_lna,768,random,4,2.0540587789996607,1.2036218399998688,0.7727547360000244,0.077443165999739,0.012070506999862118,951.611392,,,cpu,"[615, 8]",615.0,153.0,ok,0.00112,17.013,S,RandomForestModel,cpu,c6id
batch_cpu,c6id.24xlarge,RandomForestModel,KMersCounts,"{""k"": [1], ""modification_abundance"": true}","{""max_depth"": 30, ""n_estimators"": 1000}",cytotox_lna,768,random,0,2.080006689000129,1.2226035159997082,0.7795901019999292,0.07747091400005957,0.012070506999862118,950.554624,,,cpu,"[615, 8]",615.0,153.0,ok,0.00112,17.013,S,RandomForestModel,cpu,c6id
batch_cpu,c6id.24xlarge,RandomForestModel,KMersCounts,"{""k"": [1], ""modification_abundance"": true}","{""max_depth"": 30, ""n_estimators"": 1000}",cytotox_lna,768,random,1,2.029746936000265,1.193982498999958,0.7594387620001726,0.0760065030003716,0.012070506999862118,951.226368,,,cpu,"[615, 8]",615.0,153.0,ok,0.00112,17.013,S,RandomForestModel,cpu,c6id
batch_cpu,c6id.24xlarge,RandomForestModel,KMersCounts,"{""k"": [1], ""modification_abundance"": true}","{""max_depth"": 30, ""n_estimators"": 1000}",cytotox_lna,768,random,2,2.042977515000075,1.2046721349997824,0.7603494639997734,0.07765914699984933,0.012070506999862118,951.291904,,,cpu,"[615, 8]",615.0,153.0,ok,0.00112,17.013,S,RandomForestModel,cpu,c6id
batch_cpu,c6id.24xlarge,RandomForestModel,KMersCounts,"{""k"": [1], ""modification_abundance"": true}","{""max_depth"": 30, ""n_estimators"": 1000}",cytotox_lna,768,random,3,2.0445431399998597,1.2052551350002432,0.7605226509999738,0.07842693800012057,0.012070506999862118,951.345152,,,cpu,"[615, 8]",615.0,153.0,ok,0.00112,17.013,S,RandomForestModel,cpu,c6id
batch_cpu,c6id.24xlarge,RandomForestModel,KMersCounts,"{""k"": [1], ""modification_abundance"": true}","{""max_depth"": 30, ""n_estimators"": 1000}",cytotox_lna,768,random,4,2.0540587789996607,1.2036218399998688,0.7727547360000244,0.077443165999739,0.012070506999862118,951.611392,,,cpu,"[615, 8]",615.0,153.0,ok,0.00112,17.013,S,RandomForestModel,cpu,c6id
batch_cpu,r6id.32xlarge,XGBoostModel,KMersCounts,"{""k"": [1], ""modification_abundance"": false}","{""max_depth"": 10, ""n_estimators"": 100}",cytotox_lna,768,nucleobase,0,3.4432107209995593,1.6682140280008753,0.017179110000142828,0.0017443750002712477,0.024229237998952158,946.999296,,,cpu,"[704, 4]",704.0,64.0,ok,0.001218,29.483,S,XGBoostModel,cpu,r6id
batch_cpu,r6id.32xlarge,XGBoostModel,KMersCounts,"{""k"": [1], ""modification_abundance"": false}","{""max_depth"": 10, ""n_estimators"": 100}",cytotox_lna,768,nucleobase,1,3.499823999,1.6680858609997813,0.023933538999699522,0.0024714450009923894,0.024229237998952158,951.123968,,,cpu,"[480, 4]",480.0,288.0,ok,0.001218,29.483,S,XGBoostModel,cpu,r6id
batch_cpu,r6id.32xlarge,XGBoostModel,KMersCounts,"{""k"": [1], ""modification_abundance"": false}","{""max_depth"": 10, ""n_estimators"": 100}",cytotox_lna,768,nucleobase,2,3.412202719000561,1.6608387430005678,0.027970241999355494,0.0019638399990071775,0.024229237998952158,951.443456,,,cpu,"[704, 4]",704.0,64.0,ok,0.001218,29.483,S,XGBoostModel,cpu,r6id
batch_cpu,r6id.32xlarge,XGBoostModel,KMersCounts,"{""k"": [1], ""modification_abundance"": false}","{""max_depth"": 10, ""n_estimators"": 100}",cytotox_lna,768,nucleobase,3,3.4073695710012544,1.6841428049992828,0.026784341000166023,0.002135246000761981,0.024229237998952158,951.463936,,,cpu,"[448, 4]",448.0,320.0,ok,0.001218,29.483,S,XGBoostModel,cpu,r6id
batch_cpu,r6id.32xlarge,XGBoostModel,KMersCounts,"{""k"": [1], ""modification_abundance"": false}","{""max_depth"": 10, ""n_estimators"": 100}",cytotox_lna,768,nucleobase,4,3.2056487440004275,1.473827378000351,0.0221329659998446,0.0014299110007414129,0.024229237998952158,951.488512,,,cpu,"[480, 4]",480.0,288.0,ok,0.001218,29.483,S,XGBoostModel,cpu,r6id
batch_cpu,r6id.32xlarge,XGBoostModel,KMersCounts,"{""k"": [1], ""modification_abundance"": false}","{""max_depth"": 10, ""n_estimators"": 100}",cytotox_lna,768,nucleobase,0,3.4432107209995593,1.6682140280008753,0.017179110000142828,0.0017443750002712477,0.024229237998952158,946.999296,,,cpu,"[704, 4]",704.0,64.0,ok,0.001218,29.483,S,XGBoostModel,cpu,r6id
batch_cpu,r6id.32xlarge,XGBoostModel,KMersCounts,"{""k"": [1], ""modification_abundance"": false}","{""max_depth"": 10, ""n_estimators"": 100}",cytotox_lna,768,nucleobase,1,3.499823999,1.6680858609997813,0.023933538999699522,0.0024714450009923894,0.024229237998952158,951.123968,,,cpu,"[480, 4]",480.0,288.0,ok,0.001218,29.483,S,XGBoostModel,cpu,r6id
batch_cpu,r6id.32xlarge,XGBoostModel,KMersCounts,"{""k"": [1], ""modification_abundance"": false}","{""max_depth"": 10, ""n_estimators"": 100}",cytotox_lna,768,nucleobase,2,3.412202719000561,1.6608387430005678,0.027970241999355494,0.0019638399990071775,0.024229237998952158,951.443456,,,cpu,"[704, 4]",704.0,64.0,ok,0.001218,29.483,S,XGBoostModel,cpu,r6id
batch_cpu,r6id.32xlarge,XGBoostModel,KMersCounts,"{""k"": [1], ""modification_abundance"": false}","{""max_depth"": 10, ""n_estimators"": 100}",cytotox_lna,768,nucleobase,3,3.4073695710012544,1.6841428049992828,0.026784341000166023,0.002135246000761981,0.024229237998952158,951.463936,,,cpu,"[448, 4]",448.0,320.0,ok,0.001218,29.483,S,XGBoostModel,cpu,r6id
batch_cpu,r6id.32xlarge,XGBoostModel,KMersCounts,"{""k"": [1], ""modification_abundance"": false}","{""max_depth"": 10, ""n_estimators"": 100}",cytotox_lna,768,nucleobase,4,3.2056487440004275,1.473827378000351,0.0221329659998446,0.0014299110007414129,0.024229237998952158,951.488512,,,cpu,"[480, 4]",480.0,288.0,ok,0.001218,29.483,S,XGBoostModel,cpu,r6id
batch_cpu,c6id.24xlarge,XGBoostModel,KMersCounts,"{""k"": [1, 2, 3], ""modification_abundance"": true}","{""max_depth"": 20, ""n_estimators"": 500}",cytotox_lna,768,nucleobase,0,2.2147312840002087,1.2165241110001261,0.04262611400008609,0.0015202250001493667,0.010954576000131055,945.795072,,,cpu,"[704, 44]",704.0,64.0,ok,0.001456,16.639,S,XGBoostModel,cpu,c6id
batch_cpu,c6id.24xlarge,XGBoostModel,KMersCounts,"{""k"": [1, 2, 3], ""modification_abundance"": true}","{""max_depth"": 20, ""n_estimators"": 500}",cytotox_lna,768,nucleobase,1,2.189913864999653,1.207465503000094,0.037215772999843466,0.0014427419996536628,0.010954576000131055,954.376192,,,cpu,"[480, 43]",480.0,288.0,ok,0.001456,16.639,S,XGBoostModel,cpu,c6id
batch_cpu,c6id.24xlarge,XGBoostModel,KMersCounts,"{""k"": [1, 2, 3], ""modification_abundance"": true}","{""max_depth"": 20, ""n_estimators"": 500}",cytotox_lna,768,nucleobase,2,2.207412894999834,1.214969907000068,0.04179018300010284,0.0014238609996937157,0.010954576000131055,954.515456,,,cpu,"[704, 44]",704.0,64.0,ok,0.001456,16.639,S,XGBoostModel,cpu,c6id
batch_cpu,c6id.24xlarge,XGBoostModel,KMersCounts,"{""k"": [1, 2, 3], ""modification_abundance"": true}","{""max_depth"": 20, ""n_estimators"": 500}",cytotox_lna,768,nucleobase,3,2.1882813699999133,1.2051735999998527,0.0386031949997232,0.0015269129999069264,0.010954576000131055,954.597376,,,cpu,"[448, 43]",448.0,320.0,ok,0.001456,16.639,S,XGBoostModel,cpu,c6id
batch_cpu,c6id.24xlarge,XGBoostModel,KMersCounts,"{""k"": [1, 2, 3], ""modification_abundance"": true}","{""max_depth"": 20, ""n_estimators"": 500}",cytotox_lna,768,nucleobase,4,2.1807373100000405,1.1976006089998918,0.03854128600005424,0.001531865000288235,0.010954576000131055,954.728448,,,cpu,"[480, 43]",480.0,288.0,ok,0.001456,16.639,S,XGBoostModel,cpu,c6id
batch_cpu,c6id.24xlarge,XGBoostModel,KMersCounts,"{""k"": [1, 2, 3], ""modification_abundance"": true}","{""max_depth"": 20, ""n_estimators"": 500}",cytotox_lna,768,nucleobase,0,2.2147312840002087,1.2165241110001261,0.04262611400008609,0.0015202250001493667,0.010954576000131055,945.795072,,,cpu,"[704, 44]",704.0,64.0,ok,0.001456,16.639,S,XGBoostModel,cpu,c6id
batch_cpu,c6id.24xlarge,XGBoostModel,KMersCounts,"{""k"": [1, 2, 3], ""modification_abundance"": true}","{""max_depth"": 20, ""n_estimators"": 500}",cytotox_lna,768,nucleobase,1,2.189913864999653,1.207465503000094,0.037215772999843466,0.0014427419996536628,0.010954576000131055,954.376192,,,cpu,"[480, 43]",480.0,288.0,ok,0.001456,16.639,S,XGBoostModel,cpu,c6id
batch_cpu,c6id.24xlarge,XGBoostModel,KMersCounts,"{""k"": [1, 2, 3], ""modification_abundance"": true}","{""max_depth"": 20, ""n_estimators"": 500}",cytotox_lna,768,nucleobase,2,2.207412894999834,1.214969907000068,0.04179018300010284,0.0014238609996937157,0.010954576000131055,954.515456,,,cpu,"[704, 44]",704.0,64.0,ok,0.001456,16.639,S,XGBoostModel,cpu,c6id
batch_cpu,c6id.24xlarge,XGBoostModel,KMersCounts,"{""k"": [1, 2, 3], ""modification_abundance"": true}","{""max_depth"": 20, ""n_estimators"": 500}",cytotox_lna,768,nucleobase,3,2.1882813699999133,1.2051735999998527,0.0386031949997232,0.0015269129999069264,0.010954576000131055,954.597376,,,cpu,"[448, 43]",448.0,320.0,ok,0.001456,16.639,S,XGBoostModel,cpu,c6id
batch_cpu,c6id.24xlarge,XGBoostModel,KMersCounts,"{""k"": [1, 2, 3], ""modification_abundance"": true}","{""max_depth"": 20, ""n_estimators"": 500}",cytotox_lna,768,nucleobase,4,2.1807373100000405,1.1976006089998918,0.03854128600005424,0.001531865000288235,0.010954576000131055,954.728448,,,cpu,"[480, 43]",480.0,288.0,ok,0.001456,16.639,S,XGBoostModel,cpu,c6id
batch_cpu,m6id.24xlarge,XGBoostModel,KMersCounts,"{""k"": [1], ""modification_abundance"": true}","{""max_depth"": 30, ""n_estimators"": 100}",sherwood,291551,random,0,476.53333446100004,475.63009011599996,0.5211318899999924,0.3400903130000188,4.529902967999988,1450.491904,,,cpu,"[233241, 7]",233241.0,58310.0,ok,0.0773532079,2335.263,XL,XGBoostModel,cpu,m6id
batch_cpu,m6id.24xlarge,XGBoostModel,KMersCounts,"{""k"": [1], ""modification_abundance"": true}","{""max_depth"": 30, ""n_estimators"": 100}",sherwood,291551,random,1,467.900581246,466.9809614380001,0.6185092460000305,0.28339711700004955,4.529902967999988,1482.825728,,,cpu,"[233241, 7]",233241.0,58310.0,ok,0.0773532079,2335.263,XL,XGBoostModel,cpu,m6id
batch_cpu,m6id.24xlarge,XGBoostModel,KMersCounts,"{""k"": [1], ""modification_abundance"": true}","{""max_depth"": 30, ""n_estimators"": 100}",sherwood,291551,random,2,458.990991508,458.0752868530001,0.6171078070001386,0.2744555209999362,4.529902967999988,1477.57056,,,cpu,"[233241, 7]",233241.0,58310.0,ok,0.0773532079,2335.263,XL,XGBoostModel,cpu,m6id
batch_cpu,m6id.24xlarge,XGBoostModel,KMersCounts,"{""k"": [1], ""modification_abundance"": true}","{""max_depth"": 30, ""n_estimators"": 100}",sherwood,291551,random,3,457.9114492270003,457.01492969499986,0.595909940999718,0.2786547310001879,4.529902967999988,1481.080832,,,cpu,"[233241, 7]",233241.0,58310.0,ok,0.0773532079,2335.263,XL,XGBoostModel,cpu,m6id
batch_cpu,m6id.24xlarge,XGBoostModel,KMersCounts,"{""k"": [1], ""modification_abundance"": true}","{""max_depth"": 30, ""n_estimators"": 100}",sherwood,291551,random,4,459.59159585099997,458.62404194600003,0.6544114220000665,0.28999672000009014,4.529902967999988,1481.416704,,,cpu,"[233241, 7]",233241.0,58310.0,ok,0.0773532079,2335.263,XL,XGBoostModel,cpu,m6id
batch_cpu,m6id.24xlarge,XGBoostModel,KMersCounts,"{""k"": [1], ""modification_abundance"": true}","{""max_depth"": 30, ""n_estimators"": 100}",sherwood,291551,random,0,476.53333446100004,475.63009011599996,0.5211318899999924,0.3400903130000188,4.529902967999988,1450.491904,,,cpu,"[233241, 7]",233241.0,58310.0,ok,0.0773532079,2335.263,XL,XGBoostModel,cpu,m6id
batch_cpu,m6id.24xlarge,XGBoostModel,KMersCounts,"{""k"": [1], ""modification_abundance"": true}","{""max_depth"": 30, ""n_estimators"": 100}",sherwood,291551,random,1,467.900581246,466.9809614380001,0.6185092460000305,0.28339711700004955,4.529902967999988,1482.825728,,,cpu,"[233241, 7]",233241.0,58310.0,ok,0.0773532079,2335.263,XL,XGBoostModel,cpu,m6id
batch_cpu,m6id.24xlarge,XGBoostModel,KMersCounts,"{""k"": [1], ""modification_abundance"": true}","{""max_depth"": 30, ""n_estimators"": 100}",sherwood,291551,random,2,458.990991508,458.0752868530001,0.6171078070001386,0.2744555209999362,4.529902967999988,1477.57056,,,cpu,"[233241, 7]",233241.0,58310.0,ok,0.0773532079,2335.263,XL,XGBoostModel,cpu,m6id
batch_cpu,m6id.24xlarge,XGBoostModel,KMersCounts,"{""k"": [1], ""modification_abundance"": true}","{""max_depth"": 30, ""n_estimators"": 100}",sherwood,291551,random,3,457.9114492270003,457.01492969499986,0.595909940999718,0.2786547310001879,4.529902967999988,1481.080832,,,cpu,"[233241, 7]",233241.0,58310.0,ok,0.0773532079,2335.263,XL,XGBoostModel,cpu,m6id
batch_cpu,m6id.24xlarge,XGBoostModel,KMersCounts,"{""k"": [1], ""modification_abundance"": true}","{""max_depth"": 30, ""n_estimators"": 100}",sherwood,291551,random,4,459.59159585099997,458.62404194600003,0.6544114220000665,0.28999672000009014,4.529902967999988,1481.416704,,,cpu,"[233241, 7]",233241.0,58310.0,ok,0.0773532079,2335.263,XL,XGBoostModel,cpu,m6id
batch_cpu,m6id.24xlarge,XGBoostModel,KMersCounts,"{""k"": [1, 2, 3], ""modification_abundance"": true}","{""max_depth"": 20, ""n_estimators"": 1000}",cytotox_lna,768,random,0,1.8960974990000068,1.7709692079999968,0.12060330200000635,0.0039038200000049983,0.017121014000053947,952.901632,,,cpu,"[615, 44]",615.0,153.0,ok,0.0008569167,17.13,S,XGBoostModel,cpu,m6id
batch_cpu,m6id.24xlarge,XGBoostModel,KMersCounts,"{""k"": [1, 2, 3], ""modification_abundance"": true}","{""max_depth"": 20, ""n_estimators"": 1000}",cytotox_lna,768,random,1,2.3524736439999856,2.1690214039999773,0.1787597269999992,0.004237765999960175,0.017121014000053947,956.653568,,,cpu,"[615, 44]",615.0,153.0,ok,0.0008569167,17.13,S,XGBoostModel,cpu,m6id
batch_cpu,m6id.24xlarge,XGBoostModel,KMersCounts,"{""k"": [1, 2, 3], ""modification_abundance"": true}","{""max_depth"": 20, ""n_estimators"": 1000}",cytotox_lna,768,random,2,1.915376393000031,1.8336155069999904,0.0787688109999749,0.002495993999957591,0.017121014000053947,956.719104,,,cpu,"[615, 44]",615.0,153.0,ok,0.0008569167,17.13,S,XGBoostModel,cpu,m6id
batch_cpu,m6id.24xlarge,XGBoostModel,KMersCounts,"{""k"": [1, 2, 3], ""modification_abundance"": true}","{""max_depth"": 20, ""n_estimators"": 1000}",cytotox_lna,768,random,3,1.4694637999999713,1.3868865770000411,0.07967370199997958,0.0024828329999877496,0.017121014000053947,956.850176,,,cpu,"[615, 44]",615.0,153.0,ok,0.0008569167,17.13,S,XGBoostModel,cpu,m6id
batch_cpu,m6id.24xlarge,XGBoostModel,KMersCounts,"{""k"": [1, 2, 3], ""modification_abundance"": true}","{""max_depth"": 20, ""n_estimators"": 1000}",cytotox_lna,768,random,4,1.39252848000001,1.3035279420000165,0.08565740099999175,0.003028156000027593,0.017121014000053947,956.858368,,,cpu,"[615, 44]",615.0,153.0,ok,0.0008569167,17.13,S,XGBoostModel,cpu,m6id
batch_cpu,m6id.24xlarge,XGBoostModel,KMersCounts,"{""k"": [1, 2, 3], ""modification_abundance"": true}","{""max_depth"": 20, ""n_estimators"": 1000}",cytotox_lna,768,random,0,1.8960974990000068,1.7709692079999968,0.12060330200000635,0.0039038200000049983,0.017121014000053947,952.901632,,,cpu,"[615, 44]",615.0,153.0,ok,0.0008569167,17.13,S,XGBoostModel,cpu,m6id
batch_cpu,m6id.24xlarge,XGBoostModel,KMersCounts,"{""k"": [1, 2, 3], ""modification_abundance"": true}","{""max_depth"": 20, ""n_estimators"": 1000}",cytotox_lna,768,random,1,2.3524736439999856,2.1690214039999773,0.1787597269999992,0.004237765999960175,0.017121014000053947,956.653568,,,cpu,"[615, 44]",615.0,153.0,ok,0.0008569167,17.13,S,XGBoostModel,cpu,m6id
batch_cpu,m6id.24xlarge,XGBoostModel,KMersCounts,"{""k"": [1, 2, 3], ""modification_abundance"": true}","{""max_depth"": 20, ""n_estimators"": 1000}",cytotox_lna,768,random,2,1.915376393000031,1.8336155069999904,0.0787688109999749,0.002495993999957591,0.017121014000053947,956.719104,,,cpu,"[615, 44]",615.0,153.0,ok,0.0008569167,17.13,S,XGBoostModel,cpu,m6id
batch_cpu,m6id.24xlarge,XGBoostModel,KMersCounts,"{""k"": [1, 2, 3], ""modification_abundance"": true}","{""max_depth"": 20, ""n_estimators"": 1000}",cytotox_lna,768,random,3,1.4694637999999713,1.3868865770000411,0.07967370199997958,0.0024828329999877496,0.017121014000053947,956.850176,,,cpu,"[615, 44]",615.0,153.0,ok,0.0008569167,17.13,S,XGBoostModel,cpu,m6id
batch_cpu,m6id.24xlarge,XGBoostModel,KMersCounts,"{""k"": [1, 2, 3], ""modification_abundance"": true}","{""max_depth"": 20, ""n_estimators"": 1000}",cytotox_lna,768,random,4,1.39252848000001,1.3035279420000165,0.08565740099999175,0.003028156000027593,0.017121014000053947,956.858368,,,cpu,"[615, 44]",615.0,153.0,ok,0.0008569167,17.13,S,XGBoostModel,cpu,m6id
batch_cpu,c6id.24xlarge,XGBoostModel,KMersCounts,"{""k"": [1, 2, 3], ""modification_abundance"": true}","{""max_depth"": 10, ""n_estimators"": 1000}",sherwood,291551,random,0,532.4990255929997,486.074273618,40.65517033700007,5.754029833000004,3.7593644240000685,2566.71744,,,cpu,"[233241, 87]",233241.0,58310.0,ok,0.1460479966,2600.763,XL,XGBoostModel,cpu,c6id
batch_cpu,c6id.24xlarge,XGBoostModel,KMersCounts,"{""k"": [1, 2, 3], ""modification_abundance"": true}","{""max_depth"": 10, ""n_estimators"": 1000}",sherwood,291551,random,1,518.491356257,483.0389383749998,30.156223241000134,5.280031479000172,3.7593644240000685,2646.9376,,,cpu,"[233241, 87]",233241.0,58310.0,ok,0.1460479966,2600.763,XL,XGBoostModel,cpu,c6id
batch_cpu,c6id.24xlarge,XGBoostModel,KMersCounts,"{""k"": [1, 2, 3], ""modification_abundance"": true}","{""max_depth"": 10, ""n_estimators"": 1000}",sherwood,291551,random,2,512.463869104,480.32058486000005,26.990603313000065,5.13761866699997,3.7593644240000685,2658.648064,,,cpu,"[233241, 87]",233241.0,58310.0,ok,0.1460479966,2600.763,XL,XGBoostModel,cpu,c6id
batch_cpu,c6id.24xlarge,XGBoostModel,KMersCounts,"{""k"": [1, 2, 3], ""modification_abundance"": true}","{""max_depth"": 10, ""n_estimators"": 1000}",sherwood,291551,random,3,509.44017841000004,476.9471559689996,27.323823002999234,5.154082703999848,3.7593644240000685,2656.997376,,,cpu,"[233241, 87]",233241.0,58310.0,ok,0.1460479966,2600.763,XL,XGBoostModel,cpu,c6id
batch_cpu,c6id.24xlarge,XGBoostModel,KMersCounts,"{""k"": [1, 2, 3], ""modification_abundance"": true}","{""max_depth"": 10, ""n_estimators"": 1000}",sherwood,291551,random,4,517.4547306330005,484.392338398,27.702638063999984,5.345051399000113,3.7593644240000685,2634.153984,,,cpu,"[233241, 87]",233241.0,58310.0,ok,0.1460479966,2600.763,XL,XGBoostModel,cpu,c6id
batch_cpu,c6id.24xlarge,XGBoostModel,KMersCounts,"{""k"": [1, 2, 3], ""modification_abundance"": true}","{""max_depth"": 10, ""n_estimators"": 1000}",sherwood,291551,random,0,532.4990255929997,486.074273618,40.65517033700007,5.754029833000004,3.7593644240000685,2566.71744,,,cpu,"[233241, 87]",233241.0,58310.0,ok,0.1460479966,2600.763,XL,XGBoostModel,cpu,c6id
batch_cpu,c6id.24xlarge,XGBoostModel,KMersCounts,"{""k"": [1, 2, 3], ""modification_abundance"": true}","{""max_depth"": 10, ""n_estimators"": 1000}",sherwood,291551,random,1,518.491356257,483.0389383749998,30.156223241000134,5.280031479000172,3.7593644240000685,2646.9376,,,cpu,"[233241, 87]",233241.0,58310.0,ok,0.1460479966,2600.763,XL,XGBoostModel,cpu,c6id
batch_cpu,c6id.24xlarge,XGBoostModel,KMersCounts,"{""k"": [1, 2, 3], ""modification_abundance"": true}","{""max_depth"": 10, ""n_estimators"": 1000}",sherwood,291551,random,2,512.463869104,480.32058486000005,26.990603313000065,5.13761866699997,3.7593644240000685,2658.648064,,,cpu,"[233241, 87]",233241.0,58310.0,ok,0.1460479966,2600.763,XL,XGBoostModel,cpu,c6id
batch_cpu,c6id.24xlarge,XGBoostModel,KMersCounts,"{""k"": [1, 2, 3], ""modification_abundance"": true}","{""max_depth"": 10, ""n_estimators"": 1000}",sherwood,291551,random,3,509.44017841000004,476.9471559689996,27.323823002999234,5.154082703999848,3.7593644240000685,2656.997376,,,cpu,"[233241, 87]",233241.0,58310.0,ok,0.1460479966,2600.763,XL,XGBoostModel,cpu,c6id
batch_cpu,c6id.24xlarge,XGBoostModel,KMersCounts,"{""k"": [1, 2, 3], ""modification_abundance"": true}","{""max_depth"": 10, ""n_estimators"": 1000}",sherwood,291551,random,4,517.4547306330005,484.392338398,27.702638063999984,5.345051399000113,3.7593644240000685,2634.153984,,,cpu,"[233241, 87]",233241.0,58310.0,ok,0.1460479966,2600.763,XL,XGBoostModel,cpu,c6id
batch_cpu,c6id.24xlarge,LinearModel,OneHotEncoder,"{""encode_components"": [""base"", ""sugar"", ""phosphate""]}","{""type"": ""ridge""}",cytotox_lna,768,random,0,1.8897953089999646,1.886360008000338,0.0027516889999787963,0.0003083130000050005,0.012303421000069648,947.187712,,,cpu,"[615, 128]",615.0,153.0,ok,0.001008,15.952,S,LinearModel,cpu,c6id
batch_cpu,c6id.24xlarge,LinearModel,OneHotEncoder,"{""encode_components"": [""base"", ""sugar"", ""phosphate""]}","{""type"": ""ridge""}",cytotox_lna,768,random,1,1.8690312530002302,1.866700051999942,0.0017503669996585813,0.00028326900019237655,0.012303421000069648,950.861824,,,cpu,"[615, 128]",615.0,153.0,ok,0.001008,15.952,S,LinearModel,cpu,c6id
batch_cpu,c6id.24xlarge,LinearModel,OneHotEncoder,"{""encode_components"": [""base"", ""sugar"", ""phosphate""]}","{""type"": ""ridge""}",cytotox_lna,768,random,2,1.8852497310003855,1.8827402070000971,0.0018684730002860306,0.0003037389997189166,0.012303421000069648,951.296,,,cpu,"[615, 128]",615.0,153.0,ok,0.001008,15.952,S,LinearModel,cpu,c6id
batch_cpu,c6id.24xlarge,LinearModel,OneHotEncoder,"{""encode_components"": [""base"", ""sugar"", ""phosphate""]}","{""type"": ""ridge""}",cytotox_lna,768,random,3,1.8510307860001376,1.8488979690000633,0.0016248070000983716,0.000267194000116433,0.012303421000069648,951.566336,,,cpu,"[615, 128]",615.0,153.0,ok,0.001008,15.952,S,LinearModel,cpu,c6id
batch_cpu,c6id.24xlarge,LinearModel,OneHotEncoder,"{""encode_components"": [""base"", ""sugar"", ""phosphate""]}","{""type"": ""ridge""}",cytotox_lna,768,random,4,1.8597182900002736,1.8573358139997254,0.0017796399997678236,0.00026801100011653034,0.012303421000069648,951.586816,,,cpu,"[615, 128]",615.0,153.0,ok,0.001008,15.952,S,LinearModel,cpu,c6id
batch_cpu,c6id.24xlarge,LinearModel,OneHotEncoder,"{""encode_components"": [""base"", ""sugar"", ""phosphate""]}","{""type"": ""ridge""}",cytotox_lna,768,random,0,1.8897953089999646,1.886360008000338,0.0027516889999787963,0.0003083130000050005,0.012303421000069648,947.187712,,,cpu,"[615, 128]",615.0,153.0,ok,0.001008,15.952,S,LinearModel,cpu,c6id
batch_cpu,c6id.24xlarge,LinearModel,OneHotEncoder,"{""encode_components"": [""base"", ""sugar"", ""phosphate""]}","{""type"": ""ridge""}",cytotox_lna,768,random,1,1.8690312530002302,1.866700051999942,0.0017503669996585813,0.00028326900019237655,0.012303421000069648,950.861824,,,cpu,"[615, 128]",615.0,153.0,ok,0.001008,15.952,S,LinearModel,cpu,c6id
batch_cpu,c6id.24xlarge,LinearModel,OneHotEncoder,"{""encode_components"": [""base"", ""sugar"", ""phosphate""]}","{""type"": ""ridge""}",cytotox_lna,768,random,2,1.8852497310003855,1.8827402070000971,0.0018684730002860306,0.0003037389997189166,0.012303421000069648,951.296,,,cpu,"[615, 128]",615.0,153.0,ok,0.001008,15.952,S,LinearModel,cpu,c6id
batch_cpu,c6id.24xlarge,LinearModel,OneHotEncoder,"{""encode_components"": [""base"", ""sugar"", ""phosphate""]}","{""type"": ""ridge""}",cytotox_lna,768,random,3,1.8510307860001376,1.8488979690000633,0.0016248070000983716,0.000267194000116433,0.012303421000069648,951.566336,,,cpu,"[615, 128]",615.0,153.0,ok,0.001008,15.952,S,LinearModel,cpu,c6id
batch_cpu,c6id.24xlarge,LinearModel,OneHotEncoder,"{""encode_components"": [""base"", ""sugar"", ""phosphate""]}","{""type"": ""ridge""}",cytotox_lna,768,random,4,1.8597182900002736,1.8573358139997254,0.0017796399997678236,0.00026801100011653034,0.012303421000069648,951.586816,,,cpu,"[615, 128]",615.0,153.0,ok,0.001008,15.952,S,LinearModel,cpu,c6id
batch_cpu,c6id.24xlarge,LinearModel,OneHotEncoder,"{""encode_components"": [""base""]}","{""type"": ""standard""}",cytotox_lna,768,nucleobase,0,2.6995903140000337,1.6825626750000993,0.002792749000036565,0.00043292100008329726,0.011329515999932482,949.776384,,,cpu,"[704, 64]",704.0,64.0,ok,0.001568,19.692,S,LinearModel,cpu,c6id
batch_cpu,c6id.24xlarge,LinearModel,OneHotEncoder,"{""encode_components"": [""base""]}","{""type"": ""standard""}",cytotox_lna,768,nucleobase,1,2.4574447960003454,1.4925874000000476,0.001953131999925972,0.00030280700002549565,0.011329515999932482,952.090624,,,cpu,"[480, 64]",480.0,288.0,ok,0.001568,19.692,S,LinearModel,cpu,c6id
batch_cpu,c6id.24xlarge,LinearModel,OneHotEncoder,"{""encode_components"": [""base""]}","{""type"": ""standard""}",cytotox_lna,768,nucleobase,2,2.720356879999599,1.7343511880003462,0.002441838999857282,0.000279590999980428,0.011329515999932482,952.082432,,,cpu,"[704, 64]",704.0,64.0,ok,0.001568,19.692,S,LinearModel,cpu,c6id
batch_cpu,c6id.24xlarge,LinearModel,OneHotEncoder,"{""encode_components"": [""base""]}","{""type"": ""standard""}",cytotox_lna,768,nucleobase,3,2.492465799999991,1.5075847349999094,0.001866827999947418,0.0002866879999601224,0.011329515999932482,952.324096,,,cpu,"[448, 64]",448.0,320.0,ok,0.001568,19.692,S,LinearModel,cpu,c6id
batch_cpu,c6id.24xlarge,LinearModel,OneHotEncoder,"{""encode_components"": [""base""]}","{""type"": ""standard""}",cytotox_lna,768,nucleobase,4,2.4900383120002516,1.5145725309998852,0.0019314050000502903,0.000268563999725302,0.011329515999932482,952.356864,,,cpu,"[480, 64]",480.0,288.0,ok,0.001568,19.692,S,LinearModel,cpu,c6id
batch_cpu,c6id.24xlarge,LinearModel,OneHotEncoder,"{""encode_components"": [""base""]}","{""type"": ""standard""}",cytotox_lna,768,nucleobase,0,2.6995903140000337,1.6825626750000993,0.002792749000036565,0.00043292100008329726,0.011329515999932482,949.776384,,,cpu,"[704, 64]",704.0,64.0,ok,0.001568,19.692,S,LinearModel,cpu,c6id
batch_cpu,c6id.24xlarge,LinearModel,OneHotEncoder,"{""encode_components"": [""base""]}","{""type"": ""standard""}",cytotox_lna,768,nucleobase,1,2.4574447960003454,1.4925874000000476,0.001953131999925972,0.00030280700002549565,0.011329515999932482,952.090624,,,cpu,"[480, 64]",480.0,288.0,ok,0.001568,19.692,S,LinearModel,cpu,c6id
batch_cpu,c6id.24xlarge,LinearModel,OneHotEncoder,"{""encode_components"": [""base""]}","{""type"": ""standard""}",cytotox_lna,768,nucleobase,2,2.720356879999599,1.7343511880003462,0.002441838999857282,0.000279590999980428,0.011329515999932482,952.082432,,,cpu,"[704, 64]",704.0,64.0,ok,0.001568,19.692,S,LinearModel,cpu,c6id
batch_cpu,c6id.24xlarge,LinearModel,OneHotEncoder,"{""encode_components"": [""base""]}","{""type"": ""standard""}",cytotox_lna,768,nucleobase,3,2.492465799999991,1.5075847349999094,0.001866827999947418,0.0002866879999601224,0.011329515999932482,952.324096,,,cpu,"[448, 64]",448.0,320.0,ok,0.001568,19.692,S,LinearModel,cpu,c6id
batch_cpu,c6id.24xlarge,LinearModel,OneHotEncoder,"{""encode_components"": [""base""]}","{""type"": ""standard""}",cytotox_lna,768,nucleobase,4,2.4900383120002516,1.5145725309998852,0.0019314050000502903,0.000268563999725302,0.011329515999932482,952.356864,,,cpu,"[480, 64]",480.0,288.0,ok,0.001568,19.692,S,LinearModel,cpu,c6id
batch_cpu,c6id.24xlarge,NearestNeighborsModel,OneHotEncoder,"{""encode_components"": [""base""]}","{""n_neighbors"": 5}",cytotox_lna,768,random,0,1.6672827550000875,1.6502257920001284,0.0006052789999557717,0.01604055799998605,0.01252555199971539,946.950144,,,cpu,"[615, 64]",615.0,153.0,ok,0.00112,15.52,S,NearestNeighborsModel,cpu,c6id
batch_cpu,c6id.24xlarge,NearestNeighborsModel,OneHotEncoder,"{""encode_components"": [""base""]}","{""n_neighbors"": 5}",cytotox_lna,768,random,1,1.67365254599963,1.6693327930001942,0.00045308599965210306,0.0035516519997145224,0.01252555199971539,950.059008,,,cpu,"[615, 64]",615.0,153.0,ok,0.00112,15.52,S,NearestNeighborsModel,cpu,c6id
batch_cpu,c6id.24xlarge,NearestNeighborsModel,OneHotEncoder,"{""encode_components"": [""base""]}","{""n_neighbors"": 5}",cytotox_lna,768,random,2,1.5869712949997847,1.5826363129999663,0.00040611499980514054,0.0035433830003057665,0.01252555199971539,950.525952,,,cpu,"[615, 64]",615.0,153.0,ok,0.00112,15.52,S,NearestNeighborsModel,cpu,c6id
batch_cpu,c6id.24xlarge,NearestNeighborsModel,OneHotEncoder,"{""encode_components"": [""base""]}","{""n_neighbors"": 5}",cytotox_lna,768,random,3,1.5816241369998352,1.5771445579998726,0.0004102240000065649,0.003777315000206727,0.01252555199971539,950.603776,,,cpu,"[615, 64]",615.0,153.0,ok,0.00112,15.52,S,NearestNeighborsModel,cpu,c6id
batch_cpu,c6id.24xlarge,NearestNeighborsModel,OneHotEncoder,"{""encode_components"": [""base""]}","{""n_neighbors"": 5}",cytotox_lna,768,random,4,1.5780188899998393,1.5738364829999227,0.00039104899997255416,0.003503141999772197,0.01252555199971539,950.611968,,,cpu,"[615, 64]",615.0,153.0,ok,0.00112,15.52,S,NearestNeighborsModel,cpu,c6id
batch_cpu,c6id.24xlarge,NearestNeighborsModel,OneHotEncoder,"{""encode_components"": [""base""]}","{""n_neighbors"": 5}",cytotox_lna,768,random,0,1.6672827550000875,1.6502257920001284,0.0006052789999557717,0.01604055799998605,0.01252555199971539,946.950144,,,cpu,"[615, 64]",615.0,153.0,ok,0.00112,15.52,S,NearestNeighborsModel,cpu,c6id
batch_cpu,c6id.24xlarge,NearestNeighborsModel,OneHotEncoder,"{""encode_components"": [""base""]}","{""n_neighbors"": 5}",cytotox_lna,768,random,1,1.67365254599963,1.6693327930001942,0.00045308599965210306,0.0035516519997145224,0.01252555199971539,950.059008,,,cpu,"[615, 64]",615.0,153.0,ok,0.00112,15.52,S,NearestNeighborsModel,cpu,c6id
batch_cpu,c6id.24xlarge,NearestNeighborsModel,OneHotEncoder,"{""encode_components"": [""base""]}","{""n_neighbors"": 5}",cytotox_lna,768,random,2,1.5869712949997847,1.5826363129999663,0.00040611499980514054,0.0035433830003057665,0.01252555199971539,950.525952,,,cpu,"[615, 64]",615.0,153.0,ok,0.00112,15.52,S,NearestNeighborsModel,cpu,c6id
batch_cpu,c6id.24xlarge,NearestNeighborsModel,OneHotEncoder,"{""encode_components"": [""base""]}","{""n_neighbors"": 5}",cytotox_lna,768,random,3,1.5816241369998352,1.5771445579998726,0.0004102240000065649,0.003777315000206727,0.01252555199971539,950.603776,,,cpu,"[615, 64]",615.0,153.0,ok,0.00112,15.52,S,NearestNeighborsModel,cpu,c6id
batch_cpu,c6id.24xlarge,NearestNeighborsModel,OneHotEncoder,"{""encode_components"": [""base""]}","{""n_neighbors"": 5}",cytotox_lna,768,random,4,1.5780188899998393,1.5738364829999227,0.00039104899997255416,0.003503141999772197,0.01252555199971539,950.611968,,,cpu,"[615, 64]",615.0,153.0,ok,0.00112,15.52,S,NearestNeighborsModel,cpu,c6id
batch_cpu,r6id.32xlarge,NearestNeighborsModel,OneHotEncoder,"{""encode_components"": [""base"", ""sugar"", ""phosphate""]}","{""n_neighbors"": 10}",cytotox_lna,768,nucleobase,0,5.130635530999825,3.467338664000181,0.0010275039999214641,0.009820773000228655,0.016919643000164797,951.799808,,,cpu,"[704, 128]",704.0,64.0,ok,0.002016,38.051,S,NearestNeighborsModel,cpu,r6id
batch_cpu,r6id.32xlarge,NearestNeighborsModel,OneHotEncoder,"{""encode_components"": [""base"", ""sugar"", ""phosphate""]}","{""n_neighbors"": 10}",cytotox_lna,768,nucleobase,1,4.749589095999909,2.9139617519999774,0.0007877340003688005,0.00619349200042052,0.016919643000164797,952.623104,,,cpu,"[480, 128]",480.0,288.0,ok,0.002016,38.051,S,NearestNeighborsModel,cpu,r6id
batch_cpu,r6id.32xlarge,NearestNeighborsModel,OneHotEncoder,"{""encode_components"": [""base"", ""sugar"", ""phosphate""]}","{""n_neighbors"": 10}",cytotox_lna,768,nucleobase,2,5.22029264899993,3.522903932999725,0.0009329250001428591,0.008296559999962483,0.016919643000164797,953.294848,,,cpu,"[704, 128]",704.0,64.0,ok,0.002016,38.051,S,NearestNeighborsModel,cpu,r6id
batch_cpu,r6id.32xlarge,NearestNeighborsModel,OneHotEncoder,"{""encode_components"": [""base"", ""sugar"", ""phosphate""]}","{""n_neighbors"": 10}",cytotox_lna,768,nucleobase,3,5.000224058000185,3.2799828730003355,0.0008125929998641368,0.006677057000160858,0.016919643000164797,953.430016,,,cpu,"[448, 128]",448.0,320.0,ok,0.002016,38.051,S,NearestNeighborsModel,cpu,r6id
batch_cpu,r6id.32xlarge,NearestNeighborsModel,OneHotEncoder,"{""encode_components"": [""base"", ""sugar"", ""phosphate""]}","{""n_neighbors"": 10}",cytotox_lna,768,nucleobase,4,4.85347960099989,3.1579169919996275,0.0008120450002024882,0.006502840999928594,0.016919643000164797,953.462784,,,cpu,"[480, 128]",480.0,288.0,ok,0.002016,38.051,S,NearestNeighborsModel,cpu,r6id
batch_cpu,r6id.32xlarge,NearestNeighborsModel,OneHotEncoder,"{""encode_components"": [""base"", ""sugar"", ""phosphate""]}","{""n_neighbors"": 10}",cytotox_lna,768,nucleobase,0,5.130635530999825,3.467338664000181,0.0010275039999214641,0.009820773000228655,0.016919643000164797,951.799808,,,cpu,"[704, 128]",704.0,64.0,ok,0.002016,38.051,S,NearestNeighborsModel,cpu,r6id
batch_cpu,r6id.32xlarge,NearestNeighborsModel,OneHotEncoder,"{""encode_components"": [""base"", ""sugar"", ""phosphate""]}","{""n_neighbors"": 10}",cytotox_lna,768,nucleobase,1,4.749589095999909,2.9139617519999774,0.0007877340003688005,0.00619349200042052,0.016919643000164797,952.623104,,,cpu,"[480, 128]",480.0,288.0,ok,0.002016,38.051,S,NearestNeighborsModel,cpu,r6id
batch_cpu,r6id.32xlarge,NearestNeighborsModel,OneHotEncoder,"{""encode_components"": [""base"", ""sugar"", ""phosphate""]}","{""n_neighbors"": 10}",cytotox_lna,768,nucleobase,2,5.22029264899993,3.522903932999725,0.0009329250001428591,0.008296559999962483,0.016919643000164797,953.294848,,,cpu,"[704, 128]",704.0,64.0,ok,0.002016,38.051,S,NearestNeighborsModel,cpu,r6id
batch_cpu,r6id.32xlarge,NearestNeighborsModel,OneHotEncoder,"{""encode_components"": [""base"", ""sugar"", ""phosphate""]}","{""n_neighbors"": 10}",cytotox_lna,768,nucleobase,3,5.000224058000185,3.2799828730003355,0.0008125929998641368,0.006677057000160858,0.016919643000164797,953.430016,,,cpu,"[448, 128]",448.0,320.0,ok,0.002016,38.051,S,NearestNeighborsModel,cpu,r6id
batch_cpu,r6id.32xlarge,NearestNeighborsModel,OneHotEncoder,"{""encode_components"": [""base"", ""sugar"", ""phosphate""]}","{""n_neighbors"": 10}",cytotox_lna,768,nucleobase,4,4.85347960099989,3.1579169919996275,0.0008120450002024882,0.006502840999928594,0.016919643000164797,953.462784,,,cpu,"[480, 128]",480.0,288.0,ok,0.002016,38.051,S,NearestNeighborsModel,cpu,r6id
batch_cpu,m6id.24xlarge,NearestNeighborsModel,OneHotEncoder,"{""encode_components"": [""base""]}","{""n_neighbors"": 15}",cytotox_lna,768,random,0,1.9432032020000065,1.923706716999959,0.0007367619999740782,0.01809024300001738,0.014395667000030699,945.303552,,,cpu,"[615, 64]",615.0,153.0,ok,0.0008569167,18.0,S,NearestNeighborsModel,cpu,m6id
batch_cpu,m6id.24xlarge,NearestNeighborsModel,OneHotEncoder,"{""encode_components"": [""base""]}","{""n_neighbors"": 15}",cytotox_lna,768,random,1,1.9383210459999987,1.93282093199997,0.0005032169999594771,0.00462708900005282,0.014395667000030699,948.625408,,,cpu,"[615, 64]",615.0,153.0,ok,0.0008569167,18.0,S,NearestNeighborsModel,cpu,m6id
batch_cpu,m6id.24xlarge,NearestNeighborsModel,OneHotEncoder,"{""encode_components"": [""base""]}","{""n_neighbors"": 15}",cytotox_lna,768,random,2,2.08384670800001,2.0785278849999713,0.00048680999998396146,0.0043543020000242905,0.014395667000030699,948.862976,,,cpu,"[615, 64]",615.0,153.0,ok,0.0008569167,18.0,S,NearestNeighborsModel,cpu,m6id
batch_cpu,m6id.24xlarge,NearestNeighborsModel,OneHotEncoder,"{""encode_components"": [""base""]}","{""n_neighbors"": 15}",cytotox_lna,768,random,3,1.6676245009999775,1.662426044999961,0.0004540909999946052,0.004396624999969845,0.014395667000030699,949.02272,,,cpu,"[615, 64]",615.0,153.0,ok,0.0008569167,18.0,S,NearestNeighborsModel,cpu,m6id
batch_cpu,m6id.24xlarge,NearestNeighborsModel,OneHotEncoder,"{""encode_components"": [""base""]}","{""n_neighbors"": 15}",cytotox_lna,768,random,4,1.6784560489999762,1.6725198750000345,0.0005409519999943768,0.005019101999948816,0.014395667000030699,949.092352,,,cpu,"[615, 64]",615.0,153.0,ok,0.0008569167,18.0,S,NearestNeighborsModel,cpu,m6id
batch_cpu,m6id.24xlarge,NearestNeighborsModel,OneHotEncoder,"{""encode_components"": [""base""]}","{""n_neighbors"": 15}",cytotox_lna,768,random,0,1.9432032020000065,1.923706716999959,0.0007367619999740782,0.01809024300001738,0.014395667000030699,945.303552,,,cpu,"[615, 64]",615.0,153.0,ok,0.0008569167,18.0,S,NearestNeighborsModel,cpu,m6id
batch_cpu,m6id.24xlarge,NearestNeighborsModel,OneHotEncoder,"{""encode_components"": [""base""]}","{""n_neighbors"": 15}",cytotox_lna,768,random,1,1.9383210459999987,1.93282093199997,0.0005032169999594771,0.00462708900005282,0.014395667000030699,948.625408,,,cpu,"[615, 64]",615.0,153.0,ok,0.0008569167,18.0,S,NearestNeighborsModel,cpu,m6id
batch_cpu,m6id.24xlarge,NearestNeighborsModel,OneHotEncoder,"{""encode_components"": [""base""]}","{""n_neighbors"": 15}",cytotox_lna,768,random,2,2.08384670800001,2.0785278849999713,0.00048680999998396146,0.0043543020000242905,0.014395667000030699,948.862976,,,cpu,"[615, 64]",615.0,153.0,ok,0.0008569167,18.0,S,NearestNeighborsModel,cpu,m6id
batch_cpu,m6id.24xlarge,NearestNeighborsModel,OneHotEncoder,"{""encode_components"": [""base""]}","{""n_neighbors"": 15}",cytotox_lna,768,random,3,1.6676245009999775,1.662426044999961,0.0004540909999946052,0.004396624999969845,0.014395667000030699,949.02272,,,cpu,"[615, 64]",615.0,153.0,ok,0.0008569167,18.0,S,NearestNeighborsModel,cpu,m6id
batch_cpu,m6id.24xlarge,NearestNeighborsModel,OneHotEncoder,"{""encode_components"": [""base""]}","{""n_neighbors"": 15}",cytotox_lna,768,random,4,1.6784560489999762,1.6725198750000345,0.0005409519999943768,0.005019101999948816,0.014395667000030699,949.092352,,,cpu,"[615, 64]",615.0,153.0,ok,0.0008569167,18.0,S,NearestNeighborsModel,cpu,m6id
batch_cpu,r6id.32xlarge,RandomForestModel,OneHotEncoder,"{""encode_components"": [""base""]}","{""max_depth"": 20, ""n_estimators"": 100}",cytotox_lna,768,random,0,2.8146470929987117,2.6502701429999433,0.15229477399952884,0.011332983000102104,0.020644403999540373,946.372608,,,cpu,"[615, 64]",615.0,153.0,ok,0.001218,22.029,S,RandomForestModel,cpu,r6id
batch_cpu,r6id.32xlarge,RandomForestModel,OneHotEncoder,"{""encode_components"": [""base""]}","{""max_depth"": 20, ""n_estimators"": 100}",cytotox_lna,768,random,1,2.5867931330012652,2.4216435979997186,0.15372611899874755,0.010939003999737906,0.020644403999540373,948.011008,,,cpu,"[615, 64]",615.0,153.0,ok,0.001218,22.029,S,RandomForestModel,cpu,r6id
batch_cpu,r6id.32xlarge,RandomForestModel,OneHotEncoder,"{""encode_components"": [""base""]}","{""max_depth"": 20, ""n_estimators"": 100}",cytotox_lna,768,random,2,2.7271688519995223,2.5663403019989346,0.14847762399949715,0.011796683000284247,0.020644403999540373,948.260864,,,cpu,"[615, 64]",615.0,153.0,ok,0.001218,22.029,S,RandomForestModel,cpu,r6id
batch_cpu,r6id.32xlarge,RandomForestModel,OneHotEncoder,"{""encode_components"": [""base""]}","{""max_depth"": 20, ""n_estimators"": 100}",cytotox_lna,768,random,3,1.9977287700003217,1.9046536870009732,0.08627075699951092,0.00640663299964217,0.020644403999540373,948.289536,,,cpu,"[615, 64]",615.0,153.0,ok,0.001218,22.029,S,RandomForestModel,cpu,r6id
batch_cpu,r6id.32xlarge,RandomForestModel,OneHotEncoder,"{""encode_components"": [""base""]}","{""max_depth"": 20, ""n_estimators"": 100}",cytotox_lna,768,random,4,2.035491283999363,1.8758412440001848,0.1478889589998289,0.011397129999750177,0.020644403999540373,948.441088,,,cpu,"[615, 64]",615.0,153.0,ok,0.001218,22.029,S,RandomForestModel,cpu,r6id
batch_cpu,r6id.32xlarge,RandomForestModel,OneHotEncoder,"{""encode_components"": [""base""]}","{""max_depth"": 20, ""n_estimators"": 100}",cytotox_lna,768,random,0,2.8146470929987117,2.6502701429999433,0.15229477399952884,0.011332983000102104,0.020644403999540373,946.372608,,,cpu,"[615, 64]",615.0,153.0,ok,0.001218,22.029,S,RandomForestModel,cpu,r6id
batch_cpu,r6id.32xlarge,RandomForestModel,OneHotEncoder,"{""encode_components"": [""base""]}","{""max_depth"": 20, ""n_estimators"": 100}",cytotox_lna,768,random,1,2.5867931330012652,2.4216435979997186,0.15372611899874755,0.010939003999737906,0.020644403999540373,948.011008,,,cpu,"[615, 64]",615.0,153.0,ok,0.001218,22.029,S,RandomForestModel,cpu,r6id
batch_cpu,r6id.32xlarge,RandomForestModel,OneHotEncoder,"{""encode_components"": [""base""]}","{""max_depth"": 20, ""n_estimators"": 100}",cytotox_lna,768,random,2,2.7271688519995223,2.5663403019989346,0.14847762399949715,0.011796683000284247,0.020644403999540373,948.260864,,,cpu,"[615, 64]",615.0,153.0,ok,0.001218,22.029,S,RandomForestModel,cpu,r6id
batch_cpu,r6id.32xlarge,RandomForestModel,OneHotEncoder,"{""encode_components"": [""base""]}","{""max_depth"": 20, ""n_estimators"": 100}",cytotox_lna,768,random,3,1.9977287700003217,1.9046536870009732,0.08627075699951092,0.00640663299964217,0.020644403999540373,948.289536,,,cpu,"[615, 64]",615.0,153.0,ok,0.001218,22.029,S,RandomForestModel,cpu,r6id
batch_cpu,r6id.32xlarge,RandomForestModel,OneHotEncoder,"{""encode_components"": [""base""]}","{""max_depth"": 20, ""n_estimators"": 100}",cytotox_lna,768,random,4,2.035491283999363,1.8758412440001848,0.1478889589998289,0.011397129999750177,0.020644403999540373,948.441088,,,cpu,"[615, 64]",615.0,153.0,ok,0.001218,22.029,S,RandomForestModel,cpu,r6id
batch_cpu,c6id.24xlarge,RandomForestModel,OneHotEncoder,"{""encode_components"": [""base""]}","{""max_depth"": 30, ""n_estimators"": 500}",cytotox_lna,768,random,0,2.036327788000108,1.5891455570003927,0.4171676819996719,0.02966650300004403,0.011729392999768606,943.632384,,,cpu,"[615, 64]",615.0,153.0,ok,0.001064,16.574,S,RandomForestModel,cpu,c6id
batch_cpu,c6id.24xlarge,RandomForestModel,OneHotEncoder,"{""encode_components"": [""base""]}","{""max_depth"": 30, ""n_estimators"": 500}",cytotox_lna,768,random,1,2.0375281579999864,1.5893271580002875,0.41746715499994025,0.03043705099980798,0.011729392999768606,944.431104,,,cpu,"[615, 64]",615.0,153.0,ok,0.001064,16.574,S,RandomForestModel,cpu,c6id
batch_cpu,c6id.24xlarge,RandomForestModel,OneHotEncoder,"{""encode_components"": [""base""]}","{""max_depth"": 30, ""n_estimators"": 500}",cytotox_lna,768,random,2,2.02468640699999,1.577788332000182,0.4162393569999949,0.03040715800034377,0.011729392999768606,944.623616,,,cpu,"[615, 64]",615.0,153.0,ok,0.001064,16.574,S,RandomForestModel,cpu,c6id
batch_cpu,c6id.24xlarge,RandomForestModel,OneHotEncoder,"{""encode_components"": [""base""]}","{""max_depth"": 30, ""n_estimators"": 500}",cytotox_lna,768,random,3,2.024496296000052,1.5815380979997826,0.4134936909999851,0.0291745979998268,0.011729392999768606,944.648192,,,cpu,"[615, 64]",615.0,153.0,ok,0.001064,16.574,S,RandomForestModel,cpu,c6id
batch_cpu,c6id.24xlarge,RandomForestModel,OneHotEncoder,"{""encode_components"": [""base""]}","{""max_depth"": 30, ""n_estimators"": 500}",cytotox_lna,768,random,4,2.0183234139999513,1.572414421999838,0.41520438599991394,0.03038035800000216,0.011729392999768606,945.057792,,,cpu,"[615, 64]",615.0,153.0,ok,0.001064,16.574,S,RandomForestModel,cpu,c6id
batch_cpu,c6id.24xlarge,RandomForestModel,OneHotEncoder,"{""encode_components"": [""base""]}","{""max_depth"": 30, ""n_estimators"": 500}",cytotox_lna,768,random,0,2.036327788000108,1.5891455570003927,0.4171676819996719,0.02966650300004403,0.011729392999768606,943.632384,,,cpu,"[615, 64]",615.0,153.0,ok,0.001064,16.574,S,RandomForestModel,cpu,c6id
batch_cpu,c6id.24xlarge,RandomForestModel,OneHotEncoder,"{""encode_components"": [""base""]}","{""max_depth"": 30, ""n_estimators"": 500}",cytotox_lna,768,random,1,2.0375281579999864,1.5893271580002875,0.41746715499994025,0.03043705099980798,0.011729392999768606,944.431104,,,cpu,"[615, 64]",615.0,153.0,ok,0.001064,16.574,S,RandomForestModel,cpu,c6id
batch_cpu,c6id.24xlarge,RandomForestModel,OneHotEncoder,"{""encode_components"": [""base""]}","{""max_depth"": 30, ""n_estimators"": 500}",cytotox_lna,768,random,2,2.02468640699999,1.577788332000182,0.4162393569999949,0.03040715800034377,0.011729392999768606,944.623616,,,cpu,"[615, 64]",615.0,153.0,ok,0.001064,16.574,S,RandomForestModel,cpu,c6id
batch_cpu,c6id.24xlarge,RandomForestModel,OneHotEncoder,"{""encode_components"": [""base""]}","{""max_depth"": 30, ""n_estimators"": 500}",cytotox_lna,768,random,3,2.024496296000052,1.5815380979997826,0.4134936909999851,0.0291745979998268,0.011729392999768606,944.648192,,,cpu,"[615, 64]",615.0,153.0,ok,0.001064,16.574,S,RandomForestModel,cpu,c6id
batch_cpu,c6id.24xlarge,RandomForestModel,OneHotEncoder,"{""encode_components"": [""base""]}","{""max_depth"": 30, ""n_estimators"": 500}",cytotox_lna,768,random,4,2.0183234139999513,1.572414421999838,0.41520438599991394,0.03038035800000216,0.011729392999768606,945.057792,,,cpu,"[615, 64]",615.0,153.0,ok,0.001064,16.574,S,RandomForestModel,cpu,c6id
batch_cpu,c6id.24xlarge,RandomForestModel,OneHotEncoder,"{""encode_components"": [""base"", ""sugar"", ""phosphate""]}","{""max_depth"": 30, ""n_estimators"": 1000}",cytotox_lna,768,nucleobase,0,5.738759457000015,1.9598284990001957,2.6865488939997704,0.11305117399979281,0.011807953000243288,1013.694464,,,cpu,"[704, 128]",704.0,64.0,ok,0.0022399999,33.156,S,RandomForestModel,cpu,c6id
batch_cpu,c6id.24xlarge,RandomForestModel,OneHotEncoder,"{""encode_components"": [""base"", ""sugar"", ""phosphate""]}","{""max_depth"": 30, ""n_estimators"": 1000}",cytotox_lna,768,nucleobase,1,4.9378028569999515,1.7418589620001512,2.1403200079998896,0.1026837979998163,0.011807953000243288,1014.575104,,,cpu,"[480, 128]",480.0,288.0,ok,0.0022399999,33.156,S,RandomForestModel,cpu,c6id
batch_cpu,c6id.24xlarge,RandomForestModel,OneHotEncoder,"{""encode_components"": [""base"", ""sugar"", ""phosphate""]}","{""max_depth"": 30, ""n_estimators"": 1000}",cytotox_lna,768,nucleobase,2,5.834281449000173,1.9824913060001563,2.766012802000205,0.11615242200014109,0.011807953000243288,1014.890496,,,cpu,"[704, 128]",704.0,64.0,ok,0.0022399999,33.156,S,RandomForestModel,cpu,c6id
batch_cpu,c6id.24xlarge,RandomForestModel,OneHotEncoder,"{""encode_components"": [""base"", ""sugar"", ""phosphate""]}","{""max_depth"": 30, ""n_estimators"": 1000}",cytotox_lna,768,nucleobase,3,4.687615198999993,1.8164589130001332,1.7920008410001174,0.0944635969999581,0.011807953000243288,1015.083008,,,cpu,"[448, 128]",448.0,320.0,ok,0.0022399999,33.156,S,RandomForestModel,cpu,c6id
batch_cpu,c6id.24xlarge,RandomForestModel,OneHotEncoder,"{""encode_components"": [""base"", ""sugar"", ""phosphate""]}","{""max_depth"": 30, ""n_estimators"": 1000}",cytotox_lna,768,nucleobase,4,5.034126810000089,1.7673115640000105,2.2030494279997583,0.10538572099994781,0.011807953000243288,1015.083008,,,cpu,"[480, 128]",480.0,288.0,ok,0.0022399999,33.156,S,RandomForestModel,cpu,c6id
batch_cpu,c6id.24xlarge,RandomForestModel,OneHotEncoder,"{""encode_components"": [""base"", ""sugar"", ""phosphate""]}","{""max_depth"": 30, ""n_estimators"": 1000}",cytotox_lna,768,nucleobase,0,5.738759457000015,1.9598284990001957,2.6865488939997704,0.11305117399979281,0.011807953000243288,1013.694464,,,cpu,"[704, 128]",704.0,64.0,ok,0.0022399999,33.156,S,RandomForestModel,cpu,c6id
batch_cpu,c6id.24xlarge,RandomForestModel,OneHotEncoder,"{""encode_components"": [""base"", ""sugar"", ""phosphate""]}","{""max_depth"": 30, ""n_estimators"": 1000}",cytotox_lna,768,nucleobase,1,4.9378028569999515,1.7418589620001512,2.1403200079998896,0.1026837979998163,0.011807953000243288,1014.575104,,,cpu,"[480, 128]",480.0,288.0,ok,0.0022399999,33.156,S,RandomForestModel,cpu,c6id
batch_cpu,c6id.24xlarge,RandomForestModel,OneHotEncoder,"{""encode_components"": [""base"", ""sugar"", ""phosphate""]}","{""max_depth"": 30, ""n_estimators"": 1000}",cytotox_lna,768,nucleobase,2,5.834281449000173,1.9824913060001563,2.766012802000205,0.11615242200014109,0.011807953000243288,1014.890496,,,cpu,"[704, 128]",704.0,64.0,ok,0.0022399999,33.156,S,RandomForestModel,cpu,c6id
batch_cpu,c6id.24xlarge,RandomForestModel,OneHotEncoder,"{""encode_components"": [""base"", ""sugar"", ""phosphate""]}","{""max_depth"": 30, ""n_estimators"": 1000}",cytotox_lna,768,nucleobase,3,4.687615198999993,1.8164589130001332,1.7920008410001174,0.0944635969999581,0.011807953000243288,1015.083008,,,cpu,"[448, 128]",448.0,320.0,ok,0.0022399999,33.156,S,RandomForestModel,cpu,c6id
batch_cpu,c6id.24xlarge,RandomForestModel,OneHotEncoder,"{""encode_components"": [""base"", ""sugar"", ""phosphate""]}","{""max_depth"": 30, ""n_estimators"": 1000}",cytotox_lna,768,nucleobase,4,5.034126810000089,1.7673115640000105,2.2030494279997583,0.10538572099994781,0.011807953000243288,1015.083008,,,cpu,"[480, 128]",480.0,288.0,ok,0.0022399999,33.156,S,RandomForestModel,cpu,c6id
batch_cpu,r6id.32xlarge,XGBoostModel,OneHotEncoder,"{""encode_components"": [""base""]}","{""max_depth"": 30, ""n_estimators"": 100}",cytotox_lna,768,random,0,2.4227032150010928,2.3930123160007497,0.02678392899906612,0.0024158550004358403,0.01717984100105241,951.300096,,,cpu,"[615, 64]",615.0,153.0,ok,0.00126,22.302,S,XGBoostModel,cpu,r6id
batch_cpu,r6id.32xlarge,XGBoostModel,OneHotEncoder,"{""encode_components"": [""base""]}","{""max_depth"": 30, ""n_estimators"": 100}",cytotox_lna,768,random,1,2.6433752399989316,2.6169183990004967,0.023852504000387853,0.002116301000569365,0.01717984100105241,953.475072,,,cpu,"[615, 64]",615.0,153.0,ok,0.00126,22.302,S,XGBoostModel,cpu,r6id
batch_cpu,r6id.32xlarge,XGBoostModel,OneHotEncoder,"{""encode_components"": [""base""]}","{""max_depth"": 30, ""n_estimators"": 100}",cytotox_lna,768,random,2,2.0273456020004232,2.0105555549998826,0.01490040199860232,0.0014425950012082467,0.01717984100105241,953.991168,,,cpu,"[615, 64]",615.0,153.0,ok,0.00126,22.302,S,XGBoostModel,cpu,r6id
batch_cpu,r6id.32xlarge,XGBoostModel,OneHotEncoder,"{""encode_components"": [""base""]}","{""max_depth"": 30, ""n_estimators"": 100}",cytotox_lna,768,random,3,1.9105221740010165,1.8786144490004517,0.029309196001122473,0.002239800998722785,0.01717984100105241,954.0608,,,cpu,"[615, 64]",615.0,153.0,ok,0.00126,22.302,S,XGBoostModel,cpu,r6id
batch_cpu,r6id.32xlarge,XGBoostModel,OneHotEncoder,"{""encode_components"": [""base""]}","{""max_depth"": 30, ""n_estimators"": 100}",cytotox_lna,768,random,4,2.560628621999058,2.529123456999514,0.028700646000288543,0.002248672000860097,0.01717984100105241,954.216448,,,cpu,"[615, 64]",615.0,153.0,ok,0.00126,22.302,S,XGBoostModel,cpu,r6id
batch_cpu,r6id.32xlarge,XGBoostModel,OneHotEncoder,"{""encode_components"": [""base""]}","{""max_depth"": 30, ""n_estimators"": 100}",cytotox_lna,768,random,0,2.4227032150010928,2.3930123160007497,0.02678392899906612,0.0024158550004358403,0.01717984100105241,951.300096,,,cpu,"[615, 64]",615.0,153.0,ok,0.00126,22.302,S,XGBoostModel,cpu,r6id
batch_cpu,r6id.32xlarge,XGBoostModel,OneHotEncoder,"{""encode_components"": [""base""]}","{""max_depth"": 30, ""n_estimators"": 100}",cytotox_lna,768,random,1,2.6433752399989316,2.6169183990004967,0.023852504000387853,0.002116301000569365,0.01717984100105241,953.475072,,,cpu,"[615, 64]",615.0,153.0,ok,0.00126,22.302,S,XGBoostModel,cpu,r6id
batch_cpu,r6id.32xlarge,XGBoostModel,OneHotEncoder,"{""encode_components"": [""base""]}","{""max_depth"": 30, ""n_estimators"": 100}",cytotox_lna,768,random,2,2.0273456020004232,2.0105555549998826,0.01490040199860232,0.0014425950012082467,0.01717984100105241,953.991168,,,cpu,"[615, 64]",615.0,153.0,ok,0.00126,22.302,S,XGBoostModel,cpu,r6id
batch_cpu,r6id.32xlarge,XGBoostModel,OneHotEncoder,"{""encode_components"": [""base""]}","{""max_depth"": 30, ""n_estimators"": 100}",cytotox_lna,768,random,3,1.9105221740010165,1.8786144490004517,0.029309196001122473,0.002239800998722785,0.01717984100105241,954.0608,,,cpu,"[615, 64]",615.0,153.0,ok,0.00126,22.302,S,XGBoostModel,cpu,r6id
batch_cpu,r6id.32xlarge,XGBoostModel,OneHotEncoder,"{""encode_components"": [""base""]}","{""max_depth"": 30, ""n_estimators"": 100}",cytotox_lna,768,random,4,2.560628621999058,2.529123456999514,0.028700646000288543,0.002248672000860097,0.01717984100105241,954.216448,,,cpu,"[615, 64]",615.0,153.0,ok,0.00126,22.302,S,XGBoostModel,cpu,r6id
batch_cpu,m6id.24xlarge,XGBoostModel,OneHotEncoder,"{""encode_components"": [""base""]}","{""max_depth"": 30, ""n_estimators"": 500}",cytotox_lna,768,nucleobase,0,3.790619692000007,2.6545856699999604,0.0768500670000094,0.002143558000000212,0.013708468999993784,952.369152,,,cpu,"[704, 64]",704.0,64.0,ok,0.0012194583,23.516,S,XGBoostModel,cpu,m6id
batch_cpu,m6id.24xlarge,XGBoostModel,OneHotEncoder,"{""encode_components"": [""base""]}","{""max_depth"": 30, ""n_estimators"": 500}",cytotox_lna,768,nucleobase,1,2.960352415999978,1.6536067719999892,0.04848718199997393,0.0020429270000477118,0.013708468999993784,958.930944,,,cpu,"[480, 64]",480.0,288.0,ok,0.0012194583,23.516,S,XGBoostModel,cpu,m6id
batch_cpu,m6id.24xlarge,XGBoostModel,OneHotEncoder,"{""encode_components"": [""base""]}","{""max_depth"": 30, ""n_estimators"": 500}",cytotox_lna,768,nucleobase,2,3.074828986,1.9727141189999884,0.050108141999999134,0.0020838860000367276,0.013708468999993784,959.025152,,,cpu,"[704, 64]",704.0,64.0,ok,0.0012194583,23.516,S,XGBoostModel,cpu,m6id
batch_cpu,m6id.24xlarge,XGBoostModel,OneHotEncoder,"{""encode_components"": [""base""]}","{""max_depth"": 30, ""n_estimators"": 500}",cytotox_lna,768,nucleobase,3,2.8052183959999866,1.6573216150000007,0.050790642999970714,0.00205885500002978,0.013708468999993784,959.107072,,,cpu,"[448, 64]",448.0,320.0,ok,0.0012194583,23.516,S,XGBoostModel,cpu,m6id
batch_cpu,m6id.24xlarge,XGBoostModel,OneHotEncoder,"{""encode_components"": [""base""]}","{""max_depth"": 30, ""n_estimators"": 500}",cytotox_lna,768,nucleobase,4,2.8914521100000456,1.6989383719999864,0.05290481600002295,0.0020130049999806943,0.013708468999993784,959.11936,,,cpu,"[480, 64]",480.0,288.0,ok,0.0012194583,23.516,S,XGBoostModel,cpu,m6id
batch_cpu,m6id.24xlarge,XGBoostModel,OneHotEncoder,"{""encode_components"": [""base""]}","{""max_depth"": 30, ""n_estimators"": 500}",cytotox_lna,768,nucleobase,0,3.790619692000007,2.6545856699999604,0.0768500670000094,0.002143558000000212,0.013708468999993784,952.369152,,,cpu,"[704, 64]",704.0,64.0,ok,0.0012194583,23.516,S,XGBoostModel,cpu,m6id
batch_cpu,m6id.24xlarge,XGBoostModel,OneHotEncoder,"{""encode_components"": [""base""]}","{""max_depth"": 30, ""n_estimators"": 500}",cytotox_lna,768,nucleobase,1,2.960352415999978,1.6536067719999892,0.04848718199997393,0.0020429270000477118,0.013708468999993784,958.930944,,,cpu,"[480, 64]",480.0,288.0,ok,0.0012194583,23.516,S,XGBoostModel,cpu,m6id
batch_cpu,m6id.24xlarge,XGBoostModel,OneHotEncoder,"{""encode_components"": [""base""]}","{""max_depth"": 30, ""n_estimators"": 500}",cytotox_lna,768,nucleobase,2,3.074828986,1.9727141189999884,0.050108141999999134,0.0020838860000367276,0.013708468999993784,959.025152,,,cpu,"[704, 64]",704.0,64.0,ok,0.0012194583,23.516,S,XGBoostModel,cpu,m6id
batch_cpu,m6id.24xlarge,XGBoostModel,OneHotEncoder,"{""encode_components"": [""base""]}","{""max_depth"": 30, ""n_estimators"": 500}",cytotox_lna,768,nucleobase,3,2.8052183959999866,1.6573216150000007,0.050790642999970714,0.00205885500002978,0.013708468999993784,959.107072,,,cpu,"[448, 64]",448.0,320.0,ok,0.0012194583,23.516,S,XGBoostModel,cpu,m6id
batch_cpu,m6id.24xlarge,XGBoostModel,OneHotEncoder,"{""encode_components"": [""base""]}","{""max_depth"": 30, ""n_estimators"": 500}",cytotox_lna,768,nucleobase,4,2.8914521100000456,1.6989383719999864,0.05290481600002295,0.0020130049999806943,0.013708468999993784,959.11936,,,cpu,"[480, 64]",480.0,288.0,ok,0.0012194583,23.516,S,XGBoostModel,cpu,m6id
batch_cpu,m6id.24xlarge,LinearModel,KMersCounts,"{""k"": [1, 2, 3], ""modification_abundance"": false}","{""type"": ""ridge""}",siRNA1,2431,nucleobase,0,11.295505300000002,5.486055273999966,0.005856230000006235,0.003030350000017279,0.07947060599997258,975.130624,,,cpu,"[1777, 146]",1777.0,654.0,ok,0.00217525,53.651,M,LinearModel,cpu,m6id
batch_cpu,m6id.24xlarge,LinearModel,KMersCounts,"{""k"": [1, 2, 3], ""modification_abundance"": false}","{""type"": ""ridge""}",siRNA1,2431,nucleobase,1,9.422765587999947,4.341994031000013,0.0034897249999517044,0.001098194999997304,0.07947060599997258,979.001344,,,cpu,"[1923, 146]",1923.0,508.0,ok,0.00217525,53.651,M,LinearModel,cpu,m6id
batch_cpu,m6id.24xlarge,LinearModel,KMersCounts,"{""k"": [1, 2, 3], ""modification_abundance"": false}","{""type"": ""ridge""}",siRNA1,2431,nucleobase,2,8.617481538999982,4.329731614000025,0.003989239000020461,0.000957252000034714,0.07947060599997258,979.238912,,,cpu,"[2011, 146]",2011.0,420.0,ok,0.00217525,53.651,M,LinearModel,cpu,m6id
batch_cpu,m6id.24xlarge,LinearModel,KMersCounts,"{""k"": [1, 2, 3], ""modification_abundance"": false}","{""type"": ""ridge""}",siRNA1,2431,nucleobase,3,8.56702386400002,4.397653434000006,0.0036212219999924855,0.0010909879999871919,0.07947060599997258,979.304448,,,cpu,"[1914, 146]",1914.0,517.0,ok,0.00217525,53.651,M,LinearModel,cpu,m6id
batch_cpu,m6id.24xlarge,LinearModel,KMersCounts,"{""k"": [1, 2, 3], ""modification_abundance"": false}","{""type"": ""ridge""}",siRNA1,2431,nucleobase,4,8.651168331999997,4.335436648999973,0.003391718999978366,0.0010100839999722666,0.07947060599997258,979.304448,,,cpu,"[1902, 146]",1902.0,529.0,ok,0.00217525,53.651,M,LinearModel,cpu,m6id
batch_cpu,m6id.24xlarge,LinearModel,KMersCounts,"{""k"": [1, 2, 3], ""modification_abundance"": false}","{""type"": ""ridge""}",siRNA1,2431,nucleobase,0,11.295505300000002,5.486055273999966,0.005856230000006235,0.003030350000017279,0.07947060599997258,975.130624,,,cpu,"[1777, 146]",1777.0,654.0,ok,0.00217525,53.651,M,LinearModel,cpu,m6id
batch_cpu,m6id.24xlarge,LinearModel,KMersCounts,"{""k"": [1, 2, 3], ""modification_abundance"": false}","{""type"": ""ridge""}",siRNA1,2431,nucleobase,1,9.422765587999947,4.341994031000013,0.0034897249999517044,0.001098194999997304,0.07947060599997258,979.001344,,,cpu,"[1923, 146]",1923.0,508.0,ok,0.00217525,53.651,M,LinearModel,cpu,m6id
batch_cpu,m6id.24xlarge,LinearModel,KMersCounts,"{""k"": [1, 2, 3], ""modification_abundance"": false}","{""type"": ""ridge""}",siRNA1,2431,nucleobase,2,8.617481538999982,4.329731614000025,0.003989239000020461,0.000957252000034714,0.07947060599997258,979.238912,,,cpu,"[2011, 146]",2011.0,420.0,ok,0.00217525,53.651,M,LinearModel,cpu,m6id
batch_cpu,m6id.24xlarge,LinearModel,KMersCounts,"{""k"": [1, 2, 3], ""modification_abundance"": false}","{""type"": ""ridge""}",siRNA1,2431,nucleobase,3,8.56702386400002,4.397653434000006,0.0036212219999924855,0.0010909879999871919,0.07947060599997258,979.304448,,,cpu,"[1914, 146]",1914.0,517.0,ok,0.00217525,53.651,M,LinearModel,cpu,m6id
batch_cpu,m6id.24xlarge,LinearModel,KMersCounts,"{""k"": [1, 2, 3], ""modification_abundance"": false}","{""type"": ""ridge""}",siRNA1,2431,nucleobase,4,8.651168331999997,4.335436648999973,0.003391718999978366,0.0010100839999722666,0.07947060599997258,979.304448,,,cpu,"[1902, 146]",1902.0,529.0,ok,0.00217525,53.651,M,LinearModel,cpu,m6id
batch_cpu,c6id.24xlarge,XGBoostModel,OneHotEncoder,"{""encode_components"": [""base"", ""sugar"", ""phosphate""]}","{""max_depth"": 20, ""n_estimators"": 1000}",cytotox_lna,768,random,0,2.1617749980000553,1.9561762660000568,0.20001039399994625,0.005209512999954313,0.01176917999964644,966.156288,,,cpu,"[615, 128]",615.0,153.0,ok,0.000952,17.139,S,XGBoostModel,cpu,c6id
batch_cpu,c6id.24xlarge,XGBoostModel,OneHotEncoder,"{""encode_components"": [""base"", ""sugar"", ""phosphate""]}","{""max_depth"": 20, ""n_estimators"": 1000}",cytotox_lna,768,random,1,2.139348754999901,1.9584987990001537,0.17629364200001874,0.004187332000128663,0.01176917999964644,967.573504,,,cpu,"[615, 128]",615.0,153.0,ok,0.000952,17.139,S,XGBoostModel,cpu,c6id
batch_cpu,c6id.24xlarge,XGBoostModel,OneHotEncoder,"{""encode_components"": [""base"", ""sugar"", ""phosphate""]}","{""max_depth"": 20, ""n_estimators"": 1000}",cytotox_lna,768,random,2,2.105584003000331,1.9288772669997343,0.17232142200009548,0.004060993000166491,0.01176917999964644,967.80288,,,cpu,"[615, 128]",615.0,153.0,ok,0.000952,17.139,S,XGBoostModel,cpu,c6id
batch_cpu,c6id.24xlarge,XGBoostModel,OneHotEncoder,"{""encode_components"": [""base"", ""sugar"", ""phosphate""]}","{""max_depth"": 20, ""n_estimators"": 1000}",cytotox_lna,768,random,3,2.0747410480003055,1.897302191000108,0.17293546599967158,0.004153995000251598,0.01176917999964644,968.077312,,,cpu,"[615, 128]",615.0,153.0,ok,0.000952,17.139,S,XGBoostModel,cpu,c6id
batch_cpu,c6id.24xlarge,XGBoostModel,OneHotEncoder,"{""encode_components"": [""base"", ""sugar"", ""phosphate""]}","{""max_depth"": 20, ""n_estimators"": 1000}",cytotox_lna,768,random,4,2.0829275230003077,1.899246537000181,0.1794978739999351,0.00387261000014405,0.01176917999964644,968.077312,,,cpu,"[615, 128]",615.0,153.0,ok,0.000952,17.139,S,XGBoostModel,cpu,c6id
batch_cpu,c6id.24xlarge,XGBoostModel,OneHotEncoder,"{""encode_components"": [""base"", ""sugar"", ""phosphate""]}","{""max_depth"": 20, ""n_estimators"": 1000}",cytotox_lna,768,random,0,2.1617749980000553,1.9561762660000568,0.20001039399994625,0.005209512999954313,0.01176917999964644,966.156288,,,cpu,"[615, 128]",615.0,153.0,ok,0.000952,17.139,S,XGBoostModel,cpu,c6id
batch_cpu,c6id.24xlarge,XGBoostModel,OneHotEncoder,"{""encode_components"": [""base"", ""sugar"", ""phosphate""]}","{""max_depth"": 20, ""n_estimators"": 1000}",cytotox_lna,768,random,1,2.139348754999901,1.9584987990001537,0.17629364200001874,0.004187332000128663,0.01176917999964644,967.573504,,,cpu,"[615, 128]",615.0,153.0,ok,0.000952,17.139,S,XGBoostModel,cpu,c6id
batch_cpu,c6id.24xlarge,XGBoostModel,OneHotEncoder,"{""encode_components"": [""base"", ""sugar"", ""phosphate""]}","{""max_depth"": 20, ""n_estimators"": 1000}",cytotox_lna,768,random,2,2.105584003000331,1.9288772669997343,0.17232142200009548,0.004060993000166491,0.01176917999964644,967.80288,,,cpu,"[615, 128]",615.0,153.0,ok,0.000952,17.139,S,XGBoostModel,cpu,c6id
batch_cpu,c6id.24xlarge,XGBoostModel,OneHotEncoder,"{""encode_components"": [""base"", ""sugar"", ""phosphate""]}","{""max_depth"": 20, ""n_estimators"": 1000}",cytotox_lna,768,random,3,2.0747410480003055,1.897302191000108,0.17293546599967158,0.004153995000251598,0.01176917999964644,968.077312,,,cpu,"[615, 128]",615.0,153.0,ok,0.000952,17.139,S,XGBoostModel,cpu,c6id
batch_cpu,c6id.24xlarge,XGBoostModel,OneHotEncoder,"{""encode_components"": [""base"", ""sugar"", ""phosphate""]}","{""max_depth"": 20, ""n_estimators"": 1000}",cytotox_lna,768,random,4,2.0829275230003077,1.899246537000181,0.1794978739999351,0.00387261000014405,0.01176917999964644,968.077312,,,cpu,"[615, 128]",615.0,153.0,ok,0.000952,17.139,S,XGBoostModel,cpu,c6id
batch_cpu,c6id.24xlarge,LinearModel,KMersCounts,"{""k"": [1, 2, 3], ""modification_abundance"": true}","{""type"": ""standard""}",siRNA1,2431,random,0,5.214375681000092,5.198474188000091,0.014325116999771126,0.0012282099996809848,0.056787482000345335,967.856128,,,cpu,"[1945, 150]",1945.0,486.0,ok,0.002128,32.79,M,LinearModel,cpu,c6id
batch_cpu,c6id.24xlarge,LinearModel,KMersCounts,"{""k"": [1, 2, 3], ""modification_abundance"": true}","{""type"": ""standard""}",siRNA1,2431,random,1,5.18571681200001,5.169518002999666,0.014585161000013613,0.001279209999665909,0.056787482000345335,971.063296,,,cpu,"[1945, 150]",1945.0,486.0,ok,0.002128,32.79,M,LinearModel,cpu,c6id
batch_cpu,c6id.24xlarge,LinearModel,KMersCounts,"{""k"": [1, 2, 3], ""modification_abundance"": true}","{""type"": ""standard""}",siRNA1,2431,random,2,5.191842523000105,5.175732684000195,0.01444541199998639,0.0013213869997343863,0.056787482000345335,971.194368,,,cpu,"[1945, 150]",1945.0,486.0,ok,0.002128,32.79,M,LinearModel,cpu,c6id
batch_cpu,c6id.24xlarge,LinearModel,KMersCounts,"{""k"": [1, 2, 3], ""modification_abundance"": true}","{""type"": ""standard""}",siRNA1,2431,random,3,5.154349075000027,5.138515859000108,0.014194760999998834,0.001267961999928957,0.056787482000345335,971.194368,,,cpu,"[1945, 150]",1945.0,486.0,ok,0.002128,32.79,M,LinearModel,cpu,c6id
batch_cpu,c6id.24xlarge,LinearModel,KMersCounts,"{""k"": [1, 2, 3], ""modification_abundance"": true}","{""type"": ""standard""}",siRNA1,2431,random,4,5.166415163999773,5.150466766999671,0.014490025000213791,0.001061864000348578,0.056787482000345335,971.194368,,,cpu,"[1945, 150]",1945.0,486.0,ok,0.002128,32.79,M,LinearModel,cpu,c6id
batch_cpu,c6id.24xlarge,LinearModel,KMersCounts,"{""k"": [1, 2, 3], ""modification_abundance"": true}","{""type"": ""standard""}",siRNA1,2431,random,0,5.214375681000092,5.198474188000091,0.014325116999771126,0.0012282099996809848,0.056787482000345335,967.856128,,,cpu,"[1945, 150]",1945.0,486.0,ok,0.002128,32.79,M,LinearModel,cpu,c6id
batch_cpu,c6id.24xlarge,LinearModel,KMersCounts,"{""k"": [1, 2, 3], ""modification_abundance"": true}","{""type"": ""standard""}",siRNA1,2431,random,1,5.18571681200001,5.169518002999666,0.014585161000013613,0.001279209999665909,0.056787482000345335,971.063296,,,cpu,"[1945, 150]",1945.0,486.0,ok,0.002128,32.79,M,LinearModel,cpu,c6id
batch_cpu,c6id.24xlarge,LinearModel,KMersCounts,"{""k"": [1, 2, 3], ""modification_abundance"": true}","{""type"": ""standard""}",siRNA1,2431,random,2,5.191842523000105,5.175732684000195,0.01444541199998639,0.0013213869997343863,0.056787482000345335,971.194368,,,cpu,"[1945, 150]",1945.0,486.0,ok,0.002128,32.79,M,LinearModel,cpu,c6id
batch_cpu,c6id.24xlarge,LinearModel,KMersCounts,"{""k"": [1, 2, 3], ""modification_abundance"": true}","{""type"": ""standard""}",siRNA1,2431,random,3,5.154349075000027,5.138515859000108,0.014194760999998834,0.001267961999928957,0.056787482000345335,971.194368,,,cpu,"[1945, 150]",1945.0,486.0,ok,0.002128,32.79,M,LinearModel,cpu,c6id
batch_cpu,c6id.24xlarge,LinearModel,KMersCounts,"{""k"": [1, 2, 3], ""modification_abundance"": true}","{""type"": ""standard""}",siRNA1,2431,random,4,5.166415163999773,5.150466766999671,0.014490025000213791,0.001061864000348578,0.056787482000345335,971.194368,,,cpu,"[1945, 150]",1945.0,486.0,ok,0.002128,32.79,M,LinearModel,cpu,c6id
batch_cpu,m6id.24xlarge,LinearModel,RNAFMEmbeddings,{},"{""type"": ""ridge""}",cytotox_lna,768,random,0,18.557429127999967,18.510394583999982,0.041886836000003314,0.004718303000004198,0.012013796000019283,2753.82272,,,cpu,"[615, 10240]",615.0,153.0,ok,0.0032958333,98.639,S,RNA-FM + LinearModel,cpu,m6id
batch_cpu,m6id.24xlarge,LinearModel,RNAFMEmbeddings,{},"{""type"": ""ridge""}",cytotox_lna,768,random,1,18.013450852999995,17.968696545,0.04001968400001488,0.004412224000020615,0.012013796000019283,2720.935936,,,cpu,"[615, 10240]",615.0,153.0,ok,0.0032958333,98.639,S,RNA-FM + LinearModel,cpu,m6id
batch_cpu,m6id.24xlarge,LinearModel,RNAFMEmbeddings,{},"{""type"": ""ridge""}",cytotox_lna,768,random,2,18.37962948300003,18.332873016000008,0.0413909239999839,0.005035367000004953,0.012013796000019283,2751.67232,,,cpu,"[615, 10240]",615.0,153.0,ok,0.0032958333,98.639,S,RNA-FM + LinearModel,cpu,m6id
batch_cpu,m6id.24xlarge,LinearModel,RNAFMEmbeddings,{},"{""type"": ""ridge""}",cytotox_lna,768,random,3,18.057254117999946,18.012911857999995,0.0392923850000102,0.0046279929999855085,0.012013796000019283,2800.439296,,,cpu,"[615, 10240]",615.0,153.0,ok,0.0032958333,98.639,S,RNA-FM + LinearModel,cpu,m6id
batch_cpu,m6id.24xlarge,LinearModel,RNAFMEmbeddings,{},"{""type"": ""ridge""}",cytotox_lna,768,random,4,18.381431639000027,18.33422275700002,0.04185710100000506,0.004999963999978263,0.012013796000019283,2761.736192,,,cpu,"[615, 10240]",615.0,153.0,ok,0.0032958333,98.639,S,RNA-FM + LinearModel,cpu,m6id
batch_cpu,m6id.24xlarge,LinearModel,RNAFMEmbeddings,{},"{""type"": ""ridge""}",cytotox_lna,768,random,0,18.557429127999967,18.510394583999982,0.041886836000003314,0.004718303000004198,0.012013796000019283,2753.82272,,,cpu,"[615, 10240]",615.0,153.0,ok,0.0032958333,98.639,S,RNA-FM + LinearModel,cpu,m6id
batch_cpu,m6id.24xlarge,LinearModel,RNAFMEmbeddings,{},"{""type"": ""ridge""}",cytotox_lna,768,random,1,18.013450852999995,17.968696545,0.04001968400001488,0.004412224000020615,0.012013796000019283,2720.935936,,,cpu,"[615, 10240]",615.0,153.0,ok,0.0032958333,98.639,S,RNA-FM + LinearModel,cpu,m6id
batch_cpu,m6id.24xlarge,LinearModel,RNAFMEmbeddings,{},"{""type"": ""ridge""}",cytotox_lna,768,random,2,18.37962948300003,18.332873016000008,0.0413909239999839,0.005035367000004953,0.012013796000019283,2751.67232,,,cpu,"[615, 10240]",615.0,153.0,ok,0.0032958333,98.639,S,RNA-FM + LinearModel,cpu,m6id
batch_cpu,m6id.24xlarge,LinearModel,RNAFMEmbeddings,{},"{""type"": ""ridge""}",cytotox_lna,768,random,3,18.057254117999946,18.012911857999995,0.0392923850000102,0.0046279929999855085,0.012013796000019283,2800.439296,,,cpu,"[615, 10240]",615.0,153.0,ok,0.0032958333,98.639,S,RNA-FM + LinearModel,cpu,m6id
batch_cpu,m6id.24xlarge,LinearModel,RNAFMEmbeddings,{},"{""type"": ""ridge""}",cytotox_lna,768,random,4,18.381431639000027,18.33422275700002,0.04185710100000506,0.004999963999978263,0.012013796000019283,2761.736192,,,cpu,"[615, 10240]",615.0,153.0,ok,0.0032958333,98.639,S,RNA-FM + LinearModel,cpu,m6id
batch_cpu,c6id.24xlarge,NearestNeighborsModel,KMersCounts,"{""k"": [1, 2, 3], ""modification_abundance"": true}","{""n_neighbors"": 5}",siRNA1,2431,nucleobase,0,9.519759444000101,5.206241758000033,0.0010215310003331979,0.07895959500001482,0.05845226700012063,1003.876352,,,cpu,"[1777, 150]",1777.0,654.0,ok,0.0032479999,54.065,M,NearestNeighborsModel,cpu,c6id
batch_cpu,c6id.24xlarge,NearestNeighborsModel,KMersCounts,"{""k"": [1, 2, 3], ""modification_abundance"": true}","{""n_neighbors"": 5}",siRNA1,2431,nucleobase,1,9.37941710799987,5.120615979999911,0.0009551570001349319,0.08196424800007662,0.05845226700012063,1023.95904,,,cpu,"[1923, 150]",1923.0,508.0,ok,0.0032479999,54.065,M,NearestNeighborsModel,cpu,c6id
batch_cpu,c6id.24xlarge,NearestNeighborsModel,KMersCounts,"{""k"": [1, 2, 3], ""modification_abundance"": true}","{""n_neighbors"": 5}",siRNA1,2431,nucleobase,2,9.33464863900008,5.121263391999946,0.0010069619997921109,0.08620679499972539,0.05845226700012063,1041.362944,,,cpu,"[2011, 150]",2011.0,420.0,ok,0.0032479999,54.065,M,NearestNeighborsModel,cpu,c6id
batch_cpu,c6id.24xlarge,NearestNeighborsModel,KMersCounts,"{""k"": [1, 2, 3], ""modification_abundance"": true}","{""n_neighbors"": 5}",siRNA1,2431,nucleobase,3,9.478551918999983,5.26276158499968,0.0008823170001051039,0.0802894590001415,0.05845226700012063,1029.382144,,,cpu,"[1914, 150]",1914.0,517.0,ok,0.0032479999,54.065,M,NearestNeighborsModel,cpu,c6id
batch_cpu,c6id.24xlarge,NearestNeighborsModel,KMersCounts,"{""k"": [1, 2, 3], ""modification_abundance"": true}","{""n_neighbors"": 5}",siRNA1,2431,nucleobase,4,9.435911234999821,5.174177946000327,0.0008876339998096228,0.079742559999886,0.05845226700012063,1029.545984,,,cpu,"[1902, 150]",1902.0,529.0,ok,0.0032479999,54.065,M,NearestNeighborsModel,cpu,c6id
batch_cpu,c6id.24xlarge,NearestNeighborsModel,KMersCounts,"{""k"": [1, 2, 3], ""modification_abundance"": true}","{""n_neighbors"": 5}",siRNA1,2431,nucleobase,0,9.519759444000101,5.206241758000033,0.0010215310003331979,0.07895959500001482,0.05845226700012063,1003.876352,,,cpu,"[1777, 150]",1777.0,654.0,ok,0.0032479999,54.065,M,NearestNeighborsModel,cpu,c6id
batch_cpu,c6id.24xlarge,NearestNeighborsModel,KMersCounts,"{""k"": [1, 2, 3], ""modification_abundance"": true}","{""n_neighbors"": 5}",siRNA1,2431,nucleobase,1,9.37941710799987,5.120615979999911,0.0009551570001349319,0.08196424800007662,0.05845226700012063,1023.95904,,,cpu,"[1923, 150]",1923.0,508.0,ok,0.0032479999,54.065,M,NearestNeighborsModel,cpu,c6id
batch_cpu,c6id.24xlarge,NearestNeighborsModel,KMersCounts,"{""k"": [1, 2, 3], ""modification_abundance"": true}","{""n_neighbors"": 5}",siRNA1,2431,nucleobase,2,9.33464863900008,5.121263391999946,0.0010069619997921109,0.08620679499972539,0.05845226700012063,1041.362944,,,cpu,"[2011, 150]",2011.0,420.0,ok,0.0032479999,54.065,M,NearestNeighborsModel,cpu,c6id
batch_cpu,c6id.24xlarge,NearestNeighborsModel,KMersCounts,"{""k"": [1, 2, 3], ""modification_abundance"": true}","{""n_neighbors"": 5}",siRNA1,2431,nucleobase,3,9.478551918999983,5.26276158499968,0.0008823170001051039,0.0802894590001415,0.05845226700012063,1029.382144,,,cpu,"[1914, 150]",1914.0,517.0,ok,0.0032479999,54.065,M,NearestNeighborsModel,cpu,c6id
batch_cpu,c6id.24xlarge,NearestNeighborsModel,KMersCounts,"{""k"": [1, 2, 3], ""modification_abundance"": true}","{""n_neighbors"": 5}",siRNA1,2431,nucleobase,4,9.435911234999821,5.174177946000327,0.0008876339998096228,0.079742559999886,0.05845226700012063,1029.545984,,,cpu,"[1902, 150]",1902.0,529.0,ok,0.0032479999,54.065,M,NearestNeighborsModel,cpu,c6id
batch_cpu,m6id.24xlarge,NearestNeighborsModel,KMersCounts,"{""k"": [1], ""modification_abundance"": false}","{""n_neighbors"": 10}",siRNA1,2431,nucleobase,0,10.193342012000016,4.735377304999986,0.0015163560000246434,0.0096808400000441,0.0941833399999723,974.123008,,,cpu,"[1777, 5]",1777.0,654.0,ok,0.0022082083,54.563,M,NearestNeighborsModel,cpu,m6id
batch_cpu,m6id.24xlarge,NearestNeighborsModel,KMersCounts,"{""k"": [1], ""modification_abundance"": false}","{""n_neighbors"": 10}",siRNA1,2431,nucleobase,1,9.13180605499997,4.255299681999986,0.0015233819999593834,0.00848863999999594,0.0941833399999723,975.908864,,,cpu,"[1923, 5]",1923.0,508.0,ok,0.0022082083,54.563,M,NearestNeighborsModel,cpu,m6id
batch_cpu,m6id.24xlarge,NearestNeighborsModel,KMersCounts,"{""k"": [1], ""modification_abundance"": false}","{""n_neighbors"": 10}",siRNA1,2431,nucleobase,2,8.910590940999953,4.382781896999973,0.0015330339999763964,0.008911050999984127,0.0941833399999723,975.91296,,,cpu,"[2011, 5]",2011.0,420.0,ok,0.0022082083,54.563,M,NearestNeighborsModel,cpu,m6id
batch_cpu,m6id.24xlarge,NearestNeighborsModel,KMersCounts,"{""k"": [1], ""modification_abundance"": false}","{""n_neighbors"": 10}",siRNA1,2431,nucleobase,3,8.833737956999983,4.2927803900000185,0.001502864999963549,0.009334789999968507,0.0941833399999723,976.826368,,,cpu,"[1914, 5]",1914.0,517.0,ok,0.0022082083,54.563,M,NearestNeighborsModel,cpu,m6id
batch_cpu,m6id.24xlarge,NearestNeighborsModel,KMersCounts,"{""k"": [1], ""modification_abundance"": false}","{""n_neighbors"": 10}",siRNA1,2431,nucleobase,4,8.935325859000045,4.337362979999966,0.001518540999995821,0.009379764000016166,0.0941833399999723,975.921152,,,cpu,"[1902, 5]",1902.0,529.0,ok,0.0022082083,54.563,M,NearestNeighborsModel,cpu,m6id
batch_cpu,m6id.24xlarge,NearestNeighborsModel,KMersCounts,"{""k"": [1], ""modification_abundance"": false}","{""n_neighbors"": 10}",siRNA1,2431,nucleobase,0,10.193342012000016,4.735377304999986,0.0015163560000246434,0.0096808400000441,0.0941833399999723,974.123008,,,cpu,"[1777, 5]",1777.0,654.0,ok,0.0022082083,54.563,M,NearestNeighborsModel,cpu,m6id
batch_cpu,m6id.24xlarge,NearestNeighborsModel,KMersCounts,"{""k"": [1], ""modification_abundance"": false}","{""n_neighbors"": 10}",siRNA1,2431,nucleobase,1,9.13180605499997,4.255299681999986,0.0015233819999593834,0.00848863999999594,0.0941833399999723,975.908864,,,cpu,"[1923, 5]",1923.0,508.0,ok,0.0022082083,54.563,M,NearestNeighborsModel,cpu,m6id
batch_cpu,m6id.24xlarge,NearestNeighborsModel,KMersCounts,"{""k"": [1], ""modification_abundance"": false}","{""n_neighbors"": 10}",siRNA1,2431,nucleobase,2,8.910590940999953,4.382781896999973,0.0015330339999763964,0.008911050999984127,0.0941833399999723,975.91296,,,cpu,"[2011, 5]",2011.0,420.0,ok,0.0022082083,54.563,M,NearestNeighborsModel,cpu,m6id
batch_cpu,m6id.24xlarge,NearestNeighborsModel,KMersCounts,"{""k"": [1], ""modification_abundance"": false}","{""n_neighbors"": 10}",siRNA1,2431,nucleobase,3,8.833737956999983,4.2927803900000185,0.001502864999963549,0.009334789999968507,0.0941833399999723,976.826368,,,cpu,"[1914, 5]",1914.0,517.0,ok,0.0022082083,54.563,M,NearestNeighborsModel,cpu,m6id
batch_cpu,m6id.24xlarge,NearestNeighborsModel,KMersCounts,"{""k"": [1], ""modification_abundance"": false}","{""n_neighbors"": 10}",siRNA1,2431,nucleobase,4,8.935325859000045,4.337362979999966,0.001518540999995821,0.009379764000016166,0.0941833399999723,975.921152,,,cpu,"[1902, 5]",1902.0,529.0,ok,0.0022082083,54.563,M,NearestNeighborsModel,cpu,m6id
batch_cpu,c6id.24xlarge,NearestNeighborsModel,KMersCounts,"{""k"": [1, 2], ""modification_abundance"": true}","{""n_neighbors"": 15}",siRNA1,2431,random,0,5.064112058999854,4.9845752860001085,0.000690067000050476,0.0784151840002778,0.05818574900013118,1011.15904,,,cpu,"[1945, 34]",1945.0,486.0,ok,0.0022399999,31.925,M,NearestNeighborsModel,cpu,c6id
batch_cpu,c6id.24xlarge,NearestNeighborsModel,KMersCounts,"{""k"": [1, 2], ""modification_abundance"": true}","{""n_neighbors"": 15}",siRNA1,2431,random,1,4.991303882000011,4.913840432999677,0.0004581309999593941,0.0765360650002549,0.05818574900013118,1017.327616,,,cpu,"[1945, 34]",1945.0,486.0,ok,0.0022399999,31.925,M,NearestNeighborsModel,cpu,c6id
batch_cpu,c6id.24xlarge,NearestNeighborsModel,KMersCounts,"{""k"": [1, 2], ""modification_abundance"": true}","{""n_neighbors"": 15}",siRNA1,2431,random,2,4.954272179999862,4.8767927870003405,0.000441700999999739,0.07663150200005475,0.05818574900013118,1017.327616,,,cpu,"[1945, 34]",1945.0,486.0,ok,0.0022399999,31.925,M,NearestNeighborsModel,cpu,c6id
batch_cpu,c6id.24xlarge,NearestNeighborsModel,KMersCounts,"{""k"": [1, 2], ""modification_abundance"": true}","{""n_neighbors"": 15}",siRNA1,2431,random,3,5.0216470129998925,4.948821640999995,0.0004381510002531286,0.07201563899980101,0.05818574900013118,1021.374464,,,cpu,"[1945, 34]",1945.0,486.0,ok,0.0022399999,31.925,M,NearestNeighborsModel,cpu,c6id
batch_cpu,c6id.24xlarge,NearestNeighborsModel,KMersCounts,"{""k"": [1, 2], ""modification_abundance"": true}","{""n_neighbors"": 15}",siRNA1,2431,random,4,5.029694918000132,4.954707750000125,0.00041174799980581156,0.07422383499988428,0.05818574900013118,1019.428864,,,cpu,"[1945, 34]",1945.0,486.0,ok,0.0022399999,31.925,M,NearestNeighborsModel,cpu,c6id
batch_cpu,c6id.24xlarge,NearestNeighborsModel,KMersCounts,"{""k"": [1, 2], ""modification_abundance"": true}","{""n_neighbors"": 15}",siRNA1,2431,random,0,5.064112058999854,4.9845752860001085,0.000690067000050476,0.0784151840002778,0.05818574900013118,1011.15904,,,cpu,"[1945, 34]",1945.0,486.0,ok,0.0022399999,31.925,M,NearestNeighborsModel,cpu,c6id
batch_cpu,c6id.24xlarge,NearestNeighborsModel,KMersCounts,"{""k"": [1, 2], ""modification_abundance"": true}","{""n_neighbors"": 15}",siRNA1,2431,random,1,4.991303882000011,4.913840432999677,0.0004581309999593941,0.0765360650002549,0.05818574900013118,1017.327616,,,cpu,"[1945, 34]",1945.0,486.0,ok,0.0022399999,31.925,M,NearestNeighborsModel,cpu,c6id
batch_cpu,c6id.24xlarge,NearestNeighborsModel,KMersCounts,"{""k"": [1, 2], ""modification_abundance"": true}","{""n_neighbors"": 15}",siRNA1,2431,random,2,4.954272179999862,4.8767927870003405,0.000441700999999739,0.07663150200005475,0.05818574900013118,1017.327616,,,cpu,"[1945, 34]",1945.0,486.0,ok,0.0022399999,31.925,M,NearestNeighborsModel,cpu,c6id
batch_cpu,c6id.24xlarge,NearestNeighborsModel,KMersCounts,"{""k"": [1, 2], ""modification_abundance"": true}","{""n_neighbors"": 15}",siRNA1,2431,random,3,5.0216470129998925,4.948821640999995,0.0004381510002531286,0.07201563899980101,0.05818574900013118,1021.374464,,,cpu,"[1945, 34]",1945.0,486.0,ok,0.0022399999,31.925,M,NearestNeighborsModel,cpu,c6id
batch_cpu,c6id.24xlarge,NearestNeighborsModel,KMersCounts,"{""k"": [1, 2], ""modification_abundance"": true}","{""n_neighbors"": 15}",siRNA1,2431,random,4,5.029694918000132,4.954707750000125,0.00041174799980581156,0.07422383499988428,0.05818574900013118,1019.428864,,,cpu,"[1945, 34]",1945.0,486.0,ok,0.0022399999,31.925,M,NearestNeighborsModel,cpu,c6id
batch_cpu,c6id.24xlarge,LinearModel,KMersCounts,"{""k"": [1], ""modification_abundance"": true}","{""type"": ""ridge""}",immune_modulation_TLR7,192,nucleobase,0,0.576351607000106,0.3065303529997436,0.0010011829999712063,0.0001830129999689234,0.006718525999986014,940.883968,,,cpu,"[156, 9]",156.0,36.0,ok,0.000952,9.799,S,LinearModel,cpu,c6id
batch_cpu,c6id.24xlarge,LinearModel,KMersCounts,"{""k"": [1], ""modification_abundance"": true}","{""type"": ""ridge""}",immune_modulation_TLR7,192,nucleobase,1,0.5562657850000505,0.30400144500026727,0.0007423659999403753,0.0001467349998165446,0.006718525999986014,944.111616,,,cpu,"[143, 9]",143.0,49.0,ok,0.000952,9.799,S,LinearModel,cpu,c6id
batch_cpu,c6id.24xlarge,LinearModel,KMersCounts,"{""k"": [1], ""modification_abundance"": true}","{""type"": ""ridge""}",immune_modulation_TLR7,192,nucleobase,2,0.5617439449997619,0.31162990399980117,0.000864369999817427,0.0001702270001260331,0.006718525999986014,944.521216,,,cpu,"[147, 9]",147.0,45.0,ok,0.000952,9.799,S,LinearModel,cpu,c6id
batch_cpu,c6id.24xlarge,LinearModel,KMersCounts,"{""k"": [1], ""modification_abundance"": true}","{""type"": ""ridge""}",immune_modulation_TLR7,192,nucleobase,3,0.5515212419995805,0.2999543099999755,0.0007735109998066036,0.0001507370002400421,0.006718525999986014,944.55808,,,cpu,"[149, 9]",149.0,43.0,ok,0.000952,9.799,S,LinearModel,cpu,c6id
batch_cpu,c6id.24xlarge,LinearModel,KMersCounts,"{""k"": [1], ""modification_abundance"": true}","{""type"": ""ridge""}",immune_modulation_TLR7,192,nucleobase,4,0.5439172859996688,0.3033354849999341,0.0008159010003510048,0.000131347999740683,0.006718525999986014,944.59904,,,cpu,"[162, 9]",162.0,30.0,ok,0.000952,9.799,S,LinearModel,cpu,c6id
batch_cpu,c6id.24xlarge,LinearModel,KMersCounts,"{""k"": [1], ""modification_abundance"": true}","{""type"": ""ridge""}",immune_modulation_TLR7,192,nucleobase,0,0.576351607000106,0.3065303529997436,0.0010011829999712063,0.0001830129999689234,0.006718525999986014,940.883968,,,cpu,"[156, 9]",156.0,36.0,ok,0.000952,9.799,S,LinearModel,cpu,c6id
batch_cpu,c6id.24xlarge,LinearModel,KMersCounts,"{""k"": [1], ""modification_abundance"": true}","{""type"": ""ridge""}",immune_modulation_TLR7,192,nucleobase,1,0.5562657850000505,0.30400144500026727,0.0007423659999403753,0.0001467349998165446,0.006718525999986014,944.111616,,,cpu,"[143, 9]",143.0,49.0,ok,0.000952,9.799,S,LinearModel,cpu,c6id
batch_cpu,c6id.24xlarge,LinearModel,KMersCounts,"{""k"": [1], ""modification_abundance"": true}","{""type"": ""ridge""}",immune_modulation_TLR7,192,nucleobase,2,0.5617439449997619,0.31162990399980117,0.000864369999817427,0.0001702270001260331,0.006718525999986014,944.521216,,,cpu,"[147, 9]",147.0,45.0,ok,0.000952,9.799,S,LinearModel,cpu,c6id
batch_cpu,c6id.24xlarge,LinearModel,KMersCounts,"{""k"": [1], ""modification_abundance"": true}","{""type"": ""ridge""}",immune_modulation_TLR7,192,nucleobase,3,0.5515212419995805,0.2999543099999755,0.0007735109998066036,0.0001507370002400421,0.006718525999986014,944.55808,,,cpu,"[149, 9]",149.0,43.0,ok,0.000952,9.799,S,LinearModel,cpu,c6id
batch_cpu,c6id.24xlarge,LinearModel,KMersCounts,"{""k"": [1], ""modification_abundance"": true}","{""type"": ""ridge""}",immune_modulation_TLR7,192,nucleobase,4,0.5439172859996688,0.3033354849999341,0.0008159010003510048,0.000131347999740683,0.006718525999986014,944.59904,,,cpu,"[162, 9]",162.0,30.0,ok,0.000952,9.799,S,LinearModel,cpu,c6id
batch_cpu,m6id.24xlarge,RandomForestModel,KMersCounts,"{""k"": [1], ""modification_abundance"": true}","{""max_depth"": 30, ""n_estimators"": 100}",siRNA1,2431,random,0,5.561476255000002,5.408269720999954,0.13199428300004,0.02068146300001672,0.06077929899998935,951.17312,,,cpu,"[1945, 9]",1945.0,486.0,ok,0.0015160833,33.955,M,RandomForestModel,cpu,m6id
batch_cpu,m6id.24xlarge,RandomForestModel,KMersCounts,"{""k"": [1], ""modification_abundance"": true}","{""max_depth"": 30, ""n_estimators"": 100}",siRNA1,2431,random,1,5.449295882999991,5.300721967000015,0.12751396800001658,0.02049754700004769,0.06077929899998935,952.38144,,,cpu,"[1945, 9]",1945.0,486.0,ok,0.0015160833,33.955,M,RandomForestModel,cpu,m6id
batch_cpu,m6id.24xlarge,RandomForestModel,KMersCounts,"{""k"": [1], ""modification_abundance"": true}","{""max_depth"": 30, ""n_estimators"": 100}",siRNA1,2431,random,2,5.130283567999982,4.983360634999997,0.12564197899996543,0.020771166999963953,0.06077929899998935,952.475648,,,cpu,"[1945, 9]",1945.0,486.0,ok,0.0015160833,33.955,M,RandomForestModel,cpu,m6id
batch_cpu,m6id.24xlarge,RandomForestModel,KMersCounts,"{""k"": [1], ""modification_abundance"": true}","{""max_depth"": 30, ""n_estimators"": 100}",siRNA1,2431,random,3,5.046282522000013,4.90153118500001,0.12401372399995125,0.020225664999998116,0.06077929899998935,952.500224,,,cpu,"[1945, 9]",1945.0,486.0,ok,0.0015160833,33.955,M,RandomForestModel,cpu,m6id
batch_cpu,m6id.24xlarge,RandomForestModel,KMersCounts,"{""k"": [1], ""modification_abundance"": true}","{""max_depth"": 30, ""n_estimators"": 100}",siRNA1,2431,random,4,4.991413107999961,4.846909635000031,0.12400171300004104,0.02002043700002787,0.06077929899998935,952.582144,,,cpu,"[1945, 9]",1945.0,486.0,ok,0.0015160833,33.955,M,RandomForestModel,cpu,m6id
batch_cpu,m6id.24xlarge,RandomForestModel,KMersCounts,"{""k"": [1], ""modification_abundance"": true}","{""max_depth"": 30, ""n_estimators"": 100}",siRNA1,2431,random,0,5.561476255000002,5.408269720999954,0.13199428300004,0.02068146300001672,0.06077929899998935,951.17312,,,cpu,"[1945, 9]",1945.0,486.0,ok,0.0015160833,33.955,M,RandomForestModel,cpu,m6id
batch_cpu,m6id.24xlarge,RandomForestModel,KMersCounts,"{""k"": [1], ""modification_abundance"": true}","{""max_depth"": 30, ""n_estimators"": 100}",siRNA1,2431,random,1,5.449295882999991,5.300721967000015,0.12751396800001658,0.02049754700004769,0.06077929899998935,952.38144,,,cpu,"[1945, 9]",1945.0,486.0,ok,0.0015160833,33.955,M,RandomForestModel,cpu,m6id
batch_cpu,m6id.24xlarge,RandomForestModel,KMersCounts,"{""k"": [1], ""modification_abundance"": true}","{""max_depth"": 30, ""n_estimators"": 100}",siRNA1,2431,random,2,5.130283567999982,4.983360634999997,0.12564197899996543,0.020771166999963953,0.06077929899998935,952.475648,,,cpu,"[1945, 9]",1945.0,486.0,ok,0.0015160833,33.955,M,RandomForestModel,cpu,m6id
batch_cpu,m6id.24xlarge,RandomForestModel,KMersCounts,"{""k"": [1], ""modification_abundance"": true}","{""max_depth"": 30, ""n_estimators"": 100}",siRNA1,2431,random,3,5.046282522000013,4.90153118500001,0.12401372399995125,0.020225664999998116,0.06077929899998935,952.500224,,,cpu,"[1945, 9]",1945.0,486.0,ok,0.0015160833,33.955,M,RandomForestModel,cpu,m6id
batch_cpu,m6id.24xlarge,RandomForestModel,KMersCounts,"{""k"": [1], ""modification_abundance"": true}","{""max_depth"": 30, ""n_estimators"": 100}",siRNA1,2431,random,4,4.991413107999961,4.846909635000031,0.12400171300004104,0.02002043700002787,0.06077929899998935,952.582144,,,cpu,"[1945, 9]",1945.0,486.0,ok,0.0015160833,33.955,M,RandomForestModel,cpu,m6id
batch_cpu,m6id.24xlarge,LinearModel,KMersCounts,"{""k"": [1], ""modification_abundance"": true}","{""type"": ""standard""}",immune_modulation_TLR7,192,random,0,0.5476091790000055,0.5449481379999952,0.0018003380000095603,0.0004355840000016542,0.011968664999983503,939.52,,,cpu,"[154, 9]",154.0,38.0,ok,0.0005273333,11.146,S,LinearModel,cpu,m6id
batch_cpu,m6id.24xlarge,LinearModel,KMersCounts,"{""k"": [1], ""modification_abundance"": true}","{""type"": ""standard""}",immune_modulation_TLR7,192,random,1,0.5385956140000303,0.5367934380000179,0.001172983000003569,0.00024199699998916913,0.011968664999983503,941.883392,,,cpu,"[154, 9]",154.0,38.0,ok,0.0005273333,11.146,S,LinearModel,cpu,m6id
batch_cpu,m6id.24xlarge,LinearModel,KMersCounts,"{""k"": [1], ""modification_abundance"": true}","{""type"": ""standard""}",immune_modulation_TLR7,192,random,2,0.5327577639999959,0.5310338589999901,0.0011406979999719624,0.0002296790000286819,0.011968664999983503,942.108672,,,cpu,"[154, 9]",154.0,38.0,ok,0.0005273333,11.146,S,LinearModel,cpu,m6id
batch_cpu,m6id.24xlarge,LinearModel,KMersCounts,"{""k"": [1], ""modification_abundance"": true}","{""type"": ""standard""}",immune_modulation_TLR7,192,random,3,0.5387542659999554,0.5370530430000144,0.001102112000012312,0.00023159200003419755,0.011968664999983503,942.149632,,,cpu,"[154, 9]",154.0,38.0,ok,0.0005273333,11.146,S,LinearModel,cpu,m6id
batch_cpu,m6id.24xlarge,LinearModel,KMersCounts,"{""k"": [1], ""modification_abundance"": true}","{""type"": ""standard""}",immune_modulation_TLR7,192,random,4,0.5323379079999881,0.5307017920000021,0.0010932090000324024,0.000216207000050872,0.011968664999983503,942.170112,,,cpu,"[154, 9]",154.0,38.0,ok,0.0005273333,11.146,S,LinearModel,cpu,m6id
batch_cpu,m6id.24xlarge,LinearModel,KMersCounts,"{""k"": [1], ""modification_abundance"": true}","{""type"": ""standard""}",immune_modulation_TLR7,192,random,0,0.5476091790000055,0.5449481379999952,0.0018003380000095603,0.0004355840000016542,0.011968664999983503,939.52,,,cpu,"[154, 9]",154.0,38.0,ok,0.0005273333,11.146,S,LinearModel,cpu,m6id
batch_cpu,m6id.24xlarge,LinearModel,KMersCounts,"{""k"": [1], ""modification_abundance"": true}","{""type"": ""standard""}",immune_modulation_TLR7,192,random,1,0.5385956140000303,0.5367934380000179,0.001172983000003569,0.00024199699998916913,0.011968664999983503,941.883392,,,cpu,"[154, 9]",154.0,38.0,ok,0.0005273333,11.146,S,LinearModel,cpu,m6id
batch_cpu,m6id.24xlarge,LinearModel,KMersCounts,"{""k"": [1], ""modification_abundance"": true}","{""type"": ""standard""}",immune_modulation_TLR7,192,random,2,0.5327577639999959,0.5310338589999901,0.0011406979999719624,0.0002296790000286819,0.011968664999983503,942.108672,,,cpu,"[154, 9]",154.0,38.0,ok,0.0005273333,11.146,S,LinearModel,cpu,m6id
batch_cpu,m6id.24xlarge,LinearModel,KMersCounts,"{""k"": [1], ""modification_abundance"": true}","{""type"": ""standard""}",immune_modulation_TLR7,192,random,3,0.5387542659999554,0.5370530430000144,0.001102112000012312,0.00023159200003419755,0.011968664999983503,942.149632,,,cpu,"[154, 9]",154.0,38.0,ok,0.0005273333,11.146,S,LinearModel,cpu,m6id
batch_cpu,m6id.24xlarge,LinearModel,KMersCounts,"{""k"": [1], ""modification_abundance"": true}","{""type"": ""standard""}",immune_modulation_TLR7,192,random,4,0.5323379079999881,0.5307017920000021,0.0010932090000324024,0.000216207000050872,0.011968664999983503,942.170112,,,cpu,"[154, 9]",154.0,38.0,ok,0.0005273333,11.146,S,LinearModel,cpu,m6id
batch_cpu,r6id.32xlarge,RandomForestModel,KMersCounts,"{""k"": [1], ""modification_abundance"": false}","{""max_depth"": 30, ""n_estimators"": 500}",siRNA1,2431,nucleobase,0,13.84857246699903,6.077800442999433,1.0633247459991253,0.12426193899955251,0.09131368300040776,973.328384,,,cpu,"[1777, 5]",1777.0,654.0,ok,0.0033179999,78.968,M,RandomForestModel,cpu,r6id
batch_cpu,r6id.32xlarge,RandomForestModel,KMersCounts,"{""k"": [1], ""modification_abundance"": false}","{""max_depth"": 30, ""n_estimators"": 500}",siRNA1,2431,nucleobase,1,14.25436882699978,6.368439717998626,0.9681744060017081,0.12008389299990085,0.09131368300040776,977.952768,,,cpu,"[1923, 5]",1923.0,508.0,ok,0.0033179999,78.968,M,RandomForestModel,cpu,r6id
batch_cpu,r6id.32xlarge,RandomForestModel,KMersCounts,"{""k"": [1], ""modification_abundance"": false}","{""max_depth"": 30, ""n_estimators"": 500}",siRNA1,2431,nucleobase,2,13.127831118001268,5.346233151998604,0.9888493560010829,0.11568526399969414,0.09131368300040776,978.8416,,,cpu,"[2011, 5]",2011.0,420.0,ok,0.0033179999,78.968,M,RandomForestModel,cpu,r6id
batch_cpu,r6id.32xlarge,RandomForestModel,KMersCounts,"{""k"": [1], ""modification_abundance"": false}","{""max_depth"": 30, ""n_estimators"": 500}",siRNA1,2431,nucleobase,3,13.799148361000334,6.1748175360007735,1.0217072390005342,0.11633416800032137,0.09131368300040776,973.18912,,,cpu,"[1914, 5]",1914.0,517.0,ok,0.0033179999,78.968,M,RandomForestModel,cpu,r6id
batch_cpu,r6id.32xlarge,RandomForestModel,KMersCounts,"{""k"": [1], ""modification_abundance"": false}","{""max_depth"": 30, ""n_estimators"": 500}",siRNA1,2431,nucleobase,4,13.633776209999269,6.115192350000143,0.9609132030000183,0.11697554000056698,0.09131368300040776,978.866176,,,cpu,"[1902, 5]",1902.0,529.0,ok,0.0033179999,78.968,M,RandomForestModel,cpu,r6id
batch_cpu,r6id.32xlarge,RandomForestModel,KMersCounts,"{""k"": [1], ""modification_abundance"": false}","{""max_depth"": 30, ""n_estimators"": 500}",siRNA1,2431,nucleobase,0,13.84857246699903,6.077800442999433,1.0633247459991253,0.12426193899955251,0.09131368300040776,973.328384,,,cpu,"[1777, 5]",1777.0,654.0,ok,0.0033179999,78.968,M,RandomForestModel,cpu,r6id
batch_cpu,r6id.32xlarge,RandomForestModel,KMersCounts,"{""k"": [1], ""modification_abundance"": false}","{""max_depth"": 30, ""n_estimators"": 500}",siRNA1,2431,nucleobase,1,14.25436882699978,6.368439717998626,0.9681744060017081,0.12008389299990085,0.09131368300040776,977.952768,,,cpu,"[1923, 5]",1923.0,508.0,ok,0.0033179999,78.968,M,RandomForestModel,cpu,r6id
batch_cpu,r6id.32xlarge,RandomForestModel,KMersCounts,"{""k"": [1], ""modification_abundance"": false}","{""max_depth"": 30, ""n_estimators"": 500}",siRNA1,2431,nucleobase,2,13.127831118001268,5.346233151998604,0.9888493560010829,0.11568526399969414,0.09131368300040776,978.8416,,,cpu,"[2011, 5]",2011.0,420.0,ok,0.0033179999,78.968,M,RandomForestModel,cpu,r6id
batch_cpu,r6id.32xlarge,RandomForestModel,KMersCounts,"{""k"": [1], ""modification_abundance"": false}","{""max_depth"": 30, ""n_estimators"": 500}",siRNA1,2431,nucleobase,3,13.799148361000334,6.1748175360007735,1.0217072390005342,0.11633416800032137,0.09131368300040776,973.18912,,,cpu,"[1914, 5]",1914.0,517.0,ok,0.0033179999,78.968,M,RandomForestModel,cpu,r6id
batch_cpu,r6id.32xlarge,RandomForestModel,KMersCounts,"{""k"": [1], ""modification_abundance"": false}","{""max_depth"": 30, ""n_estimators"": 500}",siRNA1,2431,nucleobase,4,13.633776209999269,6.115192350000143,0.9609132030000183,0.11697554000056698,0.09131368300040776,978.866176,,,cpu,"[1902, 5]",1902.0,529.0,ok,0.0033179999,78.968,M,RandomForestModel,cpu,r6id
batch_cpu,m6id.24xlarge,RandomForestModel,KMersCounts,"{""k"": [1, 2], ""modification_abundance"": false}","{""max_depth"": 10, ""n_estimators"": 1000}",siRNA1,2431,random,0,16.101970866999977,4.461582243999999,11.267646961000025,0.37194821399998546,0.08329764299998033,1133.293568,,,cpu,"[1945, 30]",1945.0,486.0,ok,0.0031969583,86.918,M,RandomForestModel,cpu,m6id
batch_cpu,m6id.24xlarge,RandomForestModel,KMersCounts,"{""k"": [1, 2], ""modification_abundance"": false}","{""max_depth"": 10, ""n_estimators"": 1000}",siRNA1,2431,random,1,15.625256993999983,4.2341482500000325,11.007040742000015,0.38358776199999056,0.08329764299998033,1133.838336,,,cpu,"[1945, 30]",1945.0,486.0,ok,0.0031969583,86.918,M,RandomForestModel,cpu,m6id
batch_cpu,m6id.24xlarge,RandomForestModel,KMersCounts,"{""k"": [1, 2], ""modification_abundance"": false}","{""max_depth"": 10, ""n_estimators"": 1000}",siRNA1,2431,random,2,15.677739856000017,4.446161748000009,10.84254109599999,0.38851948999996466,0.08329764299998033,1133.948928,,,cpu,"[1945, 30]",1945.0,486.0,ok,0.0031969583,86.918,M,RandomForestModel,cpu,m6id
batch_cpu,m6id.24xlarge,RandomForestModel,KMersCounts,"{""k"": [1, 2], ""modification_abundance"": false}","{""max_depth"": 10, ""n_estimators"": 1000}",siRNA1,2431,random,3,15.366663087999996,4.317076154999995,10.641148649000002,0.4079383019999909,0.08329764299998033,1134.215168,,,cpu,"[1945, 30]",1945.0,486.0,ok,0.0031969583,86.918,M,RandomForestModel,cpu,m6id
batch_cpu,m6id.24xlarge,RandomForestModel,KMersCounts,"{""k"": [1, 2], ""modification_abundance"": false}","{""max_depth"": 10, ""n_estimators"": 1000}",siRNA1,2431,random,4,15.529188793999992,4.518140992000042,10.624476233999985,0.3860335460000215,0.08329764299998033,1134.22336,,,cpu,"[1945, 30]",1945.0,486.0,ok,0.0031969583,86.918,M,RandomForestModel,cpu,m6id
batch_cpu,m6id.24xlarge,RandomForestModel,KMersCounts,"{""k"": [1, 2], ""modification_abundance"": false}","{""max_depth"": 10, ""n_estimators"": 1000}",siRNA1,2431,random,0,16.101970866999977,4.461582243999999,11.267646961000025,0.37194821399998546,0.08329764299998033,1133.293568,,,cpu,"[1945, 30]",1945.0,486.0,ok,0.0031969583,86.918,M,RandomForestModel,cpu,m6id
batch_cpu,m6id.24xlarge,RandomForestModel,KMersCounts,"{""k"": [1, 2], ""modification_abundance"": false}","{""max_depth"": 10, ""n_estimators"": 1000}",siRNA1,2431,random,1,15.625256993999983,4.2341482500000325,11.007040742000015,0.38358776199999056,0.08329764299998033,1133.838336,,,cpu,"[1945, 30]",1945.0,486.0,ok,0.0031969583,86.918,M,RandomForestModel,cpu,m6id
batch_cpu,m6id.24xlarge,RandomForestModel,KMersCounts,"{""k"": [1, 2], ""modification_abundance"": false}","{""max_depth"": 10, ""n_estimators"": 1000}",siRNA1,2431,random,2,15.677739856000017,4.446161748000009,10.84254109599999,0.38851948999996466,0.08329764299998033,1133.948928,,,cpu,"[1945, 30]",1945.0,486.0,ok,0.0031969583,86.918,M,RandomForestModel,cpu,m6id
batch_cpu,m6id.24xlarge,RandomForestModel,KMersCounts,"{""k"": [1, 2], ""modification_abundance"": false}","{""max_depth"": 10, ""n_estimators"": 1000}",siRNA1,2431,random,3,15.366663087999996,4.317076154999995,10.641148649000002,0.4079383019999909,0.08329764299998033,1134.215168,,,cpu,"[1945, 30]",1945.0,486.0,ok,0.0031969583,86.918,M,RandomForestModel,cpu,m6id
batch_cpu,m6id.24xlarge,RandomForestModel,KMersCounts,"{""k"": [1, 2], ""modification_abundance"": false}","{""max_depth"": 10, ""n_estimators"": 1000}",siRNA1,2431,random,4,15.529188793999992,4.518140992000042,10.624476233999985,0.3860335460000215,0.08329764299998033,1134.22336,,,cpu,"[1945, 30]",1945.0,486.0,ok,0.0031969583,86.918,M,RandomForestModel,cpu,m6id
batch_cpu,c6id.24xlarge,XGBoostModel,KMersCounts,"{""k"": [1, 2], ""modification_abundance"": true}","{""max_depth"": 10, ""n_estimators"": 100}",siRNA1,2431,nucleobase,0,9.415219880000222,4.96516709000025,0.15523585099981574,0.005482434999976249,0.05767769700014469,980.389888,,,cpu,"[1777, 34]",1777.0,654.0,ok,0.0032479999,53.299,M,XGBoostModel,cpu,c6id
batch_cpu,c6id.24xlarge,XGBoostModel,KMersCounts,"{""k"": [1, 2], ""modification_abundance"": true}","{""max_depth"": 10, ""n_estimators"": 100}",siRNA1,2431,nucleobase,1,9.284875155000009,4.895007683000131,0.15241719100004048,0.005206801999975141,0.05767769700014469,986.349568,,,cpu,"[1923, 34]",1923.0,508.0,ok,0.0032479999,53.299,M,XGBoostModel,cpu,c6id
batch_cpu,c6id.24xlarge,XGBoostModel,KMersCounts,"{""k"": [1, 2], ""modification_abundance"": true}","{""max_depth"": 10, ""n_estimators"": 100}",siRNA1,2431,nucleobase,2,9.338218933999997,5.013595439000255,0.1365059170002496,0.005494127000019944,0.05767769700014469,987.512832,,,cpu,"[2011, 34]",2011.0,420.0,ok,0.0032479999,53.299,M,XGBoostModel,cpu,c6id
batch_cpu,c6id.24xlarge,XGBoostModel,KMersCounts,"{""k"": [1, 2], ""modification_abundance"": true}","{""max_depth"": 10, ""n_estimators"": 100}",siRNA1,2431,nucleobase,3,9.170471343999907,4.884844054000041,0.1259629389996917,0.005335760999969352,0.05767769700014469,988.065792,,,cpu,"[1914, 34]",1914.0,517.0,ok,0.0032479999,53.299,M,XGBoostModel,cpu,c6id
batch_cpu,c6id.24xlarge,XGBoostModel,KMersCounts,"{""k"": [1, 2], ""modification_abundance"": true}","{""max_depth"": 10, ""n_estimators"": 100}",siRNA1,2431,nucleobase,4,9.155164769999828,4.882630939999672,0.1308945539999513,0.005273555000258057,0.05767769700014469,988.065792,,,cpu,"[1902, 34]",1902.0,529.0,ok,0.0032479999,53.299,M,XGBoostModel,cpu,c6id
batch_cpu,c6id.24xlarge,XGBoostModel,KMersCounts,"{""k"": [1, 2], ""modification_abundance"": true}","{""max_depth"": 10, ""n_estimators"": 100}",siRNA1,2431,nucleobase,0,9.415219880000222,4.96516709000025,0.15523585099981574,0.005482434999976249,0.05767769700014469,980.389888,,,cpu,"[1777, 34]",1777.0,654.0,ok,0.0032479999,53.299,M,XGBoostModel,cpu,c6id
batch_cpu,c6id.24xlarge,XGBoostModel,KMersCounts,"{""k"": [1, 2], ""modification_abundance"": true}","{""max_depth"": 10, ""n_estimators"": 100}",siRNA1,2431,nucleobase,1,9.284875155000009,4.895007683000131,0.15241719100004048,0.005206801999975141,0.05767769700014469,986.349568,,,cpu,"[1923, 34]",1923.0,508.0,ok,0.0032479999,53.299,M,XGBoostModel,cpu,c6id
batch_cpu,c6id.24xlarge,XGBoostModel,KMersCounts,"{""k"": [1, 2], ""modification_abundance"": true}","{""max_depth"": 10, ""n_estimators"": 100}",siRNA1,2431,nucleobase,2,9.338218933999997,5.013595439000255,0.1365059170002496,0.005494127000019944,0.05767769700014469,987.512832,,,cpu,"[2011, 34]",2011.0,420.0,ok,0.0032479999,53.299,M,XGBoostModel,cpu,c6id
batch_cpu,c6id.24xlarge,XGBoostModel,KMersCounts,"{""k"": [1, 2], ""modification_abundance"": true}","{""max_depth"": 10, ""n_estimators"": 100}",siRNA1,2431,nucleobase,3,9.170471343999907,4.884844054000041,0.1259629389996917,0.005335760999969352,0.05767769700014469,988.065792,,,cpu,"[1914, 34]",1914.0,517.0,ok,0.0032479999,53.299,M,XGBoostModel,cpu,c6id
batch_cpu,c6id.24xlarge,XGBoostModel,KMersCounts,"{""k"": [1, 2], ""modification_abundance"": true}","{""max_depth"": 10, ""n_estimators"": 100}",siRNA1,2431,nucleobase,4,9.155164769999828,4.882630939999672,0.1308945539999513,0.005273555000258057,0.05767769700014469,988.065792,,,cpu,"[1902, 34]",1902.0,529.0,ok,0.0032479999,53.299,M,XGBoostModel,cpu,c6id
batch_cpu,c6id.24xlarge,XGBoostModel,KMersCounts,"{""k"": [1, 2, 3], ""modification_abundance"": true}","{""max_depth"": 10, ""n_estimators"": 500}",siRNA1,2431,nucleobase,0,9.917930719999731,5.20462051100003,0.4173266990001139,0.012581471999965288,0.05800818299985622,989.212672,,,cpu,"[1777, 150]",1777.0,654.0,ok,0.0031919999,56.384,M,XGBoostModel,cpu,c6id
batch_cpu,c6id.24xlarge,XGBoostModel,KMersCounts,"{""k"": [1, 2, 3], ""modification_abundance"": true}","{""max_depth"": 10, ""n_estimators"": 500}",siRNA1,2431,nucleobase,1,9.945431347000067,5.17375776300014,0.5230100700000548,0.012911808999888308,0.05800818299985622,993.243136,,,cpu,"[1923, 150]",1923.0,508.0,ok,0.0031919999,56.384,M,XGBoostModel,cpu,c6id
batch_cpu,c6id.24xlarge,XGBoostModel,KMersCounts,"{""k"": [1, 2, 3], ""modification_abundance"": true}","{""max_depth"": 10, ""n_estimators"": 500}",siRNA1,2431,nucleobase,2,9.891597531000116,5.224105998000141,0.43596735599976455,0.012848567999753868,0.05800818299985622,994.16064,,,cpu,"[2011, 150]",2011.0,420.0,ok,0.0031919999,56.384,M,XGBoostModel,cpu,c6id
batch_cpu,c6id.24xlarge,XGBoostModel,KMersCounts,"{""k"": [1, 2, 3], ""modification_abundance"": true}","{""max_depth"": 10, ""n_estimators"": 500}",siRNA1,2431,nucleobase,3,9.850457731000006,5.232885969000108,0.4194458400002077,0.012560274999941612,0.05800818299985622,996.589568,,,cpu,"[1914, 150]",1914.0,517.0,ok,0.0031919999,56.384,M,XGBoostModel,cpu,c6id
batch_cpu,c6id.24xlarge,XGBoostModel,KMersCounts,"{""k"": [1, 2, 3], ""modification_abundance"": true}","{""max_depth"": 10, ""n_estimators"": 500}",siRNA1,2431,nucleobase,4,9.806447580000167,5.182916073999877,0.409539938999842,0.01177091699992161,0.05800818299985622,997.216256,,,cpu,"[1902, 150]",1902.0,529.0,ok,0.0031919999,56.384,M,XGBoostModel,cpu,c6id
batch_cpu,c6id.24xlarge,XGBoostModel,KMersCounts,"{""k"": [1, 2, 3], ""modification_abundance"": true}","{""max_depth"": 10, ""n_estimators"": 500}",siRNA1,2431,nucleobase,0,9.917930719999731,5.20462051100003,0.4173266990001139,0.012581471999965288,0.05800818299985622,989.212672,,,cpu,"[1777, 150]",1777.0,654.0,ok,0.0031919999,56.384,M,XGBoostModel,cpu,c6id
batch_cpu,c6id.24xlarge,XGBoostModel,KMersCounts,"{""k"": [1, 2, 3], ""modification_abundance"": true}","{""max_depth"": 10, ""n_estimators"": 500}",siRNA1,2431,nucleobase,1,9.945431347000067,5.17375776300014,0.5230100700000548,0.012911808999888308,0.05800818299985622,993.243136,,,cpu,"[1923, 150]",1923.0,508.0,ok,0.0031919999,56.384,M,XGBoostModel,cpu,c6id
batch_cpu,c6id.24xlarge,XGBoostModel,KMersCounts,"{""k"": [1, 2, 3], ""modification_abundance"": true}","{""max_depth"": 10, ""n_estimators"": 500}",siRNA1,2431,nucleobase,2,9.891597531000116,5.224105998000141,0.43596735599976455,0.012848567999753868,0.05800818299985622,994.16064,,,cpu,"[2011, 150]",2011.0,420.0,ok,0.0031919999,56.384,M,XGBoostModel,cpu,c6id
batch_cpu,c6id.24xlarge,XGBoostModel,KMersCounts,"{""k"": [1, 2, 3], ""modification_abundance"": true}","{""max_depth"": 10, ""n_estimators"": 500}",siRNA1,2431,nucleobase,3,9.850457731000006,5.232885969000108,0.4194458400002077,0.012560274999941612,0.05800818299985622,996.589568,,,cpu,"[1914, 150]",1914.0,517.0,ok,0.0031919999,56.384,M,XGBoostModel,cpu,c6id
batch_cpu,c6id.24xlarge,XGBoostModel,KMersCounts,"{""k"": [1, 2, 3], ""modification_abundance"": true}","{""max_depth"": 10, ""n_estimators"": 500}",siRNA1,2431,nucleobase,4,9.806447580000167,5.182916073999877,0.409539938999842,0.01177091699992161,0.05800818299985622,997.216256,,,cpu,"[1902, 150]",1902.0,529.0,ok,0.0031919999,56.384,M,XGBoostModel,cpu,c6id
batch_cpu,c6id.24xlarge,NearestNeighborsModel,KMersCounts,"{""k"": [1, 2, 3], ""modification_abundance"": false}","{""n_neighbors"": 5}",immune_modulation_TLR7,192,nucleobase,0,0.5276267199997164,0.2601159640003061,0.0004002520004178223,0.0025398220000170113,0.006710902000122587,942.055424,,,cpu,"[156, 152]",156.0,36.0,ok,0.000952,9.378,S,NearestNeighborsModel,cpu,c6id
batch_cpu,c6id.24xlarge,NearestNeighborsModel,KMersCounts,"{""k"": [1, 2, 3], ""modification_abundance"": false}","{""n_neighbors"": 5}",immune_modulation_TLR7,192,nucleobase,1,0.510268707999785,0.2555567220001649,0.0004144340000493685,0.0023244149997481145,0.006710902000122587,943.94368,,,cpu,"[143, 153]",143.0,49.0,ok,0.000952,9.378,S,NearestNeighborsModel,cpu,c6id
batch_cpu,c6id.24xlarge,NearestNeighborsModel,KMersCounts,"{""k"": [1, 2, 3], ""modification_abundance"": false}","{""n_neighbors"": 5}",immune_modulation_TLR7,192,nucleobase,2,0.5119068640001387,0.25814716800005044,0.000354287999925873,0.001993378999941342,0.006710902000122587,944.381952,,,cpu,"[147, 152]",147.0,45.0,ok,0.000952,9.378,S,NearestNeighborsModel,cpu,c6id
batch_cpu,c6id.24xlarge,NearestNeighborsModel,KMersCounts,"{""k"": [1, 2, 3], ""modification_abundance"": false}","{""n_neighbors"": 5}",immune_modulation_TLR7,192,nucleobase,3,0.5178306359998714,0.2596511490000921,0.00034974499976669904,0.002066844999717432,0.006710902000122587,944.472064,,,cpu,"[149, 151]",149.0,43.0,ok,0.000952,9.378,S,NearestNeighborsModel,cpu,c6id
batch_cpu,c6id.24xlarge,NearestNeighborsModel,KMersCounts,"{""k"": [1, 2, 3], ""modification_abundance"": false}","{""n_neighbors"": 5}",immune_modulation_TLR7,192,nucleobase,4,0.5065264770000795,0.25388276500007123,0.00036381500012794277,0.002051203000064561,0.006710902000122587,944.500736,,,cpu,"[162, 152]",162.0,30.0,ok,0.000952,9.378,S,NearestNeighborsModel,cpu,c6id
batch_cpu,c6id.24xlarge,NearestNeighborsModel,KMersCounts,"{""k"": [1, 2, 3], ""modification_abundance"": false}","{""n_neighbors"": 5}",immune_modulation_TLR7,192,nucleobase,0,0.5276267199997164,0.2601159640003061,0.0004002520004178223,0.0025398220000170113,0.006710902000122587,942.055424,,,cpu,"[156, 152]",156.0,36.0,ok,0.000952,9.378,S,NearestNeighborsModel,cpu,c6id
batch_cpu,c6id.24xlarge,NearestNeighborsModel,KMersCounts,"{""k"": [1, 2, 3], ""modification_abundance"": false}","{""n_neighbors"": 5}",immune_modulation_TLR7,192,nucleobase,1,0.510268707999785,0.2555567220001649,0.0004144340000493685,0.0023244149997481145,0.006710902000122587,943.94368,,,cpu,"[143, 153]",143.0,49.0,ok,0.000952,9.378,S,NearestNeighborsModel,cpu,c6id
batch_cpu,c6id.24xlarge,NearestNeighborsModel,KMersCounts,"{""k"": [1, 2, 3], ""modification_abundance"": false}","{""n_neighbors"": 5}",immune_modulation_TLR7,192,nucleobase,2,0.5119068640001387,0.25814716800005044,0.000354287999925873,0.001993378999941342,0.006710902000122587,944.381952,,,cpu,"[147, 152]",147.0,45.0,ok,0.000952,9.378,S,NearestNeighborsModel,cpu,c6id
batch_cpu,c6id.24xlarge,NearestNeighborsModel,KMersCounts,"{""k"": [1, 2, 3], ""modification_abundance"": false}","{""n_neighbors"": 5}",immune_modulation_TLR7,192,nucleobase,3,0.5178306359998714,0.2596511490000921,0.00034974499976669904,0.002066844999717432,0.006710902000122587,944.472064,,,cpu,"[149, 151]",149.0,43.0,ok,0.000952,9.378,S,NearestNeighborsModel,cpu,c6id
batch_cpu,c6id.24xlarge,NearestNeighborsModel,KMersCounts,"{""k"": [1, 2, 3], ""modification_abundance"": false}","{""n_neighbors"": 5}",immune_modulation_TLR7,192,nucleobase,4,0.5065264770000795,0.25388276500007123,0.00036381500012794277,0.002051203000064561,0.006710902000122587,944.500736,,,cpu,"[162, 152]",162.0,30.0,ok,0.000952,9.378,S,NearestNeighborsModel,cpu,c6id
batch_cpu,c6id.24xlarge,NearestNeighborsModel,KMersCounts,"{""k"": [1, 2], ""modification_abundance"": false}","{""n_neighbors"": 10}",immune_modulation_TLR7,192,random,0,0.24769369500018001,0.24490436599990062,0.00046062700039328774,0.0021033640000496234,0.00714963100017485,939.286528,,,cpu,"[154, 30]",154.0,38.0,ok,0.000448,7.76,S,NearestNeighborsModel,cpu,c6id
batch_cpu,c6id.24xlarge,NearestNeighborsModel,KMersCounts,"{""k"": [1, 2], ""modification_abundance"": false}","{""n_neighbors"": 10}",immune_modulation_TLR7,192,random,1,0.23358981599994877,0.23088158099972134,0.0003650700000434881,0.0021443240002554376,0.00714963100017485,941.314048,,,cpu,"[154, 30]",154.0,38.0,ok,0.000448,7.76,S,NearestNeighborsModel,cpu,c6id
batch_cpu,c6id.24xlarge,NearestNeighborsModel,KMersCounts,"{""k"": [1, 2], ""modification_abundance"": false}","{""n_neighbors"": 10}",immune_modulation_TLR7,192,random,2,0.23147208999989743,0.22905396000032852,0.00031746600006954395,0.0019204949999220844,0.00714963100017485,941.44512,,,cpu,"[154, 30]",154.0,38.0,ok,0.000448,7.76,S,NearestNeighborsModel,cpu,c6id
batch_cpu,c6id.24xlarge,NearestNeighborsModel,KMersCounts,"{""k"": [1, 2], ""modification_abundance"": false}","{""n_neighbors"": 10}",immune_modulation_TLR7,192,random,3,0.2318498089998684,0.22938804800014623,0.000334574000135035,0.0019394890000512532,0.00714963100017485,941.514752,,,cpu,"[154, 30]",154.0,38.0,ok,0.000448,7.76,S,NearestNeighborsModel,cpu,c6id
batch_cpu,c6id.24xlarge,NearestNeighborsModel,KMersCounts,"{""k"": [1, 2], ""modification_abundance"": false}","{""n_neighbors"": 10}",immune_modulation_TLR7,192,random,4,0.23194775799993295,0.22956969700044283,0.0003152929998577747,0.0018753979998109571,0.00714963100017485,941.518848,,,cpu,"[154, 30]",154.0,38.0,ok,0.000448,7.76,S,NearestNeighborsModel,cpu,c6id
batch_cpu,c6id.24xlarge,NearestNeighborsModel,KMersCounts,"{""k"": [1, 2], ""modification_abundance"": false}","{""n_neighbors"": 10}",immune_modulation_TLR7,192,random,0,0.24769369500018001,0.24490436599990062,0.00046062700039328774,0.0021033640000496234,0.00714963100017485,939.286528,,,cpu,"[154, 30]",154.0,38.0,ok,0.000448,7.76,S,NearestNeighborsModel,cpu,c6id
batch_cpu,c6id.24xlarge,NearestNeighborsModel,KMersCounts,"{""k"": [1, 2], ""modification_abundance"": false}","{""n_neighbors"": 10}",immune_modulation_TLR7,192,random,1,0.23358981599994877,0.23088158099972134,0.0003650700000434881,0.0021443240002554376,0.00714963100017485,941.314048,,,cpu,"[154, 30]",154.0,38.0,ok,0.000448,7.76,S,NearestNeighborsModel,cpu,c6id
batch_cpu,c6id.24xlarge,NearestNeighborsModel,KMersCounts,"{""k"": [1, 2], ""modification_abundance"": false}","{""n_neighbors"": 10}",immune_modulation_TLR7,192,random,2,0.23147208999989743,0.22905396000032852,0.00031746600006954395,0.0019204949999220844,0.00714963100017485,941.44512,,,cpu,"[154, 30]",154.0,38.0,ok,0.000448,7.76,S,NearestNeighborsModel,cpu,c6id
batch_cpu,c6id.24xlarge,NearestNeighborsModel,KMersCounts,"{""k"": [1, 2], ""modification_abundance"": false}","{""n_neighbors"": 10}",immune_modulation_TLR7,192,random,3,0.2318498089998684,0.22938804800014623,0.000334574000135035,0.0019394890000512532,0.00714963100017485,941.514752,,,cpu,"[154, 30]",154.0,38.0,ok,0.000448,7.76,S,NearestNeighborsModel,cpu,c6id
batch_cpu,c6id.24xlarge,NearestNeighborsModel,KMersCounts,"{""k"": [1, 2], ""modification_abundance"": false}","{""n_neighbors"": 10}",immune_modulation_TLR7,192,random,4,0.23194775799993295,0.22956969700044283,0.0003152929998577747,0.0018753979998109571,0.00714963100017485,941.518848,,,cpu,"[154, 30]",154.0,38.0,ok,0.000448,7.76,S,NearestNeighborsModel,cpu,c6id
batch_cpu,c6id.24xlarge,XGBoostModel,KMersCounts,"{""k"": [1, 2], ""modification_abundance"": false}","{""max_depth"": 30, ""n_estimators"": 1000}",siRNA1,2431,random,0,4.451121931999751,3.9858661459998075,0.4505932060001214,0.014266641000176605,0.057135376000132965,992.366592,,,cpu,"[1945, 30]",1945.0,486.0,ok,0.002128,28.468,M,XGBoostModel,cpu,c6id
batch_cpu,c6id.24xlarge,XGBoostModel,KMersCounts,"{""k"": [1, 2], ""modification_abundance"": false}","{""max_depth"": 30, ""n_estimators"": 1000}",siRNA1,2431,random,1,4.410308689999965,3.979795514000216,0.4164298539999436,0.013645366000218928,0.057135376000132965,998.56384,,,cpu,"[1945, 30]",1945.0,486.0,ok,0.002128,28.468,M,XGBoostModel,cpu,c6id
batch_cpu,c6id.24xlarge,XGBoostModel,KMersCounts,"{""k"": [1, 2], ""modification_abundance"": false}","{""max_depth"": 30, ""n_estimators"": 1000}",siRNA1,2431,random,2,4.403187987000365,3.970774204999998,0.4183111390002523,0.013610914999844681,0.057135376000132965,1005.666304,,,cpu,"[1945, 30]",1945.0,486.0,ok,0.002128,28.468,M,XGBoostModel,cpu,c6id
batch_cpu,c6id.24xlarge,XGBoostModel,KMersCounts,"{""k"": [1, 2], ""modification_abundance"": false}","{""max_depth"": 30, ""n_estimators"": 1000}",siRNA1,2431,random,3,4.427215934000287,4.0039204419999805,0.40955893699992885,0.013380195000081585,0.057135376000132965,1005.666304,,,cpu,"[1945, 30]",1945.0,486.0,ok,0.002128,28.468,M,XGBoostModel,cpu,c6id
batch_cpu,c6id.24xlarge,XGBoostModel,KMersCounts,"{""k"": [1, 2], ""modification_abundance"": false}","{""max_depth"": 30, ""n_estimators"": 1000}",siRNA1,2431,random,4,4.462778270999934,4.029370984999787,0.4177797100001044,0.015171718999681616,0.057135376000132965,1005.93664,,,cpu,"[1945, 30]",1945.0,486.0,ok,0.002128,28.468,M,XGBoostModel,cpu,c6id
batch_cpu,c6id.24xlarge,XGBoostModel,KMersCounts,"{""k"": [1, 2], ""modification_abundance"": false}","{""max_depth"": 30, ""n_estimators"": 1000}",siRNA1,2431,random,0,4.451121931999751,3.9858661459998075,0.4505932060001214,0.014266641000176605,0.057135376000132965,992.366592,,,cpu,"[1945, 30]",1945.0,486.0,ok,0.002128,28.468,M,XGBoostModel,cpu,c6id
batch_cpu,c6id.24xlarge,XGBoostModel,KMersCounts,"{""k"": [1, 2], ""modification_abundance"": false}","{""max_depth"": 30, ""n_estimators"": 1000}",siRNA1,2431,random,1,4.410308689999965,3.979795514000216,0.4164298539999436,0.013645366000218928,0.057135376000132965,998.56384,,,cpu,"[1945, 30]",1945.0,486.0,ok,0.002128,28.468,M,XGBoostModel,cpu,c6id
batch_cpu,c6id.24xlarge,XGBoostModel,KMersCounts,"{""k"": [1, 2], ""modification_abundance"": false}","{""max_depth"": 30, ""n_estimators"": 1000}",siRNA1,2431,random,2,4.403187987000365,3.970774204999998,0.4183111390002523,0.013610914999844681,0.057135376000132965,1005.666304,,,cpu,"[1945, 30]",1945.0,486.0,ok,0.002128,28.468,M,XGBoostModel,cpu,c6id
batch_cpu,c6id.24xlarge,XGBoostModel,KMersCounts,"{""k"": [1, 2], ""modification_abundance"": false}","{""max_depth"": 30, ""n_estimators"": 1000}",siRNA1,2431,random,3,4.427215934000287,4.0039204419999805,0.40955893699992885,0.013380195000081585,0.057135376000132965,1005.666304,,,cpu,"[1945, 30]",1945.0,486.0,ok,0.002128,28.468,M,XGBoostModel,cpu,c6id
batch_cpu,c6id.24xlarge,XGBoostModel,KMersCounts,"{""k"": [1, 2], ""modification_abundance"": false}","{""max_depth"": 30, ""n_estimators"": 1000}",siRNA1,2431,random,4,4.462778270999934,4.029370984999787,0.4177797100001044,0.015171718999681616,0.057135376000132965,1005.93664,,,cpu,"[1945, 30]",1945.0,486.0,ok,0.002128,28.468,M,XGBoostModel,cpu,c6id
batch_cpu,r6id.32xlarge,NearestNeighborsModel,KMersCounts,"{""k"": [1], ""modification_abundance"": false}","{""n_neighbors"": 15}",immune_modulation_TLR7,192,nucleobase,0,0.8866419570003927,0.43562676399960765,0.0012361540011625038,0.0029317549997358583,0.013159273001292604,940.859392,,,cpu,"[156, 5]",156.0,36.0,ok,0.000798,18.957,S,NearestNeighborsModel,cpu,r6id
batch_cpu,r6id.32xlarge,NearestNeighborsModel,KMersCounts,"{""k"": [1], ""modification_abundance"": false}","{""n_neighbors"": 15}",immune_modulation_TLR7,192,nucleobase,1,0.8811863160008215,0.41950492599971767,0.0011141760005557444,0.0024650159994052956,0.013159273001292604,943.32928,,,cpu,"[143, 5]",143.0,49.0,ok,0.000798,18.957,S,NearestNeighborsModel,cpu,r6id
batch_cpu,r6id.32xlarge,NearestNeighborsModel,KMersCounts,"{""k"": [1], ""modification_abundance"": false}","{""n_neighbors"": 15}",immune_modulation_TLR7,192,nucleobase,2,0.8432009530006326,0.39802218899967556,0.0010919129999820143,0.0024032330002228264,0.013159273001292604,943.726592,,,cpu,"[147, 5]",147.0,45.0,ok,0.000798,18.957,S,NearestNeighborsModel,cpu,r6id
batch_cpu,r6id.32xlarge,NearestNeighborsModel,KMersCounts,"{""k"": [1], ""modification_abundance"": false}","{""n_neighbors"": 15}",immune_modulation_TLR7,192,nucleobase,3,0.8957188940003107,0.4578815439999744,0.0009516499994788319,0.0022656969995296095,0.013159273001292604,943.77984,,,cpu,"[149, 5]",149.0,43.0,ok,0.000798,18.957,S,NearestNeighborsModel,cpu,r6id
batch_cpu,r6id.32xlarge,NearestNeighborsModel,KMersCounts,"{""k"": [1], ""modification_abundance"": false}","{""n_neighbors"": 15}",immune_modulation_TLR7,192,nucleobase,4,0.9412057780009491,0.4479563990007591,0.0016873719996510772,0.0025023359994520433,0.013159273001292604,943.935488,,,cpu,"[162, 5]",162.0,30.0,ok,0.000798,18.957,S,NearestNeighborsModel,cpu,r6id
batch_cpu,r6id.32xlarge,NearestNeighborsModel,KMersCounts,"{""k"": [1], ""modification_abundance"": false}","{""n_neighbors"": 15}",immune_modulation_TLR7,192,nucleobase,0,0.8866419570003927,0.43562676399960765,0.0012361540011625038,0.0029317549997358583,0.013159273001292604,940.859392,,,cpu,"[156, 5]",156.0,36.0,ok,0.000798,18.957,S,NearestNeighborsModel,cpu,r6id
batch_cpu,r6id.32xlarge,NearestNeighborsModel,KMersCounts,"{""k"": [1], ""modification_abundance"": false}","{""n_neighbors"": 15}",immune_modulation_TLR7,192,nucleobase,1,0.8811863160008215,0.41950492599971767,0.0011141760005557444,0.0024650159994052956,0.013159273001292604,943.32928,,,cpu,"[143, 5]",143.0,49.0,ok,0.000798,18.957,S,NearestNeighborsModel,cpu,r6id
batch_cpu,r6id.32xlarge,NearestNeighborsModel,KMersCounts,"{""k"": [1], ""modification_abundance"": false}","{""n_neighbors"": 15}",immune_modulation_TLR7,192,nucleobase,2,0.8432009530006326,0.39802218899967556,0.0010919129999820143,0.0024032330002228264,0.013159273001292604,943.726592,,,cpu,"[147, 5]",147.0,45.0,ok,0.000798,18.957,S,NearestNeighborsModel,cpu,r6id
batch_cpu,r6id.32xlarge,NearestNeighborsModel,KMersCounts,"{""k"": [1], ""modification_abundance"": false}","{""n_neighbors"": 15}",immune_modulation_TLR7,192,nucleobase,3,0.8957188940003107,0.4578815439999744,0.0009516499994788319,0.0022656969995296095,0.013159273001292604,943.77984,,,cpu,"[149, 5]",149.0,43.0,ok,0.000798,18.957,S,NearestNeighborsModel,cpu,r6id
batch_cpu,r6id.32xlarge,NearestNeighborsModel,KMersCounts,"{""k"": [1], ""modification_abundance"": false}","{""n_neighbors"": 15}",immune_modulation_TLR7,192,nucleobase,4,0.9412057780009491,0.4479563990007591,0.0016873719996510772,0.0025023359994520433,0.013159273001292604,943.935488,,,cpu,"[162, 5]",162.0,30.0,ok,0.000798,18.957,S,NearestNeighborsModel,cpu,r6id
batch_cpu,m6id.24xlarge,RandomForestModel,KMersCounts,"{""k"": [1, 2, 3], ""modification_abundance"": true}","{""max_depth"": 10, ""n_estimators"": 100}",immune_modulation_TLR7,192,nucleobase,0,1.0555196760000172,0.3610714840000355,0.24076793199998292,0.007080176999977539,0.009124106000001575,943.480832,,,cpu,"[156, 156]",156.0,36.0,ok,0.000889875,13.603,S,RandomForestModel,cpu,m6id
batch_cpu,m6id.24xlarge,RandomForestModel,KMersCounts,"{""k"": [1, 2, 3], ""modification_abundance"": true}","{""max_depth"": 10, ""n_estimators"": 100}",immune_modulation_TLR7,192,nucleobase,1,0.891817231999994,0.3818846290000124,0.22111341099997617,0.008375087999979769,0.009124106000001575,944.51712,,,cpu,"[143, 157]",143.0,49.0,ok,0.000889875,13.603,S,RandomForestModel,cpu,m6id
batch_cpu,m6id.24xlarge,RandomForestModel,KMersCounts,"{""k"": [1, 2, 3], ""modification_abundance"": true}","{""max_depth"": 10, ""n_estimators"": 100}",immune_modulation_TLR7,192,nucleobase,2,0.8482909190000214,0.35050266700000066,0.22264507700003833,0.006867202000023553,0.009124106000001575,944.848896,,,cpu,"[147, 156]",147.0,45.0,ok,0.000889875,13.603,S,RandomForestModel,cpu,m6id
batch_cpu,m6id.24xlarge,RandomForestModel,KMersCounts,"{""k"": [1, 2, 3], ""modification_abundance"": true}","{""max_depth"": 10, ""n_estimators"": 100}",immune_modulation_TLR7,192,nucleobase,3,0.8601889629999846,0.35893828700000086,0.22445655100000295,0.009521144000018467,0.009124106000001575,944.86528,,,cpu,"[149, 155]",149.0,43.0,ok,0.000889875,13.603,S,RandomForestModel,cpu,m6id
batch_cpu,m6id.24xlarge,RandomForestModel,KMersCounts,"{""k"": [1, 2, 3], ""modification_abundance"": true}","{""max_depth"": 10, ""n_estimators"": 100}",immune_modulation_TLR7,192,nucleobase,4,1.0190412679999667,0.37120267799997464,0.24818705400002727,0.007139500999983284,0.009124106000001575,944.902144,,,cpu,"[162, 156]",162.0,30.0,ok,0.000889875,13.603,S,RandomForestModel,cpu,m6id
batch_cpu,m6id.24xlarge,RandomForestModel,KMersCounts,"{""k"": [1, 2, 3], ""modification_abundance"": true}","{""max_depth"": 10, ""n_estimators"": 100}",immune_modulation_TLR7,192,nucleobase,0,1.0555196760000172,0.3610714840000355,0.24076793199998292,0.007080176999977539,0.009124106000001575,943.480832,,,cpu,"[156, 156]",156.0,36.0,ok,0.000889875,13.603,S,RandomForestModel,cpu,m6id
batch_cpu,m6id.24xlarge,RandomForestModel,KMersCounts,"{""k"": [1, 2, 3], ""modification_abundance"": true}","{""max_depth"": 10, ""n_estimators"": 100}",immune_modulation_TLR7,192,nucleobase,1,0.891817231999994,0.3818846290000124,0.22111341099997617,0.008375087999979769,0.009124106000001575,944.51712,,,cpu,"[143, 157]",143.0,49.0,ok,0.000889875,13.603,S,RandomForestModel,cpu,m6id
batch_cpu,m6id.24xlarge,RandomForestModel,KMersCounts,"{""k"": [1, 2, 3], ""modification_abundance"": true}","{""max_depth"": 10, ""n_estimators"": 100}",immune_modulation_TLR7,192,nucleobase,2,0.8482909190000214,0.35050266700000066,0.22264507700003833,0.006867202000023553,0.009124106000001575,944.848896,,,cpu,"[147, 156]",147.0,45.0,ok,0.000889875,13.603,S,RandomForestModel,cpu,m6id
batch_cpu,m6id.24xlarge,RandomForestModel,KMersCounts,"{""k"": [1, 2, 3], ""modification_abundance"": true}","{""max_depth"": 10, ""n_estimators"": 100}",immune_modulation_TLR7,192,nucleobase,3,0.8601889629999846,0.35893828700000086,0.22445655100000295,0.009521144000018467,0.009124106000001575,944.86528,,,cpu,"[149, 155]",149.0,43.0,ok,0.000889875,13.603,S,RandomForestModel,cpu,m6id
batch_cpu,m6id.24xlarge,RandomForestModel,KMersCounts,"{""k"": [1, 2, 3], ""modification_abundance"": true}","{""max_depth"": 10, ""n_estimators"": 100}",immune_modulation_TLR7,192,nucleobase,4,1.0190412679999667,0.37120267799997464,0.24818705400002727,0.007139500999983284,0.009124106000001575,944.902144,,,cpu,"[162, 156]",162.0,30.0,ok,0.000889875,13.603,S,RandomForestModel,cpu,m6id
batch_cpu,m6id.24xlarge,RandomForestModel,KMersCounts,"{""k"": [1, 2, 3], ""modification_abundance"": false}","{""max_depth"": 10, ""n_estimators"": 500}",immune_modulation_TLR7,192,nucleobase,0,2.037059174000035,0.28999786100001756,1.4381130410000083,0.03229279999999335,0.009054278000007798,950.362112,,,cpu,"[156, 152]",156.0,36.0,ok,0.0008569167,17.17,S,RandomForestModel,cpu,m6id
batch_cpu,m6id.24xlarge,RandomForestModel,KMersCounts,"{""k"": [1, 2, 3], ""modification_abundance"": false}","{""max_depth"": 10, ""n_estimators"": 500}",immune_modulation_TLR7,192,nucleobase,1,1.8896414209999648,0.2771945480000113,1.3197822820000056,0.03043708100000231,0.009054278000007798,951.242752,,,cpu,"[143, 153]",143.0,49.0,ok,0.0008569167,17.17,S,RandomForestModel,cpu,m6id
batch_cpu,m6id.24xlarge,RandomForestModel,KMersCounts,"{""k"": [1, 2, 3], ""modification_abundance"": false}","{""max_depth"": 10, ""n_estimators"": 500}",immune_modulation_TLR7,192,nucleobase,2,1.6653210420000164,0.2734840979999831,1.0958463279999933,0.03151353199996265,0.009054278000007798,951.590912,,,cpu,"[147, 152]",147.0,45.0,ok,0.0008569167,17.17,S,RandomForestModel,cpu,m6id
batch_cpu,m6id.24xlarge,RandomForestModel,KMersCounts,"{""k"": [1, 2, 3], ""modification_abundance"": false}","{""max_depth"": 10, ""n_estimators"": 500}",immune_modulation_TLR7,192,nucleobase,3,1.7228860390000023,0.2772141080000097,1.1348707399999967,0.03347425399999793,0.009054278000007798,951.615488,,,cpu,"[149, 151]",149.0,43.0,ok,0.0008569167,17.17,S,RandomForestModel,cpu,m6id
batch_cpu,m6id.24xlarge,RandomForestModel,KMersCounts,"{""k"": [1, 2, 3], ""modification_abundance"": false}","{""max_depth"": 10, ""n_estimators"": 500}",immune_modulation_TLR7,192,nucleobase,4,1.9237237240000127,0.28280849999998736,1.3147268270000154,0.04453688199998851,0.009054278000007798,951.906304,,,cpu,"[162, 152]",162.0,30.0,ok,0.0008569167,17.17,S,RandomForestModel,cpu,m6id
batch_cpu,m6id.24xlarge,RandomForestModel,KMersCounts,"{""k"": [1, 2, 3], ""modification_abundance"": false}","{""max_depth"": 10, ""n_estimators"": 500}",immune_modulation_TLR7,192,nucleobase,0,2.037059174000035,0.28999786100001756,1.4381130410000083,0.03229279999999335,0.009054278000007798,950.362112,,,cpu,"[156, 152]",156.0,36.0,ok,0.0008569167,17.17,S,RandomForestModel,cpu,m6id
batch_cpu,m6id.24xlarge,RandomForestModel,KMersCounts,"{""k"": [1, 2, 3], ""modification_abundance"": false}","{""max_depth"": 10, ""n_estimators"": 500}",immune_modulation_TLR7,192,nucleobase,1,1.8896414209999648,0.2771945480000113,1.3197822820000056,0.03043708100000231,0.009054278000007798,951.242752,,,cpu,"[143, 153]",143.0,49.0,ok,0.0008569167,17.17,S,RandomForestModel,cpu,m6id
batch_cpu,m6id.24xlarge,RandomForestModel,KMersCounts,"{""k"": [1, 2, 3], ""modification_abundance"": false}","{""max_depth"": 10, ""n_estimators"": 500}",immune_modulation_TLR7,192,nucleobase,2,1.6653210420000164,0.2734840979999831,1.0958463279999933,0.03151353199996265,0.009054278000007798,951.590912,,,cpu,"[147, 152]",147.0,45.0,ok,0.0008569167,17.17,S,RandomForestModel,cpu,m6id
batch_cpu,m6id.24xlarge,RandomForestModel,KMersCounts,"{""k"": [1, 2, 3], ""modification_abundance"": false}","{""max_depth"": 10, ""n_estimators"": 500}",immune_modulation_TLR7,192,nucleobase,3,1.7228860390000023,0.2772141080000097,1.1348707399999967,0.03347425399999793,0.009054278000007798,951.615488,,,cpu,"[149, 151]",149.0,43.0,ok,0.0008569167,17.17,S,RandomForestModel,cpu,m6id
batch_cpu,m6id.24xlarge,RandomForestModel,KMersCounts,"{""k"": [1, 2, 3], ""modification_abundance"": false}","{""max_depth"": 10, ""n_estimators"": 500}",immune_modulation_TLR7,192,nucleobase,4,1.9237237240000127,0.28280849999998736,1.3147268270000154,0.04453688199998851,0.009054278000007798,951.906304,,,cpu,"[162, 152]",162.0,30.0,ok,0.0008569167,17.17,S,RandomForestModel,cpu,m6id
batch_cpu,c6id.4xlarge,RandomForestModel,KMersCounts,"{""k"": [1, 2], ""modification_abundance"": false}","{""max_depth"": 20, ""n_estimators"": 1000}",immune_modulation_TLR7,192,nucleobase,0,1.7606464979999714,0.25554835599996295,1.1872152249999885,0.05585627599998588,0.006422326999995676,957.947904,,,cpu,"[156, 30]",156.0,36.0,ok,0.001064,14.137,S,RandomForestModel,cpu,c6id
batch_cpu,c6id.4xlarge,RandomForestModel,KMersCounts,"{""k"": [1, 2], ""modification_abundance"": false}","{""max_depth"": 20, ""n_estimators"": 1000}",immune_modulation_TLR7,192,nucleobase,1,1.6530903270000294,0.22856961600001569,1.1310004649999996,0.05407729600000266,0.006422326999995676,958.615552,,,cpu,"[143, 30]",143.0,49.0,ok,0.001064,14.137,S,RandomForestModel,cpu,c6id
batch_cpu,c6id.4xlarge,RandomForestModel,KMersCounts,"{""k"": [1, 2], ""modification_abundance"": false}","{""max_depth"": 20, ""n_estimators"": 1000}",immune_modulation_TLR7,192,nucleobase,2,1.6603201660000195,0.22628659899999093,1.1400181289999978,0.05518561899998531,0.006422326999995676,958.951424,,,cpu,"[147, 30]",147.0,45.0,ok,0.001064,14.137,S,RandomForestModel,cpu,c6id
batch_cpu,c6id.4xlarge,RandomForestModel,KMersCounts,"{""k"": [1, 2], ""modification_abundance"": false}","{""max_depth"": 20, ""n_estimators"": 1000}",immune_modulation_TLR7,192,nucleobase,3,1.6666560500000287,0.227305379000029,1.1455862299999922,0.055299013999956514,0.006422326999995676,958.992384,,,cpu,"[149, 30]",149.0,43.0,ok,0.001064,14.137,S,RandomForestModel,cpu,c6id
batch_cpu,c6id.4xlarge,RandomForestModel,KMersCounts,"{""k"": [1, 2], ""modification_abundance"": false}","{""max_depth"": 20, ""n_estimators"": 1000}",immune_modulation_TLR7,192,nucleobase,4,1.718098058999999,0.22756540800003222,1.1975326980000318,0.05463420299997779,0.006422326999995676,959.54944,,,cpu,"[162, 30]",162.0,30.0,ok,0.001064,14.137,S,RandomForestModel,cpu,c6id
batch_cpu,c6id.4xlarge,RandomForestModel,KMersCounts,"{""k"": [1, 2], ""modification_abundance"": false}","{""max_depth"": 20, ""n_estimators"": 1000}",immune_modulation_TLR7,192,nucleobase,0,1.7606464979999714,0.25554835599996295,1.1872152249999885,0.05585627599998588,0.006422326999995676,957.947904,,,cpu,"[156, 30]",156.0,36.0,ok,0.001064,14.137,S,RandomForestModel,cpu,c6id
batch_cpu,c6id.4xlarge,RandomForestModel,KMersCounts,"{""k"": [1, 2], ""modification_abundance"": false}","{""max_depth"": 20, ""n_estimators"": 1000}",immune_modulation_TLR7,192,nucleobase,1,1.6530903270000294,0.22856961600001569,1.1310004649999996,0.05407729600000266,0.006422326999995676,958.615552,,,cpu,"[143, 30]",143.0,49.0,ok,0.001064,14.137,S,RandomForestModel,cpu,c6id
batch_cpu,c6id.4xlarge,RandomForestModel,KMersCounts,"{""k"": [1, 2], ""modification_abundance"": false}","{""max_depth"": 20, ""n_estimators"": 1000}",immune_modulation_TLR7,192,nucleobase,2,1.6603201660000195,0.22628659899999093,1.1400181289999978,0.05518561899998531,0.006422326999995676,958.951424,,,cpu,"[147, 30]",147.0,45.0,ok,0.001064,14.137,S,RandomForestModel,cpu,c6id
batch_cpu,c6id.4xlarge,RandomForestModel,KMersCounts,"{""k"": [1, 2], ""modification_abundance"": false}","{""max_depth"": 20, ""n_estimators"": 1000}",immune_modulation_TLR7,192,nucleobase,3,1.6666560500000287,0.227305379000029,1.1455862299999922,0.055299013999956514,0.006422326999995676,958.992384,,,cpu,"[149, 30]",149.0,43.0,ok,0.001064,14.137,S,RandomForestModel,cpu,c6id
batch_cpu,c6id.4xlarge,RandomForestModel,KMersCounts,"{""k"": [1, 2], ""modification_abundance"": false}","{""max_depth"": 20, ""n_estimators"": 1000}",immune_modulation_TLR7,192,nucleobase,4,1.718098058999999,0.22756540800003222,1.1975326980000318,0.05463420299997779,0.006422326999995676,959.54944,,,cpu,"[162, 30]",162.0,30.0,ok,0.001064,14.137,S,RandomForestModel,cpu,c6id
batch_cpu,m6id.24xlarge,XGBoostModel,KMersCounts,"{""k"": [1], ""modification_abundance"": true}","{""max_depth"": 30, ""n_estimators"": 100}",immune_modulation_TLR7,192,nucleobase,0,0.6801538189999974,0.3529945459999908,0.030617817000006653,0.001751420000005055,0.008572297000000617,941.617152,,,cpu,"[156, 9]",156.0,36.0,ok,0.0005602917,11.506,S,XGBoostModel,cpu,m6id
batch_cpu,m6id.24xlarge,XGBoostModel,KMersCounts,"{""k"": [1], ""modification_abundance"": true}","{""max_depth"": 30, ""n_estimators"": 100}",immune_modulation_TLR7,192,nucleobase,1,0.6597698190000187,0.35006364599996687,0.029130441000006613,0.0019086259999880895,0.008572297000000617,949.907456,,,cpu,"[143, 9]",143.0,49.0,ok,0.0005602917,11.506,S,XGBoostModel,cpu,m6id
batch_cpu,m6id.24xlarge,XGBoostModel,KMersCounts,"{""k"": [1], ""modification_abundance"": true}","{""max_depth"": 30, ""n_estimators"": 100}",immune_modulation_TLR7,192,nucleobase,2,0.6162717479999742,0.31906456500001923,0.02649932299999591,0.00139959299997372,0.008572297000000617,950.583296,,,cpu,"[147, 9]",147.0,45.0,ok,0.0005602917,11.506,S,XGBoostModel,cpu,m6id
batch_cpu,m6id.24xlarge,XGBoostModel,KMersCounts,"{""k"": [1], ""modification_abundance"": true}","{""max_depth"": 30, ""n_estimators"": 100}",immune_modulation_TLR7,192,nucleobase,3,0.609948739999993,0.3164146320000327,0.027220279999994546,0.0014179199999944103,0.008572297000000617,950.898688,,,cpu,"[149, 9]",149.0,43.0,ok,0.0005602917,11.506,S,XGBoostModel,cpu,m6id
batch_cpu,m6id.24xlarge,XGBoostModel,KMersCounts,"{""k"": [1], ""modification_abundance"": true}","{""max_depth"": 30, ""n_estimators"": 100}",immune_modulation_TLR7,192,nucleobase,4,0.6143294450000099,0.3222709850000456,0.03046294000000671,0.001346968999996534,0.008572297000000617,950.94784,,,cpu,"[162, 9]",162.0,30.0,ok,0.0005602917,11.506,S,XGBoostModel,cpu,m6id
batch_cpu,m6id.24xlarge,XGBoostModel,KMersCounts,"{""k"": [1], ""modification_abundance"": true}","{""max_depth"": 30, ""n_estimators"": 100}",immune_modulation_TLR7,192,nucleobase,0,0.6801538189999974,0.3529945459999908,0.030617817000006653,0.001751420000005055,0.008572297000000617,941.617152,,,cpu,"[156, 9]",156.0,36.0,ok,0.0005602917,11.506,S,XGBoostModel,cpu,m6id
batch_cpu,m6id.24xlarge,XGBoostModel,KMersCounts,"{""k"": [1], ""modification_abundance"": true}","{""max_depth"": 30, ""n_estimators"": 100}",immune_modulation_TLR7,192,nucleobase,1,0.6597698190000187,0.35006364599996687,0.029130441000006613,0.0019086259999880895,0.008572297000000617,949.907456,,,cpu,"[143, 9]",143.0,49.0,ok,0.0005602917,11.506,S,XGBoostModel,cpu,m6id
batch_cpu,m6id.24xlarge,XGBoostModel,KMersCounts,"{""k"": [1], ""modification_abundance"": true}","{""max_depth"": 30, ""n_estimators"": 100}",immune_modulation_TLR7,192,nucleobase,2,0.6162717479999742,0.31906456500001923,0.02649932299999591,0.00139959299997372,0.008572297000000617,950.583296,,,cpu,"[147, 9]",147.0,45.0,ok,0.0005602917,11.506,S,XGBoostModel,cpu,m6id
batch_cpu,m6id.24xlarge,XGBoostModel,KMersCounts,"{""k"": [1], ""modification_abundance"": true}","{""max_depth"": 30, ""n_estimators"": 100}",immune_modulation_TLR7,192,nucleobase,3,0.609948739999993,0.3164146320000327,0.027220279999994546,0.0014179199999944103,0.008572297000000617,950.898688,,,cpu,"[149, 9]",149.0,43.0,ok,0.0005602917,11.506,S,XGBoostModel,cpu,m6id
batch_cpu,m6id.24xlarge,XGBoostModel,KMersCounts,"{""k"": [1], ""modification_abundance"": true}","{""max_depth"": 30, ""n_estimators"": 100}",immune_modulation_TLR7,192,nucleobase,4,0.6143294450000099,0.3222709850000456,0.03046294000000671,0.001346968999996534,0.008572297000000617,950.94784,,,cpu,"[162, 9]",162.0,30.0,ok,0.0005602917,11.506,S,XGBoostModel,cpu,m6id
batch_cpu,c6id.24xlarge,XGBoostModel,KMersCounts,"{""k"": [1], ""modification_abundance"": false}","{""max_depth"": 20, ""n_estimators"": 500}",immune_modulation_TLR7,192,random,0,0.2917407270001604,0.24299064399974668,0.0469589320000523,0.0015338779999183316,0.006731554999987566,939.573248,,,cpu,"[154, 5]",154.0,38.0,ok,0.000448,7.63,S,XGBoostModel,cpu,c6id
batch_cpu,c6id.24xlarge,XGBoostModel,KMersCounts,"{""k"": [1], ""modification_abundance"": false}","{""max_depth"": 20, ""n_estimators"": 500}",immune_modulation_TLR7,192,random,1,0.28274832399984007,0.23608515400019314,0.044931045999874186,0.0014772250001442444,0.006731554999987566,950.571008,,,cpu,"[154, 5]",154.0,38.0,ok,0.000448,7.63,S,XGBoostModel,cpu,c6id
batch_cpu,c6id.24xlarge,XGBoostModel,KMersCounts,"{""k"": [1], ""modification_abundance"": false}","{""max_depth"": 20, ""n_estimators"": 500}",immune_modulation_TLR7,192,random,2,0.2794607690002522,0.23361764299988863,0.04407684500029063,0.0015452439997716283,0.006731554999987566,950.775808,,,cpu,"[154, 5]",154.0,38.0,ok,0.000448,7.63,S,XGBoostModel,cpu,c6id
batch_cpu,c6id.24xlarge,XGBoostModel,KMersCounts,"{""k"": [1], ""modification_abundance"": false}","{""max_depth"": 20, ""n_estimators"": 500}",immune_modulation_TLR7,192,random,3,0.2861546230001295,0.23912938800003758,0.04523088399992048,0.0015737610001451685,0.006731554999987566,950.820864,,,cpu,"[154, 5]",154.0,38.0,ok,0.000448,7.63,S,XGBoostModel,cpu,c6id
batch_cpu,c6id.24xlarge,XGBoostModel,KMersCounts,"{""k"": [1], ""modification_abundance"": false}","{""max_depth"": 20, ""n_estimators"": 500}",immune_modulation_TLR7,192,random,4,0.2845188250003048,0.23863870100012718,0.04416977900018537,0.001496088999829226,0.006731554999987566,950.82496,,,cpu,"[154, 5]",154.0,38.0,ok,0.000448,7.63,S,XGBoostModel,cpu,c6id
batch_cpu,c6id.24xlarge,XGBoostModel,KMersCounts,"{""k"": [1], ""modification_abundance"": false}","{""max_depth"": 20, ""n_estimators"": 500}",immune_modulation_TLR7,192,random,0,0.2917407270001604,0.24299064399974668,0.0469589320000523,0.0015338779999183316,0.006731554999987566,939.573248,,,cpu,"[154, 5]",154.0,38.0,ok,0.000448,7.63,S,XGBoostModel,cpu,c6id
batch_cpu,c6id.24xlarge,XGBoostModel,KMersCounts,"{""k"": [1], ""modification_abundance"": false}","{""max_depth"": 20, ""n_estimators"": 500}",immune_modulation_TLR7,192,random,1,0.28274832399984007,0.23608515400019314,0.044931045999874186,0.0014772250001442444,0.006731554999987566,950.571008,,,cpu,"[154, 5]",154.0,38.0,ok,0.000448,7.63,S,XGBoostModel,cpu,c6id
batch_cpu,c6id.24xlarge,XGBoostModel,KMersCounts,"{""k"": [1], ""modification_abundance"": false}","{""max_depth"": 20, ""n_estimators"": 500}",immune_modulation_TLR7,192,random,2,0.2794607690002522,0.23361764299988863,0.04407684500029063,0.0015452439997716283,0.006731554999987566,950.775808,,,cpu,"[154, 5]",154.0,38.0,ok,0.000448,7.63,S,XGBoostModel,cpu,c6id
batch_cpu,c6id.24xlarge,XGBoostModel,KMersCounts,"{""k"": [1], ""modification_abundance"": false}","{""max_depth"": 20, ""n_estimators"": 500}",immune_modulation_TLR7,192,random,3,0.2861546230001295,0.23912938800003758,0.04523088399992048,0.0015737610001451685,0.006731554999987566,950.820864,,,cpu,"[154, 5]",154.0,38.0,ok,0.000448,7.63,S,XGBoostModel,cpu,c6id
batch_cpu,c6id.24xlarge,XGBoostModel,KMersCounts,"{""k"": [1], ""modification_abundance"": false}","{""max_depth"": 20, ""n_estimators"": 500}",immune_modulation_TLR7,192,random,4,0.2845188250003048,0.23863870100012718,0.04416977900018537,0.001496088999829226,0.006731554999987566,950.82496,,,cpu,"[154, 5]",154.0,38.0,ok,0.000448,7.63,S,XGBoostModel,cpu,c6id
batch_cpu,m6id.24xlarge,LinearModel,OneHotEncoder,"{""encode_components"": [""base"", ""sugar"", ""phosphate""]}","{""type"": ""ridge""}",siRNA1,2431,nucleobase,0,15.72362414099996,9.002608715999997,0.014474839000001793,0.002506508000010399,0.08859447499997941,975.802368,,,cpu,"[1777, 378]",1777.0,654.0,ok,0.0028344166,78.9,M,LinearModel,cpu,m6id
batch_cpu,m6id.24xlarge,LinearModel,OneHotEncoder,"{""encode_components"": [""base"", ""sugar"", ""phosphate""]}","{""type"": ""ridge""}",siRNA1,2431,nucleobase,1,13.996842838999953,9.30705279800003,0.016546877999985554,0.0026104199999963384,0.08859447499997941,982.900736,,,cpu,"[1923, 378]",1923.0,508.0,ok,0.0028344166,78.9,M,LinearModel,cpu,m6id
batch_cpu,m6id.24xlarge,LinearModel,OneHotEncoder,"{""encode_components"": [""base"", ""sugar"", ""phosphate""]}","{""type"": ""ridge""}",siRNA1,2431,nucleobase,2,13.646489568999982,9.083472881999967,0.017578670999967017,0.002676038000004155,0.08859447499997941,984.399872,,,cpu,"[2011, 378]",2011.0,420.0,ok,0.0028344166,78.9,M,LinearModel,cpu,m6id
batch_cpu,m6id.24xlarge,LinearModel,OneHotEncoder,"{""encode_components"": [""base"", ""sugar"", ""phosphate""]}","{""type"": ""ridge""}",siRNA1,2431,nucleobase,3,13.751338096999973,9.063296331000004,0.013716103999968254,0.003440469999986817,0.08859447499997941,986.566656,,,cpu,"[1914, 378]",1914.0,517.0,ok,0.0028344166,78.9,M,LinearModel,cpu,m6id
batch_cpu,m6id.24xlarge,LinearModel,OneHotEncoder,"{""encode_components"": [""base"", ""sugar"", ""phosphate""]}","{""type"": ""ridge""}",siRNA1,2431,nucleobase,4,13.175191419999976,8.709055786000022,0.016038810999987163,0.0035811329999546615,0.08859447499997941,985.849856,,,cpu,"[1902, 378]",1902.0,529.0,ok,0.0028344166,78.9,M,LinearModel,cpu,m6id
batch_cpu,m6id.24xlarge,LinearModel,OneHotEncoder,"{""encode_components"": [""base"", ""sugar"", ""phosphate""]}","{""type"": ""ridge""}",siRNA1,2431,nucleobase,0,15.72362414099996,9.002608715999997,0.014474839000001793,0.002506508000010399,0.08859447499997941,975.802368,,,cpu,"[1777, 378]",1777.0,654.0,ok,0.0028344166,78.9,M,LinearModel,cpu,m6id
batch_cpu,m6id.24xlarge,LinearModel,OneHotEncoder,"{""encode_components"": [""base"", ""sugar"", ""phosphate""]}","{""type"": ""ridge""}",siRNA1,2431,nucleobase,1,13.996842838999953,9.30705279800003,0.016546877999985554,0.0026104199999963384,0.08859447499997941,982.900736,,,cpu,"[1923, 378]",1923.0,508.0,ok,0.0028344166,78.9,M,LinearModel,cpu,m6id
batch_cpu,m6id.24xlarge,LinearModel,OneHotEncoder,"{""encode_components"": [""base"", ""sugar"", ""phosphate""]}","{""type"": ""ridge""}",siRNA1,2431,nucleobase,2,13.646489568999982,9.083472881999967,0.017578670999967017,0.002676038000004155,0.08859447499997941,984.399872,,,cpu,"[2011, 378]",2011.0,420.0,ok,0.0028344166,78.9,M,LinearModel,cpu,m6id
batch_cpu,m6id.24xlarge,LinearModel,OneHotEncoder,"{""encode_components"": [""base"", ""sugar"", ""phosphate""]}","{""type"": ""ridge""}",siRNA1,2431,nucleobase,3,13.751338096999973,9.063296331000004,0.013716103999968254,0.003440469999986817,0.08859447499997941,986.566656,,,cpu,"[1914, 378]",1914.0,517.0,ok,0.0028344166,78.9,M,LinearModel,cpu,m6id
batch_cpu,m6id.24xlarge,LinearModel,OneHotEncoder,"{""encode_components"": [""base"", ""sugar"", ""phosphate""]}","{""type"": ""ridge""}",siRNA1,2431,nucleobase,4,13.175191419999976,8.709055786000022,0.016038810999987163,0.0035811329999546615,0.08859447499997941,985.849856,,,cpu,"[1902, 378]",1902.0,529.0,ok,0.0028344166,78.9,M,LinearModel,cpu,m6id
batch_cpu,c6id.24xlarge,XGBoostModel,KMersCounts,"{""k"": [1, 2], ""modification_abundance"": false}","{""max_depth"": 30, ""n_estimators"": 1000}",immune_modulation_TLR7,192,nucleobase,0,0.5847224140002254,0.238717921999978,0.08170248400028868,0.0015796970001247246,0.006643675000304938,946.102272,,,cpu,"[156, 30]",156.0,36.0,ok,0.001008,9.151,S,XGBoostModel,cpu,c6id
batch_cpu,c6id.24xlarge,XGBoostModel,KMersCounts,"{""k"": [1, 2], ""modification_abundance"": false}","{""max_depth"": 30, ""n_estimators"": 1000}",immune_modulation_TLR7,192,nucleobase,1,0.5656869800000095,0.23899472599987348,0.07361855299996023,0.001684001999819884,0.006643675000304938,955.441152,,,cpu,"[143, 30]",143.0,49.0,ok,0.001008,9.151,S,XGBoostModel,cpu,c6id
batch_cpu,c6id.24xlarge,XGBoostModel,KMersCounts,"{""k"": [1, 2], ""modification_abundance"": false}","{""max_depth"": 30, ""n_estimators"": 1000}",immune_modulation_TLR7,192,nucleobase,2,0.5563788179997573,0.23338507900007244,0.07498554499989041,0.001661190000049828,0.006643675000304938,955.817984,,,cpu,"[147, 30]",147.0,45.0,ok,0.001008,9.151,S,XGBoostModel,cpu,c6id
batch_cpu,c6id.24xlarge,XGBoostModel,KMersCounts,"{""k"": [1, 2], ""modification_abundance"": false}","{""max_depth"": 30, ""n_estimators"": 1000}",immune_modulation_TLR7,192,nucleobase,3,0.5688747260001037,0.24143592500013256,0.07337607699992077,0.0017402539997419808,0.006643675000304938,955.86304,,,cpu,"[149, 30]",149.0,43.0,ok,0.001008,9.151,S,XGBoostModel,cpu,c6id
batch_cpu,c6id.24xlarge,XGBoostModel,KMersCounts,"{""k"": [1, 2], ""modification_abundance"": false}","{""max_depth"": 30, ""n_estimators"": 1000}",immune_modulation_TLR7,192,nucleobase,4,0.5673794290000842,0.2350596409996797,0.07961490299976504,0.0017200040001625894,0.006643675000304938,955.867136,,,cpu,"[162, 30]",162.0,30.0,ok,0.001008,9.151,S,XGBoostModel,cpu,c6id
batch_cpu,c6id.24xlarge,XGBoostModel,KMersCounts,"{""k"": [1, 2], ""modification_abundance"": false}","{""max_depth"": 30, ""n_estimators"": 1000}",immune_modulation_TLR7,192,nucleobase,0,0.5847224140002254,0.238717921999978,0.08170248400028868,0.0015796970001247246,0.006643675000304938,946.102272,,,cpu,"[156, 30]",156.0,36.0,ok,0.001008,9.151,S,XGBoostModel,cpu,c6id
batch_cpu,c6id.24xlarge,XGBoostModel,KMersCounts,"{""k"": [1, 2], ""modification_abundance"": false}","{""max_depth"": 30, ""n_estimators"": 1000}",immune_modulation_TLR7,192,nucleobase,1,0.5656869800000095,0.23899472599987348,0.07361855299996023,0.001684001999819884,0.006643675000304938,955.441152,,,cpu,"[143, 30]",143.0,49.0,ok,0.001008,9.151,S,XGBoostModel,cpu,c6id
batch_cpu,c6id.24xlarge,XGBoostModel,KMersCounts,"{""k"": [1, 2], ""modification_abundance"": false}","{""max_depth"": 30, ""n_estimators"": 1000}",immune_modulation_TLR7,192,nucleobase,2,0.5563788179997573,0.23338507900007244,0.07498554499989041,0.001661190000049828,0.006643675000304938,955.817984,,,cpu,"[147, 30]",147.0,45.0,ok,0.001008,9.151,S,XGBoostModel,cpu,c6id
batch_cpu,c6id.24xlarge,XGBoostModel,KMersCounts,"{""k"": [1, 2], ""modification_abundance"": false}","{""max_depth"": 30, ""n_estimators"": 1000}",immune_modulation_TLR7,192,nucleobase,3,0.5688747260001037,0.24143592500013256,0.07337607699992077,0.0017402539997419808,0.006643675000304938,955.86304,,,cpu,"[149, 30]",149.0,43.0,ok,0.001008,9.151,S,XGBoostModel,cpu,c6id
batch_cpu,c6id.24xlarge,XGBoostModel,KMersCounts,"{""k"": [1, 2], ""modification_abundance"": false}","{""max_depth"": 30, ""n_estimators"": 1000}",immune_modulation_TLR7,192,nucleobase,4,0.5673794290000842,0.2350596409996797,0.07961490299976504,0.0017200040001625894,0.006643675000304938,955.867136,,,cpu,"[162, 30]",162.0,30.0,ok,0.001008,9.151,S,XGBoostModel,cpu,c6id
batch_cpu,m6id.24xlarge,LinearModel,OneHotEncoder,"{""encode_components"": [""base"", ""sugar"", ""phosphate""]}","{""type"": ""standard""}",siRNA1,2431,nucleobase,0,15.750599468000019,9.29872303999997,0.0448869059999879,0.003584932999956436,0.061371474999987186,981.0944,,,cpu,"[1777, 378]",1777.0,654.0,ok,0.0029003333,78.119,M,LinearModel,cpu,m6id
batch_cpu,m6id.24xlarge,LinearModel,OneHotEncoder,"{""encode_components"": [""base"", ""sugar"", ""phosphate""]}","{""type"": ""standard""}",siRNA1,2431,nucleobase,1,13.84759183600005,9.366758576999985,0.04539991199999349,0.0026493850000406383,0.061371474999987186,982.237184,,,cpu,"[1923, 378]",1923.0,508.0,ok,0.0029003333,78.119,M,LinearModel,cpu,m6id
batch_cpu,m6id.24xlarge,LinearModel,OneHotEncoder,"{""encode_components"": [""base"", ""sugar"", ""phosphate""]}","{""type"": ""standard""}",siRNA1,2431,nucleobase,2,13.267628072000036,8.719705126000008,0.038361485999985234,0.0020431400000120448,0.061371474999987186,982.69184,,,cpu,"[2011, 378]",2011.0,420.0,ok,0.0029003333,78.119,M,LinearModel,cpu,m6id
batch_cpu,m6id.24xlarge,LinearModel,OneHotEncoder,"{""encode_components"": [""base"", ""sugar"", ""phosphate""]}","{""type"": ""standard""}",siRNA1,2431,nucleobase,3,13.272116245000007,8.940911471999982,0.05626449300001468,0.0026895280000189814,0.061371474999987186,988.30336,,,cpu,"[1914, 378]",1914.0,517.0,ok,0.0029003333,78.119,M,LinearModel,cpu,m6id
batch_cpu,m6id.24xlarge,LinearModel,OneHotEncoder,"{""encode_components"": [""base"", ""sugar"", ""phosphate""]}","{""type"": ""standard""}",siRNA1,2431,nucleobase,4,13.72378594199995,9.114771907999966,0.04442112600003156,0.0029450650000057976,0.061371474999987186,988.07808,,,cpu,"[1902, 378]",1902.0,529.0,ok,0.0029003333,78.119,M,LinearModel,cpu,m6id
batch_cpu,m6id.24xlarge,LinearModel,OneHotEncoder,"{""encode_components"": [""base"", ""sugar"", ""phosphate""]}","{""type"": ""standard""}",siRNA1,2431,nucleobase,0,15.750599468000019,9.29872303999997,0.0448869059999879,0.003584932999956436,0.061371474999987186,981.0944,,,cpu,"[1777, 378]",1777.0,654.0,ok,0.0029003333,78.119,M,LinearModel,cpu,m6id
batch_cpu,m6id.24xlarge,LinearModel,OneHotEncoder,"{""encode_components"": [""base"", ""sugar"", ""phosphate""]}","{""type"": ""standard""}",siRNA1,2431,nucleobase,1,13.84759183600005,9.366758576999985,0.04539991199999349,0.0026493850000406383,0.061371474999987186,982.237184,,,cpu,"[1923, 378]",1923.0,508.0,ok,0.0029003333,78.119,M,LinearModel,cpu,m6id
batch_cpu,m6id.24xlarge,LinearModel,OneHotEncoder,"{""encode_components"": [""base"", ""sugar"", ""phosphate""]}","{""type"": ""standard""}",siRNA1,2431,nucleobase,2,13.267628072000036,8.719705126000008,0.038361485999985234,0.0020431400000120448,0.061371474999987186,982.69184,,,cpu,"[2011, 378]",2011.0,420.0,ok,0.0029003333,78.119,M,LinearModel,cpu,m6id
batch_cpu,m6id.24xlarge,LinearModel,OneHotEncoder,"{""encode_components"": [""base"", ""sugar"", ""phosphate""]}","{""type"": ""standard""}",siRNA1,2431,nucleobase,3,13.272116245000007,8.940911471999982,0.05626449300001468,0.0026895280000189814,0.061371474999987186,988.30336,,,cpu,"[1914, 378]",1914.0,517.0,ok,0.0029003333,78.119,M,LinearModel,cpu,m6id
batch_cpu,m6id.24xlarge,LinearModel,OneHotEncoder,"{""encode_components"": [""base"", ""sugar"", ""phosphate""]}","{""type"": ""standard""}",siRNA1,2431,nucleobase,4,13.72378594199995,9.114771907999966,0.04442112600003156,0.0029450650000057976,0.061371474999987186,988.07808,,,cpu,"[1902, 378]",1902.0,529.0,ok,0.0029003333,78.119,M,LinearModel,cpu,m6id
batch_cpu,m6id.24xlarge,NearestNeighborsModel,OneHotEncoder,"{""encode_components"": [""base""]}","{""n_neighbors"": 5}",siRNA1,2431,random,0,10.51091702499997,10.359515577000025,0.001237590000016553,0.14955838599996696,0.08386480000001484,1031.790592,,,cpu,"[1945, 210]",1945.0,486.0,ok,0.0018456667,49.527,M,NearestNeighborsModel,cpu,m6id
batch_cpu,m6id.24xlarge,NearestNeighborsModel,OneHotEncoder,"{""encode_components"": [""base""]}","{""n_neighbors"": 5}",siRNA1,2431,random,1,8.520190715000012,8.40210287299999,0.0003985540000144283,0.11696408799997471,0.08386480000001484,1006.702592,,,cpu,"[1945, 210]",1945.0,486.0,ok,0.0018456667,49.527,M,NearestNeighborsModel,cpu,m6id
batch_cpu,m6id.24xlarge,NearestNeighborsModel,OneHotEncoder,"{""encode_components"": [""base""]}","{""n_neighbors"": 5}",siRNA1,2431,random,2,7.939785927000003,7.819448328000021,0.000327542999968955,0.11957249900001443,0.08386480000001484,1003.86816,,,cpu,"[1945, 210]",1945.0,486.0,ok,0.0018456667,49.527,M,NearestNeighborsModel,cpu,m6id
batch_cpu,m6id.24xlarge,NearestNeighborsModel,OneHotEncoder,"{""encode_components"": [""base""]}","{""n_neighbors"": 5}",siRNA1,2431,random,3,7.4132232000000045,7.301401353000017,0.00031849000004058325,0.1111239619999651,0.08386480000001484,1011.462144,,,cpu,"[1945, 210]",1945.0,486.0,ok,0.0018456667,49.527,M,NearestNeighborsModel,cpu,m6id
batch_cpu,m6id.24xlarge,NearestNeighborsModel,OneHotEncoder,"{""encode_components"": [""base""]}","{""n_neighbors"": 5}",siRNA1,2431,random,4,7.449988516000019,7.340071617000035,0.0003416209999613784,0.1092101630000002,0.08386480000001484,1007.296512,,,cpu,"[1945, 210]",1945.0,486.0,ok,0.0018456667,49.527,M,NearestNeighborsModel,cpu,m6id
batch_cpu,m6id.24xlarge,NearestNeighborsModel,OneHotEncoder,"{""encode_components"": [""base""]}","{""n_neighbors"": 5}",siRNA1,2431,random,0,10.51091702499997,10.359515577000025,0.001237590000016553,0.14955838599996696,0.08386480000001484,1031.790592,,,cpu,"[1945, 210]",1945.0,486.0,ok,0.0018456667,49.527,M,NearestNeighborsModel,cpu,m6id
batch_cpu,m6id.24xlarge,NearestNeighborsModel,OneHotEncoder,"{""encode_components"": [""base""]}","{""n_neighbors"": 5}",siRNA1,2431,random,1,8.520190715000012,8.40210287299999,0.0003985540000144283,0.11696408799997471,0.08386480000001484,1006.702592,,,cpu,"[1945, 210]",1945.0,486.0,ok,0.0018456667,49.527,M,NearestNeighborsModel,cpu,m6id
batch_cpu,m6id.24xlarge,NearestNeighborsModel,OneHotEncoder,"{""encode_components"": [""base""]}","{""n_neighbors"": 5}",siRNA1,2431,random,2,7.939785927000003,7.819448328000021,0.000327542999968955,0.11957249900001443,0.08386480000001484,1003.86816,,,cpu,"[1945, 210]",1945.0,486.0,ok,0.0018456667,49.527,M,NearestNeighborsModel,cpu,m6id
batch_cpu,m6id.24xlarge,NearestNeighborsModel,OneHotEncoder,"{""encode_components"": [""base""]}","{""n_neighbors"": 5}",siRNA1,2431,random,3,7.4132232000000045,7.301401353000017,0.00031849000004058325,0.1111239619999651,0.08386480000001484,1011.462144,,,cpu,"[1945, 210]",1945.0,486.0,ok,0.0018456667,49.527,M,NearestNeighborsModel,cpu,m6id
batch_cpu,m6id.24xlarge,NearestNeighborsModel,OneHotEncoder,"{""encode_components"": [""base""]}","{""n_neighbors"": 5}",siRNA1,2431,random,4,7.449988516000019,7.340071617000035,0.0003416209999613784,0.1092101630000002,0.08386480000001484,1007.296512,,,cpu,"[1945, 210]",1945.0,486.0,ok,0.0018456667,49.527,M,NearestNeighborsModel,cpu,m6id
batch_cpu,c6id.24xlarge,LinearModel,OneHotEncoder,"{""encode_components"": [""base""]}","{""type"": ""ridge""}",immune_modulation_TLR7,192,nucleobase,0,0.7061812659999305,0.43589578799992523,0.0017003219995785912,0.0003727949997482938,0.00666905299976861,942.002176,,,cpu,"[156, 100]",156.0,36.0,ok,0.001064,10.521,S,LinearModel,cpu,c6id
batch_cpu,c6id.24xlarge,LinearModel,OneHotEncoder,"{""encode_components"": [""base""]}","{""type"": ""ridge""}",immune_modulation_TLR7,192,nucleobase,1,0.6687250059999315,0.40694042200038893,0.0011381839999557997,0.00019019500041395077,0.00666905299976861,944.136192,,,cpu,"[143, 100]",143.0,49.0,ok,0.001064,10.521,S,LinearModel,cpu,c6id
batch_cpu,c6id.24xlarge,LinearModel,OneHotEncoder,"{""encode_components"": [""base""]}","{""type"": ""ridge""}",immune_modulation_TLR7,192,nucleobase,2,0.6815903179999623,0.421805336000034,0.0011464799999885145,0.0001793520000319404,0.00666905299976861,944.652288,,,cpu,"[147, 100]",147.0,45.0,ok,0.001064,10.521,S,LinearModel,cpu,c6id
batch_cpu,c6id.24xlarge,LinearModel,OneHotEncoder,"{""encode_components"": [""base""]}","{""type"": ""ridge""}",immune_modulation_TLR7,192,nucleobase,3,0.6804044919999797,0.4220805790000668,0.0013064549998489383,0.00024200200004997896,0.00666905299976861,944.734208,,,cpu,"[149, 100]",149.0,43.0,ok,0.001064,10.521,S,LinearModel,cpu,c6id
batch_cpu,c6id.24xlarge,LinearModel,OneHotEncoder,"{""encode_components"": [""base""]}","{""type"": ""ridge""}",immune_modulation_TLR7,192,nucleobase,4,0.6778156539999145,0.41677618099993197,0.0011330420002195751,0.00018397399981040508,0.00666905299976861,944.812032,,,cpu,"[162, 100]",162.0,30.0,ok,0.001064,10.521,S,LinearModel,cpu,c6id
batch_cpu,c6id.24xlarge,LinearModel,OneHotEncoder,"{""encode_components"": [""base""]}","{""type"": ""ridge""}",immune_modulation_TLR7,192,nucleobase,0,0.7061812659999305,0.43589578799992523,0.0017003219995785912,0.0003727949997482938,0.00666905299976861,942.002176,,,cpu,"[156, 100]",156.0,36.0,ok,0.001064,10.521,S,LinearModel,cpu,c6id
batch_cpu,c6id.24xlarge,LinearModel,OneHotEncoder,"{""encode_components"": [""base""]}","{""type"": ""ridge""}",immune_modulation_TLR7,192,nucleobase,1,0.6687250059999315,0.40694042200038893,0.0011381839999557997,0.00019019500041395077,0.00666905299976861,944.136192,,,cpu,"[143, 100]",143.0,49.0,ok,0.001064,10.521,S,LinearModel,cpu,c6id
batch_cpu,c6id.24xlarge,LinearModel,OneHotEncoder,"{""encode_components"": [""base""]}","{""type"": ""ridge""}",immune_modulation_TLR7,192,nucleobase,2,0.6815903179999623,0.421805336000034,0.0011464799999885145,0.0001793520000319404,0.00666905299976861,944.652288,,,cpu,"[147, 100]",147.0,45.0,ok,0.001064,10.521,S,LinearModel,cpu,c6id
batch_cpu,c6id.24xlarge,LinearModel,OneHotEncoder,"{""encode_components"": [""base""]}","{""type"": ""ridge""}",immune_modulation_TLR7,192,nucleobase,3,0.6804044919999797,0.4220805790000668,0.0013064549998489383,0.00024200200004997896,0.00666905299976861,944.734208,,,cpu,"[149, 100]",149.0,43.0,ok,0.001064,10.521,S,LinearModel,cpu,c6id
batch_cpu,c6id.24xlarge,LinearModel,OneHotEncoder,"{""encode_components"": [""base""]}","{""type"": ""ridge""}",immune_modulation_TLR7,192,nucleobase,4,0.6778156539999145,0.41677618099993197,0.0011330420002195751,0.00018397399981040508,0.00666905299976861,944.812032,,,cpu,"[162, 100]",162.0,30.0,ok,0.001064,10.521,S,LinearModel,cpu,c6id
batch_cpu,c6id.24xlarge,NearestNeighborsModel,OneHotEncoder,"{""encode_components"": [""base"", ""sugar"", ""phosphate""]}","{""n_neighbors"": 10}",siRNA1,2431,random,0,7.942962309999984,7.835200680000071,0.0004715100003522821,0.10680106799964051,0.057936983999752556,1020.489728,,,cpu,"[1945, 378]",1945.0,486.0,ok,0.0027439999,46.794,M,NearestNeighborsModel,cpu,c6id
batch_cpu,c6id.24xlarge,NearestNeighborsModel,OneHotEncoder,"{""encode_components"": [""base"", ""sugar"", ""phosphate""]}","{""n_neighbors"": 10}",siRNA1,2431,random,1,8.059034726000391,7.953395460000138,0.0003293489999123267,0.10492762399962885,0.057936983999752556,1015.00928,,,cpu,"[1945, 378]",1945.0,486.0,ok,0.0027439999,46.794,M,NearestNeighborsModel,cpu,c6id
batch_cpu,c6id.24xlarge,NearestNeighborsModel,OneHotEncoder,"{""encode_components"": [""base"", ""sugar"", ""phosphate""]}","{""n_neighbors"": 10}",siRNA1,2431,random,2,7.906186827000056,7.803163358999882,0.0003228030000173021,0.102241378999679,0.057936983999752556,1024.49152,,,cpu,"[1945, 378]",1945.0,486.0,ok,0.0027439999,46.794,M,NearestNeighborsModel,cpu,c6id
batch_cpu,c6id.24xlarge,NearestNeighborsModel,OneHotEncoder,"{""encode_components"": [""base"", ""sugar"", ""phosphate""]}","{""n_neighbors"": 10}",siRNA1,2431,random,3,7.858536216000175,7.759210732000156,0.00031668200017520576,0.09858301900021615,0.057936983999752556,1026.428928,,,cpu,"[1945, 378]",1945.0,486.0,ok,0.0027439999,46.794,M,NearestNeighborsModel,cpu,c6id
batch_cpu,c6id.24xlarge,NearestNeighborsModel,OneHotEncoder,"{""encode_components"": [""base"", ""sugar"", ""phosphate""]}","{""n_neighbors"": 10}",siRNA1,2431,random,4,8.071508896000068,7.969887752999966,0.00033160699967993423,0.1009335829999145,0.057936983999752556,1024.274432,,,cpu,"[1945, 378]",1945.0,486.0,ok,0.0027439999,46.794,M,NearestNeighborsModel,cpu,c6id
batch_cpu,c6id.24xlarge,NearestNeighborsModel,OneHotEncoder,"{""encode_components"": [""base"", ""sugar"", ""phosphate""]}","{""n_neighbors"": 10}",siRNA1,2431,random,0,7.942962309999984,7.835200680000071,0.0004715100003522821,0.10680106799964051,0.057936983999752556,1020.489728,,,cpu,"[1945, 378]",1945.0,486.0,ok,0.0027439999,46.794,M,NearestNeighborsModel,cpu,c6id
batch_cpu,c6id.24xlarge,NearestNeighborsModel,OneHotEncoder,"{""encode_components"": [""base"", ""sugar"", ""phosphate""]}","{""n_neighbors"": 10}",siRNA1,2431,random,1,8.059034726000391,7.953395460000138,0.0003293489999123267,0.10492762399962885,0.057936983999752556,1015.00928,,,cpu,"[1945, 378]",1945.0,486.0,ok,0.0027439999,46.794,M,NearestNeighborsModel,cpu,c6id
batch_cpu,c6id.24xlarge,NearestNeighborsModel,OneHotEncoder,"{""encode_components"": [""base"", ""sugar"", ""phosphate""]}","{""n_neighbors"": 10}",siRNA1,2431,random,2,7.906186827000056,7.803163358999882,0.0003228030000173021,0.102241378999679,0.057936983999752556,1024.49152,,,cpu,"[1945, 378]",1945.0,486.0,ok,0.0027439999,46.794,M,NearestNeighborsModel,cpu,c6id
batch_cpu,c6id.24xlarge,NearestNeighborsModel,OneHotEncoder,"{""encode_components"": [""base"", ""sugar"", ""phosphate""]}","{""n_neighbors"": 10}",siRNA1,2431,random,3,7.858536216000175,7.759210732000156,0.00031668200017520576,0.09858301900021615,0.057936983999752556,1026.428928,,,cpu,"[1945, 378]",1945.0,486.0,ok,0.0027439999,46.794,M,NearestNeighborsModel,cpu,c6id
batch_cpu,c6id.24xlarge,NearestNeighborsModel,OneHotEncoder,"{""encode_components"": [""base"", ""sugar"", ""phosphate""]}","{""n_neighbors"": 10}",siRNA1,2431,random,4,8.071508896000068,7.969887752999966,0.00033160699967993423,0.1009335829999145,0.057936983999752556,1024.274432,,,cpu,"[1945, 378]",1945.0,486.0,ok,0.0027439999,46.794,M,NearestNeighborsModel,cpu,c6id
batch_cpu,c6id.24xlarge,LinearModel,OneHotEncoder,"{""encode_components"": [""base""]}","{""type"": ""standard""}",immune_modulation_TLR7,192,nucleobase,0,0.6994983139998112,0.4282393640000919,0.00254446500002814,0.0003278980002505705,0.006444706000365841,944.447488,,,cpu,"[156, 100]",156.0,36.0,ok,0.001008,10.493,S,LinearModel,cpu,c6id
batch_cpu,c6id.24xlarge,LinearModel,OneHotEncoder,"{""encode_components"": [""base""]}","{""type"": ""standard""}",immune_modulation_TLR7,192,nucleobase,1,0.6622295860001941,0.4065747109998483,0.0024356979997719463,0.0003112009999313159,0.006444706000365841,946.683904,,,cpu,"[143, 100]",143.0,49.0,ok,0.001008,10.493,S,LinearModel,cpu,c6id
batch_cpu,c6id.24xlarge,LinearModel,OneHotEncoder,"{""encode_components"": [""base""]}","{""type"": ""standard""}",immune_modulation_TLR7,192,nucleobase,2,0.6749744560002,0.4186502309999014,0.0024098140002024593,0.00032199600036619813,0.006444706000365841,947.105792,,,cpu,"[147, 100]",147.0,45.0,ok,0.001008,10.493,S,LinearModel,cpu,c6id
batch_cpu,c6id.24xlarge,LinearModel,OneHotEncoder,"{""encode_components"": [""base""]}","{""type"": ""standard""}",immune_modulation_TLR7,192,nucleobase,3,0.6603782019997197,0.4036645790001785,0.0021900579999964975,0.00023515800012319232,0.006444706000365841,947.257344,,,cpu,"[149, 100]",149.0,43.0,ok,0.001008,10.493,S,LinearModel,cpu,c6id
batch_cpu,c6id.24xlarge,LinearModel,OneHotEncoder,"{""encode_components"": [""base""]}","{""type"": ""standard""}",immune_modulation_TLR7,192,nucleobase,4,0.6604004040000291,0.4097245039997688,0.002489882000190846,0.00025036399983946467,0.006444706000365841,947.331072,,,cpu,"[162, 100]",162.0,30.0,ok,0.001008,10.493,S,LinearModel,cpu,c6id
batch_cpu,c6id.24xlarge,LinearModel,OneHotEncoder,"{""encode_components"": [""base""]}","{""type"": ""standard""}",immune_modulation_TLR7,192,nucleobase,0,0.6994983139998112,0.4282393640000919,0.00254446500002814,0.0003278980002505705,0.006444706000365841,944.447488,,,cpu,"[156, 100]",156.0,36.0,ok,0.001008,10.493,S,LinearModel,cpu,c6id
batch_cpu,c6id.24xlarge,LinearModel,OneHotEncoder,"{""encode_components"": [""base""]}","{""type"": ""standard""}",immune_modulation_TLR7,192,nucleobase,1,0.6622295860001941,0.4065747109998483,0.0024356979997719463,0.0003112009999313159,0.006444706000365841,946.683904,,,cpu,"[143, 100]",143.0,49.0,ok,0.001008,10.493,S,LinearModel,cpu,c6id
batch_cpu,c6id.24xlarge,LinearModel,OneHotEncoder,"{""encode_components"": [""base""]}","{""type"": ""standard""}",immune_modulation_TLR7,192,nucleobase,2,0.6749744560002,0.4186502309999014,0.0024098140002024593,0.00032199600036619813,0.006444706000365841,947.105792,,,cpu,"[147, 100]",147.0,45.0,ok,0.001008,10.493,S,LinearModel,cpu,c6id
batch_cpu,c6id.24xlarge,LinearModel,OneHotEncoder,"{""encode_components"": [""base""]}","{""type"": ""standard""}",immune_modulation_TLR7,192,nucleobase,3,0.6603782019997197,0.4036645790001785,0.0021900579999964975,0.00023515800012319232,0.006444706000365841,947.257344,,,cpu,"[149, 100]",149.0,43.0,ok,0.001008,10.493,S,LinearModel,cpu,c6id
batch_cpu,c6id.24xlarge,LinearModel,OneHotEncoder,"{""encode_components"": [""base""]}","{""type"": ""standard""}",immune_modulation_TLR7,192,nucleobase,4,0.6604004040000291,0.4097245039997688,0.002489882000190846,0.00025036399983946467,0.006444706000365841,947.331072,,,cpu,"[162, 100]",162.0,30.0,ok,0.001008,10.493,S,LinearModel,cpu,c6id
batch_cpu,c6id.24xlarge,NearestNeighborsModel,OneHotEncoder,"{""encode_components"": [""base"", ""sugar"", ""phosphate""]}","{""n_neighbors"": 15}",siRNA1,2431,nucleobase,0,12.018827181999768,7.701495210000303,0.00037693300009777886,0.09189114499986317,0.05813302399974418,1024.36864,,,cpu,"[1777, 378]",1777.0,654.0,ok,0.0039199999,68.598,M,NearestNeighborsModel,cpu,c6id
batch_cpu,c6id.24xlarge,NearestNeighborsModel,OneHotEncoder,"{""encode_components"": [""base"", ""sugar"", ""phosphate""]}","{""n_neighbors"": 15}",siRNA1,2431,nucleobase,1,12.30927809900004,8.026012801999968,0.0003220859998691594,0.09671155000023646,0.05813302399974418,1047.003136,,,cpu,"[1923, 378]",1923.0,508.0,ok,0.0039199999,68.598,M,NearestNeighborsModel,cpu,c6id
batch_cpu,c6id.24xlarge,NearestNeighborsModel,OneHotEncoder,"{""encode_components"": [""base"", ""sugar"", ""phosphate""]}","{""n_neighbors"": 15}",siRNA1,2431,nucleobase,2,12.372875444999863,8.105248694000238,0.000370869000107632,0.11770001400009278,0.05813302399974418,1038.553088,,,cpu,"[2011, 378]",2011.0,420.0,ok,0.0039199999,68.598,M,NearestNeighborsModel,cpu,c6id
batch_cpu,c6id.24xlarge,NearestNeighborsModel,OneHotEncoder,"{""encode_components"": [""base"", ""sugar"", ""phosphate""]}","{""n_neighbors"": 15}",siRNA1,2431,nucleobase,3,12.436655904999952,8.154415904000416,0.00036500399983196985,0.10714242599988211,0.05813302399974418,1048.469504,,,cpu,"[1914, 378]",1914.0,517.0,ok,0.0039199999,68.598,M,NearestNeighborsModel,cpu,c6id
batch_cpu,c6id.24xlarge,NearestNeighborsModel,OneHotEncoder,"{""encode_components"": [""base"", ""sugar"", ""phosphate""]}","{""n_neighbors"": 15}",siRNA1,2431,nucleobase,4,12.18130856300013,7.899712486000226,0.0003693589997055824,0.09920808400011083,0.05813302399974418,1047.105536,,,cpu,"[1902, 378]",1902.0,529.0,ok,0.0039199999,68.598,M,NearestNeighborsModel,cpu,c6id
batch_cpu,c6id.24xlarge,NearestNeighborsModel,OneHotEncoder,"{""encode_components"": [""base"", ""sugar"", ""phosphate""]}","{""n_neighbors"": 15}",siRNA1,2431,nucleobase,0,12.018827181999768,7.701495210000303,0.00037693300009777886,0.09189114499986317,0.05813302399974418,1024.36864,,,cpu,"[1777, 378]",1777.0,654.0,ok,0.0039199999,68.598,M,NearestNeighborsModel,cpu,c6id
batch_cpu,c6id.24xlarge,NearestNeighborsModel,OneHotEncoder,"{""encode_components"": [""base"", ""sugar"", ""phosphate""]}","{""n_neighbors"": 15}",siRNA1,2431,nucleobase,1,12.30927809900004,8.026012801999968,0.0003220859998691594,0.09671155000023646,0.05813302399974418,1047.003136,,,cpu,"[1923, 378]",1923.0,508.0,ok,0.0039199999,68.598,M,NearestNeighborsModel,cpu,c6id
batch_cpu,c6id.24xlarge,NearestNeighborsModel,OneHotEncoder,"{""encode_components"": [""base"", ""sugar"", ""phosphate""]}","{""n_neighbors"": 15}",siRNA1,2431,nucleobase,2,12.372875444999863,8.105248694000238,0.000370869000107632,0.11770001400009278,0.05813302399974418,1038.553088,,,cpu,"[2011, 378]",2011.0,420.0,ok,0.0039199999,68.598,M,NearestNeighborsModel,cpu,c6id
batch_cpu,c6id.24xlarge,NearestNeighborsModel,OneHotEncoder,"{""encode_components"": [""base"", ""sugar"", ""phosphate""]}","{""n_neighbors"": 15}",siRNA1,2431,nucleobase,3,12.436655904999952,8.154415904000416,0.00036500399983196985,0.10714242599988211,0.05813302399974418,1048.469504,,,cpu,"[1914, 378]",1914.0,517.0,ok,0.0039199999,68.598,M,NearestNeighborsModel,cpu,c6id
batch_cpu,c6id.24xlarge,NearestNeighborsModel,OneHotEncoder,"{""encode_components"": [""base"", ""sugar"", ""phosphate""]}","{""n_neighbors"": 15}",siRNA1,2431,nucleobase,4,12.18130856300013,7.899712486000226,0.0003693589997055824,0.09920808400011083,0.05813302399974418,1047.105536,,,cpu,"[1902, 378]",1902.0,529.0,ok,0.0039199999,68.598,M,NearestNeighborsModel,cpu,c6id
batch_cpu,c6id.24xlarge,RandomForestModel,OneHotEncoder,"{""encode_components"": [""base"", ""sugar"", ""phosphate""]}","{""max_depth"": 20, ""n_estimators"": 100}",siRNA1,2431,random,0,10.955936346999806,7.968571643999894,2.9411049530003766,0.04582317199992758,0.05840391699985048,987.36128,,,cpu,"[1945, 378]",1945.0,486.0,ok,0.0033599999,60.88,M,RandomForestModel,cpu,c6id
batch_cpu,c6id.24xlarge,RandomForestModel,OneHotEncoder,"{""encode_components"": [""base"", ""sugar"", ""phosphate""]}","{""max_depth"": 20, ""n_estimators"": 100}",siRNA1,2431,random,1,11.023548094000034,8.137308577000113,2.841679283999838,0.04413220200012802,0.05840391699985048,988.020736,,,cpu,"[1945, 378]",1945.0,486.0,ok,0.0033599999,60.88,M,RandomForestModel,cpu,c6id
batch_cpu,c6id.24xlarge,RandomForestModel,OneHotEncoder,"{""encode_components"": [""base"", ""sugar"", ""phosphate""]}","{""max_depth"": 20, ""n_estimators"": 100}",siRNA1,2431,random,2,10.716080462000264,7.840031383000223,2.833039285999803,0.04261236899992582,0.05840391699985048,988.090368,,,cpu,"[1945, 378]",1945.0,486.0,ok,0.0033599999,60.88,M,RandomForestModel,cpu,c6id
batch_cpu,c6id.24xlarge,RandomForestModel,OneHotEncoder,"{""encode_components"": [""base"", ""sugar"", ""phosphate""]}","{""max_depth"": 20, ""n_estimators"": 100}",siRNA1,2431,random,3,10.70634675500014,7.774127732999659,2.887662339000144,0.04410154200013494,0.05840391699985048,988.258304,,,cpu,"[1945, 378]",1945.0,486.0,ok,0.0033599999,60.88,M,RandomForestModel,cpu,c6id
batch_cpu,c6id.24xlarge,RandomForestModel,OneHotEncoder,"{""encode_components"": [""base"", ""sugar"", ""phosphate""]}","{""max_depth"": 20, ""n_estimators"": 100}",siRNA1,2431,random,4,10.887056811000093,7.9835937389998435,2.858835347999957,0.044179111999710585,0.05840391699985048,988.635136,,,cpu,"[1945, 378]",1945.0,486.0,ok,0.0033599999,60.88,M,RandomForestModel,cpu,c6id
batch_cpu,c6id.24xlarge,RandomForestModel,OneHotEncoder,"{""encode_components"": [""base"", ""sugar"", ""phosphate""]}","{""max_depth"": 20, ""n_estimators"": 100}",siRNA1,2431,random,0,10.955936346999806,7.968571643999894,2.9411049530003766,0.04582317199992758,0.05840391699985048,987.36128,,,cpu,"[1945, 378]",1945.0,486.0,ok,0.0033599999,60.88,M,RandomForestModel,cpu,c6id
batch_cpu,c6id.24xlarge,RandomForestModel,OneHotEncoder,"{""encode_components"": [""base"", ""sugar"", ""phosphate""]}","{""max_depth"": 20, ""n_estimators"": 100}",siRNA1,2431,random,1,11.023548094000034,8.137308577000113,2.841679283999838,0.04413220200012802,0.05840391699985048,988.020736,,,cpu,"[1945, 378]",1945.0,486.0,ok,0.0033599999,60.88,M,RandomForestModel,cpu,c6id
batch_cpu,c6id.24xlarge,RandomForestModel,OneHotEncoder,"{""encode_components"": [""base"", ""sugar"", ""phosphate""]}","{""max_depth"": 20, ""n_estimators"": 100}",siRNA1,2431,random,2,10.716080462000264,7.840031383000223,2.833039285999803,0.04261236899992582,0.05840391699985048,988.090368,,,cpu,"[1945, 378]",1945.0,486.0,ok,0.0033599999,60.88,M,RandomForestModel,cpu,c6id
batch_cpu,c6id.24xlarge,RandomForestModel,OneHotEncoder,"{""encode_components"": [""base"", ""sugar"", ""phosphate""]}","{""max_depth"": 20, ""n_estimators"": 100}",siRNA1,2431,random,3,10.70634675500014,7.774127732999659,2.887662339000144,0.04410154200013494,0.05840391699985048,988.258304,,,cpu,"[1945, 378]",1945.0,486.0,ok,0.0033599999,60.88,M,RandomForestModel,cpu,c6id
batch_cpu,c6id.24xlarge,RandomForestModel,OneHotEncoder,"{""encode_components"": [""base"", ""sugar"", ""phosphate""]}","{""max_depth"": 20, ""n_estimators"": 100}",siRNA1,2431,random,4,10.887056811000093,7.9835937389998435,2.858835347999957,0.044179111999710585,0.05840391699985048,988.635136,,,cpu,"[1945, 378]",1945.0,486.0,ok,0.0033599999,60.88,M,RandomForestModel,cpu,c6id
batch_cpu,m6id.24xlarge,RandomForestModel,OneHotEncoder,"{""encode_components"": [""base""]}","{""max_depth"": 30, ""n_estimators"": 500}",siRNA1,2431,random,0,22.750334031000023,8.18631504299998,14.358759415999998,0.2047484089999898,0.062013661000037246,1054.900224,,,cpu,"[1945, 210]",1945.0,486.0,ok,0.00415275,119.737,M,RandomForestModel,cpu,m6id
batch_cpu,m6id.24xlarge,RandomForestModel,OneHotEncoder,"{""encode_components"": [""base""]}","{""max_depth"": 30, ""n_estimators"": 500}",siRNA1,2431,random,1,22.45637878599996,7.8784227790000045,14.373977753999952,0.20355050000000574,0.062013661000037246,1055.862784,,,cpu,"[1945, 210]",1945.0,486.0,ok,0.00415275,119.737,M,RandomForestModel,cpu,m6id
batch_cpu,m6id.24xlarge,RandomForestModel,OneHotEncoder,"{""encode_components"": [""base""]}","{""max_depth"": 30, ""n_estimators"": 500}",siRNA1,2431,random,2,21.91864904399995,7.65471184300003,14.06540854100001,0.19807774999998173,0.062013661000037246,1055.920128,,,cpu,"[1945, 210]",1945.0,486.0,ok,0.00415275,119.737,M,RandomForestModel,cpu,m6id
batch_cpu,m6id.24xlarge,RandomForestModel,OneHotEncoder,"{""encode_components"": [""base""]}","{""max_depth"": 30, ""n_estimators"": 500}",siRNA1,2431,random,3,21.619848361000038,7.606067757999995,13.818042148000018,0.19526864100004104,0.062013661000037246,1056.055296,,,cpu,"[1945, 210]",1945.0,486.0,ok,0.00415275,119.737,M,RandomForestModel,cpu,m6id
batch_cpu,m6id.24xlarge,RandomForestModel,OneHotEncoder,"{""encode_components"": [""base""]}","{""max_depth"": 30, ""n_estimators"": 500}",siRNA1,2431,random,4,21.610399943000004,7.68676788800002,13.727146875000017,0.1960672010000053,0.062013661000037246,1056.067584,,,cpu,"[1945, 210]",1945.0,486.0,ok,0.00415275,119.737,M,RandomForestModel,cpu,m6id
batch_cpu,m6id.24xlarge,RandomForestModel,OneHotEncoder,"{""encode_components"": [""base""]}","{""max_depth"": 30, ""n_estimators"": 500}",siRNA1,2431,random,0,22.750334031000023,8.18631504299998,14.358759415999998,0.2047484089999898,0.062013661000037246,1054.900224,,,cpu,"[1945, 210]",1945.0,486.0,ok,0.00415275,119.737,M,RandomForestModel,cpu,m6id
batch_cpu,m6id.24xlarge,RandomForestModel,OneHotEncoder,"{""encode_components"": [""base""]}","{""max_depth"": 30, ""n_estimators"": 500}",siRNA1,2431,random,1,22.45637878599996,7.8784227790000045,14.373977753999952,0.20355050000000574,0.062013661000037246,1055.862784,,,cpu,"[1945, 210]",1945.0,486.0,ok,0.00415275,119.737,M,RandomForestModel,cpu,m6id
batch_cpu,m6id.24xlarge,RandomForestModel,OneHotEncoder,"{""encode_components"": [""base""]}","{""max_depth"": 30, ""n_estimators"": 500}",siRNA1,2431,random,2,21.91864904399995,7.65471184300003,14.06540854100001,0.19807774999998173,0.062013661000037246,1055.920128,,,cpu,"[1945, 210]",1945.0,486.0,ok,0.00415275,119.737,M,RandomForestModel,cpu,m6id
batch_cpu,m6id.24xlarge,RandomForestModel,OneHotEncoder,"{""encode_components"": [""base""]}","{""max_depth"": 30, ""n_estimators"": 500}",siRNA1,2431,random,3,21.619848361000038,7.606067757999995,13.818042148000018,0.19526864100004104,0.062013661000037246,1056.055296,,,cpu,"[1945, 210]",1945.0,486.0,ok,0.00415275,119.737,M,RandomForestModel,cpu,m6id
batch_cpu,m6id.24xlarge,RandomForestModel,OneHotEncoder,"{""encode_components"": [""base""]}","{""max_depth"": 30, ""n_estimators"": 500}",siRNA1,2431,random,4,21.610399943000004,7.68676788800002,13.727146875000017,0.1960672010000053,0.062013661000037246,1056.067584,,,cpu,"[1945, 210]",1945.0,486.0,ok,0.00415275,119.737,M,RandomForestModel,cpu,m6id
batch_cpu,c6id.24xlarge,RandomForestModel,OneHotEncoder,"{""encode_components"": [""base""]}","{""max_depth"": 30, ""n_estimators"": 1000}",siRNA1,2431,random,0,33.964707635000195,6.989984857999843,26.631508700999802,0.3427680209997561,0.056744639999578794,1144.54528,,,cpu,"[1945, 210]",1945.0,486.0,ok,0.0099679998,176.154,M,RandomForestModel,cpu,c6id
batch_cpu,c6id.24xlarge,RandomForestModel,OneHotEncoder,"{""encode_components"": [""base""]}","{""max_depth"": 30, ""n_estimators"": 1000}",siRNA1,2431,random,1,33.94758516699994,7.081075505999706,26.52157884899998,0.3446037069998056,0.056744639999578794,1145.311232,,,cpu,"[1945, 210]",1945.0,486.0,ok,0.0099679998,176.154,M,RandomForestModel,cpu,c6id
batch_cpu,c6id.24xlarge,RandomForestModel,OneHotEncoder,"{""encode_components"": [""base""]}","{""max_depth"": 30, ""n_estimators"": 1000}",siRNA1,2431,random,2,33.70787517100007,6.8810105430002295,26.48055135499999,0.3460029759999088,0.056744639999578794,1145.356288,,,cpu,"[1945, 210]",1945.0,486.0,ok,0.0099679998,176.154,M,RandomForestModel,cpu,c6id
batch_cpu,c6id.24xlarge,RandomForestModel,OneHotEncoder,"{""encode_components"": [""base""]}","{""max_depth"": 30, ""n_estimators"": 1000}",siRNA1,2431,random,3,33.71572078300005,6.885731450000094,26.484853336000015,0.3447570700000142,0.056744639999578794,1145.667584,,,cpu,"[1945, 210]",1945.0,486.0,ok,0.0099679998,176.154,M,RandomForestModel,cpu,c6id
batch_cpu,c6id.24xlarge,RandomForestModel,OneHotEncoder,"{""encode_components"": [""base""]}","{""max_depth"": 30, ""n_estimators"": 1000}",siRNA1,2431,random,4,34.022324983999624,7.167890167999758,26.50622878000013,0.34782898600042245,0.056744639999578794,1145.667584,,,cpu,"[1945, 210]",1945.0,486.0,ok,0.0099679998,176.154,M,RandomForestModel,cpu,c6id
batch_cpu,c6id.24xlarge,RandomForestModel,OneHotEncoder,"{""encode_components"": [""base""]}","{""max_depth"": 30, ""n_estimators"": 1000}",siRNA1,2431,random,0,33.964707635000195,6.989984857999843,26.631508700999802,0.3427680209997561,0.056744639999578794,1144.54528,,,cpu,"[1945, 210]",1945.0,486.0,ok,0.0099679998,176.154,M,RandomForestModel,cpu,c6id
batch_cpu,c6id.24xlarge,RandomForestModel,OneHotEncoder,"{""encode_components"": [""base""]}","{""max_depth"": 30, ""n_estimators"": 1000}",siRNA1,2431,random,1,33.94758516699994,7.081075505999706,26.52157884899998,0.3446037069998056,0.056744639999578794,1145.311232,,,cpu,"[1945, 210]",1945.0,486.0,ok,0.0099679998,176.154,M,RandomForestModel,cpu,c6id
batch_cpu,c6id.24xlarge,RandomForestModel,OneHotEncoder,"{""encode_components"": [""base""]}","{""max_depth"": 30, ""n_estimators"": 1000}",siRNA1,2431,random,2,33.70787517100007,6.8810105430002295,26.48055135499999,0.3460029759999088,0.056744639999578794,1145.356288,,,cpu,"[1945, 210]",1945.0,486.0,ok,0.0099679998,176.154,M,RandomForestModel,cpu,c6id
batch_cpu,c6id.24xlarge,RandomForestModel,OneHotEncoder,"{""encode_components"": [""base""]}","{""max_depth"": 30, ""n_estimators"": 1000}",siRNA1,2431,random,3,33.71572078300005,6.885731450000094,26.484853336000015,0.3447570700000142,0.056744639999578794,1145.667584,,,cpu,"[1945, 210]",1945.0,486.0,ok,0.0099679998,176.154,M,RandomForestModel,cpu,c6id
batch_cpu,c6id.24xlarge,RandomForestModel,OneHotEncoder,"{""encode_components"": [""base""]}","{""max_depth"": 30, ""n_estimators"": 1000}",siRNA1,2431,random,4,34.022324983999624,7.167890167999758,26.50622878000013,0.34782898600042245,0.056744639999578794,1145.667584,,,cpu,"[1945, 210]",1945.0,486.0,ok,0.0099679998,176.154,M,RandomForestModel,cpu,c6id
batch_cpu,c6id.24xlarge,NearestNeighborsModel,OneHotEncoder,"{""encode_components"": [""base"", ""sugar"", ""phosphate""]}","{""n_neighbors"": 5}",immune_modulation_TLR7,192,random,0,0.4854349679999359,0.48213523599997643,0.0004644340001505043,0.002605395999580651,0.006510239999897749,941.748224,,,cpu,"[154, 180]",154.0,38.0,ok,0.000448,9.084,S,NearestNeighborsModel,cpu,c6id
batch_cpu,c6id.24xlarge,NearestNeighborsModel,OneHotEncoder,"{""encode_components"": [""base"", ""sugar"", ""phosphate""]}","{""n_neighbors"": 5}",immune_modulation_TLR7,192,random,1,0.4774870800001736,0.4747689989999344,0.00030380099997273646,0.00223026799994841,0.006510239999897749,943.824896,,,cpu,"[154, 180]",154.0,38.0,ok,0.000448,9.084,S,NearestNeighborsModel,cpu,c6id
batch_cpu,c6id.24xlarge,NearestNeighborsModel,OneHotEncoder,"{""encode_components"": [""base"", ""sugar"", ""phosphate""]}","{""n_neighbors"": 5}",immune_modulation_TLR7,192,random,2,0.4742636500000117,0.4716854909997892,0.0003190560000803089,0.0020794870001736854,0.006510239999897749,944.16896,,,cpu,"[154, 180]",154.0,38.0,ok,0.000448,9.084,S,NearestNeighborsModel,cpu,c6id
batch_cpu,c6id.24xlarge,NearestNeighborsModel,OneHotEncoder,"{""encode_components"": [""base"", ""sugar"", ""phosphate""]}","{""n_neighbors"": 5}",immune_modulation_TLR7,192,random,3,0.4745419559999391,0.47215398800017283,0.00029190600025685853,0.001919549000376719,0.006510239999897749,944.275456,,,cpu,"[154, 180]",154.0,38.0,ok,0.000448,9.084,S,NearestNeighborsModel,cpu,c6id
batch_cpu,c6id.24xlarge,NearestNeighborsModel,OneHotEncoder,"{""encode_components"": [""base"", ""sugar"", ""phosphate""]}","{""n_neighbors"": 5}",immune_modulation_TLR7,192,random,4,0.47784674299964536,0.4752577049998763,0.0003196590000698052,0.0020924039999954402,0.006510239999897749,944.316416,,,cpu,"[154, 180]",154.0,38.0,ok,0.000448,9.084,S,NearestNeighborsModel,cpu,c6id
batch_cpu,c6id.24xlarge,NearestNeighborsModel,OneHotEncoder,"{""encode_components"": [""base"", ""sugar"", ""phosphate""]}","{""n_neighbors"": 5}",immune_modulation_TLR7,192,random,0,0.4854349679999359,0.48213523599997643,0.0004644340001505043,0.002605395999580651,0.006510239999897749,941.748224,,,cpu,"[154, 180]",154.0,38.0,ok,0.000448,9.084,S,NearestNeighborsModel,cpu,c6id
batch_cpu,c6id.24xlarge,NearestNeighborsModel,OneHotEncoder,"{""encode_components"": [""base"", ""sugar"", ""phosphate""]}","{""n_neighbors"": 5}",immune_modulation_TLR7,192,random,1,0.4774870800001736,0.4747689989999344,0.00030380099997273646,0.00223026799994841,0.006510239999897749,943.824896,,,cpu,"[154, 180]",154.0,38.0,ok,0.000448,9.084,S,NearestNeighborsModel,cpu,c6id
batch_cpu,c6id.24xlarge,NearestNeighborsModel,OneHotEncoder,"{""encode_components"": [""base"", ""sugar"", ""phosphate""]}","{""n_neighbors"": 5}",immune_modulation_TLR7,192,random,2,0.4742636500000117,0.4716854909997892,0.0003190560000803089,0.0020794870001736854,0.006510239999897749,944.16896,,,cpu,"[154, 180]",154.0,38.0,ok,0.000448,9.084,S,NearestNeighborsModel,cpu,c6id
batch_cpu,c6id.24xlarge,NearestNeighborsModel,OneHotEncoder,"{""encode_components"": [""base"", ""sugar"", ""phosphate""]}","{""n_neighbors"": 5}",immune_modulation_TLR7,192,random,3,0.4745419559999391,0.47215398800017283,0.00029190600025685853,0.001919549000376719,0.006510239999897749,944.275456,,,cpu,"[154, 180]",154.0,38.0,ok,0.000448,9.084,S,NearestNeighborsModel,cpu,c6id
batch_cpu,c6id.24xlarge,NearestNeighborsModel,OneHotEncoder,"{""encode_components"": [""base"", ""sugar"", ""phosphate""]}","{""n_neighbors"": 5}",immune_modulation_TLR7,192,random,4,0.47784674299964536,0.4752577049998763,0.0003196590000698052,0.0020924039999954402,0.006510239999897749,944.316416,,,cpu,"[154, 180]",154.0,38.0,ok,0.000448,9.084,S,NearestNeighborsModel,cpu,c6id
batch_cpu,c6id.24xlarge,NearestNeighborsModel,OneHotEncoder,"{""encode_components"": [""base""]}","{""n_neighbors"": 10}",immune_modulation_TLR7,192,nucleobase,0,0.6670091559999491,0.4073436479998236,0.00037286199994923663,0.002182704000006197,0.0073489609999342065,942.309376,,,cpu,"[156, 100]",156.0,36.0,ok,0.001008,10.032,S,NearestNeighborsModel,cpu,c6id
batch_cpu,c6id.24xlarge,NearestNeighborsModel,OneHotEncoder,"{""encode_components"": [""base""]}","{""n_neighbors"": 10}",immune_modulation_TLR7,192,nucleobase,1,0.6467915560001529,0.39744873100016775,0.000339545000315411,0.0021587609999187407,0.0073489609999342065,943.521792,,,cpu,"[143, 100]",143.0,49.0,ok,0.001008,10.032,S,NearestNeighborsModel,cpu,c6id
batch_cpu,c6id.24xlarge,NearestNeighborsModel,OneHotEncoder,"{""encode_components"": [""base""]}","{""n_neighbors"": 10}",immune_modulation_TLR7,192,nucleobase,2,0.6648812980001821,0.41272294899999906,0.00034329700019952725,0.0023746200004097773,0.0073489609999342065,943.86176,,,cpu,"[147, 100]",147.0,45.0,ok,0.001008,10.032,S,NearestNeighborsModel,cpu,c6id
batch_cpu,c6id.24xlarge,NearestNeighborsModel,OneHotEncoder,"{""encode_components"": [""base""]}","{""n_neighbors"": 10}",immune_modulation_TLR7,192,nucleobase,3,0.6495219980001821,0.39983602200027235,0.00036204400021233596,0.0018805700001394143,0.0073489609999342065,943.94368,,,cpu,"[149, 100]",149.0,43.0,ok,0.001008,10.032,S,NearestNeighborsModel,cpu,c6id
batch_cpu,c6id.24xlarge,NearestNeighborsModel,OneHotEncoder,"{""encode_components"": [""base""]}","{""n_neighbors"": 10}",immune_modulation_TLR7,192,nucleobase,4,0.6573231729998952,0.4094458299996404,0.0003123260003121686,0.0019782919998760917,0.0073489609999342065,944.013312,,,cpu,"[162, 100]",162.0,30.0,ok,0.001008,10.032,S,NearestNeighborsModel,cpu,c6id
batch_cpu,c6id.24xlarge,NearestNeighborsModel,OneHotEncoder,"{""encode_components"": [""base""]}","{""n_neighbors"": 10}",immune_modulation_TLR7,192,nucleobase,0,0.6670091559999491,0.4073436479998236,0.00037286199994923663,0.002182704000006197,0.0073489609999342065,942.309376,,,cpu,"[156, 100]",156.0,36.0,ok,0.001008,10.032,S,NearestNeighborsModel,cpu,c6id
batch_cpu,c6id.24xlarge,NearestNeighborsModel,OneHotEncoder,"{""encode_components"": [""base""]}","{""n_neighbors"": 10}",immune_modulation_TLR7,192,nucleobase,1,0.6467915560001529,0.39744873100016775,0.000339545000315411,0.0021587609999187407,0.0073489609999342065,943.521792,,,cpu,"[143, 100]",143.0,49.0,ok,0.001008,10.032,S,NearestNeighborsModel,cpu,c6id
batch_cpu,c6id.24xlarge,NearestNeighborsModel,OneHotEncoder,"{""encode_components"": [""base""]}","{""n_neighbors"": 10}",immune_modulation_TLR7,192,nucleobase,2,0.6648812980001821,0.41272294899999906,0.00034329700019952725,0.0023746200004097773,0.0073489609999342065,943.86176,,,cpu,"[147, 100]",147.0,45.0,ok,0.001008,10.032,S,NearestNeighborsModel,cpu,c6id
batch_cpu,c6id.24xlarge,NearestNeighborsModel,OneHotEncoder,"{""encode_components"": [""base""]}","{""n_neighbors"": 10}",immune_modulation_TLR7,192,nucleobase,3,0.6495219980001821,0.39983602200027235,0.00036204400021233596,0.0018805700001394143,0.0073489609999342065,943.94368,,,cpu,"[149, 100]",149.0,43.0,ok,0.001008,10.032,S,NearestNeighborsModel,cpu,c6id
batch_cpu,c6id.24xlarge,NearestNeighborsModel,OneHotEncoder,"{""encode_components"": [""base""]}","{""n_neighbors"": 10}",immune_modulation_TLR7,192,nucleobase,4,0.6573231729998952,0.4094458299996404,0.0003123260003121686,0.0019782919998760917,0.0073489609999342065,944.013312,,,cpu,"[162, 100]",162.0,30.0,ok,0.001008,10.032,S,NearestNeighborsModel,cpu,c6id
batch_cpu,c6id.24xlarge,NearestNeighborsModel,OneHotEncoder,"{""encode_components"": [""base""]}","{""n_neighbors"": 15}",immune_modulation_TLR7,192,nucleobase,0,0.7417315930001678,0.4780557399999452,0.0004023139999844716,0.0021428180002658337,0.0069245290001163085,943.931392,,,cpu,"[156, 100]",156.0,36.0,ok,0.001008,10.368,S,NearestNeighborsModel,cpu,c6id
batch_cpu,c6id.24xlarge,NearestNeighborsModel,OneHotEncoder,"{""encode_components"": [""base""]}","{""n_neighbors"": 15}",immune_modulation_TLR7,192,nucleobase,1,0.6421253100002104,0.3929376199998842,0.0003453720000834437,0.002074815000014496,0.0069245290001163085,945.23392,,,cpu,"[143, 100]",143.0,49.0,ok,0.001008,10.368,S,NearestNeighborsModel,cpu,c6id
batch_cpu,c6id.24xlarge,NearestNeighborsModel,OneHotEncoder,"{""encode_components"": [""base""]}","{""n_neighbors"": 15}",immune_modulation_TLR7,192,nucleobase,2,0.6509969860003366,0.3986477140001625,0.00035381199995754287,0.001958695999746851,0.0069245290001163085,945.569792,,,cpu,"[147, 100]",147.0,45.0,ok,0.001008,10.368,S,NearestNeighborsModel,cpu,c6id
batch_cpu,c6id.24xlarge,NearestNeighborsModel,OneHotEncoder,"{""encode_components"": [""base""]}","{""n_neighbors"": 15}",immune_modulation_TLR7,192,nucleobase,3,0.6546734359999391,0.4010256050000862,0.00033534799968037987,0.002042370000253868,0.0069245290001163085,945.713152,,,cpu,"[149, 100]",149.0,43.0,ok,0.001008,10.368,S,NearestNeighborsModel,cpu,c6id
batch_cpu,c6id.24xlarge,NearestNeighborsModel,OneHotEncoder,"{""encode_components"": [""base""]}","{""n_neighbors"": 15}",immune_modulation_TLR7,192,nucleobase,4,0.6558033219998833,0.4087770470000578,0.0003216109998902539,0.001981984000394732,0.0069245290001163085,945.782784,,,cpu,"[162, 100]",162.0,30.0,ok,0.001008,10.368,S,NearestNeighborsModel,cpu,c6id
batch_cpu,c6id.24xlarge,NearestNeighborsModel,OneHotEncoder,"{""encode_components"": [""base""]}","{""n_neighbors"": 15}",immune_modulation_TLR7,192,nucleobase,0,0.7417315930001678,0.4780557399999452,0.0004023139999844716,0.0021428180002658337,0.0069245290001163085,943.931392,,,cpu,"[156, 100]",156.0,36.0,ok,0.001008,10.368,S,NearestNeighborsModel,cpu,c6id
batch_cpu,c6id.24xlarge,NearestNeighborsModel,OneHotEncoder,"{""encode_components"": [""base""]}","{""n_neighbors"": 15}",immune_modulation_TLR7,192,nucleobase,1,0.6421253100002104,0.3929376199998842,0.0003453720000834437,0.002074815000014496,0.0069245290001163085,945.23392,,,cpu,"[143, 100]",143.0,49.0,ok,0.001008,10.368,S,NearestNeighborsModel,cpu,c6id
batch_cpu,c6id.24xlarge,NearestNeighborsModel,OneHotEncoder,"{""encode_components"": [""base""]}","{""n_neighbors"": 15}",immune_modulation_TLR7,192,nucleobase,2,0.6509969860003366,0.3986477140001625,0.00035381199995754287,0.001958695999746851,0.0069245290001163085,945.569792,,,cpu,"[147, 100]",147.0,45.0,ok,0.001008,10.368,S,NearestNeighborsModel,cpu,c6id
batch_cpu,c6id.24xlarge,NearestNeighborsModel,OneHotEncoder,"{""encode_components"": [""base""]}","{""n_neighbors"": 15}",immune_modulation_TLR7,192,nucleobase,3,0.6546734359999391,0.4010256050000862,0.00033534799968037987,0.002042370000253868,0.0069245290001163085,945.713152,,,cpu,"[149, 100]",149.0,43.0,ok,0.001008,10.368,S,NearestNeighborsModel,cpu,c6id
batch_cpu,c6id.24xlarge,NearestNeighborsModel,OneHotEncoder,"{""encode_components"": [""base""]}","{""n_neighbors"": 15}",immune_modulation_TLR7,192,nucleobase,4,0.6558033219998833,0.4087770470000578,0.0003216109998902539,0.001981984000394732,0.0069245290001163085,945.782784,,,cpu,"[162, 100]",162.0,30.0,ok,0.001008,10.368,S,NearestNeighborsModel,cpu,c6id
batch_cpu,c6id.24xlarge,XGBoostModel,OneHotEncoder,"{""encode_components"": [""base"", ""sugar"", ""phosphate""]}","{""max_depth"": 30, ""n_estimators"": 100}",siRNA1,2431,nucleobase,0,12.660786378000012,7.833409110000048,0.5785193690003325,0.010086630000387231,0.058202038000217726,1000.005632,,,cpu,"[1777, 378]",1777.0,654.0,ok,0.0044239999,71.126,M,XGBoostModel,cpu,c6id
batch_cpu,c6id.24xlarge,XGBoostModel,OneHotEncoder,"{""encode_components"": [""base"", ""sugar"", ""phosphate""]}","{""max_depth"": 30, ""n_estimators"": 100}",siRNA1,2431,nucleobase,1,13.225537961999635,8.263167560000056,0.6281380250002258,0.010162788999878103,0.058202038000217726,1016.807424,,,cpu,"[1923, 378]",1923.0,508.0,ok,0.0044239999,71.126,M,XGBoostModel,cpu,c6id
batch_cpu,c6id.24xlarge,XGBoostModel,OneHotEncoder,"{""encode_components"": [""base"", ""sugar"", ""phosphate""]}","{""max_depth"": 30, ""n_estimators"": 100}",siRNA1,2431,nucleobase,2,12.838785287000064,7.971536791999824,0.6363243569999213,0.009935961999872234,0.058202038000217726,1038.630912,,,cpu,"[2011, 378]",2011.0,420.0,ok,0.0044239999,71.126,M,XGBoostModel,cpu,c6id
batch_cpu,c6id.24xlarge,XGBoostModel,OneHotEncoder,"{""encode_components"": [""base"", ""sugar"", ""phosphate""]}","{""max_depth"": 30, ""n_estimators"": 100}",siRNA1,2431,nucleobase,3,12.78867708200005,8.04305937900017,0.6137287710002965,0.009732901000006677,0.058202038000217726,1038.974976,,,cpu,"[1914, 378]",1914.0,517.0,ok,0.0044239999,71.126,M,XGBoostModel,cpu,c6id
batch_cpu,c6id.24xlarge,XGBoostModel,OneHotEncoder,"{""encode_components"": [""base"", ""sugar"", ""phosphate""]}","{""max_depth"": 30, ""n_estimators"": 100}",siRNA1,2431,nucleobase,4,12.605027243000222,7.8125443569997515,0.620017880999967,0.009958819999610569,0.058202038000217726,1039.589376,,,cpu,"[1902, 378]",1902.0,529.0,ok,0.0044239999,71.126,M,XGBoostModel,cpu,c6id
batch_cpu,c6id.24xlarge,XGBoostModel,OneHotEncoder,"{""encode_components"": [""base"", ""sugar"", ""phosphate""]}","{""max_depth"": 30, ""n_estimators"": 100}",siRNA1,2431,nucleobase,0,12.660786378000012,7.833409110000048,0.5785193690003325,0.010086630000387231,0.058202038000217726,1000.005632,,,cpu,"[1777, 378]",1777.0,654.0,ok,0.0044239999,71.126,M,XGBoostModel,cpu,c6id
batch_cpu,c6id.24xlarge,XGBoostModel,OneHotEncoder,"{""encode_components"": [""base"", ""sugar"", ""phosphate""]}","{""max_depth"": 30, ""n_estimators"": 100}",siRNA1,2431,nucleobase,1,13.225537961999635,8.263167560000056,0.6281380250002258,0.010162788999878103,0.058202038000217726,1016.807424,,,cpu,"[1923, 378]",1923.0,508.0,ok,0.0044239999,71.126,M,XGBoostModel,cpu,c6id
batch_cpu,c6id.24xlarge,XGBoostModel,OneHotEncoder,"{""encode_components"": [""base"", ""sugar"", ""phosphate""]}","{""max_depth"": 30, ""n_estimators"": 100}",siRNA1,2431,nucleobase,2,12.838785287000064,7.971536791999824,0.6363243569999213,0.009935961999872234,0.058202038000217726,1038.630912,,,cpu,"[2011, 378]",2011.0,420.0,ok,0.0044239999,71.126,M,XGBoostModel,cpu,c6id
batch_cpu,c6id.24xlarge,XGBoostModel,OneHotEncoder,"{""encode_components"": [""base"", ""sugar"", ""phosphate""]}","{""max_depth"": 30, ""n_estimators"": 100}",siRNA1,2431,nucleobase,3,12.78867708200005,8.04305937900017,0.6137287710002965,0.009732901000006677,0.058202038000217726,1038.974976,,,cpu,"[1914, 378]",1914.0,517.0,ok,0.0044239999,71.126,M,XGBoostModel,cpu,c6id
batch_cpu,c6id.24xlarge,XGBoostModel,OneHotEncoder,"{""encode_components"": [""base"", ""sugar"", ""phosphate""]}","{""max_depth"": 30, ""n_estimators"": 100}",siRNA1,2431,nucleobase,4,12.605027243000222,7.8125443569997515,0.620017880999967,0.009958819999610569,0.058202038000217726,1039.589376,,,cpu,"[1902, 378]",1902.0,529.0,ok,0.0044239999,71.126,M,XGBoostModel,cpu,c6id
batch_cpu,c6id.24xlarge,RandomForestModel,OneHotEncoder,"{""encode_components"": [""base""]}","{""max_depth"": 20, ""n_estimators"": 100}",immune_modulation_TLR7,192,random,0,0.5646641009998348,0.4085471870002948,0.1498219439999957,0.0059711909998441115,0.007944283000142605,943.054848,,,cpu,"[154, 100]",154.0,38.0,ok,0.000504,9.87,S,RandomForestModel,cpu,c6id
batch_cpu,c6id.24xlarge,RandomForestModel,OneHotEncoder,"{""encode_components"": [""base""]}","{""max_depth"": 20, ""n_estimators"": 100}",immune_modulation_TLR7,192,random,1,0.6217115439999361,0.4681186359998719,0.14754697599983047,0.005785689000276761,0.007944283000142605,943.951872,,,cpu,"[154, 100]",154.0,38.0,ok,0.000504,9.87,S,RandomForestModel,cpu,c6id
batch_cpu,c6id.24xlarge,RandomForestModel,OneHotEncoder,"{""encode_components"": [""base""]}","{""max_depth"": 20, ""n_estimators"": 100}",immune_modulation_TLR7,192,random,2,0.5424034319999009,0.3878804439996202,0.14834498799973517,0.00591634200009139,0.007944283000142605,944.144384,,,cpu,"[154, 100]",154.0,38.0,ok,0.000504,9.87,S,RandomForestModel,cpu,c6id
batch_cpu,c6id.24xlarge,RandomForestModel,OneHotEncoder,"{""encode_components"": [""base""]}","{""max_depth"": 20, ""n_estimators"": 100}",immune_modulation_TLR7,192,random,3,0.5469368869999016,0.39363604099980876,0.1472036959999059,0.005828304000260687,0.007944283000142605,944.27136,,,cpu,"[154, 100]",154.0,38.0,ok,0.000504,9.87,S,RandomForestModel,cpu,c6id
batch_cpu,c6id.24xlarge,RandomForestModel,OneHotEncoder,"{""encode_components"": [""base""]}","{""max_depth"": 20, ""n_estimators"": 100}",immune_modulation_TLR7,192,random,4,0.5433703409998998,0.3889855150000585,0.14825574299993605,0.005881587000203581,0.007944283000142605,944.349184,,,cpu,"[154, 100]",154.0,38.0,ok,0.000504,9.87,S,RandomForestModel,cpu,c6id
batch_cpu,c6id.24xlarge,RandomForestModel,OneHotEncoder,"{""encode_components"": [""base""]}","{""max_depth"": 20, ""n_estimators"": 100}",immune_modulation_TLR7,192,random,0,0.5646641009998348,0.4085471870002948,0.1498219439999957,0.0059711909998441115,0.007944283000142605,943.054848,,,cpu,"[154, 100]",154.0,38.0,ok,0.000504,9.87,S,RandomForestModel,cpu,c6id
batch_cpu,c6id.24xlarge,RandomForestModel,OneHotEncoder,"{""encode_components"": [""base""]}","{""max_depth"": 20, ""n_estimators"": 100}",immune_modulation_TLR7,192,random,1,0.6217115439999361,0.4681186359998719,0.14754697599983047,0.005785689000276761,0.007944283000142605,943.951872,,,cpu,"[154, 100]",154.0,38.0,ok,0.000504,9.87,S,RandomForestModel,cpu,c6id
batch_cpu,c6id.24xlarge,RandomForestModel,OneHotEncoder,"{""encode_components"": [""base""]}","{""max_depth"": 20, ""n_estimators"": 100}",immune_modulation_TLR7,192,random,2,0.5424034319999009,0.3878804439996202,0.14834498799973517,0.00591634200009139,0.007944283000142605,944.144384,,,cpu,"[154, 100]",154.0,38.0,ok,0.000504,9.87,S,RandomForestModel,cpu,c6id
batch_cpu,c6id.24xlarge,RandomForestModel,OneHotEncoder,"{""encode_components"": [""base""]}","{""max_depth"": 20, ""n_estimators"": 100}",immune_modulation_TLR7,192,random,3,0.5469368869999016,0.39363604099980876,0.1472036959999059,0.005828304000260687,0.007944283000142605,944.27136,,,cpu,"[154, 100]",154.0,38.0,ok,0.000504,9.87,S,RandomForestModel,cpu,c6id
batch_cpu,c6id.24xlarge,RandomForestModel,OneHotEncoder,"{""encode_components"": [""base""]}","{""max_depth"": 20, ""n_estimators"": 100}",immune_modulation_TLR7,192,random,4,0.5433703409998998,0.3889855150000585,0.14825574299993605,0.005881587000203581,0.007944283000142605,944.349184,,,cpu,"[154, 100]",154.0,38.0,ok,0.000504,9.87,S,RandomForestModel,cpu,c6id
batch_cpu,c6id.24xlarge,XGBoostModel,OneHotEncoder,"{""encode_components"": [""base"", ""sugar"", ""phosphate""]}","{""max_depth"": 20, ""n_estimators"": 500}",siRNA1,2431,nucleobase,0,12.71854004700026,7.6904608709996864,0.7065418830002272,0.010387312000148086,0.07638187900010962,1001.627648,,,cpu,"[1777, 378]",1777.0,654.0,ok,0.0044239999,70.314,M,XGBoostModel,cpu,c6id
batch_cpu,c6id.24xlarge,XGBoostModel,OneHotEncoder,"{""encode_components"": [""base"", ""sugar"", ""phosphate""]}","{""max_depth"": 20, ""n_estimators"": 500}",siRNA1,2431,nucleobase,1,13.045512487999986,8.159581398999762,0.673298184000032,0.010282822999670316,0.07638187900010962,1019.293696,,,cpu,"[1923, 378]",1923.0,508.0,ok,0.0044239999,70.314,M,XGBoostModel,cpu,c6id
batch_cpu,c6id.24xlarge,XGBoostModel,OneHotEncoder,"{""encode_components"": [""base"", ""sugar"", ""phosphate""]}","{""max_depth"": 20, ""n_estimators"": 500}",siRNA1,2431,nucleobase,2,12.687043974000062,7.868907528999898,0.668951711000318,0.010181937999732327,0.07638187900010962,1023.094784,,,cpu,"[2011, 378]",2011.0,420.0,ok,0.0044239999,70.314,M,XGBoostModel,cpu,c6id
batch_cpu,c6id.24xlarge,XGBoostModel,OneHotEncoder,"{""encode_components"": [""base"", ""sugar"", ""phosphate""]}","{""max_depth"": 20, ""n_estimators"": 500}",siRNA1,2431,nucleobase,3,12.673242710999602,7.901309384999877,0.6441327489997093,0.010302784000032261,0.07638187900010962,1027.080192,,,cpu,"[1914, 378]",1914.0,517.0,ok,0.0044239999,70.314,M,XGBoostModel,cpu,c6id
batch_cpu,c6id.24xlarge,XGBoostModel,OneHotEncoder,"{""encode_components"": [""base"", ""sugar"", ""phosphate""]}","{""max_depth"": 20, ""n_estimators"": 500}",siRNA1,2431,nucleobase,4,12.508947668000019,7.722321284999907,0.6417934239998431,0.010055604999706702,0.07638187900010962,1027.633152,,,cpu,"[1902, 378]",1902.0,529.0,ok,0.0044239999,70.314,M,XGBoostModel,cpu,c6id
batch_cpu,c6id.24xlarge,XGBoostModel,OneHotEncoder,"{""encode_components"": [""base"", ""sugar"", ""phosphate""]}","{""max_depth"": 20, ""n_estimators"": 500}",siRNA1,2431,nucleobase,0,12.71854004700026,7.6904608709996864,0.7065418830002272,0.010387312000148086,0.07638187900010962,1001.627648,,,cpu,"[1777, 378]",1777.0,654.0,ok,0.0044239999,70.314,M,XGBoostModel,cpu,c6id
batch_cpu,c6id.24xlarge,XGBoostModel,OneHotEncoder,"{""encode_components"": [""base"", ""sugar"", ""phosphate""]}","{""max_depth"": 20, ""n_estimators"": 500}",siRNA1,2431,nucleobase,1,13.045512487999986,8.159581398999762,0.673298184000032,0.010282822999670316,0.07638187900010962,1019.293696,,,cpu,"[1923, 378]",1923.0,508.0,ok,0.0044239999,70.314,M,XGBoostModel,cpu,c6id
batch_cpu,c6id.24xlarge,XGBoostModel,OneHotEncoder,"{""encode_components"": [""base"", ""sugar"", ""phosphate""]}","{""max_depth"": 20, ""n_estimators"": 500}",siRNA1,2431,nucleobase,2,12.687043974000062,7.868907528999898,0.668951711000318,0.010181937999732327,0.07638187900010962,1023.094784,,,cpu,"[2011, 378]",2011.0,420.0,ok,0.0044239999,70.314,M,XGBoostModel,cpu,c6id
batch_cpu,c6id.24xlarge,XGBoostModel,OneHotEncoder,"{""encode_components"": [""base"", ""sugar"", ""phosphate""]}","{""max_depth"": 20, ""n_estimators"": 500}",siRNA1,2431,nucleobase,3,12.673242710999602,7.901309384999877,0.6441327489997093,0.010302784000032261,0.07638187900010962,1027.080192,,,cpu,"[1914, 378]",1914.0,517.0,ok,0.0044239999,70.314,M,XGBoostModel,cpu,c6id
batch_cpu,c6id.24xlarge,XGBoostModel,OneHotEncoder,"{""encode_components"": [""base"", ""sugar"", ""phosphate""]}","{""max_depth"": 20, ""n_estimators"": 500}",siRNA1,2431,nucleobase,4,12.508947668000019,7.722321284999907,0.6417934239998431,0.010055604999706702,0.07638187900010962,1027.633152,,,cpu,"[1902, 378]",1902.0,529.0,ok,0.0044239999,70.314,M,XGBoostModel,cpu,c6id
batch_cpu,c6id.24xlarge,RandomForestModel,OneHotEncoder,"{""encode_components"": [""base""]}","{""max_depth"": 10, ""n_estimators"": 500}",immune_modulation_TLR7,192,random,0,1.1758069010002146,0.4037097499999618,0.7439543189998403,0.027904850999675546,0.006574556000032317,950.030336,,,cpu,"[154, 100]",154.0,38.0,ok,0.001064,12.656,S,RandomForestModel,cpu,c6id
batch_cpu,c6id.24xlarge,RandomForestModel,OneHotEncoder,"{""encode_components"": [""base""]}","{""max_depth"": 10, ""n_estimators"": 500}",immune_modulation_TLR7,192,random,1,1.1700918249998722,0.4002796899999339,0.7412981870002113,0.028289811000377085,0.006574556000032317,950.714368,,,cpu,"[154, 100]",154.0,38.0,ok,0.001064,12.656,S,RandomForestModel,cpu,c6id
batch_cpu,c6id.24xlarge,RandomForestModel,OneHotEncoder,"{""encode_components"": [""base""]}","{""max_depth"": 10, ""n_estimators"": 500}",immune_modulation_TLR7,192,random,2,1.1713424740000846,0.4026535759999206,0.7400498969996079,0.02841305599986299,0.006574556000032317,950.902784,,,cpu,"[154, 100]",154.0,38.0,ok,0.001064,12.656,S,RandomForestModel,cpu,c6id
batch_cpu,c6id.24xlarge,RandomForestModel,OneHotEncoder,"{""encode_components"": [""base""]}","{""max_depth"": 10, ""n_estimators"": 500}",immune_modulation_TLR7,192,random,3,1.1678506749999542,0.40242490100035866,0.7366417999996884,0.02855701099997532,0.006574556000032317,951.013376,,,cpu,"[154, 100]",154.0,38.0,ok,0.001064,12.656,S,RandomForestModel,cpu,c6id
batch_cpu,c6id.24xlarge,RandomForestModel,OneHotEncoder,"{""encode_components"": [""base""]}","{""max_depth"": 10, ""n_estimators"": 500}",immune_modulation_TLR7,192,random,4,1.1647557989999768,0.39950906500007477,0.7347577030000139,0.03027549100033866,0.006574556000032317,951.087104,,,cpu,"[154, 100]",154.0,38.0,ok,0.001064,12.656,S,RandomForestModel,cpu,c6id
batch_cpu,c6id.24xlarge,RandomForestModel,OneHotEncoder,"{""encode_components"": [""base""]}","{""max_depth"": 10, ""n_estimators"": 500}",immune_modulation_TLR7,192,random,0,1.1758069010002146,0.4037097499999618,0.7439543189998403,0.027904850999675546,0.006574556000032317,950.030336,,,cpu,"[154, 100]",154.0,38.0,ok,0.001064,12.656,S,RandomForestModel,cpu,c6id
batch_cpu,c6id.24xlarge,RandomForestModel,OneHotEncoder,"{""encode_components"": [""base""]}","{""max_depth"": 10, ""n_estimators"": 500}",immune_modulation_TLR7,192,random,1,1.1700918249998722,0.4002796899999339,0.7412981870002113,0.028289811000377085,0.006574556000032317,950.714368,,,cpu,"[154, 100]",154.0,38.0,ok,0.001064,12.656,S,RandomForestModel,cpu,c6id
batch_cpu,c6id.24xlarge,RandomForestModel,OneHotEncoder,"{""encode_components"": [""base""]}","{""max_depth"": 10, ""n_estimators"": 500}",immune_modulation_TLR7,192,random,2,1.1713424740000846,0.4026535759999206,0.7400498969996079,0.02841305599986299,0.006574556000032317,950.902784,,,cpu,"[154, 100]",154.0,38.0,ok,0.001064,12.656,S,RandomForestModel,cpu,c6id
batch_cpu,c6id.24xlarge,RandomForestModel,OneHotEncoder,"{""encode_components"": [""base""]}","{""max_depth"": 10, ""n_estimators"": 500}",immune_modulation_TLR7,192,random,3,1.1678506749999542,0.40242490100035866,0.7366417999996884,0.02855701099997532,0.006574556000032317,951.013376,,,cpu,"[154, 100]",154.0,38.0,ok,0.001064,12.656,S,RandomForestModel,cpu,c6id
batch_cpu,c6id.24xlarge,RandomForestModel,OneHotEncoder,"{""encode_components"": [""base""]}","{""max_depth"": 10, ""n_estimators"": 500}",immune_modulation_TLR7,192,random,4,1.1647557989999768,0.39950906500007477,0.7347577030000139,0.03027549100033866,0.006574556000032317,951.087104,,,cpu,"[154, 100]",154.0,38.0,ok,0.001064,12.656,S,RandomForestModel,cpu,c6id
batch_cpu,c6id.24xlarge,XGBoostModel,OneHotEncoder,"{""encode_components"": [""base""]}","{""max_depth"": 10, ""n_estimators"": 1000}",siRNA1,2431,nucleobase,0,11.31512395100026,6.727446379999947,0.38965980600005423,0.00793449699995108,0.05728883699975995,984.387584,,,cpu,"[1777, 210]",1777.0,654.0,ok,0.0038639999,64.639,M,XGBoostModel,cpu,c6id
batch_cpu,c6id.24xlarge,XGBoostModel,OneHotEncoder,"{""encode_components"": [""base""]}","{""max_depth"": 10, ""n_estimators"": 1000}",siRNA1,2431,nucleobase,1,11.656203840000217,7.102408908999678,0.39904519799983973,0.008114933999877394,0.05728883699975995,997.351424,,,cpu,"[1923, 210]",1923.0,508.0,ok,0.0038639999,64.639,M,XGBoostModel,cpu,c6id
batch_cpu,c6id.24xlarge,XGBoostModel,OneHotEncoder,"{""encode_components"": [""base""]}","{""max_depth"": 10, ""n_estimators"": 1000}",siRNA1,2431,nucleobase,2,11.757841458999792,7.0513610560001325,0.5648948979996931,0.008207316000152787,0.05728883699975995,1001.96352,,,cpu,"[2011, 210]",2011.0,420.0,ok,0.0038639999,64.639,M,XGBoostModel,cpu,c6id
batch_cpu,c6id.24xlarge,XGBoostModel,OneHotEncoder,"{""encode_components"": [""base""]}","{""max_depth"": 10, ""n_estimators"": 1000}",siRNA1,2431,nucleobase,3,11.595055564000177,7.077066314000149,0.40380201199968724,0.008188545999928465,0.05728883699975995,1002.123264,,,cpu,"[1914, 210]",1914.0,517.0,ok,0.0038639999,64.639,M,XGBoostModel,cpu,c6id
batch_cpu,c6id.24xlarge,XGBoostModel,OneHotEncoder,"{""encode_components"": [""base""]}","{""max_depth"": 10, ""n_estimators"": 1000}",siRNA1,2431,nucleobase,4,11.484031073000097,6.948970764000023,0.3907999100001689,0.007795967999754794,0.05728883699975995,1002.278912,,,cpu,"[1902, 210]",1902.0,529.0,ok,0.0038639999,64.639,M,XGBoostModel,cpu,c6id
batch_cpu,c6id.24xlarge,XGBoostModel,OneHotEncoder,"{""encode_components"": [""base""]}","{""max_depth"": 10, ""n_estimators"": 1000}",siRNA1,2431,nucleobase,0,11.31512395100026,6.727446379999947,0.38965980600005423,0.00793449699995108,0.05728883699975995,984.387584,,,cpu,"[1777, 210]",1777.0,654.0,ok,0.0038639999,64.639,M,XGBoostModel,cpu,c6id
batch_cpu,c6id.24xlarge,XGBoostModel,OneHotEncoder,"{""encode_components"": [""base""]}","{""max_depth"": 10, ""n_estimators"": 1000}",siRNA1,2431,nucleobase,1,11.656203840000217,7.102408908999678,0.39904519799983973,0.008114933999877394,0.05728883699975995,997.351424,,,cpu,"[1923, 210]",1923.0,508.0,ok,0.0038639999,64.639,M,XGBoostModel,cpu,c6id
batch_cpu,c6id.24xlarge,XGBoostModel,OneHotEncoder,"{""encode_components"": [""base""]}","{""max_depth"": 10, ""n_estimators"": 1000}",siRNA1,2431,nucleobase,2,11.757841458999792,7.0513610560001325,0.5648948979996931,0.008207316000152787,0.05728883699975995,1001.96352,,,cpu,"[2011, 210]",2011.0,420.0,ok,0.0038639999,64.639,M,XGBoostModel,cpu,c6id
batch_cpu,c6id.24xlarge,XGBoostModel,OneHotEncoder,"{""encode_components"": [""base""]}","{""max_depth"": 10, ""n_estimators"": 1000}",siRNA1,2431,nucleobase,3,11.595055564000177,7.077066314000149,0.40380201199968724,0.008188545999928465,0.05728883699975995,1002.123264,,,cpu,"[1914, 210]",1914.0,517.0,ok,0.0038639999,64.639,M,XGBoostModel,cpu,c6id
batch_cpu,c6id.24xlarge,XGBoostModel,OneHotEncoder,"{""encode_components"": [""base""]}","{""max_depth"": 10, ""n_estimators"": 1000}",siRNA1,2431,nucleobase,4,11.484031073000097,6.948970764000023,0.3907999100001689,0.007795967999754794,0.05728883699975995,1002.278912,,,cpu,"[1902, 210]",1902.0,529.0,ok,0.0038639999,64.639,M,XGBoostModel,cpu,c6id
batch_cpu,c6id.24xlarge,RandomForestModel,OneHotEncoder,"{""encode_components"": [""base""]}","{""max_depth"": 20, ""n_estimators"": 1000}",immune_modulation_TLR7,192,nucleobase,0,2.2179066870003226,0.40865373799988447,1.4938601140001992,0.05500344199981555,0.007123008999769809,959.414272,,,cpu,"[156, 100]",156.0,36.0,ok,0.001064,17.7,S,RandomForestModel,cpu,c6id
batch_cpu,c6id.24xlarge,RandomForestModel,OneHotEncoder,"{""encode_components"": [""base""]}","{""max_depth"": 20, ""n_estimators"": 1000}",immune_modulation_TLR7,192,nucleobase,1,2.074815717999627,0.3834781280002062,1.3970784329999333,0.0553595689998474,0.007123008999769809,960.110592,,,cpu,"[143, 100]",143.0,49.0,ok,0.001064,17.7,S,RandomForestModel,cpu,c6id
batch_cpu,c6id.24xlarge,RandomForestModel,OneHotEncoder,"{""encode_components"": [""base""]}","{""max_depth"": 20, ""n_estimators"": 1000}",immune_modulation_TLR7,192,nucleobase,2,2.110973508999905,0.38650824699971054,1.429426567000064,0.05500138900015372,0.007123008999769809,960.569344,,,cpu,"[147, 100]",147.0,45.0,ok,0.001064,17.7,S,RandomForestModel,cpu,c6id
batch_cpu,c6id.24xlarge,RandomForestModel,OneHotEncoder,"{""encode_components"": [""base""]}","{""max_depth"": 20, ""n_estimators"": 1000}",immune_modulation_TLR7,192,nucleobase,3,2.121806912000011,0.3842470899999171,1.4446644360000391,0.05604675999984465,0.007123008999769809,960.622592,,,cpu,"[149, 100]",149.0,43.0,ok,0.001064,17.7,S,RandomForestModel,cpu,c6id
batch_cpu,c6id.24xlarge,RandomForestModel,OneHotEncoder,"{""encode_components"": [""base""]}","{""max_depth"": 20, ""n_estimators"": 1000}",immune_modulation_TLR7,192,nucleobase,4,2.1999895379999543,0.39508155100020304,1.5154383209996922,0.05425392799998008,0.007123008999769809,961.224704,,,cpu,"[162, 100]",162.0,30.0,ok,0.001064,17.7,S,RandomForestModel,cpu,c6id
batch_cpu,c6id.24xlarge,RandomForestModel,OneHotEncoder,"{""encode_components"": [""base""]}","{""max_depth"": 20, ""n_estimators"": 1000}",immune_modulation_TLR7,192,nucleobase,0,2.2179066870003226,0.40865373799988447,1.4938601140001992,0.05500344199981555,0.007123008999769809,959.414272,,,cpu,"[156, 100]",156.0,36.0,ok,0.001064,17.7,S,RandomForestModel,cpu,c6id
batch_cpu,c6id.24xlarge,RandomForestModel,OneHotEncoder,"{""encode_components"": [""base""]}","{""max_depth"": 20, ""n_estimators"": 1000}",immune_modulation_TLR7,192,nucleobase,1,2.074815717999627,0.3834781280002062,1.3970784329999333,0.0553595689998474,0.007123008999769809,960.110592,,,cpu,"[143, 100]",143.0,49.0,ok,0.001064,17.7,S,RandomForestModel,cpu,c6id
batch_cpu,c6id.24xlarge,RandomForestModel,OneHotEncoder,"{""encode_components"": [""base""]}","{""max_depth"": 20, ""n_estimators"": 1000}",immune_modulation_TLR7,192,nucleobase,2,2.110973508999905,0.38650824699971054,1.429426567000064,0.05500138900015372,0.007123008999769809,960.569344,,,cpu,"[147, 100]",147.0,45.0,ok,0.001064,17.7,S,RandomForestModel,cpu,c6id
batch_cpu,c6id.24xlarge,RandomForestModel,OneHotEncoder,"{""encode_components"": [""base""]}","{""max_depth"": 20, ""n_estimators"": 1000}",immune_modulation_TLR7,192,nucleobase,3,2.121806912000011,0.3842470899999171,1.4446644360000391,0.05604675999984465,0.007123008999769809,960.622592,,,cpu,"[149, 100]",149.0,43.0,ok,0.001064,17.7,S,RandomForestModel,cpu,c6id
batch_cpu,c6id.24xlarge,RandomForestModel,OneHotEncoder,"{""encode_components"": [""base""]}","{""max_depth"": 20, ""n_estimators"": 1000}",immune_modulation_TLR7,192,nucleobase,4,2.1999895379999543,0.39508155100020304,1.5154383209996922,0.05425392799998008,0.007123008999769809,961.224704,,,cpu,"[162, 100]",162.0,30.0,ok,0.001064,17.7,S,RandomForestModel,cpu,c6id
batch_cpu,c6id.24xlarge,XGBoostModel,OneHotEncoder,"{""encode_components"": [""base"", ""sugar"", ""phosphate""]}","{""max_depth"": 10, ""n_estimators"": 100}",immune_modulation_TLR7,192,random,0,0.5128028629997061,0.47882386800029053,0.032248058000277524,0.00140402399983941,0.007266760999755206,937.92256,,,cpu,"[154, 180]",154.0,38.0,ok,0.000504,9.431,S,XGBoostModel,cpu,c6id
batch_cpu,c6id.24xlarge,XGBoostModel,OneHotEncoder,"{""encode_components"": [""base"", ""sugar"", ""phosphate""]}","{""max_depth"": 10, ""n_estimators"": 100}",immune_modulation_TLR7,192,random,1,0.5279721309998422,0.49648694699999396,0.029678277000130038,0.0014023690000612987,0.007266760999755206,945.467392,,,cpu,"[154, 180]",154.0,38.0,ok,0.000504,9.431,S,XGBoostModel,cpu,c6id
batch_cpu,c6id.24xlarge,XGBoostModel,OneHotEncoder,"{""encode_components"": [""base"", ""sugar"", ""phosphate""]}","{""max_depth"": 10, ""n_estimators"": 100}",immune_modulation_TLR7,192,random,2,0.5279714530001911,0.49743666500035033,0.02875681400018948,0.001464231999761978,0.007266760999755206,945.733632,,,cpu,"[154, 180]",154.0,38.0,ok,0.000504,9.431,S,XGBoostModel,cpu,c6id
batch_cpu,c6id.24xlarge,XGBoostModel,OneHotEncoder,"{""encode_components"": [""base"", ""sugar"", ""phosphate""]}","{""max_depth"": 10, ""n_estimators"": 100}",immune_modulation_TLR7,192,random,3,0.5107207269998071,0.47887721600000077,0.030204436000076385,0.0013443419998111494,0.007266760999755206,945.799168,,,cpu,"[154, 180]",154.0,38.0,ok,0.000504,9.431,S,XGBoostModel,cpu,c6id
batch_cpu,c6id.24xlarge,XGBoostModel,OneHotEncoder,"{""encode_components"": [""base"", ""sugar"", ""phosphate""]}","{""max_depth"": 10, ""n_estimators"": 100}",immune_modulation_TLR7,192,random,4,0.5084462499999063,0.47702332900007605,0.02978533499981495,0.0013624719999825174,0.007266760999755206,946.0736,,,cpu,"[154, 180]",154.0,38.0,ok,0.000504,9.431,S,XGBoostModel,cpu,c6id
batch_cpu,c6id.24xlarge,XGBoostModel,OneHotEncoder,"{""encode_components"": [""base"", ""sugar"", ""phosphate""]}","{""max_depth"": 10, ""n_estimators"": 100}",immune_modulation_TLR7,192,random,0,0.5128028629997061,0.47882386800029053,0.032248058000277524,0.00140402399983941,0.007266760999755206,937.92256,,,cpu,"[154, 180]",154.0,38.0,ok,0.000504,9.431,S,XGBoostModel,cpu,c6id
batch_cpu,c6id.24xlarge,XGBoostModel,OneHotEncoder,"{""encode_components"": [""base"", ""sugar"", ""phosphate""]}","{""max_depth"": 10, ""n_estimators"": 100}",immune_modulation_TLR7,192,random,1,0.5279721309998422,0.49648694699999396,0.029678277000130038,0.0014023690000612987,0.007266760999755206,945.467392,,,cpu,"[154, 180]",154.0,38.0,ok,0.000504,9.431,S,XGBoostModel,cpu,c6id
batch_cpu,c6id.24xlarge,XGBoostModel,OneHotEncoder,"{""encode_components"": [""base"", ""sugar"", ""phosphate""]}","{""max_depth"": 10, ""n_estimators"": 100}",immune_modulation_TLR7,192,random,2,0.5279714530001911,0.49743666500035033,0.02875681400018948,0.001464231999761978,0.007266760999755206,945.733632,,,cpu,"[154, 180]",154.0,38.0,ok,0.000504,9.431,S,XGBoostModel,cpu,c6id
batch_cpu,c6id.24xlarge,XGBoostModel,OneHotEncoder,"{""encode_components"": [""base"", ""sugar"", ""phosphate""]}","{""max_depth"": 10, ""n_estimators"": 100}",immune_modulation_TLR7,192,random,3,0.5107207269998071,0.47887721600000077,0.030204436000076385,0.0013443419998111494,0.007266760999755206,945.799168,,,cpu,"[154, 180]",154.0,38.0,ok,0.000504,9.431,S,XGBoostModel,cpu,c6id
batch_cpu,c6id.24xlarge,XGBoostModel,OneHotEncoder,"{""encode_components"": [""base"", ""sugar"", ""phosphate""]}","{""max_depth"": 10, ""n_estimators"": 100}",immune_modulation_TLR7,192,random,4,0.5084462499999063,0.47702332900007605,0.02978533499981495,0.0013624719999825174,0.007266760999755206,946.0736,,,cpu,"[154, 180]",154.0,38.0,ok,0.000504,9.431,S,XGBoostModel,cpu,c6id
batch_cpu,c6id.24xlarge,XGBoostModel,OneHotEncoder,"{""encode_components"": [""base""]}","{""max_depth"": 30, ""n_estimators"": 500}",immune_modulation_TLR7,192,random,0,0.4733263520001856,0.40460043800021595,0.06699672500008091,0.0014599469996028347,0.0066524030003165535,945.741824,,,cpu,"[154, 100]",154.0,38.0,ok,0.000504,8.934,S,XGBoostModel,cpu,c6id
batch_cpu,c6id.24xlarge,XGBoostModel,OneHotEncoder,"{""encode_components"": [""base""]}","{""max_depth"": 30, ""n_estimators"": 500}",immune_modulation_TLR7,192,random,1,0.46479903399995237,0.397581111999898,0.06547362999981488,0.0015157719999479013,0.0066524030003165535,950.43584,,,cpu,"[154, 100]",154.0,38.0,ok,0.000504,8.934,S,XGBoostModel,cpu,c6id
batch_cpu,c6id.24xlarge,XGBoostModel,OneHotEncoder,"{""encode_components"": [""base""]}","{""max_depth"": 30, ""n_estimators"": 500}",immune_modulation_TLR7,192,random,2,0.45805114299992056,0.3945226679998086,0.06187257100009447,0.0014299899999059562,0.0066524030003165535,950.636544,,,cpu,"[154, 100]",154.0,38.0,ok,0.000504,8.934,S,XGBoostModel,cpu,c6id
batch_cpu,c6id.24xlarge,XGBoostModel,OneHotEncoder,"{""encode_components"": [""base""]}","{""max_depth"": 30, ""n_estimators"": 500}",immune_modulation_TLR7,192,random,3,0.46179692099985914,0.3966399160003675,0.06333136200009903,0.0015987140000106592,0.0066524030003165535,950.730752,,,cpu,"[154, 100]",154.0,38.0,ok,0.000504,8.934,S,XGBoostModel,cpu,c6id
batch_cpu,c6id.24xlarge,XGBoostModel,OneHotEncoder,"{""encode_components"": [""base""]}","{""max_depth"": 30, ""n_estimators"": 500}",immune_modulation_TLR7,192,random,4,0.466608936999819,0.40170725799998763,0.06308586299974195,0.0016014110001378867,0.0066524030003165535,950.919168,,,cpu,"[154, 100]",154.0,38.0,ok,0.000504,8.934,S,XGBoostModel,cpu,c6id
batch_cpu,c6id.24xlarge,XGBoostModel,OneHotEncoder,"{""encode_components"": [""base""]}","{""max_depth"": 30, ""n_estimators"": 500}",immune_modulation_TLR7,192,random,0,0.4733263520001856,0.40460043800021595,0.06699672500008091,0.0014599469996028347,0.0066524030003165535,945.741824,,,cpu,"[154, 100]",154.0,38.0,ok,0.000504,8.934,S,XGBoostModel,cpu,c6id
batch_cpu,c6id.24xlarge,XGBoostModel,OneHotEncoder,"{""encode_components"": [""base""]}","{""max_depth"": 30, ""n_estimators"": 500}",immune_modulation_TLR7,192,random,1,0.46479903399995237,0.397581111999898,0.06547362999981488,0.0015157719999479013,0.0066524030003165535,950.43584,,,cpu,"[154, 100]",154.0,38.0,ok,0.000504,8.934,S,XGBoostModel,cpu,c6id
batch_cpu,c6id.24xlarge,XGBoostModel,OneHotEncoder,"{""encode_components"": [""base""]}","{""max_depth"": 30, ""n_estimators"": 500}",immune_modulation_TLR7,192,random,2,0.45805114299992056,0.3945226679998086,0.06187257100009447,0.0014299899999059562,0.0066524030003165535,950.636544,,,cpu,"[154, 100]",154.0,38.0,ok,0.000504,8.934,S,XGBoostModel,cpu,c6id
batch_cpu,c6id.24xlarge,XGBoostModel,OneHotEncoder,"{""encode_components"": [""base""]}","{""max_depth"": 30, ""n_estimators"": 500}",immune_modulation_TLR7,192,random,3,0.46179692099985914,0.3966399160003675,0.06333136200009903,0.0015987140000106592,0.0066524030003165535,950.730752,,,cpu,"[154, 100]",154.0,38.0,ok,0.000504,8.934,S,XGBoostModel,cpu,c6id
batch_cpu,c6id.24xlarge,XGBoostModel,OneHotEncoder,"{""encode_components"": [""base""]}","{""max_depth"": 30, ""n_estimators"": 500}",immune_modulation_TLR7,192,random,4,0.466608936999819,0.40170725799998763,0.06308586299974195,0.0016014110001378867,0.0066524030003165535,950.919168,,,cpu,"[154, 100]",154.0,38.0,ok,0.000504,8.934,S,XGBoostModel,cpu,c6id
batch_cpu,c6id.24xlarge,XGBoostModel,OneHotEncoder,"{""encode_components"": [""base""]}","{""max_depth"": 20, ""n_estimators"": 1000}",immune_modulation_TLR7,192,random,0,0.48804954199977146,0.4034411090001413,0.08258379400012927,0.0017394400001649046,0.007272103000104835,944.795648,,,cpu,"[154, 100]",154.0,38.0,ok,0.000504,9.352,S,XGBoostModel,cpu,c6id
batch_cpu,c6id.24xlarge,XGBoostModel,OneHotEncoder,"{""encode_components"": [""base""]}","{""max_depth"": 20, ""n_estimators"": 1000}",immune_modulation_TLR7,192,random,1,0.4708633540003575,0.39258988400024464,0.07633023100015635,0.0016493929997523082,0.007272103000104835,953.516032,,,cpu,"[154, 100]",154.0,38.0,ok,0.000504,9.352,S,XGBoostModel,cpu,c6id
batch_cpu,c6id.24xlarge,XGBoostModel,OneHotEncoder,"{""encode_components"": [""base""]}","{""max_depth"": 20, ""n_estimators"": 1000}",immune_modulation_TLR7,192,random,2,0.4749005829999078,0.39416978899998867,0.07877231499969639,0.0016930080000747694,0.007272103000104835,953.716736,,,cpu,"[154, 100]",154.0,38.0,ok,0.000504,9.352,S,XGBoostModel,cpu,c6id
batch_cpu,c6id.24xlarge,XGBoostModel,OneHotEncoder,"{""encode_components"": [""base""]}","{""max_depth"": 20, ""n_estimators"": 1000}",immune_modulation_TLR7,192,random,3,0.47150354799987326,0.39226962099974116,0.07722874999990381,0.0017363270003443176,0.007272103000104835,953.778176,,,cpu,"[154, 100]",154.0,38.0,ok,0.000504,9.352,S,XGBoostModel,cpu,c6id
batch_cpu,c6id.24xlarge,XGBoostModel,OneHotEncoder,"{""encode_components"": [""base""]}","{""max_depth"": 20, ""n_estimators"": 1000}",immune_modulation_TLR7,192,random,4,0.47434499099972527,0.3935093719996985,0.07890701299993452,0.0016636220002510527,0.007272103000104835,953.987072,,,cpu,"[154, 100]",154.0,38.0,ok,0.000504,9.352,S,XGBoostModel,cpu,c6id
batch_cpu,c6id.24xlarge,XGBoostModel,OneHotEncoder,"{""encode_components"": [""base""]}","{""max_depth"": 20, ""n_estimators"": 1000}",immune_modulation_TLR7,192,random,0,0.48804954199977146,0.4034411090001413,0.08258379400012927,0.0017394400001649046,0.007272103000104835,944.795648,,,cpu,"[154, 100]",154.0,38.0,ok,0.000504,9.352,S,XGBoostModel,cpu,c6id
batch_cpu,c6id.24xlarge,XGBoostModel,OneHotEncoder,"{""encode_components"": [""base""]}","{""max_depth"": 20, ""n_estimators"": 1000}",immune_modulation_TLR7,192,random,1,0.4708633540003575,0.39258988400024464,0.07633023100015635,0.0016493929997523082,0.007272103000104835,953.516032,,,cpu,"[154, 100]",154.0,38.0,ok,0.000504,9.352,S,XGBoostModel,cpu,c6id
batch_cpu,c6id.24xlarge,XGBoostModel,OneHotEncoder,"{""encode_components"": [""base""]}","{""max_depth"": 20, ""n_estimators"": 1000}",immune_modulation_TLR7,192,random,2,0.4749005829999078,0.39416978899998867,0.07877231499969639,0.0016930080000747694,0.007272103000104835,953.716736,,,cpu,"[154, 100]",154.0,38.0,ok,0.000504,9.352,S,XGBoostModel,cpu,c6id
batch_cpu,c6id.24xlarge,XGBoostModel,OneHotEncoder,"{""encode_components"": [""base""]}","{""max_depth"": 20, ""n_estimators"": 1000}",immune_modulation_TLR7,192,random,3,0.47150354799987326,0.39226962099974116,0.07722874999990381,0.0017363270003443176,0.007272103000104835,953.778176,,,cpu,"[154, 100]",154.0,38.0,ok,0.000504,9.352,S,XGBoostModel,cpu,c6id
batch_cpu,c6id.24xlarge,XGBoostModel,OneHotEncoder,"{""encode_components"": [""base""]}","{""max_depth"": 20, ""n_estimators"": 1000}",immune_modulation_TLR7,192,random,4,0.47434499099972527,0.3935093719996985,0.07890701299993452,0.0016636220002510527,0.007272103000104835,953.987072,,,cpu,"[154, 100]",154.0,38.0,ok,0.000504,9.352,S,XGBoostModel,cpu,c6id
batch_cpu,c6id.24xlarge,LinearModel,RNAFMEmbeddings,{},"{""type"": ""ridge""}",immune_modulation_TLR7,192,random,0,5.981677909999689,5.970959643999777,0.008985472999938793,0.0014685060000374506,0.0066908250000778935,2536.845312,,,cpu,"[154, 12800]",154.0,38.0,ok,0.0021839999,34.675,S,RNA-FM + LinearModel,cpu,c6id
batch_cpu,c6id.24xlarge,LinearModel,RNAFMEmbeddings,{},"{""type"": ""ridge""}",immune_modulation_TLR7,192,random,1,5.479156522999801,5.469377918000191,0.008218331999614747,0.0012965290002284746,0.0066908250000778935,2582.827008,,,cpu,"[154, 12800]",154.0,38.0,ok,0.0021839999,34.675,S,RNA-FM + LinearModel,cpu,c6id
batch_cpu,c6id.24xlarge,LinearModel,RNAFMEmbeddings,{},"{""type"": ""ridge""}",immune_modulation_TLR7,192,random,2,5.4196782999997595,5.409734483000193,0.00824561299987181,0.0014325109996207175,0.0066908250000778935,2582.786048,,,cpu,"[154, 12800]",154.0,38.0,ok,0.0021839999,34.675,S,RNA-FM + LinearModel,cpu,c6id
batch_cpu,c6id.24xlarge,LinearModel,RNAFMEmbeddings,{},"{""type"": ""ridge""}",immune_modulation_TLR7,192,random,3,5.593971646000227,5.583851891999984,0.008503384000050573,0.0013638780001201667,0.0066908250000778935,2584.571904,,,cpu,"[154, 12800]",154.0,38.0,ok,0.0021839999,34.675,S,RNA-FM + LinearModel,cpu,c6id
batch_cpu,c6id.24xlarge,LinearModel,RNAFMEmbeddings,{},"{""type"": ""ridge""}",immune_modulation_TLR7,192,random,4,5.552799837999828,5.542807787000129,0.008393372000227828,0.001345891999790183,0.0066908250000778935,2584.633344,,,cpu,"[154, 12800]",154.0,38.0,ok,0.0021839999,34.675,S,RNA-FM + LinearModel,cpu,c6id
batch_cpu,c6id.24xlarge,LinearModel,RNAFMEmbeddings,{},"{""type"": ""ridge""}",immune_modulation_TLR7,192,random,0,5.981677909999689,5.970959643999777,0.008985472999938793,0.0014685060000374506,0.0066908250000778935,2536.845312,,,cpu,"[154, 12800]",154.0,38.0,ok,0.0021839999,34.675,S,RNA-FM + LinearModel,cpu,c6id
batch_cpu,c6id.24xlarge,LinearModel,RNAFMEmbeddings,{},"{""type"": ""ridge""}",immune_modulation_TLR7,192,random,1,5.479156522999801,5.469377918000191,0.008218331999614747,0.0012965290002284746,0.0066908250000778935,2582.827008,,,cpu,"[154, 12800]",154.0,38.0,ok,0.0021839999,34.675,S,RNA-FM + LinearModel,cpu,c6id
batch_cpu,c6id.24xlarge,LinearModel,RNAFMEmbeddings,{},"{""type"": ""ridge""}",immune_modulation_TLR7,192,random,2,5.4196782999997595,5.409734483000193,0.00824561299987181,0.0014325109996207175,0.0066908250000778935,2582.786048,,,cpu,"[154, 12800]",154.0,38.0,ok,0.0021839999,34.675,S,RNA-FM + LinearModel,cpu,c6id
batch_cpu,c6id.24xlarge,LinearModel,RNAFMEmbeddings,{},"{""type"": ""ridge""}",immune_modulation_TLR7,192,random,3,5.593971646000227,5.583851891999984,0.008503384000050573,0.0013638780001201667,0.0066908250000778935,2584.571904,,,cpu,"[154, 12800]",154.0,38.0,ok,0.0021839999,34.675,S,RNA-FM + LinearModel,cpu,c6id
batch_cpu,c6id.24xlarge,LinearModel,RNAFMEmbeddings,{},"{""type"": ""ridge""}",immune_modulation_TLR7,192,random,4,5.552799837999828,5.542807787000129,0.008393372000227828,0.001345891999790183,0.0066908250000778935,2584.633344,,,cpu,"[154, 12800]",154.0,38.0,ok,0.0021839999,34.675,S,RNA-FM + LinearModel,cpu,c6id
local_arm64,apple_m_arm64,GNN,HELMGraph,{},"{""hidden_dim"": 32, ""num_layers"": 2, ""pooling_operation"": ""avg""}",cytotox_lna,768,random,0,2.7170681660063565,1.131071542040445,1.528934083005879,0.03400191699620336,0.011546667024958879,597.049344,,27.0,cpu,"[615, 'graph']",615.0,153.0,ok,,,S,GNN,cpu_local,apple_m_arm64
local_arm64,apple_m_arm64,GNN,HELMGraph,{},"{""hidden_dim"": 32, ""num_layers"": 2, ""pooling_operation"": ""avg""}",cytotox_lna,768,random,1,1.5568240419961512,1.0358518330031075,0.48517475003609434,0.03432766697369516,0.011546667024958879,602.570752,,9.0,cpu,"[615, 'graph']",615.0,153.0,ok,,,S,GNN,cpu_local,apple_m_arm64
local_arm64,apple_m_arm64,GNN,HELMGraph,{},"{""hidden_dim"": 32, ""num_layers"": 2, ""pooling_operation"": ""avg""}",cytotox_lna,768,random,2,2.1169036249630153,1.0349581660120748,1.0461250410298817,0.03457137499935925,0.011546667024958879,605.683712,,20.0,cpu,"[615, 'graph']",615.0,153.0,ok,,,S,GNN,cpu_local,apple_m_arm64
local_arm64,apple_m_arm64,GNN,HELMGraph,{},"{""hidden_dim"": 64, ""num_layers"": 2, ""pooling_operation"": ""sum""}",cytotox_lna,768,nucleobase,0,3.837016750010662,1.1746912500238977,2.1013228750089183,0.04444216698175296,0.010012249986175448,613.220352,,26.0,cpu,"[704, 'graph']",704.0,64.0,ok,,,S,GNN,cpu_local,apple_m_arm64
local_arm64,apple_m_arm64,GNN,HELMGraph,{},"{""hidden_dim"": 64, ""num_layers"": 2, ""pooling_operation"": ""sum""}",cytotox_lna,768,nucleobase,1,2.827281917037908,0.9818235840066336,1.3926575420191512,0.04731920798076317,0.010012249986175448,620.314624,,25.0,cpu,"[480, 'graph']",480.0,288.0,ok,,,S,GNN,cpu_local,apple_m_arm64
local_arm64,apple_m_arm64,GNN,HELMGraph,{},"{""hidden_dim"": 64, ""num_layers"": 2, ""pooling_operation"": ""sum""}",cytotox_lna,768,nucleobase,2,3.5466146250255406,1.061680791026447,2.013350207998883,0.04678508301731199,0.010012249986175448,623.968256,,25.0,cpu,"[704, 'graph']",704.0,64.0,ok,,,S,GNN,cpu_local,apple_m_arm64
local_arm64,apple_m_arm64,LinearModel,KMersCounts,"{""k"": [1, 2, 3], ""modification_abundance"": true}","{""type"": ""ridge""}",cytotox_lna,768,random,0,0.5132552080322057,0.5119730420410633,0.0010289169731549919,0.00011166703188791871,0.010235582944005728,575.389696,,,cpu,"[615, 44]",615.0,153.0,ok,,,S,LinearModel,cpu_local,apple_m_arm64
local_arm64,apple_m_arm64,LinearModel,KMersCounts,"{""k"": [1, 2, 3], ""modification_abundance"": true}","{""type"": ""ridge""}",cytotox_lna,768,random,1,0.5129697079537436,0.5121624160092324,0.0006263329996727407,7.949996506795287e-05,0.010235582944005728,576.372736,,,cpu,"[615, 44]",615.0,153.0,ok,,,S,LinearModel,cpu_local,apple_m_arm64
local_arm64,apple_m_arm64,LinearModel,KMersCounts,"{""k"": [1, 2, 3], ""modification_abundance"": true}","{""type"": ""ridge""}",cytotox_lna,768,random,2,0.5096607499872334,0.5088936669635586,0.0005769999697804451,8.637498831376433e-05,0.010235582944005728,576.536576,,,cpu,"[615, 44]",615.0,153.0,ok,,,S,LinearModel,cpu_local,apple_m_arm64
local_arm64,apple_m_arm64,LinearModel,KMersCounts,"{""k"": [1, 2], ""modification_abundance"": false}","{""type"": ""standard""}",cytotox_lna,768,random,0,0.3959109170245938,0.39494995801942423,0.0007413330022245646,8.895801147446036e-05,0.0104057919816114,579.9936,,,cpu,"[615, 18]",615.0,153.0,ok,,,S,LinearModel,cpu_local,apple_m_arm64
local_arm64,apple_m_arm64,LinearModel,KMersCounts,"{""k"": [1, 2], ""modification_abundance"": false}","{""type"": ""standard""}",cytotox_lna,768,random,1,0.3864912500139326,0.385814749985002,0.0004786670324392617,8.495902875438333e-05,0.0104057919816114,580.419584,,,cpu,"[615, 18]",615.0,153.0,ok,,,S,LinearModel,cpu_local,apple_m_arm64
local_arm64,apple_m_arm64,LinearModel,KMersCounts,"{""k"": [1, 2], ""modification_abundance"": false}","{""type"": ""standard""}",cytotox_lna,768,random,2,0.38456116599263623,0.3838692919816822,0.0005155829712748528,7.71670020185411e-05,0.0104057919816114,580.534272,,,cpu,"[615, 18]",615.0,153.0,ok,,,S,LinearModel,cpu_local,apple_m_arm64
local_arm64,apple_m_arm64,MLP,KMersCounts,"{""k"": [1, 2, 3], ""modification_abundance"": false}","{""dropout"": 0, ""hidden_dims"": [64]}",cytotox_lna,768,nucleobase,0,1.1887763750273734,0.40198533301008865,0.3119305419968441,0.0004729579668492079,0.0106317910249345,591.036416,,9.0,cpu,"[704, 40]",704.0,64.0,ok,,,S,MLP,cpu_local,apple_m_arm64
local_arm64,apple_m_arm64,MLP,KMersCounts,"{""k"": [1, 2, 3], ""modification_abundance"": false}","{""dropout"": 0, ""hidden_dims"": [64]}",cytotox_lna,768,nucleobase,1,1.3351833330234513,0.40298041701316833,0.5283900829963386,0.0004015000304207206,0.0106317910249345,592.150528,,45.0,cpu,"[480, 39]",480.0,288.0,ok,,,S,MLP,cpu_local,apple_m_arm64
local_arm64,apple_m_arm64,MLP,KMersCounts,"{""k"": [1, 2, 3], ""modification_abundance"": false}","{""dropout"": 0, ""hidden_dims"": [64]}",cytotox_lna,768,nucleobase,2,1.014508709020447,0.4006714590359479,0.20952629199018702,0.0003490840317681432,0.0106317910249345,593.313792,,13.0,cpu,"[704, 40]",704.0,64.0,ok,,,S,MLP,cpu_local,apple_m_arm64
local_arm64,apple_m_arm64,MLP,KMersCounts,"{""k"": [1], ""modification_abundance"": true}","{""dropout"": 0.25, ""hidden_dims"": [64, 64]}",cytotox_lna,768,random,0,0.7691132079926319,0.5004548340220936,0.267455458000768,0.0005476669757626951,0.009838792029768229,589.627392,,12.0,cpu,"[615, 8]",615.0,153.0,ok,,,S,MLP,cpu_local,apple_m_arm64
local_arm64,apple_m_arm64,MLP,KMersCounts,"{""k"": [1], ""modification_abundance"": true}","{""dropout"": 0.25, ""hidden_dims"": [64, 64]}",cytotox_lna,768,random,1,0.799536666017957,0.6107737920247018,0.18776533397613093,0.00039945903699845076,0.009838792029768229,590.47936,,11.0,cpu,"[615, 8]",615.0,153.0,ok,,,S,MLP,cpu_local,apple_m_arm64
local_arm64,apple_m_arm64,MLP,KMersCounts,"{""k"": [1], ""modification_abundance"": true}","{""dropout"": 0.25, ""hidden_dims"": [64, 64]}",cytotox_lna,768,random,2,0.8957292499835603,0.5004727920168079,0.39435162500012666,0.000423082965426147,0.009838792029768229,590.97088,,24.0,cpu,"[615, 8]",615.0,153.0,ok,,,S,MLP,cpu_local,apple_m_arm64
local_arm64,apple_m_arm64,MLP,KMersCounts,"{""k"": [1, 2, 3], ""modification_abundance"": false}","{""dropout"": 0, ""hidden_dims"": [128, 128]}",cytotox_lna,768,nucleobase,0,1.2750211249804124,0.3929714590194635,0.4253258749959059,0.0007982500246725976,0.009300416975747794,583.417856,,13.0,cpu,"[704, 40]",704.0,64.0,ok,,,S,MLP,cpu_local,apple_m_arm64
local_arm64,apple_m_arm64,MLP,KMersCounts,"{""k"": [1, 2, 3], ""modification_abundance"": false}","{""dropout"": 0, ""hidden_dims"": [128, 128]}",cytotox_lna,768,nucleobase,1,1.0612030000193045,0.3881628339877352,0.26577516697579995,0.0005860829842276871,0.009300416975747794,585.64608,,17.0,cpu,"[480, 39]",480.0,288.0,ok,,,S,MLP,cpu_local,apple_m_arm64
local_arm64,apple_m_arm64,MLP,KMersCounts,"{""k"": [1, 2, 3], ""modification_abundance"": false}","{""dropout"": 0, ""hidden_dims"": [128, 128]}",cytotox_lna,768,nucleobase,2,0.9430490839877166,0.3950582079705782,0.1457039579981938,0.0006231250008568168,0.009300416975747794,586.907648,,7.0,cpu,"[704, 40]",704.0,64.0,ok,,,S,MLP,cpu_local,apple_m_arm64
local_arm64,apple_m_arm64,NearestNeighborsModel,KMersCounts,"{""k"": [1], ""modification_abundance"": true}","{""n_neighbors"": 5}",cytotox_lna,768,nucleobase,0,0.9562762500136159,0.4894639159901999,0.0005003330297768116,0.0011699589667841792,0.010209875006694347,584.384512,,,cpu,"[704, 8]",704.0,64.0,ok,,,S,NearestNeighborsModel,cpu_local,apple_m_arm64
local_arm64,apple_m_arm64,NearestNeighborsModel,KMersCounts,"{""k"": [1], ""modification_abundance"": true}","{""n_neighbors"": 5}",cytotox_lna,768,nucleobase,1,0.8864647499867715,0.4832911250414327,0.00039954204112291336,0.0014139160048216581,0.010209875006694347,584.695808,,,cpu,"[480, 8]",480.0,288.0,ok,,,S,NearestNeighborsModel,cpu_local,apple_m_arm64
local_arm64,apple_m_arm64,NearestNeighborsModel,KMersCounts,"{""k"": [1], ""modification_abundance"": true}","{""n_neighbors"": 5}",cytotox_lna,768,nucleobase,2,0.8813176249968819,0.48387075000209734,0.00031387503258883953,0.0011201250017620623,0.010209875006694347,584.810496,,,cpu,"[704, 8]",704.0,64.0,ok,,,S,NearestNeighborsModel,cpu_local,apple_m_arm64
local_arm64,apple_m_arm64,NearestNeighborsModel,KMersCounts,"{""k"": [1], ""modification_abundance"": true}","{""n_neighbors"": 10}",cytotox_lna,768,random,0,0.4951646660338156,0.49338062497554347,0.0004248750046826899,0.00123104196973145,0.009094250039197505,576.258048,,,cpu,"[615, 8]",615.0,153.0,ok,,,S,NearestNeighborsModel,cpu_local,apple_m_arm64
local_arm64,apple_m_arm64,NearestNeighborsModel,KMersCounts,"{""k"": [1], ""modification_abundance"": true}","{""n_neighbors"": 10}",cytotox_lna,768,random,1,0.4916229590307921,0.4899410830112174,0.0003350000479258597,0.0012392500066198409,0.009094250039197505,576.782336,,,cpu,"[615, 8]",615.0,153.0,ok,,,S,NearestNeighborsModel,cpu_local,apple_m_arm64
local_arm64,apple_m_arm64,NearestNeighborsModel,KMersCounts,"{""k"": [1], ""modification_abundance"": true}","{""n_neighbors"": 10}",cytotox_lna,768,random,2,0.4934676249977201,0.4918074170127511,0.00032945798011496663,0.0012250409927219152,0.009094250039197505,576.815104,,,cpu,"[615, 8]",615.0,153.0,ok,,,S,NearestNeighborsModel,cpu_local,apple_m_arm64
local_arm64,apple_m_arm64,NearestNeighborsModel,KMersCounts,"{""k"": [1], ""modification_abundance"": false}","{""n_neighbors"": 15}",cytotox_lna,768,random,0,0.38622774998657405,0.3842224169638939,0.0004711250076070428,0.001418790954630822,0.009869874978903681,575.193088,,,cpu,"[615, 4]",615.0,153.0,ok,,,S,NearestNeighborsModel,cpu_local,apple_m_arm64
local_arm64,apple_m_arm64,NearestNeighborsModel,KMersCounts,"{""k"": [1], ""modification_abundance"": false}","{""n_neighbors"": 15}",cytotox_lna,768,random,1,0.38310495897894725,0.3811363339773379,0.00030449999030679464,0.0015536249848082662,0.009869874978903681,575.56992,,,cpu,"[615, 4]",615.0,153.0,ok,,,S,NearestNeighborsModel,cpu_local,apple_m_arm64
local_arm64,apple_m_arm64,NearestNeighborsModel,KMersCounts,"{""k"": [1], ""modification_abundance"": false}","{""n_neighbors"": 15}",cytotox_lna,768,random,2,0.38347362499916926,0.38138391700340435,0.0003022089949809015,0.0016759170102886856,0.009869874978903681,575.750144,,,cpu,"[615, 4]",615.0,153.0,ok,,,S,NearestNeighborsModel,cpu_local,apple_m_arm64
local_arm64,apple_m_arm64,RandomForestModel,KMersCounts,"{""k"": [1, 2, 3], ""modification_abundance"": true}","{""max_depth"": 20, ""n_estimators"": 100}",cytotox_lna,768,random,0,0.5959662080276757,0.511533499986399,0.07811370800482109,0.006182709010317922,0.009533958043903112,580.009984,,,cpu,"[615, 44]",615.0,153.0,ok,,,S,RandomForestModel,cpu_local,apple_m_arm64
local_arm64,apple_m_arm64,RandomForestModel,KMersCounts,"{""k"": [1, 2, 3], ""modification_abundance"": true}","{""max_depth"": 20, ""n_estimators"": 100}",cytotox_lna,768,random,1,0.5948756670113653,0.5132694159983657,0.07570500002475455,0.005764915957115591,0.009533958043903112,580.23936,,,cpu,"[615, 44]",615.0,153.0,ok,,,S,RandomForestModel,cpu_local,apple_m_arm64
local_arm64,apple_m_arm64,RandomForestModel,KMersCounts,"{""k"": [1, 2, 3], ""modification_abundance"": true}","{""max_depth"": 20, ""n_estimators"": 100}",cytotox_lna,768,random,2,0.5910808339831419,0.5078915419871919,0.0773856250452809,0.005682332965079695,0.009533958043903112,580.255744,,,cpu,"[615, 44]",615.0,153.0,ok,,,S,RandomForestModel,cpu_local,apple_m_arm64
local_arm64,apple_m_arm64,RandomForestModel,KMersCounts,"{""k"": [1], ""modification_abundance"": false}","{""max_depth"": 20, ""n_estimators"": 500}",cytotox_lna,768,random,0,0.5752053339965641,0.3846800829633139,0.17577920900657773,0.014593457977753133,0.009629958018194884,578.19136,,,cpu,"[615, 4]",615.0,153.0,ok,,,S,RandomForestModel,cpu_local,apple_m_arm64
local_arm64,apple_m_arm64,RandomForestModel,KMersCounts,"{""k"": [1], ""modification_abundance"": false}","{""max_depth"": 20, ""n_estimators"": 500}",cytotox_lna,768,random,1,0.5766374999657273,0.3838687500101514,0.17786383401835337,0.014788291999138892,0.009629958018194884,578.420736,,,cpu,"[615, 4]",615.0,153.0,ok,,,S,RandomForestModel,cpu_local,apple_m_arm64
local_arm64,apple_m_arm64,RandomForestModel,KMersCounts,"{""k"": [1], ""modification_abundance"": false}","{""max_depth"": 20, ""n_estimators"": 500}",cytotox_lna,768,random,2,0.5627422079560347,0.37309354200260714,0.17484479199629277,0.014676459017209709,0.009629958018194884,578.51904,,,cpu,"[615, 4]",615.0,153.0,ok,,,S,RandomForestModel,cpu_local,apple_m_arm64
local_arm64,apple_m_arm64,RandomForestModel,KMersCounts,"{""k"": [1], ""modification_abundance"": true}","{""max_depth"": 30, ""n_estimators"": 1000}",cytotox_lna,768,random,0,1.0165979170124047,0.5014447499997914,0.4598699999623932,0.05512974999146536,0.009431332990061492,588.251136,,,cpu,"[615, 8]",615.0,153.0,ok,,,S,RandomForestModel,cpu_local,apple_m_arm64
local_arm64,apple_m_arm64,RandomForestModel,KMersCounts,"{""k"": [1], ""modification_abundance"": true}","{""max_depth"": 30, ""n_estimators"": 1000}",cytotox_lna,768,random,1,1.0049233750323765,0.49770179198822007,0.4534636249882169,0.05362566601252183,0.009431332990061492,588.578816,,,cpu,"[615, 8]",615.0,153.0,ok,,,S,RandomForestModel,cpu_local,apple_m_arm64
local_arm64,apple_m_arm64,RandomForestModel,KMersCounts,"{""k"": [1], ""modification_abundance"": true}","{""max_depth"": 30, ""n_estimators"": 1000}",cytotox_lna,768,random,2,1.0008526670280844,0.4880696670152247,0.45740687497891486,0.05525524995755404,0.009431332990061492,589.824,,,cpu,"[615, 8]",615.0,153.0,ok,,,S,RandomForestModel,cpu_local,apple_m_arm64
local_arm64,apple_m_arm64,XGBoostModel,KMersCounts,"{""k"": [1], ""modification_abundance"": false}","{""max_depth"": 10, ""n_estimators"": 100}",cytotox_lna,768,nucleobase,0,0.8643136660102755,0.38286837498890236,0.010322207992430776,0.0004045000532642007,0.009847834007814527,585.056256,,,cpu,"[704, 4]",704.0,64.0,ok,,,S,XGBoostModel,cpu_local,apple_m_arm64
local_arm64,apple_m_arm64,XGBoostModel,KMersCounts,"{""k"": [1], ""modification_abundance"": false}","{""max_depth"": 10, ""n_estimators"": 100}",cytotox_lna,768,nucleobase,1,0.7998610409558751,0.3815187499858439,0.008884208975359797,0.00036212505074217916,0.009847834007814527,587.087872,,,cpu,"[480, 4]",480.0,288.0,ok,,,S,XGBoostModel,cpu_local,apple_m_arm64
local_arm64,apple_m_arm64,XGBoostModel,KMersCounts,"{""k"": [1], ""modification_abundance"": false}","{""max_depth"": 10, ""n_estimators"": 100}",cytotox_lna,768,nucleobase,2,0.7763505419716239,0.3716526670032181,0.008822374977171421,0.00033070897916331887,0.009847834007814527,587.300864,,,cpu,"[704, 4]",704.0,64.0,ok,,,S,XGBoostModel,cpu_local,apple_m_arm64
local_arm64,apple_m_arm64,XGBoostModel,KMersCounts,"{""k"": [1, 2, 3], ""modification_abundance"": true}","{""max_depth"": 20, ""n_estimators"": 500}",cytotox_lna,768,nucleobase,0,1.0309937080019154,0.5124374580336735,0.04468887497205287,0.0007118750363588333,0.009798875020351261,585.285632,,,cpu,"[704, 44]",704.0,64.0,ok,,,S,XGBoostModel,cpu_local,apple_m_arm64
local_arm64,apple_m_arm64,XGBoostModel,KMersCounts,"{""k"": [1, 2, 3], ""modification_abundance"": true}","{""max_depth"": 20, ""n_estimators"": 500}",cytotox_lna,768,nucleobase,1,0.9449157919734716,0.5048787500127219,0.04005650000181049,0.0006479170406237245,0.009798875020351261,587.022336,,,cpu,"[480, 43]",480.0,288.0,ok,,,S,XGBoostModel,cpu_local,apple_m_arm64
local_arm64,apple_m_arm64,XGBoostModel,KMersCounts,"{""k"": [1, 2, 3], ""modification_abundance"": true}","{""max_depth"": 20, ""n_estimators"": 500}",cytotox_lna,768,nucleobase,2,0.9421267499565147,0.5018932920065708,0.04429158300627023,0.0007580419769510627,0.009798875020351261,587.595776,,,cpu,"[704, 44]",704.0,64.0,ok,,,S,XGBoostModel,cpu_local,apple_m_arm64
local_arm64,apple_m_arm64,XGBoostModel,KMersCounts,"{""k"": [1, 2, 3], ""modification_abundance"": true}","{""max_depth"": 20, ""n_estimators"": 1000}",cytotox_lna,768,random,0,0.5886169580044225,0.5125647500390187,0.07498166599543765,0.0009477080311626196,0.009466207993682474,578.813952,,,cpu,"[615, 44]",615.0,153.0,ok,,,S,XGBoostModel,cpu_local,apple_m_arm64
local_arm64,apple_m_arm64,XGBoostModel,KMersCounts,"{""k"": [1, 2, 3], ""modification_abundance"": true}","{""max_depth"": 20, ""n_estimators"": 1000}",cytotox_lna,768,random,1,0.5839957499993034,0.5066076670191251,0.07633858302142471,0.0009061669697985053,0.009466207993682474,584.384512,,,cpu,"[615, 44]",615.0,153.0,ok,,,S,XGBoostModel,cpu_local,apple_m_arm64
local_arm64,apple_m_arm64,XGBoostModel,KMersCounts,"{""k"": [1, 2, 3], ""modification_abundance"": true}","{""max_depth"": 20, ""n_estimators"": 1000}",cytotox_lna,768,random,2,0.5838303749915212,0.5083290420006961,0.07424733298830688,0.0011329999542795122,0.009466207993682474,584.597504,,,cpu,"[615, 44]",615.0,153.0,ok,,,S,XGBoostModel,cpu_local,apple_m_arm64
local_arm64,apple_m_arm64,CNN,OneHotEncoder,"{""encode_components"": [""base"", ""sugar"", ""phosphate""]}","{""depth"": 1, ""hidden_dim"": 32, ""kernel_size"": 3, ""pooling_operation"": ""avg""}",cytotox_lna,768,nucleobase,0,2.445791542006191,0.9256088749971241,1.0463042500196025,0.0045954170054756105,0.009206291986629367,588.562432,,37.0,cpu,"[704, 16, 8]",704.0,64.0,ok,,,S,CNN,cpu_local,apple_m_arm64
local_arm64,apple_m_arm64,CNN,OneHotEncoder,"{""encode_components"": [""base"", ""sugar"", ""phosphate""]}","{""depth"": 1, ""hidden_dim"": 32, ""kernel_size"": 3, ""pooling_operation"": ""avg""}",cytotox_lna,768,nucleobase,1,2.07773045898648,0.7522893749992363,0.9199375829775818,0.004121457983274013,0.009206291986629367,594.280448,,49.0,cpu,"[480, 16, 8]",480.0,288.0,ok,,,S,CNN,cpu_local,apple_m_arm64
local_arm64,apple_m_arm64,CNN,OneHotEncoder,"{""encode_components"": [""base"", ""sugar"", ""phosphate""]}","{""depth"": 1, ""hidden_dim"": 32, ""kernel_size"": 3, ""pooling_operation"": ""avg""}",cytotox_lna,768,nucleobase,2,2.5906505410093814,0.8264014999731444,1.3584407910238951,0.004077250021509826,0.009206291986629367,597.803008,,52.0,cpu,"[704, 16, 8]",704.0,64.0,ok,,,S,CNN,cpu_local,apple_m_arm64
local_arm64,apple_m_arm64,CNN,OneHotEncoder,"{""encode_components"": [""base"", ""sugar"", ""phosphate""]}","{""depth"": 1, ""hidden_dim"": 64, ""kernel_size"": 7, ""pooling_operation"": ""avg""}",cytotox_lna,768,nucleobase,0,3.1356732500134967,0.9124265420250595,1.7399268329609185,0.01527845801319927,0.008954874996561557,595.574784,,49.0,cpu,"[704, 16, 8]",704.0,64.0,ok,,,S,CNN,cpu_local,apple_m_arm64
local_arm64,apple_m_arm64,CNN,OneHotEncoder,"{""encode_components"": [""base"", ""sugar"", ""phosphate""]}","{""depth"": 1, ""hidden_dim"": 64, ""kernel_size"": 7, ""pooling_operation"": ""avg""}",cytotox_lna,768,nucleobase,1,2.3400761249940842,0.7451491249958053,1.179943333962001,0.01051420799922198,0.008954874996561557,636.207104,,48.0,cpu,"[480, 16, 8]",480.0,288.0,ok,,,S,CNN,cpu_local,apple_m_arm64
local_arm64,apple_m_arm64,CNN,OneHotEncoder,"{""encode_components"": [""base"", ""sugar"", ""phosphate""]}","{""depth"": 1, ""hidden_dim"": 64, ""kernel_size"": 7, ""pooling_operation"": ""avg""}",cytotox_lna,768,nucleobase,2,2.5181420000153594,0.8219142089947127,1.2820505420095287,0.011176833009812981,0.008954874996561557,639.614976,,37.0,cpu,"[704, 16, 8]",704.0,64.0,ok,,,S,CNN,cpu_local,apple_m_arm64
local_arm64,apple_m_arm64,GRU,OneHotEncoder,"{""encode_components"": [""base"", ""sugar"", ""phosphate""]}","{""hidden_dim"": 32, ""num_layers"": 1}",cytotox_lna,768,nucleobase,0,2.269009209005162,0.921100291016046,0.8709649999509566,0.005651207990013063,0.010098750004544854,599.2448,,19.0,cpu,"[704, 16, 8]",704.0,64.0,ok,,,S,GRU,cpu_local,apple_m_arm64
local_arm64,apple_m_arm64,GRU,OneHotEncoder,"{""encode_components"": [""base"", ""sugar"", ""phosphate""]}","{""hidden_dim"": 32, ""num_layers"": 1}",cytotox_lna,768,nucleobase,1,2.361383665993344,0.7750016250065528,1.1738670830382034,0.004892125027254224,0.010098750004544854,602.947584,,40.0,cpu,"[480, 16, 8]",480.0,288.0,ok,,,S,GRU,cpu_local,apple_m_arm64
local_arm64,apple_m_arm64,GRU,OneHotEncoder,"{""encode_components"": [""base"", ""sugar"", ""phosphate""]}","{""hidden_dim"": 32, ""num_layers"": 1}",cytotox_lna,768,nucleobase,2,2.251279834017623,0.8204452500212938,1.0243543339893222,0.005501333042047918,0.010098750004544854,607.944704,,25.0,cpu,"[704, 16, 8]",704.0,64.0,ok,,,S,GRU,cpu_local,apple_m_arm64
local_arm64,apple_m_arm64,GRU,OneHotEncoder,"{""encode_components"": [""base""]}","{""hidden_dim"": 64, ""num_layers"": 2}",cytotox_lna,768,nucleobase,0,2.7238505000132136,0.7910089169745333,1.4492422919720411,0.02288820897229016,0.01136095798574388,597.475328,,14.0,cpu,"[704, 16, 4]",704.0,64.0,ok,,,S,GRU,cpu_local,apple_m_arm64
local_arm64,apple_m_arm64,GRU,OneHotEncoder,"{""encode_components"": [""base""]}","{""hidden_dim"": 64, ""num_layers"": 2}",cytotox_lna,768,nucleobase,1,1.7334682079963386,0.6231823330163024,0.6875587499816902,0.021722042001783848,0.01136095798574388,609.304576,,10.0,cpu,"[480, 16, 4]",480.0,288.0,ok,,,S,GRU,cpu_local,apple_m_arm64
local_arm64,apple_m_arm64,GRU,OneHotEncoder,"{""encode_components"": [""base""]}","{""hidden_dim"": 64, ""num_layers"": 2}",cytotox_lna,768,nucleobase,2,2.68462970899418,0.7333956249640323,1.5332301249727607,0.023653874988667667,0.01136095798574388,615.38304,,15.0,cpu,"[704, 16, 4]",704.0,64.0,ok,,,S,GRU,cpu_local,apple_m_arm64
local_arm64,apple_m_arm64,LinearModel,OneHotEncoder,"{""encode_components"": [""base"", ""sugar"", ""phosphate""]}","{""type"": ""ridge""}",cytotox_lna,768,random,0,0.8989917500293814,0.897423250018619,0.0013228330062702298,0.00011558400001376867,0.010520542040467262,575.0784,,,cpu,"[615, 128]",615.0,153.0,ok,,,S,LinearModel,cpu_local,apple_m_arm64
local_arm64,apple_m_arm64,LinearModel,OneHotEncoder,"{""encode_components"": [""base"", ""sugar"", ""phosphate""]}","{""type"": ""ridge""}",cytotox_lna,768,random,1,0.7949768750113435,0.7936142499675043,0.0011422920506447554,0.00011537497630342841,0.010520542040467262,576.372736,,,cpu,"[615, 128]",615.0,153.0,ok,,,S,LinearModel,cpu_local,apple_m_arm64
local_arm64,apple_m_arm64,LinearModel,OneHotEncoder,"{""encode_components"": [""base"", ""sugar"", ""phosphate""]}","{""type"": ""ridge""}",cytotox_lna,768,random,2,0.7919546670163982,0.7905574589967728,0.0011675829882733524,0.000111832981929183,0.010520542040467262,576.864256,,,cpu,"[615, 128]",615.0,153.0,ok,,,S,LinearModel,cpu_local,apple_m_arm64
local_arm64,apple_m_arm64,LinearModel,OneHotEncoder,"{""encode_components"": [""base""]}","{""type"": ""standard""}",cytotox_lna,768,nucleobase,0,1.3085047079948708,0.8236424589995295,0.0017567909671925008,0.00010341696906834841,0.00959575001616031,580.32128,,,cpu,"[704, 64]",704.0,64.0,ok,,,S,LinearModel,cpu_local,apple_m_arm64
local_arm64,apple_m_arm64,LinearModel,OneHotEncoder,"{""encode_components"": [""base""]}","{""type"": ""standard""}",cytotox_lna,768,nucleobase,1,1.0349215000169352,0.6277074999525212,0.0011737500317394733,0.00010404200293123722,0.00959575001616031,580.698112,,,cpu,"[480, 64]",480.0,288.0,ok,,,S,LinearModel,cpu_local,apple_m_arm64
local_arm64,apple_m_arm64,LinearModel,OneHotEncoder,"{""encode_components"": [""base""]}","{""type"": ""standard""}",cytotox_lna,768,nucleobase,2,1.1112300000386313,0.7124045839882456,0.0015095829730853438,0.00013037497410550714,0.00959575001616031,580.97664,,,cpu,"[704, 64]",704.0,64.0,ok,,,S,LinearModel,cpu_local,apple_m_arm64
local_arm64,apple_m_arm64,MLP,OneHotEncoder,"{""encode_components"": [""base"", ""sugar"", ""phosphate""]}","{""dropout"": 0, ""hidden_dims"": [64]}",cytotox_lna,768,random,0,1.295372958004009,0.8927407080191188,0.40155345801031217,0.0005799590144306421,0.010361624998040497,590.757888,,22.0,cpu,"[615, 128]",615.0,153.0,ok,,,S,MLP,cpu_local,apple_m_arm64
local_arm64,apple_m_arm64,MLP,OneHotEncoder,"{""encode_components"": [""base"", ""sugar"", ""phosphate""]}","{""dropout"": 0, ""hidden_dims"": [64]}",cytotox_lna,768,random,1,1.3374627499724738,0.8084388329880312,0.5280230000498705,0.00044808402890339494,0.010361624998040497,593.657856,,36.0,cpu,"[615, 128]",615.0,153.0,ok,,,S,MLP,cpu_local,apple_m_arm64
local_arm64,apple_m_arm64,MLP,OneHotEncoder,"{""encode_components"": [""base"", ""sugar"", ""phosphate""]}","{""dropout"": 0, ""hidden_dims"": [64]}",cytotox_lna,768,random,2,1.167237167013809,0.8007036249618977,0.36573162500280887,0.0004558750079013407,0.010361624998040497,594.706432,,25.0,cpu,"[615, 128]",615.0,153.0,ok,,,S,MLP,cpu_local,apple_m_arm64
local_arm64,apple_m_arm64,MLP,OneHotEncoder,"{""encode_components"": [""base"", ""sugar"", ""phosphate""]}","{""dropout"": 0.25, ""hidden_dims"": [64, 64]}",cytotox_lna,768,random,0,1.2495685000321828,0.8954896249924786,0.35259945900179446,0.0009433749946765602,0.010806458012666553,590.299136,,17.0,cpu,"[615, 128]",615.0,153.0,ok,,,S,MLP,cpu_local,apple_m_arm64
local_arm64,apple_m_arm64,MLP,OneHotEncoder,"{""encode_components"": [""base"", ""sugar"", ""phosphate""]}","{""dropout"": 0.25, ""hidden_dims"": [64, 64]}",cytotox_lna,768,random,1,1.1919557909714058,0.7987297090003267,0.39190104202134535,0.0008114169468171895,0.010806458012666553,593.166336,,23.0,cpu,"[615, 128]",615.0,153.0,ok,,,S,MLP,cpu_local,apple_m_arm64
local_arm64,apple_m_arm64,MLP,OneHotEncoder,"{""encode_components"": [""base"", ""sugar"", ""phosphate""]}","{""dropout"": 0.25, ""hidden_dims"": [64, 64]}",cytotox_lna,768,random,2,1.3071639999980107,0.8336968750227243,0.472296666004695,0.0007435829611495137,0.010806458012666553,594.100224,,28.0,cpu,"[615, 128]",615.0,153.0,ok,,,S,MLP,cpu_local,apple_m_arm64
local_arm64,apple_m_arm64,MLP,OneHotEncoder,"{""encode_components"": [""base"", ""sugar"", ""phosphate""]}","{""dropout"": 0.25, ""hidden_dims"": [128, 128]}",cytotox_lna,768,random,0,1.675836291979067,0.931825750041753,0.7417138330056332,0.0016554580070078373,0.010831458028405905,526.41792,,24.0,cpu,"[615, 128]",615.0,153.0,ok,,,S,MLP,cpu_local,apple_m_arm64
local_arm64,apple_m_arm64,MLP,OneHotEncoder,"{""encode_components"": [""base"", ""sugar"", ""phosphate""]}","{""dropout"": 0.25, ""hidden_dims"": [128, 128]}",cytotox_lna,768,random,1,1.2978104160283692,0.8816090830368921,0.4141128750052303,0.0011703339987434447,0.010831458028405905,515.2768,,17.0,cpu,"[615, 128]",615.0,153.0,ok,,,S,MLP,cpu_local,apple_m_arm64
local_arm64,apple_m_arm64,MLP,OneHotEncoder,"{""encode_components"": [""base"", ""sugar"", ""phosphate""]}","{""dropout"": 0.25, ""hidden_dims"": [128, 128]}",cytotox_lna,768,random,2,1.1600449999677949,0.862284249975346,0.2963958329637535,0.0009091250249184668,0.010831458028405905,518.619136,,12.0,cpu,"[615, 128]",615.0,153.0,ok,,,S,MLP,cpu_local,apple_m_arm64
local_arm64,apple_m_arm64,NearestNeighborsModel,OneHotEncoder,"{""encode_components"": [""base""]}","{""n_neighbors"": 5}",cytotox_lna,768,random,0,0.9240841660066508,0.8524342500022613,0.00024408299941569567,0.07125858298968524,0.011008959030732512,580.943872,,,cpu,"[615, 64]",615.0,153.0,ok,,,S,NearestNeighborsModel,cpu_local,apple_m_arm64
local_arm64,apple_m_arm64,NearestNeighborsModel,OneHotEncoder,"{""encode_components"": [""base""]}","{""n_neighbors"": 5}",cytotox_lna,768,random,1,0.7531307919998653,0.7498810840188526,0.00017562502762302756,0.0029510000022128224,0.011008959030732512,581.812224,,,cpu,"[615, 64]",615.0,153.0,ok,,,S,NearestNeighborsModel,cpu_local,apple_m_arm64
local_arm64,apple_m_arm64,NearestNeighborsModel,OneHotEncoder,"{""encode_components"": [""base""]}","{""n_neighbors"": 5}",cytotox_lna,768,random,2,0.7399154999875464,0.7350320419645868,0.00026770797558128834,0.004428458982147276,0.011008959030732512,581.844992,,,cpu,"[615, 64]",615.0,153.0,ok,,,S,NearestNeighborsModel,cpu_local,apple_m_arm64
local_arm64,apple_m_arm64,NearestNeighborsModel,OneHotEncoder,"{""encode_components"": [""base"", ""sugar"", ""phosphate""]}","{""n_neighbors"": 10}",cytotox_lna,768,nucleobase,0,1.456812875054311,0.9609990420285612,0.00021666701650246978,0.004296917002648115,0.010653208009898663,522.289152,,,cpu,"[704, 128]",704.0,64.0,ok,,,S,NearestNeighborsModel,cpu_local,apple_m_arm64
local_arm64,apple_m_arm64,NearestNeighborsModel,OneHotEncoder,"{""encode_components"": [""base"", ""sugar"", ""phosphate""]}","{""n_neighbors"": 10}",cytotox_lna,768,nucleobase,1,1.2119418339570984,0.7870373330079019,0.00017962499987334013,0.002870334021281451,0.010653208009898663,519.225344,,,cpu,"[480, 128]",480.0,288.0,ok,,,S,NearestNeighborsModel,cpu_local,apple_m_arm64
local_arm64,apple_m_arm64,NearestNeighborsModel,OneHotEncoder,"{""encode_components"": [""base"", ""sugar"", ""phosphate""]}","{""n_neighbors"": 10}",cytotox_lna,768,nucleobase,2,1.28204600000754,0.8631659579696134,0.0001753749675117433,0.004175249952822924,0.010653208009898663,519.471104,,,cpu,"[704, 128]",704.0,64.0,ok,,,S,NearestNeighborsModel,cpu_local,apple_m_arm64
local_arm64,apple_m_arm64,NearestNeighborsModel,OneHotEncoder,"{""encode_components"": [""base""]}","{""n_neighbors"": 15}",cytotox_lna,768,random,0,0.9264328749850392,0.8555403330246918,0.00030808395240455866,0.07037299999501556,0.010227790975477546,580.337664,,,cpu,"[615, 64]",615.0,153.0,ok,,,S,NearestNeighborsModel,cpu_local,apple_m_arm64
local_arm64,apple_m_arm64,NearestNeighborsModel,OneHotEncoder,"{""encode_components"": [""base""]}","{""n_neighbors"": 15}",cytotox_lna,768,random,1,0.7476736669777893,0.7442034999839962,0.00018887495389208198,0.0031489580287598073,0.010227790975477546,581.173248,,,cpu,"[615, 64]",615.0,153.0,ok,,,S,NearestNeighborsModel,cpu_local,apple_m_arm64
local_arm64,apple_m_arm64,NearestNeighborsModel,OneHotEncoder,"{""encode_components"": [""base""]}","{""n_neighbors"": 15}",cytotox_lna,768,random,2,0.7531385829788633,0.7498660419951193,0.00018270901637151837,0.002973874972667545,0.010227790975477546,581.71392,,,cpu,"[615, 64]",615.0,153.0,ok,,,S,NearestNeighborsModel,cpu_local,apple_m_arm64
local_arm64,apple_m_arm64,RandomForestModel,OneHotEncoder,"{""encode_components"": [""base""]}","{""max_depth"": 20, ""n_estimators"": 100}",cytotox_lna,768,random,0,0.9028012919588946,0.8429577500210144,0.05541945795994252,0.004277708998415619,0.010242040967568755,589.709312,,,cpu,"[615, 64]",615.0,153.0,ok,,,S,RandomForestModel,cpu_local,apple_m_arm64
local_arm64,apple_m_arm64,RandomForestModel,OneHotEncoder,"{""encode_components"": [""base""]}","{""max_depth"": 20, ""n_estimators"": 100}",cytotox_lna,768,random,1,0.7992761670029722,0.7366011249832809,0.058371708961203694,0.004167542036157101,0.010242040967568755,590.217216,,,cpu,"[615, 64]",615.0,153.0,ok,,,S,RandomForestModel,cpu_local,apple_m_arm64
local_arm64,apple_m_arm64,RandomForestModel,OneHotEncoder,"{""encode_components"": [""base""]}","{""max_depth"": 20, ""n_estimators"": 100}",cytotox_lna,768,random,2,0.797336500021629,0.7349335830076598,0.05767258402192965,0.004351458977907896,0.010242040967568755,590.249984,,,cpu,"[615, 64]",615.0,153.0,ok,,,S,RandomForestModel,cpu_local,apple_m_arm64
local_arm64,apple_m_arm64,RandomForestModel,OneHotEncoder,"{""encode_components"": [""base""]}","{""max_depth"": 30, ""n_estimators"": 500}",cytotox_lna,768,random,0,1.6312928750412539,1.1233658750425093,0.48202666704310104,0.02565487497486174,0.029941333981696516,456.86784,,,cpu,"[615, 64]",615.0,153.0,ok,,,S,RandomForestModel,cpu_local,apple_m_arm64
local_arm64,apple_m_arm64,RandomForestModel,OneHotEncoder,"{""encode_components"": [""base""]}","{""max_depth"": 30, ""n_estimators"": 500}",cytotox_lna,768,random,1,1.0388714580330998,0.7514239590382203,0.26790287502808496,0.019164207973517478,0.029941333981696516,443.465728,,,cpu,"[615, 64]",615.0,153.0,ok,,,S,RandomForestModel,cpu_local,apple_m_arm64
local_arm64,apple_m_arm64,RandomForestModel,OneHotEncoder,"{""encode_components"": [""base""]}","{""max_depth"": 30, ""n_estimators"": 500}",cytotox_lna,768,random,2,1.0133487090351991,0.7252650420414284,0.2693531250115484,0.018603250035084784,0.029941333981696516,439.025664,,,cpu,"[615, 64]",615.0,153.0,ok,,,S,RandomForestModel,cpu_local,apple_m_arm64
local_arm64,apple_m_arm64,RandomForestModel,OneHotEncoder,"{""encode_components"": [""base"", ""sugar"", ""phosphate""]}","{""max_depth"": 30, ""n_estimators"": 1000}",cytotox_lna,768,nucleobase,0,3.5826691670226865,0.9958689169725403,2.006827167002484,0.08150583400856704,0.01171179098309949,555.25376,,,cpu,"[704, 128]",704.0,64.0,ok,,,S,RandomForestModel,cpu_local,apple_m_arm64
local_arm64,apple_m_arm64,RandomForestModel,OneHotEncoder,"{""encode_components"": [""base"", ""sugar"", ""phosphate""]}","{""max_depth"": 30, ""n_estimators"": 1000}",cytotox_lna,768,nucleobase,1,2.8737540839938447,0.8052788749919273,1.541511332965456,0.07485795899992809,0.01171179098309949,569.982976,,,cpu,"[480, 128]",480.0,288.0,ok,,,S,RandomForestModel,cpu_local,apple_m_arm64
local_arm64,apple_m_arm64,RandomForestModel,OneHotEncoder,"{""encode_components"": [""base"", ""sugar"", ""phosphate""]}","{""max_depth"": 30, ""n_estimators"": 1000}",cytotox_lna,768,nucleobase,2,3.5668594160233624,0.8567221670527942,2.13619408296654,0.1563337910338305,0.01171179098309949,571.949056,,,cpu,"[704, 128]",704.0,64.0,ok,,,S,RandomForestModel,cpu_local,apple_m_arm64
local_arm64,apple_m_arm64,Transformer,OneHotEncoder,"{""encode_components"": [""base""]}","{""d_model"": 64, ""dim_feedforward"": 128, ""dropout"": 0, ""nhead"": 4, ""num_layers"": 1}",cytotox_lna,768,nucleobase,0,3.4534395830123685,0.8400982089806348,2.0936267089564353,0.02706462499918416,0.010548333986662328,604.307456,,9.0,cpu,"[704, 16, 4]",704.0,64.0,ok,,,S,Transformer,cpu_local,apple_m_arm64
local_arm64,apple_m_arm64,Transformer,OneHotEncoder,"{""encode_components"": [""base""]}","{""d_model"": 64, ""dim_feedforward"": 128, ""dropout"": 0, ""nhead"": 4, ""num_layers"": 1}",cytotox_lna,768,nucleobase,1,2.1526484999922104,0.6686306250048801,1.0201417920179665,0.019325917004607618,0.010548333986662328,451.280896,,16.0,cpu,"[480, 16, 4]",480.0,288.0,ok,,,S,Transformer,cpu_local,apple_m_arm64
local_arm64,apple_m_arm64,Transformer,OneHotEncoder,"{""encode_components"": [""base""]}","{""d_model"": 64, ""dim_feedforward"": 128, ""dropout"": 0, ""nhead"": 4, ""num_layers"": 1}",cytotox_lna,768,nucleobase,2,2.234669875004329,0.7425765829975717,1.0458720419555902,0.021116040996275842,0.010548333986662328,401.014784,,11.0,cpu,"[704, 16, 4]",704.0,64.0,ok,,,S,Transformer,cpu_local,apple_m_arm64
local_arm64,apple_m_arm64,Transformer,OneHotEncoder,"{""encode_components"": [""base"", ""sugar"", ""phosphate""]}","{""d_model"": 128, ""dim_feedforward"": 64, ""dropout"": 0, ""nhead"": 4, ""num_layers"": 1}",cytotox_lna,768,nucleobase,0,4.207927500014193,0.9752561250352301,2.6694783749990165,0.03315249999286607,0.010792416986078024,577.20832,,20.0,cpu,"[704, 16, 8]",704.0,64.0,ok,,,S,Transformer,cpu_local,apple_m_arm64
local_arm64,apple_m_arm64,Transformer,OneHotEncoder,"{""encode_components"": [""base"", ""sugar"", ""phosphate""]}","{""d_model"": 128, ""dim_feedforward"": 64, ""dropout"": 0, ""nhead"": 4, ""num_layers"": 1}",cytotox_lna,768,nucleobase,1,4.569163832988124,0.7896307090413757,3.3210422500269488,0.03671279095578939,0.010792416986078024,614.907904,,23.0,cpu,"[480, 16, 8]",480.0,288.0,ok,,,S,Transformer,cpu_local,apple_m_arm64
local_arm64,apple_m_arm64,Transformer,OneHotEncoder,"{""encode_components"": [""base"", ""sugar"", ""phosphate""]}","{""d_model"": 128, ""dim_feedforward"": 64, ""dropout"": 0, ""nhead"": 4, ""num_layers"": 1}",cytotox_lna,768,nucleobase,2,4.342030333005823,0.8981072079623118,2.96638100000564,0.03176108398474753,0.010792416986078024,587.972608,,22.0,cpu,"[704, 16, 8]",704.0,64.0,ok,,,S,Transformer,cpu_local,apple_m_arm64
local_arm64,apple_m_arm64,XGBoostModel,OneHotEncoder,"{""encode_components"": [""base""]}","{""max_depth"": 30, ""n_estimators"": 100}",cytotox_lna,768,random,0,0.8514792919741012,0.8328849999816157,0.017682166013401,0.0007343330071307719,0.0117383329779841,517.423104,,,cpu,"[615, 64]",615.0,153.0,ok,,,S,XGBoostModel,cpu_local,apple_m_arm64
local_arm64,apple_m_arm64,XGBoostModel,OneHotEncoder,"{""encode_components"": [""base""]}","{""max_depth"": 30, ""n_estimators"": 100}",cytotox_lna,768,random,1,0.7348969579907134,0.7204485000111163,0.013773333048447967,0.0005210000090301037,0.0117383329779841,519.716864,,,cpu,"[615, 64]",615.0,153.0,ok,,,S,XGBoostModel,cpu_local,apple_m_arm64
local_arm64,apple_m_arm64,XGBoostModel,OneHotEncoder,"{""encode_components"": [""base""]}","{""max_depth"": 30, ""n_estimators"": 100}",cytotox_lna,768,random,2,0.7487572079990059,0.7335938750184141,0.014395583013538271,0.0006342499982565641,0.0117383329779841,519.86432,,,cpu,"[615, 64]",615.0,153.0,ok,,,S,XGBoostModel,cpu_local,apple_m_arm64
local_arm64,apple_m_arm64,XGBoostModel,OneHotEncoder,"{""encode_components"": [""base""]}","{""max_depth"": 30, ""n_estimators"": 500}",cytotox_lna,768,nucleobase,0,1.4472784580430016,0.8690951670287177,0.061534208012744784,0.0007507499540224671,0.010323249967768788,517.750784,,,cpu,"[704, 64]",704.0,64.0,ok,,,S,XGBoostModel,cpu_local,apple_m_arm64
local_arm64,apple_m_arm64,XGBoostModel,OneHotEncoder,"{""encode_components"": [""base""]}","{""max_depth"": 30, ""n_estimators"": 500}",cytotox_lna,768,nucleobase,1,1.3295622079749592,0.7914043749915436,0.05073745804838836,0.0005256669828668237,0.010323249967768788,519.553024,,,cpu,"[480, 64]",480.0,288.0,ok,,,S,XGBoostModel,cpu_local,apple_m_arm64
local_arm64,apple_m_arm64,XGBoostModel,OneHotEncoder,"{""encode_components"": [""base""]}","{""max_depth"": 30, ""n_estimators"": 500}",cytotox_lna,768,nucleobase,2,1.8377695420058444,1.3362315419944935,0.051406083977781236,0.0005505419685505331,0.010323249967768788,520.175616,,,cpu,"[704, 64]",704.0,64.0,ok,,,S,XGBoostModel,cpu_local,apple_m_arm64
local_arm64,apple_m_arm64,XGBoostModel,OneHotEncoder,"{""encode_components"": [""base"", ""sugar"", ""phosphate""]}","{""max_depth"": 20, ""n_estimators"": 1000}",cytotox_lna,768,random,0,1.1887156250304542,0.9949267079937272,0.19196399999782443,0.001661374990362674,0.010435292031615973,560.103424,,,cpu,"[615, 128]",615.0,153.0,ok,,,S,XGBoostModel,cpu_local,apple_m_arm64
local_arm64,apple_m_arm64,XGBoostModel,OneHotEncoder,"{""encode_components"": [""base"", ""sugar"", ""phosphate""]}","{""max_depth"": 20, ""n_estimators"": 1000}",cytotox_lna,768,random,1,1.5193919580196962,0.9253979590139352,0.5820878749946132,0.011244833003729582,0.010435292031615973,568.344576,,,cpu,"[615, 128]",615.0,153.0,ok,,,S,XGBoostModel,cpu_local,apple_m_arm64
local_arm64,apple_m_arm64,XGBoostModel,OneHotEncoder,"{""encode_components"": [""base"", ""sugar"", ""phosphate""]}","{""max_depth"": 20, ""n_estimators"": 1000}",cytotox_lna,768,random,2,1.1921897919964977,0.9114666249952279,0.26892750000115484,0.0019715409725904465,0.010435292031615973,470.237184,,,cpu,"[615, 128]",615.0,153.0,ok,,,S,XGBoostModel,cpu_local,apple_m_arm64
local_arm64,apple_m_arm64,CNN,RNAFMEmbeddings,{},"{""depth"": 2, ""hidden_dim"": 64, ""kernel_size"": 5, ""pooling_operation"": ""max""}",cytotox_lna,768,random,0,32.140250459022354,23.096191750024445,8.652479125012178,0.3824134159949608,0.011112250038422644,2161.999872,,19.0,cpu,"[615, 16, 640]",615.0,153.0,ok,,,S,RNA-FM + CNN,cpu_local,apple_m_arm64
local_arm64,apple_m_arm64,CNN,RNAFMEmbeddings,{},"{""depth"": 2, ""hidden_dim"": 64, ""kernel_size"": 5, ""pooling_operation"": ""max""}",cytotox_lna,768,random,1,22.583916583040264,19.030800791981164,3.173817459028214,0.3778860419988632,0.011112250038422644,2370.453504,,7.0,cpu,"[615, 16, 640]",615.0,153.0,ok,,,S,RNA-FM + CNN,cpu_local,apple_m_arm64
local_arm64,apple_m_arm64,CNN,RNAFMEmbeddings,{},"{""depth"": 2, ""hidden_dim"": 64, ""kernel_size"": 5, ""pooling_operation"": ""max""}",cytotox_lna,768,random,2,23.952487875008956,19.79444520798279,3.7880775000085123,0.36885958298807964,0.011112250038422644,2436.13696,,8.0,cpu,"[615, 16, 640]",615.0,153.0,ok,,,S,RNA-FM + CNN,cpu_local,apple_m_arm64
local_arm64,apple_m_arm64,LinearModel,RNAFMEmbeddings,{},"{""type"": ""ridge""}",cytotox_lna,768,random,0,,,,,0.011262040992733091,,,,,,,,error,,,S,RNA-FM + LinearModel,cpu_local,apple_m_arm64
local_arm64,apple_m_arm64,LinearModel,RNAFMEmbeddings,{},"{""type"": ""ridge""}",cytotox_lna,768,random,1,,,,,0.011262040992733091,,,,,,,,error,,,S,RNA-FM + LinearModel,cpu_local,apple_m_arm64
local_arm64,apple_m_arm64,LinearModel,RNAFMEmbeddings,{},"{""type"": ""ridge""}",cytotox_lna,768,random,2,,,,,0.011262040992733091,,,,,,,,error,,,S,RNA-FM + LinearModel,cpu_local,apple_m_arm64
local_arm64,apple_m_arm64,Transformer,RNAFMEmbeddings,"{""flatten"": false}","{""d_model"": 64, ""dim_feedforward"": 64, ""dropout"": 0, ""nhead"": 4, ""num_layers"": 1}",cytotox_lna,768,random,0,22.92945370799862,19.20540274999803,3.6911621670005843,0.03115933301160112,0.010281583003234118,2303.1808,,31.0,cpu,"[615, 16, 640]",615.0,153.0,ok,,,S,RNA-FM + Transformer,cpu_local,apple_m_arm64
local_arm64,apple_m_arm64,Transformer,RNAFMEmbeddings,"{""flatten"": false}","{""d_model"": 64, ""dim_feedforward"": 64, ""dropout"": 0, ""nhead"": 4, ""num_layers"": 1}",cytotox_lna,768,random,1,20.834484082995914,18.974536333000287,1.8302552920067683,0.028053749992977828,0.010281583003234118,2445.934592,,16.0,cpu,"[615, 16, 640]",615.0,153.0,ok,,,S,RNA-FM + Transformer,cpu_local,apple_m_arm64
local_arm64,apple_m_arm64,Transformer,RNAFMEmbeddings,"{""flatten"": false}","{""d_model"": 64, ""dim_feedforward"": 64, ""dropout"": 0, ""nhead"": 4, ""num_layers"": 1}",cytotox_lna,768,random,2,19.734007250051945,18.662621166964527,1.0415635000099428,0.028520499996375293,0.010281583003234118,2487.566336,,9.0,cpu,"[615, 16, 640]",615.0,153.0,ok,,,S,RNA-FM + Transformer,cpu_local,apple_m_arm64
local_arm64,apple_m_arm64,Transformer,RNAFMEmbeddings,"{""flatten"": false}","{""d_model"": 128, ""dim_feedforward"": 128, ""dropout"": 0.25, ""nhead"": 4, ""num_layers"": 2}",cytotox_lna,768,random,0,27.935769041010644,18.479431958985515,9.377519832982216,0.07671599998138845,0.009713791019748896,2291.351552,,32.0,cpu,"[615, 16, 640]",615.0,153.0,ok,,,S,RNA-FM + Transformer,cpu_local,apple_m_arm64
local_arm64,apple_m_arm64,Transformer,RNAFMEmbeddings,"{""flatten"": false}","{""d_model"": 128, ""dim_feedforward"": 128, ""dropout"": 0.25, ""nhead"": 4, ""num_layers"": 2}",cytotox_lna,768,random,1,24.59259287500754,18.551249584008474,5.969088458979968,0.0701221670024097,0.009713791019748896,2493.31712,,22.0,cpu,"[615, 16, 640]",615.0,153.0,ok,,,S,RNA-FM + Transformer,cpu_local,apple_m_arm64
local_arm64,apple_m_arm64,Transformer,RNAFMEmbeddings,"{""flatten"": false}","{""d_model"": 128, ""dim_feedforward"": 128, ""dropout"": 0.25, ""nhead"": 4, ""num_layers"": 2}",cytotox_lna,768,random,2,27.415141999954358,23.826067749992944,3.5132501250482164,0.0725415000342764,0.009713791019748896,2587.475968,,12.0,cpu,"[615, 16, 640]",615.0,153.0,ok,,,S,RNA-FM + Transformer,cpu_local,apple_m_arm64
local_arm64,apple_m_arm64,GNN,HELMGraph,{},"{""hidden_dim"": 32, ""num_layers"": 1, ""pooling_operation"": ""avg""}",immune_modulation_TLR7,192,nucleobase,0,1.3826798329828307,0.27159229200333357,0.9137872079736553,0.008291125006508082,0.005596666014753282,585.007104,,58.0,cpu,"[156, 'graph']",156.0,36.0,ok,,,S,GNN,cpu_local,apple_m_arm64
local_arm64,apple_m_arm64,GNN,HELMGraph,{},"{""hidden_dim"": 32, ""num_layers"": 1, ""pooling_operation"": ""avg""}",immune_modulation_TLR7,192,nucleobase,1,1.4633507499820553,0.2705961660249159,1.0803541250061244,0.007936000009067357,0.005596666014753282,588.578816,,84.0,cpu,"[143, 'graph']",143.0,49.0,ok,,,S,GNN,cpu_local,apple_m_arm64
local_arm64,apple_m_arm64,GNN,HELMGraph,{},"{""hidden_dim"": 32, ""num_layers"": 1, ""pooling_operation"": ""avg""}",immune_modulation_TLR7,192,nucleobase,2,0.9698534999624826,0.2648041250067763,0.592181249987334,0.007854458992369473,0.005596666014753282,590.15168,,47.0,cpu,"[147, 'graph']",147.0,45.0,ok,,,S,GNN,cpu_local,apple_m_arm64
local_arm64,apple_m_arm64,GNN,HELMGraph,{},"{""hidden_dim"": 64, ""num_layers"": 2, ""pooling_operation"": ""max""}",immune_modulation_TLR7,192,nucleobase,0,1.0733358330326155,0.2764257499948144,0.5923579999944195,0.014277749985922128,0.005160333006642759,595.31264,,17.0,cpu,"[156, 'graph']",156.0,36.0,ok,,,S,GNN,cpu_local,apple_m_arm64
local_arm64,apple_m_arm64,GNN,HELMGraph,{},"{""hidden_dim"": 64, ""num_layers"": 2, ""pooling_operation"": ""max""}",immune_modulation_TLR7,192,nucleobase,1,0.8648709999979474,0.276658334012609,0.46852004196261987,0.01395804202184081,0.005160333006642759,597.966848,,19.0,cpu,"[143, 'graph']",143.0,49.0,ok,,,S,GNN,cpu_local,apple_m_arm64
local_arm64,apple_m_arm64,GNN,HELMGraph,{},"{""hidden_dim"": 64, ""num_layers"": 2, ""pooling_operation"": ""max""}",immune_modulation_TLR7,192,nucleobase,2,0.9405417080270126,0.2678728750324808,0.5514879160327837,0.014490625006146729,0.005160333006642759,599.670784,,22.0,cpu,"[147, 'graph']",147.0,45.0,ok,,,S,GNN,cpu_local,apple_m_arm64
local_arm64,apple_m_arm64,LinearModel,KMersCounts,"{""k"": [1], ""modification_abundance"": true}","{""type"": ""ridge""}",immune_modulation_TLR7,192,nucleobase,0,0.2905130829894915,0.12140833301236853,0.0005373329622671008,7.466599345207214e-05,0.005049875006079674,569.556992,,,cpu,"[156, 9]",156.0,36.0,ok,,,S,LinearModel,cpu_local,apple_m_arm64
local_arm64,apple_m_arm64,LinearModel,KMersCounts,"{""k"": [1], ""modification_abundance"": true}","{""type"": ""ridge""}",immune_modulation_TLR7,192,nucleobase,1,0.22802224999759346,0.12159937497926876,0.0003801669809035957,6.870902143418789e-05,0.005049875006079674,571.211776,,,cpu,"[143, 9]",143.0,49.0,ok,,,S,LinearModel,cpu_local,apple_m_arm64
local_arm64,apple_m_arm64,LinearModel,KMersCounts,"{""k"": [1], ""modification_abundance"": true}","{""type"": ""ridge""}",immune_modulation_TLR7,192,nucleobase,2,0.22170070803258568,0.11871679098112509,0.00032708299113437533,5.316699389368296e-05,0.005049875006079674,571.47392,,,cpu,"[147, 9]",147.0,45.0,ok,,,S,LinearModel,cpu_local,apple_m_arm64
local_arm64,apple_m_arm64,LinearModel,KMersCounts,"{""k"": [1], ""modification_abundance"": true}","{""type"": ""standard""}",immune_modulation_TLR7,192,random,0,0.12220254103885964,0.12155058403732255,0.0004867080133408308,6.779195973649621e-05,0.00511095899855718,573.505536,,,cpu,"[154, 9]",154.0,38.0,ok,,,S,LinearModel,cpu_local,apple_m_arm64
local_arm64,apple_m_arm64,LinearModel,KMersCounts,"{""k"": [1], ""modification_abundance"": true}","{""type"": ""standard""}",immune_modulation_TLR7,192,random,1,0.12075095804175362,0.12032745801843703,0.0002899999963119626,5.3541967645287514e-05,0.00511095899855718,573.947904,,,cpu,"[154, 9]",154.0,38.0,ok,,,S,LinearModel,cpu_local,apple_m_arm64
local_arm64,apple_m_arm64,LinearModel,KMersCounts,"{""k"": [1], ""modification_abundance"": true}","{""type"": ""standard""}",immune_modulation_TLR7,192,random,2,0.12319600000046194,0.1227275839773938,0.0003173750010319054,6.295798812061548e-05,0.00511095899855718,574.01344,,,cpu,"[154, 9]",154.0,38.0,ok,,,S,LinearModel,cpu_local,apple_m_arm64
local_arm64,apple_m_arm64,MLP,KMersCounts,"{""k"": [1], ""modification_abundance"": false}","{""dropout"": 0, ""hidden_dims"": [64]}",immune_modulation_TLR7,192,nucleobase,0,1.0253812500159256,0.09495120798237622,0.7578159159747884,0.00016870797844603658,0.005166625021956861,583.860224,,100.0,cpu,"[156, 5]",156.0,36.0,ok,,,S,MLP,cpu_local,apple_m_arm64
local_arm64,apple_m_arm64,MLP,KMersCounts,"{""k"": [1], ""modification_abundance"": false}","{""dropout"": 0, ""hidden_dims"": [64]}",immune_modulation_TLR7,192,nucleobase,1,0.6122245829901658,0.09290479199262336,0.4131840000045486,0.00014229200314730406,0.005166625021956861,584.646656,,67.0,cpu,"[143, 5]",143.0,49.0,ok,,,S,MLP,cpu_local,apple_m_arm64
local_arm64,apple_m_arm64,MLP,KMersCounts,"{""k"": [1], ""modification_abundance"": false}","{""dropout"": 0, ""hidden_dims"": [64]}",immune_modulation_TLR7,192,nucleobase,2,0.29582570801721886,0.09451245900709182,0.09687987499637529,0.00013833300909027457,0.005166625021956861,585.170944,,13.0,cpu,"[147, 5]",147.0,45.0,ok,,,S,MLP,cpu_local,apple_m_arm64
local_arm64,apple_m_arm64,MLP,KMersCounts,"{""k"": [1, 2], ""modification_abundance"": true}","{""dropout"": 0, ""hidden_dims"": [64, 64]}",immune_modulation_TLR7,192,random,0,0.3027147499960847,0.12593195802764967,0.17592962499475107,0.00039429200114682317,0.005102666968014091,576.978944,,17.0,cpu,"[154, 34]",154.0,38.0,ok,,,S,MLP,cpu_local,apple_m_arm64
local_arm64,apple_m_arm64,MLP,KMersCounts,"{""k"": [1, 2], ""modification_abundance"": true}","{""dropout"": 0, ""hidden_dims"": [64, 64]}",immune_modulation_TLR7,192,random,1,0.7564092090469785,0.23040920798666775,0.5252311670337804,0.00032391701824963093,0.005102666968014091,577.37216,,79.0,cpu,"[154, 34]",154.0,38.0,ok,,,S,MLP,cpu_local,apple_m_arm64
local_arm64,apple_m_arm64,MLP,KMersCounts,"{""k"": [1, 2], ""modification_abundance"": true}","{""dropout"": 0, ""hidden_dims"": [64, 64]}",immune_modulation_TLR7,192,random,2,0.22288237500470132,0.12626245903084055,0.0959317089873366,0.0003392500220797956,0.005102666968014091,577.552384,,13.0,cpu,"[154, 34]",154.0,38.0,ok,,,S,MLP,cpu_local,apple_m_arm64
local_arm64,apple_m_arm64,MLP,KMersCounts,"{""k"": [1, 2, 3], ""modification_abundance"": true}","{""dropout"": 0.25, ""hidden_dims"": [128, 128]}",immune_modulation_TLR7,192,nucleobase,0,0.6777365829912014,0.131608875002712,0.3741985419765115,0.0003961669863201678,0.005049792001955211,581.664768,,28.0,cpu,"[156, 156]",156.0,36.0,ok,,,S,MLP,cpu_local,apple_m_arm64
local_arm64,apple_m_arm64,MLP,KMersCounts,"{""k"": [1, 2, 3], ""modification_abundance"": true}","{""dropout"": 0.25, ""hidden_dims"": [128, 128]}",immune_modulation_TLR7,192,nucleobase,1,0.3886415410088375,0.14062958402791992,0.139967916009482,0.0004984169499948621,0.005049792001955211,584.384512,,14.0,cpu,"[143, 157]",143.0,49.0,ok,,,S,MLP,cpu_local,apple_m_arm64
local_arm64,apple_m_arm64,MLP,KMersCounts,"{""k"": [1, 2, 3], ""modification_abundance"": true}","{""dropout"": 0.25, ""hidden_dims"": [128, 128]}",immune_modulation_TLR7,192,nucleobase,2,0.4536005830159411,0.13585437496658415,0.2137177080148831,0.00033966597402468324,0.005049792001955211,584.974336,,26.0,cpu,"[147, 156]",147.0,45.0,ok,,,S,MLP,cpu_local,apple_m_arm64
local_arm64,apple_m_arm64,NearestNeighborsModel,KMersCounts,"{""k"": [1, 2, 3], ""modification_abundance"": false}","{""n_neighbors"": 5}",immune_modulation_TLR7,192,nucleobase,0,0.2802730000112206,0.1060073749977164,0.00017495901556685567,0.00120975001482293,0.005094624997582287,575.438848,,,cpu,"[156, 152]",156.0,36.0,ok,,,S,NearestNeighborsModel,cpu_local,apple_m_arm64
local_arm64,apple_m_arm64,NearestNeighborsModel,KMersCounts,"{""k"": [1, 2, 3], ""modification_abundance"": false}","{""n_neighbors"": 5}",immune_modulation_TLR7,192,nucleobase,1,0.20594741601962596,0.10499233298469335,0.00012758304364979267,0.00107608299003914,0.005094624997582287,576.569344,,,cpu,"[143, 153]",143.0,49.0,ok,,,S,NearestNeighborsModel,cpu_local,apple_m_arm64
local_arm64,apple_m_arm64,NearestNeighborsModel,KMersCounts,"{""k"": [1, 2, 3], ""modification_abundance"": false}","{""n_neighbors"": 5}",immune_modulation_TLR7,192,nucleobase,2,0.20784783299313858,0.10398245800752193,0.00013354199472814798,0.001034833025187254,0.005094624997582287,576.847872,,,cpu,"[147, 152]",147.0,45.0,ok,,,S,NearestNeighborsModel,cpu_local,apple_m_arm64
local_arm64,apple_m_arm64,NearestNeighborsModel,KMersCounts,"{""k"": [1, 2], ""modification_abundance"": false}","{""n_neighbors"": 10}",immune_modulation_TLR7,192,random,0,0.10074912494746968,0.09920845803571865,0.00021408399334177375,0.0012311249738559127,0.004904375004116446,567.607296,,,cpu,"[154, 30]",154.0,38.0,ok,,,S,NearestNeighborsModel,cpu_local,apple_m_arm64
local_arm64,apple_m_arm64,NearestNeighborsModel,KMersCounts,"{""k"": [1, 2], ""modification_abundance"": false}","{""n_neighbors"": 10}",immune_modulation_TLR7,192,random,1,0.09988283296115696,0.09850412502419204,0.00015537498984485865,0.0011380420182831585,0.004904375004116446,568.1152,,,cpu,"[154, 30]",154.0,38.0,ok,,,S,NearestNeighborsModel,cpu_local,apple_m_arm64
local_arm64,apple_m_arm64,NearestNeighborsModel,KMersCounts,"{""k"": [1, 2], ""modification_abundance"": false}","{""n_neighbors"": 10}",immune_modulation_TLR7,192,random,2,0.10212312504881993,0.10083295899676159,0.00016720895655453205,0.0010290000354871154,0.004904375004116446,568.27904,,,cpu,"[154, 30]",154.0,38.0,ok,,,S,NearestNeighborsModel,cpu_local,apple_m_arm64
local_arm64,apple_m_arm64,NearestNeighborsModel,KMersCounts,"{""k"": [1], ""modification_abundance"": false}","{""n_neighbors"": 15}",immune_modulation_TLR7,192,nucleobase,0,0.26508645800640807,0.09277420799480751,0.0004022499779239297,0.0007639160030521452,0.0051127090118825436,567.37792,,,cpu,"[156, 5]",156.0,36.0,ok,,,S,NearestNeighborsModel,cpu_local,apple_m_arm64
local_arm64,apple_m_arm64,NearestNeighborsModel,KMersCounts,"{""k"": [1], ""modification_abundance"": false}","{""n_neighbors"": 15}",immune_modulation_TLR7,192,nucleobase,1,0.1962947910069488,0.09286879195133224,0.00023087504087015986,0.0006629579584114254,0.0051127090118825436,567.918592,,,cpu,"[143, 5]",143.0,49.0,ok,,,S,NearestNeighborsModel,cpu_local,apple_m_arm64
local_arm64,apple_m_arm64,NearestNeighborsModel,KMersCounts,"{""k"": [1], ""modification_abundance"": false}","{""n_neighbors"": 15}",immune_modulation_TLR7,192,nucleobase,2,0.19712800002889708,0.09166262502549216,0.00020762498024851084,0.0006578330066986382,0.0051127090118825436,568.049664,,,cpu,"[147, 5]",147.0,45.0,ok,,,S,NearestNeighborsModel,cpu_local,apple_m_arm64
local_arm64,apple_m_arm64,RandomForestModel,KMersCounts,"{""k"": [1, 2, 3], ""modification_abundance"": true}","{""max_depth"": 10, ""n_estimators"": 100}",immune_modulation_TLR7,192,nucleobase,0,0.4531285000266507,0.13598558300873265,0.14691587502602488,0.0034010830568149686,0.004991958034224808,568.786944,,,cpu,"[156, 156]",156.0,36.0,ok,,,S,RandomForestModel,cpu_local,apple_m_arm64
local_arm64,apple_m_arm64,RandomForestModel,KMersCounts,"{""k"": [1, 2, 3], ""modification_abundance"": true}","{""max_depth"": 10, ""n_estimators"": 100}",immune_modulation_TLR7,192,nucleobase,1,0.3665523750241846,0.1300930410507135,0.12967637501424178,0.003333624976221472,0.004991958034224808,569.393152,,,cpu,"[143, 157]",143.0,49.0,ok,,,S,RandomForestModel,cpu_local,apple_m_arm64
local_arm64,apple_m_arm64,RandomForestModel,KMersCounts,"{""k"": [1, 2, 3], ""modification_abundance"": true}","{""max_depth"": 10, ""n_estimators"": 100}",immune_modulation_TLR7,192,nucleobase,2,0.37452720798319206,0.13274387503042817,0.13687445898540318,0.0033782499958761036,0.004991958034224808,569.524224,,,cpu,"[147, 156]",147.0,45.0,ok,,,S,RandomForestModel,cpu_local,apple_m_arm64
local_arm64,apple_m_arm64,RandomForestModel,KMersCounts,"{""k"": [1, 2, 3], ""modification_abundance"": false}","{""max_depth"": 10, ""n_estimators"": 500}",immune_modulation_TLR7,192,nucleobase,0,0.9926141669857316,0.10553699999582022,0.7044212089967914,0.0161988339968957,0.005008667008951306,574.881792,,,cpu,"[156, 152]",156.0,36.0,ok,,,S,RandomForestModel,cpu_local,apple_m_arm64
local_arm64,apple_m_arm64,RandomForestModel,KMersCounts,"{""k"": [1, 2, 3], ""modification_abundance"": false}","{""max_depth"": 10, ""n_estimators"": 500}",immune_modulation_TLR7,192,nucleobase,1,0.8849121250095777,0.10811324999667704,0.6576687920023687,0.017110540997236967,0.005008667008951306,578.781184,,,cpu,"[143, 153]",143.0,49.0,ok,,,S,RandomForestModel,cpu_local,apple_m_arm64
local_arm64,apple_m_arm64,RandomForestModel,KMersCounts,"{""k"": [1, 2, 3], ""modification_abundance"": false}","{""max_depth"": 10, ""n_estimators"": 500}",immune_modulation_TLR7,192,nucleobase,2,0.8897687499993481,0.10518829198554158,0.665485167002771,0.01614345796406269,0.005008667008951306,579.485696,,,cpu,"[147, 152]",147.0,45.0,ok,,,S,RandomForestModel,cpu_local,apple_m_arm64
local_arm64,apple_m_arm64,RandomForestModel,KMersCounts,"{""k"": [1, 2], ""modification_abundance"": false}","{""max_depth"": 20, ""n_estimators"": 1000}",immune_modulation_TLR7,192,nucleobase,0,1.0219270839588717,0.09577195800375193,0.7256347080110572,0.032944041944574565,0.005095375003293157,581.173248,,,cpu,"[156, 30]",156.0,36.0,ok,,,S,RandomForestModel,cpu_local,apple_m_arm64
local_arm64,apple_m_arm64,RandomForestModel,KMersCounts,"{""k"": [1, 2], ""modification_abundance"": false}","{""max_depth"": 20, ""n_estimators"": 1000}",immune_modulation_TLR7,192,nucleobase,1,0.9142044999753125,0.09457433299394324,0.6849767499952577,0.03245524998055771,0.005095375003293157,588.873728,,,cpu,"[143, 30]",143.0,49.0,ok,,,S,RandomForestModel,cpu_local,apple_m_arm64
local_arm64,apple_m_arm64,RandomForestModel,KMersCounts,"{""k"": [1, 2], ""modification_abundance"": false}","{""max_depth"": 20, ""n_estimators"": 1000}",immune_modulation_TLR7,192,nucleobase,2,0.926909749978222,0.09514299995498732,0.6964764170115814,0.032561208005063236,0.005095375003293157,596.246528,,,cpu,"[147, 30]",147.0,45.0,ok,,,S,RandomForestModel,cpu_local,apple_m_arm64
local_arm64,apple_m_arm64,XGBoostModel,KMersCounts,"{""k"": [1], ""modification_abundance"": true}","{""max_depth"": 30, ""n_estimators"": 100}",immune_modulation_TLR7,192,nucleobase,0,0.3151767500094138,0.11846525000873953,0.030625499959569424,0.0007232910138554871,0.005175541969947517,573.079552,,,cpu,"[156, 9]",156.0,36.0,ok,,,S,XGBoostModel,cpu_local,apple_m_arm64
local_arm64,apple_m_arm64,XGBoostModel,KMersCounts,"{""k"": [1], ""modification_abundance"": true}","{""max_depth"": 30, ""n_estimators"": 100}",immune_modulation_TLR7,192,nucleobase,1,0.24672049999935552,0.11813583399634808,0.02682687499327585,0.0006989999674260616,0.005175541969947517,574.930944,,,cpu,"[143, 9]",143.0,49.0,ok,,,S,XGBoostModel,cpu_local,apple_m_arm64
local_arm64,apple_m_arm64,XGBoostModel,KMersCounts,"{""k"": [1], ""modification_abundance"": true}","{""max_depth"": 30, ""n_estimators"": 100}",immune_modulation_TLR7,192,nucleobase,2,0.24852666701190174,0.11846825003158301,0.026345749967731535,0.0005894159548915923,0.005175541969947517,575.668224,,,cpu,"[147, 9]",147.0,45.0,ok,,,S,XGBoostModel,cpu_local,apple_m_arm64
local_arm64,apple_m_arm64,XGBoostModel,KMersCounts,"{""k"": [1], ""modification_abundance"": false}","{""max_depth"": 20, ""n_estimators"": 500}",immune_modulation_TLR7,192,random,0,0.14124433399410918,0.09467754198703915,0.04579358297633007,0.0006627920083701611,0.005033875000663102,570.556416,,,cpu,"[154, 5]",154.0,38.0,ok,,,S,XGBoostModel,cpu_local,apple_m_arm64
local_arm64,apple_m_arm64,XGBoostModel,KMersCounts,"{""k"": [1], ""modification_abundance"": false}","{""max_depth"": 20, ""n_estimators"": 500}",immune_modulation_TLR7,192,random,1,0.1392114160116762,0.09200083301402628,0.04646370804402977,0.0006589170079678297,0.005033875000663102,576.159744,,,cpu,"[154, 5]",154.0,38.0,ok,,,S,XGBoostModel,cpu_local,apple_m_arm64
local_arm64,apple_m_arm64,XGBoostModel,KMersCounts,"{""k"": [1], ""modification_abundance"": false}","{""max_depth"": 20, ""n_estimators"": 500}",immune_modulation_TLR7,192,random,2,0.14009466697461903,0.09268470801180229,0.046609042037744075,0.0007200830150395632,0.005033875000663102,577.077248,,,cpu,"[154, 5]",154.0,38.0,ok,,,S,XGBoostModel,cpu_local,apple_m_arm64
local_arm64,apple_m_arm64,XGBoostModel,KMersCounts,"{""k"": [1, 2], ""modification_abundance"": false}","{""max_depth"": 30, ""n_estimators"": 1000}",immune_modulation_TLR7,192,nucleobase,0,0.3436004159739241,0.0965272500179708,0.07966366596519947,0.0007334580295719206,0.004966791020706296,579.715072,,,cpu,"[156, 30]",156.0,36.0,ok,,,S,XGBoostModel,cpu_local,apple_m_arm64
local_arm64,apple_m_arm64,XGBoostModel,KMersCounts,"{""k"": [1, 2], ""modification_abundance"": false}","{""max_depth"": 30, ""n_estimators"": 1000}",immune_modulation_TLR7,192,nucleobase,1,0.2731294999830425,0.0967564579914324,0.07485720800468698,0.0008602499729022384,0.004966791020706296,585.48224,,,cpu,"[143, 30]",143.0,49.0,ok,,,S,XGBoostModel,cpu_local,apple_m_arm64
local_arm64,apple_m_arm64,XGBoostModel,KMersCounts,"{""k"": [1, 2], ""modification_abundance"": false}","{""max_depth"": 30, ""n_estimators"": 1000}",immune_modulation_TLR7,192,nucleobase,2,0.2738843329716474,0.09660562500357628,0.07604804198490456,0.0007225840236060321,0.004966791020706296,586.1376,,,cpu,"[147, 30]",147.0,45.0,ok,,,S,XGBoostModel,cpu_local,apple_m_arm64
local_arm64,apple_m_arm64,CNN,OneHotEncoder,"{""encode_components"": [""base"", ""sugar"", ""phosphate""]}","{""depth"": 2, ""hidden_dim"": 32, ""kernel_size"": 5, ""pooling_operation"": ""max""}",immune_modulation_TLR7,192,random,0,0.9568736249930225,0.19490179198328406,0.7581292079994455,0.0031090420088730752,0.005053624976426363,590.168064,,52.0,cpu,"[154, 20, 9]",154.0,38.0,ok,,,S,CNN,cpu_local,apple_m_arm64
local_arm64,apple_m_arm64,CNN,OneHotEncoder,"{""encode_components"": [""base"", ""sugar"", ""phosphate""]}","{""depth"": 2, ""hidden_dim"": 32, ""kernel_size"": 5, ""pooling_operation"": ""max""}",immune_modulation_TLR7,192,random,1,1.3596971250372007,0.1987961659906432,1.158173458010424,0.002241457987111062,0.005053624976426363,592.347136,,100.0,cpu,"[154, 20, 9]",154.0,38.0,ok,,,S,CNN,cpu_local,apple_m_arm64
local_arm64,apple_m_arm64,CNN,OneHotEncoder,"{""encode_components"": [""base"", ""sugar"", ""phosphate""]}","{""depth"": 2, ""hidden_dim"": 32, ""kernel_size"": 5, ""pooling_operation"": ""max""}",immune_modulation_TLR7,192,random,2,0.3215250420034863,0.1943065000232309,0.12463941698661074,0.002169166982639581,0.005053624976426363,592.920576,,10.0,cpu,"[154, 20, 9]",154.0,38.0,ok,,,S,CNN,cpu_local,apple_m_arm64
local_arm64,apple_m_arm64,CNN,OneHotEncoder,"{""encode_components"": [""base""]}","{""depth"": 1, ""hidden_dim"": 64, ""kernel_size"": 5, ""pooling_operation"": ""avg""}",immune_modulation_TLR7,192,random,0,1.1436952920048498,0.16909970802953467,0.9714352500159293,0.0023587080067954957,0.004764709039591253,586.039296,,87.0,cpu,"[154, 20, 5]",154.0,38.0,ok,,,S,CNN,cpu_local,apple_m_arm64
local_arm64,apple_m_arm64,CNN,OneHotEncoder,"{""encode_components"": [""base""]}","{""depth"": 1, ""hidden_dim"": 64, ""kernel_size"": 5, ""pooling_operation"": ""avg""}",immune_modulation_TLR7,192,random,1,1.1236549590248615,0.16918012499809265,0.9519544590148143,0.0021112090325914323,0.004764709039591253,587.743232,,100.0,cpu,"[154, 20, 5]",154.0,38.0,ok,,,S,CNN,cpu_local,apple_m_arm64
local_arm64,apple_m_arm64,CNN,OneHotEncoder,"{""encode_components"": [""base""]}","{""depth"": 1, ""hidden_dim"": 64, ""kernel_size"": 5, ""pooling_operation"": ""avg""}",immune_modulation_TLR7,192,random,2,0.27415329101495445,0.16852945799473673,0.10330708301626146,0.001875291985925287,0.004764709039591253,587.923456,,10.0,cpu,"[154, 20, 5]",154.0,38.0,ok,,,S,CNN,cpu_local,apple_m_arm64
local_arm64,apple_m_arm64,GRU,OneHotEncoder,"{""encode_components"": [""base""]}","{""hidden_dim"": 32, ""num_layers"": 2}",immune_modulation_TLR7,192,random,0,0.7001728329923935,0.17197291704360396,0.5239990829722956,0.003606916987337172,0.004975375020876527,586.809344,,17.0,cpu,"[154, 20, 5]",154.0,38.0,ok,,,S,GRU,cpu_local,apple_m_arm64
local_arm64,apple_m_arm64,GRU,OneHotEncoder,"{""encode_components"": [""base""]}","{""hidden_dim"": 32, ""num_layers"": 2}",immune_modulation_TLR7,192,random,1,2.2797868750058115,0.16869862499879673,2.1069737909710966,0.003530042013153434,0.004975375020876527,590.512128,,100.0,cpu,"[154, 20, 5]",154.0,38.0,ok,,,S,GRU,cpu_local,apple_m_arm64
local_arm64,apple_m_arm64,GRU,OneHotEncoder,"{""encode_components"": [""base""]}","{""hidden_dim"": 32, ""num_layers"": 2}",immune_modulation_TLR7,192,random,2,0.4784595840028487,0.1669463329599239,0.30754862498724833,0.0034830839722417295,0.004975375020876527,591.151104,,14.0,cpu,"[154, 20, 5]",154.0,38.0,ok,,,S,GRU,cpu_local,apple_m_arm64
local_arm64,apple_m_arm64,GRU,OneHotEncoder,"{""encode_components"": [""base""]}","{""hidden_dim"": 64, ""num_layers"": 1}",immune_modulation_TLR7,192,nucleobase,0,0.8157121670083143,0.17244070797460154,0.45464979199459776,0.004077540943399072,0.0047293329844251275,580.747264,,15.0,cpu,"[156, 20, 5]",156.0,36.0,ok,,,S,GRU,cpu_local,apple_m_arm64
local_arm64,apple_m_arm64,GRU,OneHotEncoder,"{""encode_components"": [""base""]}","{""hidden_dim"": 64, ""num_layers"": 1}",immune_modulation_TLR7,192,nucleobase,1,0.6113533749594353,0.16209191700909287,0.34267399995587766,0.004096459015272558,0.0047293329844251275,582.336512,,20.0,cpu,"[143, 20, 5]",143.0,49.0,ok,,,S,GRU,cpu_local,apple_m_arm64
local_arm64,apple_m_arm64,GRU,OneHotEncoder,"{""encode_components"": [""base""]}","{""hidden_dim"": 64, ""num_layers"": 1}",immune_modulation_TLR7,192,nucleobase,2,0.6027132499730214,0.16802933299914002,0.32701308303512633,0.004086749977432191,0.0047293329844251275,585.433088,,19.0,cpu,"[147, 20, 5]",147.0,45.0,ok,,,S,GRU,cpu_local,apple_m_arm64
local_arm64,apple_m_arm64,LinearModel,OneHotEncoder,"{""encode_components"": [""base""]}","{""type"": ""ridge""}",immune_modulation_TLR7,192,nucleobase,0,0.3430518340319395,0.17534541699569672,0.0008812499581836164,0.00010362500324845314,0.004886250011622906,571.867136,,,cpu,"[156, 100]",156.0,36.0,ok,,,S,LinearModel,cpu_local,apple_m_arm64
local_arm64,apple_m_arm64,LinearModel,OneHotEncoder,"{""encode_components"": [""base""]}","{""type"": ""ridge""}",immune_modulation_TLR7,192,nucleobase,1,0.3561387920053676,0.2501707500196062,0.0006793329957872629,7.195898797363043e-05,0.004886250011622906,572.637184,,,cpu,"[143, 100]",143.0,49.0,ok,,,S,LinearModel,cpu_local,apple_m_arm64
local_arm64,apple_m_arm64,LinearModel,OneHotEncoder,"{""encode_components"": [""base""]}","{""type"": ""ridge""}",immune_modulation_TLR7,192,nucleobase,2,0.271274791972246,0.1695762500166893,0.0006913339602760971,6.608298281207681e-05,0.004886250011622906,572.735488,,,cpu,"[147, 100]",147.0,45.0,ok,,,S,LinearModel,cpu_local,apple_m_arm64
local_arm64,apple_m_arm64,LinearModel,OneHotEncoder,"{""encode_components"": [""base""]}","{""type"": ""standard""}",immune_modulation_TLR7,192,nucleobase,0,0.841541292029433,0.6707081249915063,0.0022118749911896884,0.0001640410046093166,0.005079999973531812,569.638912,,,cpu,"[156, 100]",156.0,36.0,ok,,,S,LinearModel,cpu_local,apple_m_arm64
local_arm64,apple_m_arm64,LinearModel,OneHotEncoder,"{""encode_components"": [""base""]}","{""type"": ""standard""}",immune_modulation_TLR7,192,nucleobase,1,0.39692600001581013,0.2770476670120843,0.0015046250191517174,0.00012904201867058873,0.005079999973531812,570.359808,,,cpu,"[143, 100]",143.0,49.0,ok,,,S,LinearModel,cpu_local,apple_m_arm64
local_arm64,apple_m_arm64,LinearModel,OneHotEncoder,"{""encode_components"": [""base""]}","{""type"": ""standard""}",immune_modulation_TLR7,192,nucleobase,2,0.28991083399159834,0.17327354097506031,0.0014666669885627925,7.700000423938036e-05,0.005079999973531812,570.540032,,,cpu,"[147, 100]",147.0,45.0,ok,,,S,LinearModel,cpu_local,apple_m_arm64
local_arm64,apple_m_arm64,MLP,OneHotEncoder,"{""encode_components"": [""base""]}","{""dropout"": 0, ""hidden_dims"": [64]}",immune_modulation_TLR7,192,nucleobase,0,1.0035403749789111,0.17937729199184105,0.6440903330221772,0.0003292500041425228,0.005275542032904923,586.006528,,74.0,cpu,"[156, 100]",156.0,36.0,ok,,,S,MLP,cpu_local,apple_m_arm64
local_arm64,apple_m_arm64,MLP,OneHotEncoder,"{""encode_components"": [""base""]}","{""dropout"": 0, ""hidden_dims"": [64]}",immune_modulation_TLR7,192,nucleobase,1,0.5793511249939911,0.1694057920249179,0.30294349999167025,0.00042991695227101445,0.005275542032904923,587.268096,,37.0,cpu,"[143, 100]",143.0,49.0,ok,,,S,MLP,cpu_local,apple_m_arm64
local_arm64,apple_m_arm64,MLP,OneHotEncoder,"{""encode_components"": [""base""]}","{""dropout"": 0, ""hidden_dims"": [64]}",immune_modulation_TLR7,192,nucleobase,2,0.6564653340028599,0.27414366602897644,0.24236174998804927,0.0012080839951522648,0.005275542032904923,587.743232,,13.0,cpu,"[147, 100]",147.0,45.0,ok,,,S,MLP,cpu_local,apple_m_arm64
local_arm64,apple_m_arm64,MLP,OneHotEncoder,"{""encode_components"": [""base"", ""sugar"", ""phosphate""]}","{""dropout"": 0, ""hidden_dims"": [64, 64]}",immune_modulation_TLR7,192,nucleobase,0,1.0571312080137432,0.1946076659951359,0.6834424579865299,0.0005002499674446881,0.0058097500004805624,586.825728,,58.0,cpu,"[156, 180]",156.0,36.0,ok,,,S,MLP,cpu_local,apple_m_arm64
local_arm64,apple_m_arm64,MLP,OneHotEncoder,"{""encode_components"": [""base"", ""sugar"", ""phosphate""]}","{""dropout"": 0, ""hidden_dims"": [64, 64]}",immune_modulation_TLR7,192,nucleobase,1,3.5973367920378223,1.66526979097398,1.7532315839780495,0.0014123329892754555,0.0058097500004805624,589.807616,,34.0,cpu,"[143, 180]",143.0,49.0,ok,,,S,MLP,cpu_local,apple_m_arm64
local_arm64,apple_m_arm64,MLP,OneHotEncoder,"{""encode_components"": [""base"", ""sugar"", ""phosphate""]}","{""dropout"": 0, ""hidden_dims"": [64, 64]}",immune_modulation_TLR7,192,nucleobase,2,2.0575400830130093,0.7441603330080397,0.9416445000097156,0.0006152919959276915,0.0058097500004805624,590.364672,,50.0,cpu,"[147, 180]",147.0,45.0,ok,,,S,MLP,cpu_local,apple_m_arm64
local_arm64,apple_m_arm64,MLP,OneHotEncoder,"{""encode_components"": [""base""]}","{""dropout"": 0.25, ""hidden_dims"": [128, 128]}",immune_modulation_TLR7,192,nucleobase,0,0.9083587499917485,0.17271383298793808,0.5666070830193348,0.0003457090351730585,0.00577337498543784,567.803904,,52.0,cpu,"[156, 100]",156.0,36.0,ok,,,S,MLP,cpu_local,apple_m_arm64
local_arm64,apple_m_arm64,MLP,OneHotEncoder,"{""encode_components"": [""base""]}","{""dropout"": 0.25, ""hidden_dims"": [128, 128]}",immune_modulation_TLR7,192,nucleobase,1,0.4675164580112323,0.16636820801068097,0.1961432920070365,0.0005935410154052079,0.00577337498543784,551.288832,,23.0,cpu,"[143, 100]",143.0,49.0,ok,,,S,MLP,cpu_local,apple_m_arm64
local_arm64,apple_m_arm64,MLP,OneHotEncoder,"{""encode_components"": [""base""]}","{""dropout"": 0.25, ""hidden_dims"": [128, 128]}",immune_modulation_TLR7,192,nucleobase,2,0.5588007500045933,0.20943749998696148,0.2448228329885751,0.0003147919778712094,0.00577337498543784,552.1408,,29.0,cpu,"[147, 100]",147.0,45.0,ok,,,S,MLP,cpu_local,apple_m_arm64
local_arm64,apple_m_arm64,NearestNeighborsModel,OneHotEncoder,"{""encode_components"": [""base"", ""sugar"", ""phosphate""]}","{""n_neighbors"": 5}",immune_modulation_TLR7,192,random,0,0.25736550003057346,0.25503391603706405,0.0003298330120742321,0.0018831249908544123,0.0057895000209100544,579.1744,,,cpu,"[154, 180]",154.0,38.0,ok,,,S,NearestNeighborsModel,cpu_local,apple_m_arm64
local_arm64,apple_m_arm64,NearestNeighborsModel,OneHotEncoder,"{""encode_components"": [""base"", ""sugar"", ""phosphate""]}","{""n_neighbors"": 5}",immune_modulation_TLR7,192,random,1,0.25257470802171156,0.2499337499612011,0.00016516598407179117,0.0023247500066645443,0.0057895000209100544,580.15744,,,cpu,"[154, 180]",154.0,38.0,ok,,,S,NearestNeighborsModel,cpu_local,apple_m_arm64
local_arm64,apple_m_arm64,NearestNeighborsModel,OneHotEncoder,"{""encode_components"": [""base"", ""sugar"", ""phosphate""]}","{""n_neighbors"": 5}",immune_modulation_TLR7,192,random,2,0.37802475003991276,0.37651516700861976,0.0001627919846214354,0.001232417009305209,0.0057895000209100544,580.304896,,,cpu,"[154, 180]",154.0,38.0,ok,,,S,NearestNeighborsModel,cpu_local,apple_m_arm64
local_arm64,apple_m_arm64,NearestNeighborsModel,OneHotEncoder,"{""encode_components"": [""base""]}","{""n_neighbors"": 10}",immune_modulation_TLR7,192,nucleobase,0,0.36597983294632286,0.1900921660126187,0.00019462499767541885,0.0014726250083185732,0.006427665997762233,580.468736,,,cpu,"[156, 100]",156.0,36.0,ok,,,S,NearestNeighborsModel,cpu_local,apple_m_arm64
local_arm64,apple_m_arm64,NearestNeighborsModel,OneHotEncoder,"{""encode_components"": [""base""]}","{""n_neighbors"": 10}",immune_modulation_TLR7,192,nucleobase,1,0.4094392919796519,0.298556916997768,0.00015845801681280136,0.0010994159965775907,0.006427665997762233,581.255168,,,cpu,"[143, 100]",143.0,49.0,ok,,,S,NearestNeighborsModel,cpu_local,apple_m_arm64
local_arm64,apple_m_arm64,NearestNeighborsModel,OneHotEncoder,"{""encode_components"": [""base""]}","{""n_neighbors"": 10}",immune_modulation_TLR7,192,nucleobase,2,0.2694636670057662,0.16508616699138656,0.0001342089963145554,0.0010867500095628202,0.006427665997762233,581.517312,,,cpu,"[147, 100]",147.0,45.0,ok,,,S,NearestNeighborsModel,cpu_local,apple_m_arm64
local_arm64,apple_m_arm64,NearestNeighborsModel,OneHotEncoder,"{""encode_components"": [""base""]}","{""n_neighbors"": 15}",immune_modulation_TLR7,192,nucleobase,0,0.3394915839890018,0.17119787499541417,0.00017683301120996475,0.0013216249644756317,0.005450624972581863,580.124672,,,cpu,"[156, 100]",156.0,36.0,ok,,,S,NearestNeighborsModel,cpu_local,apple_m_arm64
local_arm64,apple_m_arm64,NearestNeighborsModel,OneHotEncoder,"{""encode_components"": [""base""]}","{""n_neighbors"": 15}",immune_modulation_TLR7,192,nucleobase,1,0.3703254589927383,0.24885608296608552,0.00014891702448949218,0.001125291979406029,0.005450624972581863,580.780032,,,cpu,"[143, 100]",143.0,49.0,ok,,,S,NearestNeighborsModel,cpu_local,apple_m_arm64
local_arm64,apple_m_arm64,NearestNeighborsModel,OneHotEncoder,"{""encode_components"": [""base""]}","{""n_neighbors"": 15}",immune_modulation_TLR7,192,nucleobase,2,0.2689617910073139,0.1650368330301717,0.00014474999625235796,0.0011886670254170895,0.005450624972581863,580.829184,,,cpu,"[147, 100]",147.0,45.0,ok,,,S,NearestNeighborsModel,cpu_local,apple_m_arm64
local_arm64,apple_m_arm64,RandomForestModel,OneHotEncoder,"{""encode_components"": [""base""]}","{""max_depth"": 20, ""n_estimators"": 100}",immune_modulation_TLR7,192,random,0,0.2624308749800548,0.16883199999574572,0.09024200000567362,0.0032396669848822057,0.005296666000504047,577.667072,,,cpu,"[154, 100]",154.0,38.0,ok,,,S,RandomForestModel,cpu_local,apple_m_arm64
local_arm64,apple_m_arm64,RandomForestModel,OneHotEncoder,"{""encode_components"": [""base""]}","{""max_depth"": 20, ""n_estimators"": 100}",immune_modulation_TLR7,192,random,1,0.2595164160011336,0.16579274996183813,0.09030374995199963,0.003335790999699384,0.005296666000504047,578.076672,,,cpu,"[154, 100]",154.0,38.0,ok,,,S,RandomForestModel,cpu_local,apple_m_arm64
local_arm64,apple_m_arm64,RandomForestModel,OneHotEncoder,"{""encode_components"": [""base""]}","{""max_depth"": 20, ""n_estimators"": 100}",immune_modulation_TLR7,192,random,2,0.3511768749449402,0.257735125022009,0.09005170804448426,0.0032757920562289655,0.005296666000504047,578.207744,,,cpu,"[154, 100]",154.0,38.0,ok,,,S,RandomForestModel,cpu_local,apple_m_arm64
local_arm64,apple_m_arm64,RandomForestModel,OneHotEncoder,"{""encode_components"": [""base""]}","{""max_depth"": 10, ""n_estimators"": 500}",immune_modulation_TLR7,192,random,0,0.6422110419953242,0.17452945897821337,0.4521739169722423,0.015381874982267618,0.004963500017765909,580.714496,,,cpu,"[154, 100]",154.0,38.0,ok,,,S,RandomForestModel,cpu_local,apple_m_arm64
local_arm64,apple_m_arm64,RandomForestModel,OneHotEncoder,"{""encode_components"": [""base""]}","{""max_depth"": 10, ""n_estimators"": 500}",immune_modulation_TLR7,192,random,1,0.6385036659776233,0.16772633302025497,0.45494299998972565,0.015721167030278593,0.004963500017765909,581.697536,,,cpu,"[154, 100]",154.0,38.0,ok,,,S,RandomForestModel,cpu_local,apple_m_arm64
local_arm64,apple_m_arm64,RandomForestModel,OneHotEncoder,"{""encode_components"": [""base""]}","{""max_depth"": 10, ""n_estimators"": 500}",immune_modulation_TLR7,192,random,2,0.7135664170491509,0.254115833027754,0.4435590420034714,0.01577812503091991,0.004963500017765909,586.416128,,,cpu,"[154, 100]",154.0,38.0,ok,,,S,RandomForestModel,cpu_local,apple_m_arm64
local_arm64,apple_m_arm64,RandomForestModel,OneHotEncoder,"{""encode_components"": [""base""]}","{""max_depth"": 20, ""n_estimators"": 1000}",immune_modulation_TLR7,192,nucleobase,0,1.274604750040453,0.16810570895904675,0.9028744169627316,0.032178084016777575,0.005514124990440905,587.563008,,,cpu,"[156, 100]",156.0,36.0,ok,,,S,RandomForestModel,cpu_local,apple_m_arm64
local_arm64,apple_m_arm64,RandomForestModel,OneHotEncoder,"{""encode_components"": [""base""]}","{""max_depth"": 20, ""n_estimators"": 1000}",immune_modulation_TLR7,192,nucleobase,1,1.230959459033329,0.25704179203603417,0.8414786249632016,0.030883833998814225,0.005514124990440905,592.871424,,,cpu,"[143, 100]",143.0,49.0,ok,,,S,RandomForestModel,cpu_local,apple_m_arm64
local_arm64,apple_m_arm64,RandomForestModel,OneHotEncoder,"{""encode_components"": [""base""]}","{""max_depth"": 20, ""n_estimators"": 1000}",immune_modulation_TLR7,192,nucleobase,2,1.163682541984599,0.16420741699403152,0.8643837079871446,0.031115083023905754,0.005514124990440905,597.11488,,,cpu,"[147, 100]",147.0,45.0,ok,,,S,RandomForestModel,cpu_local,apple_m_arm64
local_arm64,apple_m_arm64,Transformer,OneHotEncoder,"{""encode_components"": [""base"", ""sugar"", ""phosphate""]}","{""d_model"": 64, ""dim_feedforward"": 64, ""dropout"": 0, ""nhead"": 4, ""num_layers"": 1}",immune_modulation_TLR7,192,random,0,0.6782732080318965,0.2203100830083713,0.4506279159686528,0.005787750007584691,0.004374665964860469,585.613312,,12.0,cpu,"[154, 20, 9]",154.0,38.0,ok,,,S,Transformer,cpu_local,apple_m_arm64
local_arm64,apple_m_arm64,Transformer,OneHotEncoder,"{""encode_components"": [""base"", ""sugar"", ""phosphate""]}","{""d_model"": 64, ""dim_feedforward"": 64, ""dropout"": 0, ""nhead"": 4, ""num_layers"": 1}",immune_modulation_TLR7,192,random,1,1.6734946249634959,0.21735691698268056,1.450011542008724,0.004822082992177457,0.004374665964860469,597.049344,,75.0,cpu,"[154, 20, 9]",154.0,38.0,ok,,,S,Transformer,cpu_local,apple_m_arm64
local_arm64,apple_m_arm64,Transformer,OneHotEncoder,"{""encode_components"": [""base"", ""sugar"", ""phosphate""]}","{""d_model"": 64, ""dim_feedforward"": 64, ""dropout"": 0, ""nhead"": 4, ""num_layers"": 1}",immune_modulation_TLR7,192,random,2,0.3318565000081435,0.19929229200351983,0.12669779203133658,0.004806000040844083,0.004374665964860469,597.6064,,6.0,cpu,"[154, 20, 9]",154.0,38.0,ok,,,S,Transformer,cpu_local,apple_m_arm64
local_arm64,apple_m_arm64,Transformer,OneHotEncoder,"{""encode_components"": [""base""]}","{""d_model"": 128, ""dim_feedforward"": 128, ""dropout"": 0, ""nhead"": 2, ""num_layers"": 2}",immune_modulation_TLR7,192,nucleobase,0,2.802717750018928,0.16871887497836724,2.445330707996618,0.017127291997894645,0.005128457967657596,616.710144,,44.0,cpu,"[156, 20, 5]",156.0,36.0,ok,,,S,Transformer,cpu_local,apple_m_arm64
local_arm64,apple_m_arm64,Transformer,OneHotEncoder,"{""encode_components"": [""base""]}","{""d_model"": 128, ""dim_feedforward"": 128, ""dropout"": 0, ""nhead"": 2, ""num_layers"": 2}",immune_modulation_TLR7,192,nucleobase,1,1.7099044579663314,0.16669558302965015,1.422335250012111,0.016873582964763045,0.005128457967657596,638.107648,,27.0,cpu,"[143, 20, 5]",143.0,49.0,ok,,,S,Transformer,cpu_local,apple_m_arm64
local_arm64,apple_m_arm64,Transformer,OneHotEncoder,"{""encode_components"": [""base""]}","{""d_model"": 128, ""dim_feedforward"": 128, ""dropout"": 0, ""nhead"": 2, ""num_layers"": 2}",immune_modulation_TLR7,192,nucleobase,2,2.267895375029184,0.1658183329855092,1.9824746659724042,0.016747542016673833,0.005128457967657596,639.533056,,38.0,cpu,"[147, 20, 5]",147.0,45.0,ok,,,S,Transformer,cpu_local,apple_m_arm64
local_arm64,apple_m_arm64,XGBoostModel,OneHotEncoder,"{""encode_components"": [""base"", ""sugar"", ""phosphate""]}","{""max_depth"": 10, ""n_estimators"": 100}",immune_modulation_TLR7,192,random,0,0.22861566598294303,0.19689345901133493,0.03087487502489239,0.0007447089883498847,0.005041415977757424,571.375616,,,cpu,"[154, 180]",154.0,38.0,ok,,,S,XGBoostModel,cpu_local,apple_m_arm64
local_arm64,apple_m_arm64,XGBoostModel,OneHotEncoder,"{""encode_components"": [""base"", ""sugar"", ""phosphate""]}","{""max_depth"": 10, ""n_estimators"": 100}",immune_modulation_TLR7,192,random,1,0.22983187501085922,0.20096350001404062,0.02816458302550018,0.0005959999980404973,0.005041415977757424,575.16032,,,cpu,"[154, 180]",154.0,38.0,ok,,,S,XGBoostModel,cpu_local,apple_m_arm64
local_arm64,apple_m_arm64,XGBoostModel,OneHotEncoder,"{""encode_components"": [""base"", ""sugar"", ""phosphate""]}","{""max_depth"": 10, ""n_estimators"": 100}",immune_modulation_TLR7,192,random,2,0.3113570830319077,0.282061584002804,0.028597707976587117,0.0006026659975759685,0.005041415977757424,575.389696,,,cpu,"[154, 180]",154.0,38.0,ok,,,S,XGBoostModel,cpu_local,apple_m_arm64
local_arm64,apple_m_arm64,XGBoostModel,OneHotEncoder,"{""encode_components"": [""base""]}","{""max_depth"": 30, ""n_estimators"": 500}",immune_modulation_TLR7,192,random,0,0.2215447500348091,0.17425766598898917,0.04652266699122265,0.0006270420271903276,0.005720457993447781,570.146816,,,cpu,"[154, 100]",154.0,38.0,ok,,,S,XGBoostModel,cpu_local,apple_m_arm64
local_arm64,apple_m_arm64,XGBoostModel,OneHotEncoder,"{""encode_components"": [""base""]}","{""max_depth"": 30, ""n_estimators"": 500}",immune_modulation_TLR7,192,random,1,0.21432554099010304,0.16802958399057388,0.045616457995492965,0.0005783750093542039,0.005720457993447781,573.734912,,,cpu,"[154, 100]",154.0,38.0,ok,,,S,XGBoostModel,cpu_local,apple_m_arm64
local_arm64,apple_m_arm64,XGBoostModel,OneHotEncoder,"{""encode_components"": [""base""]}","{""max_depth"": 30, ""n_estimators"": 500}",immune_modulation_TLR7,192,random,2,0.30239687504945323,0.2562492500292137,0.045481709006708115,0.0005623750039376318,0.005720457993447781,573.882368,,,cpu,"[154, 100]",154.0,38.0,ok,,,S,XGBoostModel,cpu_local,apple_m_arm64
local_arm64,apple_m_arm64,XGBoostModel,OneHotEncoder,"{""encode_components"": [""base""]}","{""max_depth"": 20, ""n_estimators"": 1000}",immune_modulation_TLR7,192,random,0,0.27978099999018013,0.17795458296313882,0.10093145800055936,0.0007782909669913352,0.004989792010746896,578.912256,,,cpu,"[154, 100]",154.0,38.0,ok,,,S,XGBoostModel,cpu_local,apple_m_arm64
local_arm64,apple_m_arm64,XGBoostModel,OneHotEncoder,"{""encode_components"": [""base""]}","{""max_depth"": 20, ""n_estimators"": 1000}",immune_modulation_TLR7,192,random,1,0.2664081249968149,0.18332612502854317,0.08225841604871675,0.0007033340516500175,0.004989792010746896,585.97376,,,cpu,"[154, 100]",154.0,38.0,ok,,,S,XGBoostModel,cpu_local,apple_m_arm64
local_arm64,apple_m_arm64,XGBoostModel,OneHotEncoder,"{""encode_components"": [""base""]}","{""max_depth"": 20, ""n_estimators"": 1000}",immune_modulation_TLR7,192,random,2,0.3607049999991432,0.2667144580045715,0.09317154198652133,0.0006952089606784284,0.004989792010746896,586.694656,,,cpu,"[154, 100]",154.0,38.0,ok,,,S,XGBoostModel,cpu_local,apple_m_arm64
local_arm64,apple_m_arm64,CNN,RNAFMEmbeddings,{},"{""depth"": 2, ""hidden_dim"": 64, ""kernel_size"": 5, ""pooling_operation"": ""max""}",immune_modulation_TLR7,192,random,0,10.112871500023175,6.326618916995358,3.665855833038222,0.11788183299358934,0.004930791968945414,1447.968768,,28.0,cpu,"[154, 20, 640]",154.0,38.0,ok,,,S,RNA-FM + CNN,cpu_local,apple_m_arm64
local_arm64,apple_m_arm64,CNN,RNAFMEmbeddings,{},"{""depth"": 2, ""hidden_dim"": 64, ""kernel_size"": 5, ""pooling_operation"": ""max""}",immune_modulation_TLR7,192,random,1,13.541999457986094,5.915769500017632,7.5152177910204045,0.10996125004021451,0.004930791968945414,2199.011328,,60.0,cpu,"[154, 20, 640]",154.0,38.0,ok,,,S,RNA-FM + CNN,cpu_local,apple_m_arm64
local_arm64,apple_m_arm64,CNN,RNAFMEmbeddings,{},"{""depth"": 2, ""hidden_dim"": 64, ""kernel_size"": 5, ""pooling_operation"": ""max""}",immune_modulation_TLR7,192,random,2,7.522096250031609,5.918715333973523,1.4917212079744786,0.1105262499768287,0.004930791968945414,2162.425856,,12.0,cpu,"[154, 20, 640]",154.0,38.0,ok,,,S,RNA-FM + CNN,cpu_local,apple_m_arm64
local_arm64,apple_m_arm64,LinearModel,RNAFMEmbeddings,{},"{""type"": ""ridge""}",immune_modulation_TLR7,192,random,0,5.9090405000024475,5.901667375001125,0.006491916952654719,0.0007054590387269855,0.005222250008955598,2152.267776,,,cpu,"[154, 12800]",154.0,38.0,ok,,,S,RNA-FM + LinearModel,cpu_local,apple_m_arm64
local_arm64,apple_m_arm64,LinearModel,RNAFMEmbeddings,{},"{""type"": ""ridge""}",immune_modulation_TLR7,192,random,1,5.837057083030231,5.830285875010304,0.0057674169656820595,0.0006996250012889504,0.005222250008955598,2219.819008,,,cpu,"[154, 12800]",154.0,38.0,ok,,,S,RNA-FM + LinearModel,cpu_local,apple_m_arm64
local_arm64,apple_m_arm64,LinearModel,RNAFMEmbeddings,{},"{""type"": ""ridge""}",immune_modulation_TLR7,192,random,2,6.013532084005419,6.0056292920489796,0.00704970903461799,0.0007175409700721502,0.005222250008955598,2355.642368,,,cpu,"[154, 12800]",154.0,38.0,ok,,,S,RNA-FM + LinearModel,cpu_local,apple_m_arm64
local_arm64,apple_m_arm64,Transformer,RNAFMEmbeddings,"{""flatten"": false}","{""d_model"": 64, ""dim_feedforward"": 64, ""dropout"": 0.25, ""nhead"": 4, ""num_layers"": 1}",immune_modulation_TLR7,192,random,0,8.494079041993245,5.838936250016559,2.6446163749787956,0.009273333009332418,0.005159875028766692,2151.104512,,70.0,cpu,"[154, 20, 640]",154.0,38.0,ok,,,S,RNA-FM + Transformer,cpu_local,apple_m_arm64
local_arm64,apple_m_arm64,Transformer,RNAFMEmbeddings,"{""flatten"": false}","{""d_model"": 64, ""dim_feedforward"": 64, ""dropout"": 0.25, ""nhead"": 4, ""num_layers"": 1}",immune_modulation_TLR7,192,random,1,7.122473541996442,5.846607584040612,1.2670834169839509,0.007566082989796996,0.005159875028766692,2317.500416,,35.0,cpu,"[154, 20, 640]",154.0,38.0,ok,,,S,RNA-FM + Transformer,cpu_local,apple_m_arm64
local_arm64,apple_m_arm64,Transformer,RNAFMEmbeddings,"{""flatten"": false}","{""d_model"": 64, ""dim_feedforward"": 64, ""dropout"": 0.25, ""nhead"": 4, ""num_layers"": 1}",immune_modulation_TLR7,192,random,2,6.270773917029146,5.843982958002016,0.4175162910250947,0.008028749958612025,0.005159875028766692,2320.596992,,11.0,cpu,"[154, 20, 640]",154.0,38.0,ok,,,S,RNA-FM + Transformer,cpu_local,apple_m_arm64
local_arm64,apple_m_arm64,Transformer,RNAFMEmbeddings,"{""flatten"": false}","{""d_model"": 128, ""dim_feedforward"": 64, ""dropout"": 0, ""nhead"": 2, ""num_layers"": 2}",immune_modulation_TLR7,192,random,0,8.648936500016134,5.843515250016935,2.783752707997337,0.019558000029064715,0.0056017080205492675,2119.090176,,47.0,cpu,"[154, 20, 640]",154.0,38.0,ok,,,S,RNA-FM + Transformer,cpu_local,apple_m_arm64
local_arm64,apple_m_arm64,Transformer,RNAFMEmbeddings,"{""flatten"": false}","{""d_model"": 128, ""dim_feedforward"": 64, ""dropout"": 0, ""nhead"": 2, ""num_layers"": 2}",immune_modulation_TLR7,192,random,1,8.393091874953825,5.843884208006784,2.5282569589908235,0.0190118330065161,0.0056017080205492675,2316.320768,,42.0,cpu,"[154, 20, 640]",154.0,38.0,ok,,,S,RNA-FM + Transformer,cpu_local,apple_m_arm64
local_arm64,apple_m_arm64,Transformer,RNAFMEmbeddings,"{""flatten"": false}","{""d_model"": 128, ""dim_feedforward"": 64, ""dropout"": 0, ""nhead"": 2, ""num_layers"": 2}",immune_modulation_TLR7,192,random,2,6.579257040983066,5.825509792019147,0.7324280419852585,0.019422583049163222,0.0056017080205492675,2318.024704,,11.0,cpu,"[154, 20, 640]",154.0,38.0,ok,,,S,RNA-FM + Transformer,cpu_local,apple_m_arm64
local_arm64,apple_m_arm64,GNN,HELMGraph,{},"{""hidden_dim"": 32, ""num_layers"": 1, ""pooling_operation"": ""avg""}",siRNA1,2431,random,0,21.83219149999786,5.896479042014107,15.79697866702918,0.117294583003968,0.05392654100432992,674.545664,,100.0,cpu,"[1945, 'graph']",1945.0,486.0,ok,,,M,GNN,cpu_local,apple_m_arm64
local_arm64,apple_m_arm64,GNN,HELMGraph,{},"{""hidden_dim"": 32, ""num_layers"": 1, ""pooling_operation"": ""avg""}",siRNA1,2431,random,1,21.870808916981332,5.909192333987448,15.841991332999896,0.11859016702510417,0.05392654100432992,686.522368,,100.0,cpu,"[1945, 'graph']",1945.0,486.0,ok,,,M,GNN,cpu_local,apple_m_arm64
local_arm64,apple_m_arm64,GNN,HELMGraph,{},"{""hidden_dim"": 32, ""num_layers"": 1, ""pooling_operation"": ""avg""}",siRNA1,2431,random,2,11.074489624996204,5.875430790998507,5.078935708035715,0.1192663749679923,0.05392654100432992,686.522368,,32.0,cpu,"[1945, 'graph']",1945.0,486.0,ok,,,M,GNN,cpu_local,apple_m_arm64
local_arm64,apple_m_arm64,GNN,HELMGraph,{},"{""hidden_dim"": 64, ""num_layers"": 2, ""pooling_operation"": ""avg""}",siRNA1,2431,nucleobase,0,43.022355624998454,5.790026874979958,35.15009374998044,0.26443612499861047,0.05136262497399002,699.318272,,100.0,cpu,"[1777, 'graph']",1777.0,654.0,ok,,,M,GNN,cpu_local,apple_m_arm64
local_arm64,apple_m_arm64,GNN,HELMGraph,{},"{""hidden_dim"": 64, ""num_layers"": 2, ""pooling_operation"": ""avg""}",siRNA1,2431,nucleobase,1,31.999172375013586,5.720445625018328,24.163379582983907,0.2608792500104755,0.05136262497399002,710.623232,,64.0,cpu,"[1923, 'graph']",1923.0,508.0,ok,,,M,GNN,cpu_local,apple_m_arm64
local_arm64,apple_m_arm64,GNN,HELMGraph,{},"{""hidden_dim"": 64, ""num_layers"": 2, ""pooling_operation"": ""avg""}",siRNA1,2431,nucleobase,2,12.828709041990805,5.776849374989979,4.871738332964014,0.3603361250134185,0.05136262497399002,729.98912,,12.0,cpu,"[2011, 'graph']",2011.0,420.0,ok,,,M,GNN,cpu_local,apple_m_arm64
local_arm64,apple_m_arm64,LinearModel,KMersCounts,"{""k"": [1, 2, 3], ""modification_abundance"": false}","{""type"": ""ridge""}",siRNA1,2431,nucleobase,0,3.6686012909631245,1.8670714999898337,0.0023232499952428043,0.00048162502935156226,0.05114233400672674,617.218048,,,cpu,"[1777, 146]",1777.0,654.0,ok,,,M,LinearModel,cpu_local,apple_m_arm64
local_arm64,apple_m_arm64,LinearModel,KMersCounts,"{""k"": [1, 2, 3], ""modification_abundance"": false}","{""type"": ""ridge""}",siRNA1,2431,nucleobase,1,3.525233250053134,1.780992417014204,0.0025371660012751818,0.0005133340018801391,0.05114233400672674,626.393088,,,cpu,"[1923, 146]",1923.0,508.0,ok,,,M,LinearModel,cpu_local,apple_m_arm64
local_arm64,apple_m_arm64,LinearModel,KMersCounts,"{""k"": [1, 2, 3], ""modification_abundance"": false}","{""type"": ""ridge""}",siRNA1,2431,nucleobase,2,3.5147541660116985,1.7732274590525776,0.0024529999936930835,0.0005702920025214553,0.05114233400672674,626.409472,,,cpu,"[2011, 146]",2011.0,420.0,ok,,,M,LinearModel,cpu_local,apple_m_arm64
local_arm64,apple_m_arm64,LinearModel,KMersCounts,"{""k"": [1, 2, 3], ""modification_abundance"": true}","{""type"": ""standard""}",siRNA1,2431,random,0,2.1216777919908054,2.109277417010162,0.011688290978781879,0.0005784999812021852,0.052107582974713296,597.475328,,,cpu,"[1945, 150]",1945.0,486.0,ok,,,M,LinearModel,cpu_local,apple_m_arm64
local_arm64,apple_m_arm64,LinearModel,KMersCounts,"{""k"": [1, 2, 3], ""modification_abundance"": true}","{""type"": ""standard""}",siRNA1,2431,random,1,2.215049291960895,2.202852249960415,0.01148404204286635,0.0005869999877177179,0.052107582974713296,604.012544,,,cpu,"[1945, 150]",1945.0,486.0,ok,,,M,LinearModel,cpu_local,apple_m_arm64
local_arm64,apple_m_arm64,LinearModel,KMersCounts,"{""k"": [1, 2, 3], ""modification_abundance"": true}","{""type"": ""standard""}",siRNA1,2431,random,2,2.1234599169692956,2.111711249977816,0.011222416011150926,0.0003938750014640391,0.052107582974713296,605.667328,,,cpu,"[1945, 150]",1945.0,486.0,ok,,,M,LinearModel,cpu_local,apple_m_arm64
local_arm64,apple_m_arm64,MLP,KMersCounts,"{""k"": [1, 2, 3], ""modification_abundance"": true}","{""dropout"": 0, ""hidden_dims"": [64]}",siRNA1,2431,nucleobase,0,6.894476124958601,2.204817958001513,2.8749028330203146,0.0013918749755248427,0.051042167004197836,628.047872,,86.0,cpu,"[1777, 150]",1777.0,654.0,ok,,,M,MLP,cpu_local,apple_m_arm64
local_arm64,apple_m_arm64,MLP,KMersCounts,"{""k"": [1, 2, 3], ""modification_abundance"": true}","{""dropout"": 0, ""hidden_dims"": [64]}",siRNA1,2431,nucleobase,1,5.8418093750369735,2.120693290955387,1.9591687089996412,0.0011900830431841314,0.051042167004197836,637.41952,,55.0,cpu,"[1923, 150]",1923.0,508.0,ok,,,M,MLP,cpu_local,apple_m_arm64
local_arm64,apple_m_arm64,MLP,KMersCounts,"{""k"": [1, 2, 3], ""modification_abundance"": true}","{""dropout"": 0, ""hidden_dims"": [64]}",siRNA1,2431,nucleobase,2,5.734920333023183,2.102667208004277,1.8885750839835964,0.0013752910308539867,0.051042167004197836,641.4336,,50.0,cpu,"[2011, 150]",2011.0,420.0,ok,,,M,MLP,cpu_local,apple_m_arm64
local_arm64,apple_m_arm64,MLP,KMersCounts,"{""k"": [1], ""modification_abundance"": true}","{""dropout"": 0, ""hidden_dims"": [64, 64]}",siRNA1,2431,nucleobase,0,4.750384707993362,2.0329271249938756,0.9081378750270233,0.00139608298195526,0.051294874981977046,628.916224,,23.0,cpu,"[1777, 9]",1777.0,654.0,ok,,,M,MLP,cpu_local,apple_m_arm64
local_arm64,apple_m_arm64,MLP,KMersCounts,"{""k"": [1], ""modification_abundance"": true}","{""dropout"": 0, ""hidden_dims"": [64, 64]}",siRNA1,2431,nucleobase,1,4.397650667000562,1.9649712090031244,0.6493782920297235,0.0012059159926138818,0.051294874981977046,633.536512,,17.0,cpu,"[1923, 9]",1923.0,508.0,ok,,,M,MLP,cpu_local,apple_m_arm64
local_arm64,apple_m_arm64,MLP,KMersCounts,"{""k"": [1], ""modification_abundance"": true}","{""dropout"": 0, ""hidden_dims"": [64, 64]}",siRNA1,2431,nucleobase,2,5.71303824998904,1.9646928340080194,1.9876737500308082,0.0009762909612618387,0.051294874981977046,636.27264,,51.0,cpu,"[2011, 9]",2011.0,420.0,ok,,,M,MLP,cpu_local,apple_m_arm64
local_arm64,apple_m_arm64,MLP,KMersCounts,"{""k"": [1, 2, 3], ""modification_abundance"": false}","{""dropout"": 0.25, ""hidden_dims"": [128, 128]}",siRNA1,2431,nucleobase,0,5.838326582976151,1.8702647079480812,2.1681952090002596,0.0022888329694978893,0.05223245901288465,627.58912,,43.0,cpu,"[1777, 146]",1777.0,654.0,ok,,,M,MLP,cpu_local,apple_m_arm64
local_arm64,apple_m_arm64,MLP,KMersCounts,"{""k"": [1, 2, 3], ""modification_abundance"": false}","{""dropout"": 0.25, ""hidden_dims"": [128, 128]}",siRNA1,2431,nucleobase,1,5.699936583987437,1.7736107499804348,2.157519083004445,0.0022482090280391276,0.05223245901288465,637.99296,,35.0,cpu,"[1923, 146]",1923.0,508.0,ok,,,M,MLP,cpu_local,apple_m_arm64
local_arm64,apple_m_arm64,MLP,KMersCounts,"{""k"": [1, 2, 3], ""modification_abundance"": false}","{""dropout"": 0.25, ""hidden_dims"": [128, 128]}",siRNA1,2431,nucleobase,2,6.307397041993681,1.9359623329946771,2.4966648329864256,0.0022341670119203627,0.05223245901288465,650.788864,,43.0,cpu,"[2011, 146]",2011.0,420.0,ok,,,M,MLP,cpu_local,apple_m_arm64
local_arm64,apple_m_arm64,NearestNeighborsModel,KMersCounts,"{""k"": [1, 2, 3], ""modification_abundance"": true}","{""n_neighbors"": 5}",siRNA1,2431,nucleobase,0,4.084022625000216,2.2238293339614756,0.0003671249723993242,0.0649434169754386,0.05081391701241955,691.748864,,,cpu,"[1777, 150]",1777.0,654.0,ok,,,M,NearestNeighborsModel,cpu_local,apple_m_arm64
local_arm64,apple_m_arm64,NearestNeighborsModel,KMersCounts,"{""k"": [1, 2, 3], ""modification_abundance"": true}","{""n_neighbors"": 5}",siRNA1,2431,nucleobase,1,3.9766794579918496,2.1375400410033762,0.0003975830040872097,0.06932595901889727,0.05081391701241955,732.561408,,,cpu,"[1923, 150]",1923.0,508.0,ok,,,M,NearestNeighborsModel,cpu_local,apple_m_arm64
local_arm64,apple_m_arm64,NearestNeighborsModel,KMersCounts,"{""k"": [1, 2, 3], ""modification_abundance"": true}","{""n_neighbors"": 5}",siRNA1,2431,nucleobase,2,3.9074452909990214,2.099225874990225,0.00041504198452457786,0.07510829204693437,0.05081391701241955,808.239104,,,cpu,"[2011, 150]",2011.0,420.0,ok,,,M,NearestNeighborsModel,cpu_local,apple_m_arm64
local_arm64,apple_m_arm64,NearestNeighborsModel,KMersCounts,"{""k"": [1], ""modification_abundance"": false}","{""n_neighbors"": 10}",siRNA1,2431,nucleobase,0,3.501939332985785,1.6895114579820074,0.0005167080089449883,0.0048516669776290655,0.05123366601765156,602.636288,,,cpu,"[1777, 5]",1777.0,654.0,ok,,,M,NearestNeighborsModel,cpu_local,apple_m_arm64
local_arm64,apple_m_arm64,NearestNeighborsModel,KMersCounts,"{""k"": [1], ""modification_abundance"": false}","{""n_neighbors"": 10}",siRNA1,2431,nucleobase,1,3.3652073339908384,1.612284249975346,0.000542874971870333,0.004963791987393051,0.05123366601765156,604.749824,,,cpu,"[1923, 5]",1923.0,508.0,ok,,,M,NearestNeighborsModel,cpu_local,apple_m_arm64
local_arm64,apple_m_arm64,NearestNeighborsModel,KMersCounts,"{""k"": [1], ""modification_abundance"": false}","{""n_neighbors"": 10}",siRNA1,2431,nucleobase,2,3.362713833048474,1.619252417003736,0.0005478750099427998,0.004437999974470586,0.05123366601765156,606.879744,,,cpu,"[2011, 5]",2011.0,420.0,ok,,,M,NearestNeighborsModel,cpu_local,apple_m_arm64
local_arm64,apple_m_arm64,NearestNeighborsModel,KMersCounts,"{""k"": [1, 2], ""modification_abundance"": true}","{""n_neighbors"": 15}",siRNA1,2431,random,0,2.146743958001025,2.080402082996443,0.00025874999118968844,0.06594704202143475,0.05145058303605765,663.240704,,,cpu,"[1945, 34]",1945.0,486.0,ok,,,M,NearestNeighborsModel,cpu_local,apple_m_arm64
local_arm64,apple_m_arm64,NearestNeighborsModel,KMersCounts,"{""k"": [1, 2], ""modification_abundance"": true}","{""n_neighbors"": 15}",siRNA1,2431,random,1,2.1214695420349017,2.062995707965456,0.00017849996220320463,0.058161084016319364,0.05145058303605765,669.171712,,,cpu,"[1945, 34]",1945.0,486.0,ok,,,M,NearestNeighborsModel,cpu_local,apple_m_arm64
local_arm64,apple_m_arm64,NearestNeighborsModel,KMersCounts,"{""k"": [1, 2], ""modification_abundance"": true}","{""n_neighbors"": 15}",siRNA1,2431,random,2,2.041130375000648,1.980666542018298,0.00020587502513080835,0.060125957999844104,0.05145058303605765,671.301632,,,cpu,"[1945, 34]",1945.0,486.0,ok,,,M,NearestNeighborsModel,cpu_local,apple_m_arm64
local_arm64,apple_m_arm64,RandomForestModel,KMersCounts,"{""k"": [1], ""modification_abundance"": true}","{""max_depth"": 30, ""n_estimators"": 100}",siRNA1,2431,random,0,2.0385862090042792,1.9398929589660838,0.08322433300781995,0.015326291031669825,0.0510213749948889,595.47648,,,cpu,"[1945, 9]",1945.0,486.0,ok,,,M,RandomForestModel,cpu_local,apple_m_arm64
local_arm64,apple_m_arm64,RandomForestModel,KMersCounts,"{""k"": [1], ""modification_abundance"": true}","{""max_depth"": 30, ""n_estimators"": 100}",siRNA1,2431,random,1,2.1212308750255033,2.0233788329642266,0.0823304170044139,0.015384625003207475,0.0510213749948889,595.705856,,,cpu,"[1945, 9]",1945.0,486.0,ok,,,M,RandomForestModel,cpu_local,apple_m_arm64
local_arm64,apple_m_arm64,RandomForestModel,KMersCounts,"{""k"": [1], ""modification_abundance"": true}","{""max_depth"": 30, ""n_estimators"": 100}",siRNA1,2431,random,2,2.058046459045727,1.9600662919692695,0.08239791699452326,0.015448749996721745,0.0510213749948889,595.771392,,,cpu,"[1945, 9]",1945.0,486.0,ok,,,M,RandomForestModel,cpu_local,apple_m_arm64
local_arm64,apple_m_arm64,RandomForestModel,KMersCounts,"{""k"": [1], ""modification_abundance"": false}","{""max_depth"": 30, ""n_estimators"": 500}",siRNA1,2431,nucleobase,0,3.9899652089807205,1.717982333037071,0.39589520799927413,0.07197179197100922,0.05171612498816103,612.352,,,cpu,"[1777, 5]",1777.0,654.0,ok,,,M,RandomForestModel,cpu_local,apple_m_arm64
local_arm64,apple_m_arm64,RandomForestModel,KMersCounts,"{""k"": [1], ""modification_abundance"": false}","{""max_depth"": 30, ""n_estimators"": 500}",siRNA1,2431,nucleobase,1,3.879220417002216,1.6300663329893723,0.3855637079686858,0.07022149994736537,0.05171612498816103,620.511232,,,cpu,"[1923, 5]",1923.0,508.0,ok,,,M,RandomForestModel,cpu_local,apple_m_arm64
local_arm64,apple_m_arm64,RandomForestModel,KMersCounts,"{""k"": [1], ""modification_abundance"": false}","{""max_depth"": 30, ""n_estimators"": 500}",siRNA1,2431,nucleobase,2,3.812364457990043,1.633443291997537,0.369312291033566,0.06649474997539073,0.05171612498816103,626.212864,,,cpu,"[2011, 5]",2011.0,420.0,ok,,,M,RandomForestModel,cpu_local,apple_m_arm64
local_arm64,apple_m_arm64,RandomForestModel,KMersCounts,"{""k"": [1, 2], ""modification_abundance"": false}","{""max_depth"": 10, ""n_estimators"": 1000}",siRNA1,2431,random,0,9.45767849998083,1.6768422920140438,7.49915383302141,0.2815260829520412,0.051838167011737823,858.046464,,,cpu,"[1945, 30]",1945.0,486.0,ok,,,M,RandomForestModel,cpu_local,apple_m_arm64
local_arm64,apple_m_arm64,RandomForestModel,KMersCounts,"{""k"": [1, 2], ""modification_abundance"": false}","{""max_depth"": 10, ""n_estimators"": 1000}",siRNA1,2431,random,1,9.519707042025402,1.7660895829903893,7.481026166991796,0.27244429202983156,0.051838167011737823,890.503168,,,cpu,"[1945, 30]",1945.0,486.0,ok,,,M,RandomForestModel,cpu_local,apple_m_arm64
local_arm64,apple_m_arm64,RandomForestModel,KMersCounts,"{""k"": [1, 2], ""modification_abundance"": false}","{""max_depth"": 10, ""n_estimators"": 1000}",siRNA1,2431,random,2,9.425084459013306,1.664319165982306,7.485701167024672,0.2749043329968117,0.051838167011737823,959.823872,,,cpu,"[1945, 30]",1945.0,486.0,ok,,,M,RandomForestModel,cpu_local,apple_m_arm64
local_arm64,apple_m_arm64,XGBoostModel,KMersCounts,"{""k"": [1, 2], ""modification_abundance"": true}","{""max_depth"": 10, ""n_estimators"": 100}",siRNA1,2431,nucleobase,0,4.023673375020735,2.084405458008405,0.12937504198634997,0.00423241697717458,0.05219412501901388,615.890944,,,cpu,"[1777, 34]",1777.0,654.0,ok,,,M,XGBoostModel,cpu_local,apple_m_arm64
local_arm64,apple_m_arm64,XGBoostModel,KMersCounts,"{""k"": [1, 2], ""modification_abundance"": true}","{""max_depth"": 10, ""n_estimators"": 100}",siRNA1,2431,nucleobase,1,3.882111167011317,1.9852276250021532,0.12263395905029029,0.00419316696934402,0.05219412501901388,624.443392,,,cpu,"[1923, 34]",1923.0,508.0,ok,,,M,XGBoostModel,cpu_local,apple_m_arm64
local_arm64,apple_m_arm64,XGBoostModel,KMersCounts,"{""k"": [1, 2], ""modification_abundance"": true}","{""max_depth"": 10, ""n_estimators"": 100}",siRNA1,2431,nucleobase,2,3.8866962079773657,2.0137833330081776,0.13813854102045298,0.0042927920003421605,0.05219412501901388,626.03264,,,cpu,"[2011, 34]",2011.0,420.0,ok,,,M,XGBoostModel,cpu_local,apple_m_arm64
local_arm64,apple_m_arm64,XGBoostModel,KMersCounts,"{""k"": [1, 2, 3], ""modification_abundance"": true}","{""max_depth"": 10, ""n_estimators"": 500}",siRNA1,2431,nucleobase,0,4.377397459000349,2.208211624994874,0.36612695903750136,0.008419041987508535,0.05183879198739305,619.577344,,,cpu,"[1777, 150]",1777.0,654.0,ok,,,M,XGBoostModel,cpu_local,apple_m_arm64
local_arm64,apple_m_arm64,XGBoostModel,KMersCounts,"{""k"": [1, 2, 3], ""modification_abundance"": true}","{""max_depth"": 10, ""n_estimators"": 500}",siRNA1,2431,nucleobase,1,4.203830667014699,2.087161000003107,0.3735605000401847,0.008707958972081542,0.05183879198739305,642.2528,,,cpu,"[1923, 150]",1923.0,508.0,ok,,,M,XGBoostModel,cpu_local,apple_m_arm64
local_arm64,apple_m_arm64,XGBoostModel,KMersCounts,"{""k"": [1, 2, 3], ""modification_abundance"": true}","{""max_depth"": 10, ""n_estimators"": 500}",siRNA1,2431,nucleobase,2,4.197346332948655,2.0821325419819914,0.3895776669960469,0.008366583031602204,0.05183879198739305,646.545408,,,cpu,"[2011, 150]",2011.0,420.0,ok,,,M,XGBoostModel,cpu_local,apple_m_arm64
local_arm64,apple_m_arm64,XGBoostModel,KMersCounts,"{""k"": [1, 2], ""modification_abundance"": false}","{""max_depth"": 30, ""n_estimators"": 1000}",siRNA1,2431,random,0,1.993696874997113,1.6698404159978963,0.31307004200061783,0.010643750021699816,0.05167895799968392,618.954752,,,cpu,"[1945, 30]",1945.0,486.0,ok,,,M,XGBoostModel,cpu_local,apple_m_arm64
local_arm64,apple_m_arm64,XGBoostModel,KMersCounts,"{""k"": [1, 2], ""modification_abundance"": false}","{""max_depth"": 30, ""n_estimators"": 1000}",siRNA1,2431,random,1,2.0709803749923594,1.7496169160003774,0.31120500003453344,0.010015999956522137,0.05167895799968392,651.18208,,,cpu,"[1945, 30]",1945.0,486.0,ok,,,M,XGBoostModel,cpu_local,apple_m_arm64
local_arm64,apple_m_arm64,XGBoostModel,KMersCounts,"{""k"": [1, 2], ""modification_abundance"": false}","{""max_depth"": 30, ""n_estimators"": 1000}",siRNA1,2431,random,2,2.000829834025353,1.6812744589988142,0.3092888750252314,0.01011495798593387,0.05167895799968392,652.0832,,,cpu,"[1945, 30]",1945.0,486.0,ok,,,M,XGBoostModel,cpu_local,apple_m_arm64
local_arm64,apple_m_arm64,CNN,OneHotEncoder,"{""encode_components"": [""base""]}","{""depth"": 1, ""hidden_dim"": 32, ""kernel_size"": 5, ""pooling_operation"": ""max""}",siRNA1,2431,nucleobase,0,12.83581520797452,2.935263249964919,8.069873333966825,0.030963375000283122,0.05173587496392429,631.947264,,100.0,cpu,"[1777, 42, 5]",1777.0,654.0,ok,,,M,CNN,cpu_local,apple_m_arm64
local_arm64,apple_m_arm64,CNN,OneHotEncoder,"{""encode_components"": [""base""]}","{""depth"": 1, ""hidden_dim"": 32, ""kernel_size"": 5, ""pooling_operation"": ""max""}",siRNA1,2431,nucleobase,1,13.563857332977932,3.0260048329946585,8.754287749994546,0.029649541014805436,0.05173587496392429,651.034624,,100.0,cpu,"[1923, 42, 5]",1923.0,508.0,ok,,,M,CNN,cpu_local,apple_m_arm64
local_arm64,apple_m_arm64,CNN,OneHotEncoder,"{""encode_components"": [""base""]}","{""depth"": 1, ""hidden_dim"": 32, ""kernel_size"": 5, ""pooling_operation"": ""max""}",siRNA1,2431,nucleobase,2,13.813867458025925,2.9738708750228398,9.071549416985363,0.02929237502394244,0.05173587496392429,654.5408,,100.0,cpu,"[2011, 42, 5]",2011.0,420.0,ok,,,M,CNN,cpu_local,apple_m_arm64
local_arm64,apple_m_arm64,CNN,OneHotEncoder,"{""encode_components"": [""base""]}","{""depth"": 1, ""hidden_dim"": 64, ""kernel_size"": 3, ""pooling_operation"": ""avg""}",siRNA1,2431,random,0,11.882943457982037,3.009234666998964,8.82190562505275,0.0509788750205189,0.052939207991585135,630.079488,,84.0,cpu,"[1945, 42, 5]",1945.0,486.0,ok,,,M,CNN,cpu_local,apple_m_arm64
local_arm64,apple_m_arm64,CNN,OneHotEncoder,"{""encode_components"": [""base""]}","{""depth"": 1, ""hidden_dim"": 64, ""kernel_size"": 3, ""pooling_operation"": ""avg""}",siRNA1,2431,random,1,12.499330958002247,3.04058554203948,9.410852875036653,0.0473639169940725,0.052939207991585135,666.206208,,90.0,cpu,"[1945, 42, 5]",1945.0,486.0,ok,,,M,CNN,cpu_local,apple_m_arm64
local_arm64,apple_m_arm64,CNN,OneHotEncoder,"{""encode_components"": [""base""]}","{""depth"": 1, ""hidden_dim"": 64, ""kernel_size"": 3, ""pooling_operation"": ""avg""}",siRNA1,2431,random,2,13.707383875036612,2.932683792023454,10.725802084023599,0.048515791015233845,0.052939207991585135,669.483008,,100.0,cpu,"[1945, 42, 5]",1945.0,486.0,ok,,,M,CNN,cpu_local,apple_m_arm64
local_arm64,apple_m_arm64,GRU,OneHotEncoder,"{""encode_components"": [""base""]}","{""hidden_dim"": 32, ""num_layers"": 2}",siRNA1,2431,random,0,41.739958917023614,3.0166246659937315,38.62718908401439,0.09545229200739413,0.053127790975850075,640.843776,,100.0,cpu,"[1945, 42, 5]",1945.0,486.0,ok,,,M,GRU,cpu_local,apple_m_arm64
local_arm64,apple_m_arm64,GRU,OneHotEncoder,"{""encode_components"": [""base""]}","{""hidden_dim"": 32, ""num_layers"": 2}",siRNA1,2431,random,1,33.739193042041734,3.029123207961675,30.60768100002315,0.10177233297144994,0.053127790975850075,658.456576,,79.0,cpu,"[1945, 42, 5]",1945.0,486.0,ok,,,M,GRU,cpu_local,apple_m_arm64
local_arm64,apple_m_arm64,GRU,OneHotEncoder,"{""encode_components"": [""base""]}","{""hidden_dim"": 32, ""num_layers"": 2}",siRNA1,2431,random,2,42.42814258299768,2.941901542013511,39.38844012498157,0.0972817080328241,0.053127790975850075,664.45312,,100.0,cpu,"[1945, 42, 5]",1945.0,486.0,ok,,,M,GRU,cpu_local,apple_m_arm64
local_arm64,apple_m_arm64,GRU,OneHotEncoder,"{""encode_components"": [""base"", ""sugar"", ""phosphate""]}","{""hidden_dim"": 64, ""num_layers"": 2}",siRNA1,2431,random,0,45.1732314589899,3.3594451670069247,41.64489645900903,0.168190041964408,0.053505791001953185,704.577536,,72.0,cpu,"[1945, 42, 9]",1945.0,486.0,ok,,,M,GRU,cpu_local,apple_m_arm64
local_arm64,apple_m_arm64,GRU,OneHotEncoder,"{""encode_components"": [""base"", ""sugar"", ""phosphate""]}","{""hidden_dim"": 64, ""num_layers"": 2}",siRNA1,2431,random,1,30.32587845798116,3.382086541969329,26.770162749977317,0.17300870904000476,0.053505791001953185,716.439552,,45.0,cpu,"[1945, 42, 9]",1945.0,486.0,ok,,,M,GRU,cpu_local,apple_m_arm64
local_arm64,apple_m_arm64,GRU,OneHotEncoder,"{""encode_components"": [""base"", ""sugar"", ""phosphate""]}","{""hidden_dim"": 64, ""num_layers"": 2}",siRNA1,2431,random,2,49.52244308299851,3.2714466670295224,46.07787466602167,0.17260745802195743,0.053505791001953185,734.314496,,76.0,cpu,"[1945, 42, 9]",1945.0,486.0,ok,,,M,GRU,cpu_local,apple_m_arm64
local_arm64,apple_m_arm64,LinearModel,OneHotEncoder,"{""encode_components"": [""base"", ""sugar"", ""phosphate""]}","{""type"": ""ridge""}",siRNA1,2431,nucleobase,0,5.132682540977839,3.3117294590338133,0.0078351249685511,0.001245457970071584,0.05098125000949949,608.33792,,,cpu,"[1777, 378]",1777.0,654.0,ok,,,M,LinearModel,cpu_local,apple_m_arm64
local_arm64,apple_m_arm64,LinearModel,OneHotEncoder,"{""encode_components"": [""base"", ""sugar"", ""phosphate""]}","{""type"": ""ridge""}",siRNA1,2431,nucleobase,1,5.057906875037588,3.299850749957841,0.008468000043649226,0.0009636250324547291,0.05098125000949949,627.195904,,,cpu,"[1923, 378]",1923.0,508.0,ok,,,M,LinearModel,cpu_local,apple_m_arm64
local_arm64,apple_m_arm64,LinearModel,OneHotEncoder,"{""encode_components"": [""base"", ""sugar"", ""phosphate""]}","{""type"": ""ridge""}",siRNA1,2431,nucleobase,2,5.175624582974706,3.4316782919922844,0.00869379099458456,0.001063791976775974,0.05098125000949949,640.581632,,,cpu,"[2011, 378]",2011.0,420.0,ok,,,M,LinearModel,cpu_local,apple_m_arm64
local_arm64,apple_m_arm64,LinearModel,OneHotEncoder,"{""encode_components"": [""base"", ""sugar"", ""phosphate""]}","{""type"": ""standard""}",siRNA1,2431,nucleobase,0,5.112075958051719,3.2823434590245597,0.03176945896120742,0.0011704580392688513,0.05096616601804271,623.853568,,,cpu,"[1777, 378]",1777.0,654.0,ok,,,M,LinearModel,cpu_local,apple_m_arm64
local_arm64,apple_m_arm64,LinearModel,OneHotEncoder,"{""encode_components"": [""base"", ""sugar"", ""phosphate""]}","{""type"": ""standard""}",siRNA1,2431,nucleobase,1,5.058965374948457,3.2864606250077486,0.03257929201936349,0.00134862499544397,0.05096616601804271,642.17088,,,cpu,"[1923, 378]",1923.0,508.0,ok,,,M,LinearModel,cpu_local,apple_m_arm64
local_arm64,apple_m_arm64,LinearModel,OneHotEncoder,"{""encode_components"": [""base"", ""sugar"", ""phosphate""]}","{""type"": ""standard""}",siRNA1,2431,nucleobase,2,5.164950000005774,3.3968747920007445,0.034421625023242086,0.001286041981074959,0.05096616601804271,654.311424,,,cpu,"[2011, 378]",2011.0,420.0,ok,,,M,LinearModel,cpu_local,apple_m_arm64
local_arm64,apple_m_arm64,MLP,OneHotEncoder,"{""encode_components"": [""base""]}","{""dropout"": 0.25, ""hidden_dims"": [64]}",siRNA1,2431,nucleobase,0,6.927944791968912,2.910647666954901,2.2178772920160554,0.0014552499633282423,0.05352820799453184,629.06368,,60.0,cpu,"[1777, 210]",1777.0,654.0,ok,,,M,MLP,cpu_local,apple_m_arm64
local_arm64,apple_m_arm64,MLP,OneHotEncoder,"{""encode_components"": [""base""]}","{""dropout"": 0.25, ""hidden_dims"": [64]}",siRNA1,2431,nucleobase,1,6.042456082999706,2.9997957500163466,1.285761040984653,0.0013177910004742444,0.05352820799453184,633.831424,,33.0,cpu,"[1923, 210]",1923.0,508.0,ok,,,M,MLP,cpu_local,apple_m_arm64
local_arm64,apple_m_arm64,MLP,OneHotEncoder,"{""encode_components"": [""base""]}","{""dropout"": 0.25, ""hidden_dims"": [64]}",siRNA1,2431,nucleobase,2,6.185173999983817,2.958791332959663,1.5014432089519687,0.0012065840419381857,0.05352820799453184,639.123456,,38.0,cpu,"[2011, 210]",2011.0,420.0,ok,,,M,MLP,cpu_local,apple_m_arm64
local_arm64,apple_m_arm64,MLP,OneHotEncoder,"{""encode_components"": [""base""]}","{""dropout"": 0, ""hidden_dims"": [64, 64]}",siRNA1,2431,nucleobase,0,5.511040874989703,2.8927948329946958,0.8139164999593049,0.002087790984660387,0.05168675002641976,625.033216,,20.0,cpu,"[1777, 210]",1777.0,654.0,ok,,,M,MLP,cpu_local,apple_m_arm64
local_arm64,apple_m_arm64,MLP,OneHotEncoder,"{""encode_components"": [""base""]}","{""dropout"": 0, ""hidden_dims"": [64, 64]}",siRNA1,2431,nucleobase,1,5.42464383301558,2.9824103750288486,0.6974751249654219,0.002003874978981912,0.05168675002641976,634.830848,,17.0,cpu,"[1923, 210]",1923.0,508.0,ok,,,M,MLP,cpu_local,apple_m_arm64
local_arm64,apple_m_arm64,MLP,OneHotEncoder,"{""encode_components"": [""base""]}","{""dropout"": 0, ""hidden_dims"": [64, 64]}",siRNA1,2431,nucleobase,2,5.736996292020194,2.947138082992751,1.0730313339736313,0.0018182499916292727,0.05168675002641976,638.746624,,25.0,cpu,"[2011, 210]",2011.0,420.0,ok,,,M,MLP,cpu_local,apple_m_arm64
local_arm64,apple_m_arm64,MLP,OneHotEncoder,"{""encode_components"": [""base""]}","{""dropout"": 0, ""hidden_dims"": [128, 128]}",siRNA1,2431,nucleobase,0,5.757704290968832,2.921403625048697,1.0384547500289045,0.0027520000003278255,0.0517214160063304,637.386752,,18.0,cpu,"[1777, 210]",1777.0,654.0,ok,,,M,MLP,cpu_local,apple_m_arm64
local_arm64,apple_m_arm64,MLP,OneHotEncoder,"{""encode_components"": [""base""]}","{""dropout"": 0, ""hidden_dims"": [128, 128]}",siRNA1,2431,nucleobase,1,5.618354625010397,3.0084297089488246,0.8607133750338107,0.002408583997748792,0.0517214160063304,641.744896,,15.0,cpu,"[1923, 210]",1923.0,508.0,ok,,,M,MLP,cpu_local,apple_m_arm64
local_arm64,apple_m_arm64,MLP,OneHotEncoder,"{""encode_components"": [""base""]}","{""dropout"": 0, ""hidden_dims"": [128, 128]}",siRNA1,2431,nucleobase,2,5.627077291952446,2.9536404999671504,0.9543374169734307,0.0024365420104004443,0.0517214160063304,654.671872,,16.0,cpu,"[2011, 210]",2011.0,420.0,ok,,,M,MLP,cpu_local,apple_m_arm64
local_arm64,apple_m_arm64,NearestNeighborsModel,OneHotEncoder,"{""encode_components"": [""base""]}","{""n_neighbors"": 5}",siRNA1,2431,random,0,3.071844916034024,2.995800583041273,0.00036637496668845415,0.07545091694919392,0.053059583995491266,670.072832,,,cpu,"[1945, 210]",1945.0,486.0,ok,,,M,NearestNeighborsModel,cpu_local,apple_m_arm64
local_arm64,apple_m_arm64,NearestNeighborsModel,OneHotEncoder,"{""encode_components"": [""base""]}","{""n_neighbors"": 5}",siRNA1,2431,random,1,2.9816564999637194,2.9116675419500098,0.00015862495638430119,0.06968387501547113,0.053059583995491266,696.582144,,,cpu,"[1945, 210]",1945.0,486.0,ok,,,M,NearestNeighborsModel,cpu_local,apple_m_arm64
local_arm64,apple_m_arm64,NearestNeighborsModel,OneHotEncoder,"{""encode_components"": [""base""]}","{""n_neighbors"": 5}",siRNA1,2431,random,2,3.0561971660354175,2.987016625003889,0.00014820799697190523,0.06889350002165884,0.053059583995491266,705.347584,,,cpu,"[1945, 210]",1945.0,486.0,ok,,,M,NearestNeighborsModel,cpu_local,apple_m_arm64
local_arm64,apple_m_arm64,NearestNeighborsModel,OneHotEncoder,"{""encode_components"": [""base"", ""sugar"", ""phosphate""]}","{""n_neighbors"": 10}",siRNA1,2431,random,0,3.4665512080537155,3.379608583985828,0.0002464999561198056,0.08654629200464115,0.05261574999894947,679.706624,,,cpu,"[1945, 378]",1945.0,486.0,ok,,,M,NearestNeighborsModel,cpu_local,apple_m_arm64
local_arm64,apple_m_arm64,NearestNeighborsModel,OneHotEncoder,"{""encode_components"": [""base"", ""sugar"", ""phosphate""]}","{""n_neighbors"": 10}",siRNA1,2431,random,1,3.3733083750121295,3.2918394170119427,0.00015008397167548537,0.08118516701506451,0.05261574999894947,702.119936,,,cpu,"[1945, 378]",1945.0,486.0,ok,,,M,NearestNeighborsModel,cpu_local,apple_m_arm64
local_arm64,apple_m_arm64,NearestNeighborsModel,OneHotEncoder,"{""encode_components"": [""base"", ""sugar"", ""phosphate""]}","{""n_neighbors"": 10}",siRNA1,2431,random,2,3.448714750004001,3.3646362089784816,0.00016212498303502798,0.08377570798620582,0.05261574999894947,711.000064,,,cpu,"[1945, 378]",1945.0,486.0,ok,,,M,NearestNeighborsModel,cpu_local,apple_m_arm64
local_arm64,apple_m_arm64,NearestNeighborsModel,OneHotEncoder,"{""encode_components"": [""base"", ""sugar"", ""phosphate""]}","{""n_neighbors"": 15}",siRNA1,2431,nucleobase,0,5.20112387498375,3.3101822499884292,0.0002889159950427711,0.08237054100027308,0.05169125000247732,693.436416,,,cpu,"[1777, 378]",1777.0,654.0,ok,,,M,NearestNeighborsModel,cpu_local,apple_m_arm64
local_arm64,apple_m_arm64,NearestNeighborsModel,OneHotEncoder,"{""encode_components"": [""base"", ""sugar"", ""phosphate""]}","{""n_neighbors"": 15}",siRNA1,2431,nucleobase,1,5.084589042002335,3.262277667003218,0.0001627500168979168,0.08253491600044072,0.05169125000247732,772.849664,,,cpu,"[1923, 378]",1923.0,508.0,ok,,,M,NearestNeighborsModel,cpu_local,apple_m_arm64
local_arm64,apple_m_arm64,NearestNeighborsModel,OneHotEncoder,"{""encode_components"": [""base"", ""sugar"", ""phosphate""]}","{""n_neighbors"": 15}",siRNA1,2431,nucleobase,2,5.203792541986331,3.40783433400793,0.00015141599578782916,0.08400341699598357,0.05169125000247732,851.542016,,,cpu,"[2011, 378]",2011.0,420.0,ok,,,M,NearestNeighborsModel,cpu_local,apple_m_arm64
local_arm64,apple_m_arm64,RandomForestModel,OneHotEncoder,"{""encode_components"": [""base"", ""sugar"", ""phosphate""]}","{""max_depth"": 20, ""n_estimators"": 100}",siRNA1,2431,random,0,5.388624457991682,3.3832507909974083,1.9800620000460185,0.02516804198967293,0.05204158299602568,628.129792,,,cpu,"[1945, 378]",1945.0,486.0,ok,,,M,RandomForestModel,cpu_local,apple_m_arm64
local_arm64,apple_m_arm64,RandomForestModel,OneHotEncoder,"{""encode_components"": [""base"", ""sugar"", ""phosphate""]}","{""max_depth"": 20, ""n_estimators"": 100}",siRNA1,2431,random,1,5.3017312090378255,3.283445458044298,1.9935623339843005,0.02457775000948459,0.05204158299602568,630.636544,,,cpu,"[1945, 378]",1945.0,486.0,ok,,,M,RandomForestModel,cpu_local,apple_m_arm64
local_arm64,apple_m_arm64,RandomForestModel,OneHotEncoder,"{""encode_components"": [""base"", ""sugar"", ""phosphate""]}","{""max_depth"": 20, ""n_estimators"": 100}",siRNA1,2431,random,2,5.39772383403033,3.381862958020065,1.9906365409842692,0.02507995901396498,0.05204158299602568,634.650624,,,cpu,"[1945, 378]",1945.0,486.0,ok,,,M,RandomForestModel,cpu_local,apple_m_arm64
local_arm64,apple_m_arm64,RandomForestModel,OneHotEncoder,"{""encode_components"": [""base""]}","{""max_depth"": 30, ""n_estimators"": 500}",siRNA1,2431,random,0,12.250953915994614,2.9892002919805236,9.142128625011537,0.11947341699851677,0.05102379200980067,729.399296,,,cpu,"[1945, 210]",1945.0,486.0,ok,,,M,RandomForestModel,cpu_local,apple_m_arm64
local_arm64,apple_m_arm64,RandomForestModel,OneHotEncoder,"{""encode_components"": [""base""]}","{""max_depth"": 30, ""n_estimators"": 500}",siRNA1,2431,random,1,12.205256708955858,2.903879625024274,9.1843110829941,0.11690449999878183,0.05102379200980067,760.823808,,,cpu,"[1945, 210]",1945.0,486.0,ok,,,M,RandomForestModel,cpu_local,apple_m_arm64
local_arm64,apple_m_arm64,RandomForestModel,OneHotEncoder,"{""encode_components"": [""base""]}","{""max_depth"": 30, ""n_estimators"": 500}",siRNA1,2431,random,2,12.25551337498473,2.992702540999744,9.14618820801843,0.11648254201281816,0.05102379200980067,761.659392,,,cpu,"[1945, 210]",1945.0,486.0,ok,,,M,RandomForestModel,cpu_local,apple_m_arm64
local_arm64,apple_m_arm64,RandomForestModel,OneHotEncoder,"{""encode_components"": [""base""]}","{""max_depth"": 30, ""n_estimators"": 1000}",siRNA1,2431,random,0,21.588831792003475,3.0261833330150694,18.323908958001994,0.23859108402393758,0.05145183298736811,879.542272,,,cpu,"[1945, 210]",1945.0,486.0,ok,,,M,RandomForestModel,cpu_local,apple_m_arm64
local_arm64,apple_m_arm64,RandomForestModel,OneHotEncoder,"{""encode_components"": [""base""]}","{""max_depth"": 30, ""n_estimators"": 1000}",siRNA1,2431,random,1,21.504349209018983,2.9392926250002347,18.327481083979364,0.23742008296540007,0.05145183298736811,1015.64416,,,cpu,"[1945, 210]",1945.0,486.0,ok,,,M,RandomForestModel,cpu_local,apple_m_arm64
local_arm64,apple_m_arm64,RandomForestModel,OneHotEncoder,"{""encode_components"": [""base""]}","{""max_depth"": 30, ""n_estimators"": 1000}",siRNA1,2431,random,2,21.5443361250218,3.0239704169798642,18.287384291994385,0.23283474997151643,0.05145183298736811,1018.626048,,,cpu,"[1945, 210]",1945.0,486.0,ok,,,M,RandomForestModel,cpu_local,apple_m_arm64
local_arm64,apple_m_arm64,Transformer,OneHotEncoder,"{""encode_components"": [""base""]}","{""d_model"": 64, ""dim_feedforward"": 128, ""dropout"": 0.25, ""nhead"": 4, ""num_layers"": 1}",siRNA1,2431,nucleobase,0,30.337154917011503,2.942033332947176,25.446794165996835,0.1378243339713663,0.05225333297858015,711.180288,,53.0,cpu,"[1777, 42, 5]",1777.0,654.0,ok,,,M,Transformer,cpu_local,apple_m_arm64
local_arm64,apple_m_arm64,Transformer,OneHotEncoder,"{""encode_components"": [""base""]}","{""d_model"": 64, ""dim_feedforward"": 128, ""dropout"": 0.25, ""nhead"": 4, ""num_layers"": 1}",siRNA1,2431,nucleobase,1,32.82605841598706,3.0317782500060275,27.90152787498664,0.1272497089812532,0.05225333297858015,719.880192,,52.0,cpu,"[1923, 42, 5]",1923.0,508.0,ok,,,M,Transformer,cpu_local,apple_m_arm64
local_arm64,apple_m_arm64,Transformer,OneHotEncoder,"{""encode_components"": [""base""]}","{""d_model"": 64, ""dim_feedforward"": 128, ""dropout"": 0.25, ""nhead"": 4, ""num_layers"": 1}",siRNA1,2431,nucleobase,2,30.582963875029236,2.9725795419653878,25.73500874999445,0.1284482500050217,0.05225333297858015,730.415104,,46.0,cpu,"[2011, 42, 5]",2011.0,420.0,ok,,,M,Transformer,cpu_local,apple_m_arm64
local_arm64,apple_m_arm64,Transformer,OneHotEncoder,"{""encode_components"": [""base""]}","{""d_model"": 128, ""dim_feedforward"": 64, ""dropout"": 0, ""nhead"": 2, ""num_layers"": 2}",siRNA1,2431,random,0,25.021703833015636,3.0084392499993555,21.59830274997512,0.4126732919830829,0.05280979198869318,799.440896,,22.0,cpu,"[1945, 42, 5]",1945.0,486.0,ok,,,M,Transformer,cpu_local,apple_m_arm64
local_arm64,apple_m_arm64,Transformer,OneHotEncoder,"{""encode_components"": [""base""]}","{""d_model"": 128, ""dim_feedforward"": 64, ""dropout"": 0, ""nhead"": 2, ""num_layers"": 2}",siRNA1,2431,random,1,19.248496582964435,3.028133791987784,15.814741750014946,0.4037117500556633,0.05280979198869318,813.809664,,16.0,cpu,"[1945, 42, 5]",1945.0,486.0,ok,,,M,Transformer,cpu_local,apple_m_arm64
local_arm64,apple_m_arm64,Transformer,OneHotEncoder,"{""encode_components"": [""base""]}","{""d_model"": 128, ""dim_feedforward"": 64, ""dropout"": 0, ""nhead"": 2, ""num_layers"": 2}",siRNA1,2431,random,2,27.18318862502929,2.916881082986947,23.862846624979284,0.40157520899083465,0.05280979198869318,825.556992,,24.0,cpu,"[1945, 42, 5]",1945.0,486.0,ok,,,M,Transformer,cpu_local,apple_m_arm64
local_arm64,apple_m_arm64,XGBoostModel,OneHotEncoder,"{""encode_components"": [""base"", ""sugar"", ""phosphate""]}","{""max_depth"": 30, ""n_estimators"": 100}",siRNA1,2431,nucleobase,0,5.470546166005079,3.3135819159797393,0.34512483299477026,0.007694999978411943,0.052228708984330297,655.7696,,,cpu,"[1777, 378]",1777.0,654.0,ok,,,M,XGBoostModel,cpu_local,apple_m_arm64
local_arm64,apple_m_arm64,XGBoostModel,OneHotEncoder,"{""encode_components"": [""base"", ""sugar"", ""phosphate""]}","{""max_depth"": 30, ""n_estimators"": 100}",siRNA1,2431,nucleobase,1,5.4314028329681605,3.292123624996748,0.3722933750250377,0.007905958977062255,0.052228708984330297,690.946048,,,cpu,"[1923, 378]",1923.0,508.0,ok,,,M,XGBoostModel,cpu_local,apple_m_arm64
local_arm64,apple_m_arm64,XGBoostModel,OneHotEncoder,"{""encode_components"": [""base"", ""sugar"", ""phosphate""]}","{""max_depth"": 30, ""n_estimators"": 100}",siRNA1,2431,nucleobase,2,5.534936584008392,3.4117569999652915,0.38376875000540167,0.007859916018787771,0.052228708984330297,711.770112,,,cpu,"[2011, 378]",2011.0,420.0,ok,,,M,XGBoostModel,cpu_local,apple_m_arm64
local_arm64,apple_m_arm64,XGBoostModel,OneHotEncoder,"{""encode_components"": [""base"", ""sugar"", ""phosphate""]}","{""max_depth"": 20, ""n_estimators"": 500}",siRNA1,2431,nucleobase,0,5.54157933301758,3.2947716660564765,0.4373779579764232,0.008052667020820081,0.050949125026818365,658.243584,,,cpu,"[1777, 378]",1777.0,654.0,ok,,,M,XGBoostModel,cpu_local,apple_m_arm64
local_arm64,apple_m_arm64,XGBoostModel,OneHotEncoder,"{""encode_components"": [""base"", ""sugar"", ""phosphate""]}","{""max_depth"": 20, ""n_estimators"": 500}",siRNA1,2431,nucleobase,1,5.479065332969185,3.2578476250055246,0.47087045799707994,0.008028250013012439,0.050949125026818365,679.903232,,,cpu,"[1923, 378]",1923.0,508.0,ok,,,M,XGBoostModel,cpu_local,apple_m_arm64
local_arm64,apple_m_arm64,XGBoostModel,OneHotEncoder,"{""encode_components"": [""base"", ""sugar"", ""phosphate""]}","{""max_depth"": 20, ""n_estimators"": 500}",siRNA1,2431,nucleobase,2,5.636665875033941,3.4044236250338145,0.4935448750038631,0.00783137499820441,0.050949125026818365,687.538176,,,cpu,"[2011, 378]",2011.0,420.0,ok,,,M,XGBoostModel,cpu_local,apple_m_arm64
local_arm64,apple_m_arm64,XGBoostModel,OneHotEncoder,"{""encode_components"": [""base""]}","{""max_depth"": 10, ""n_estimators"": 1000}",siRNA1,2431,nucleobase,0,5.041707541968208,2.9157364160055295,0.31933558301534504,0.004274708975572139,0.051519625005312264,631.52128,,,cpu,"[1777, 210]",1777.0,654.0,ok,,,M,XGBoostModel,cpu_local,apple_m_arm64
local_arm64,apple_m_arm64,XGBoostModel,OneHotEncoder,"{""encode_components"": [""base""]}","{""max_depth"": 10, ""n_estimators"": 1000}",siRNA1,2431,nucleobase,1,4.984237209020648,2.8926903750398196,0.3525425419793464,0.004283999965991825,0.051519625005312264,650.657792,,,cpu,"[1923, 210]",1923.0,508.0,ok,,,M,XGBoostModel,cpu_local,apple_m_arm64
local_arm64,apple_m_arm64,XGBoostModel,OneHotEncoder,"{""encode_components"": [""base""]}","{""max_depth"": 10, ""n_estimators"": 1000}",siRNA1,2431,nucleobase,2,5.1083408750128,3.0231292500393465,0.3649997089523822,0.004142999998293817,0.051519625005312264,652.689408,,,cpu,"[2011, 210]",2011.0,420.0,ok,,,M,XGBoostModel,cpu_local,apple_m_arm64
local_arm64,apple_m_arm64,CNN,RNAFMEmbeddings,{},"{""depth"": 2, ""hidden_dim"": 64, ""kernel_size"": 5, ""pooling_operation"": ""max""}",siRNA1,2431,random,0,279.8286626669578,159.2387045409996,115.77300674997969,4.791860041965265,0.05382829101290554,7832.551424,,34.0,cpu,"[1945, 42, 640]",1945.0,486.0,ok,,,M,RNA-FM + CNN,cpu_local,apple_m_arm64
local_arm64,apple_m_arm64,CNN,RNAFMEmbeddings,{},"{""depth"": 2, ""hidden_dim"": 64, ""kernel_size"": 5, ""pooling_operation"": ""max""}",siRNA1,2431,random,1,292.1852727080113,171.4966414590017,116.90475533303106,3.7655186249758117,0.05382829101290554,7575.781376,,34.0,cpu,"[1945, 42, 640]",1945.0,486.0,ok,,,M,RNA-FM + CNN,cpu_local,apple_m_arm64
local_arm64,apple_m_arm64,CNN,RNAFMEmbeddings,{},"{""depth"": 2, ""hidden_dim"": 64, ""kernel_size"": 5, ""pooling_operation"": ""max""}",siRNA1,2431,random,2,269.1172651249799,171.45753120898735,93.813380083011,3.8344802919891663,0.05382829101290554,7764.590592,,28.0,cpu,"[1945, 42, 640]",1945.0,486.0,ok,,,M,RNA-FM + CNN,cpu_local,apple_m_arm64
local_arm64,apple_m_arm64,LinearModel,RNAFMEmbeddings,{},"{""type"": ""ridge""}",siRNA1,2431,random,0,156.65311741700862,155.87755325000035,0.7507834160351194,0.016941499954555184,0.054298667004331946,7962.165248,,,cpu,"[1945, 26880]",1945.0,486.0,ok,,,M,RNA-FM + LinearModel,cpu_local,apple_m_arm64
local_arm64,apple_m_arm64,LinearModel,RNAFMEmbeddings,{},"{""type"": ""ridge""}",siRNA1,2431,random,1,154.95734558295226,154.21294995897915,0.725225042027887,0.01561229198705405,0.054298667004331946,7955.300352,,,cpu,"[1945, 26880]",1945.0,486.0,ok,,,M,RNA-FM + LinearModel,cpu_local,apple_m_arm64
local_arm64,apple_m_arm64,LinearModel,RNAFMEmbeddings,{},"{""type"": ""ridge""}",siRNA1,2431,random,2,149.66380533296615,148.8951056660153,0.7506022499874234,0.01648674998432398,0.054298667004331946,8006.025216,,,cpu,"[1945, 26880]",1945.0,486.0,ok,,,M,RNA-FM + LinearModel,cpu_local,apple_m_arm64
local_arm64,apple_m_arm64,Transformer,RNAFMEmbeddings,"{""flatten"": false}","{""d_model"": 64, ""dim_feedforward"": 64, ""dropout"": 0, ""nhead"": 4, ""num_layers"": 1}",siRNA1,2431,random,0,174.71817112498684,157.86982487497153,16.611834208015352,0.203612916986458,0.053804625000339,7837.007872,,34.0,cpu,"[1945, 42, 640]",1945.0,486.0,ok,,,M,RNA-FM + Transformer,cpu_local,apple_m_arm64
local_arm64,apple_m_arm64,Transformer,RNAFMEmbeddings,"{""flatten"": false}","{""d_model"": 64, ""dim_feedforward"": 64, ""dropout"": 0, ""nhead"": 4, ""num_layers"": 1}",siRNA1,2431,random,1,156.18640624999534,147.52286683395505,8.463094625039957,0.19486429198877886,0.053804625000339,7919.04256,,18.0,cpu,"[1945, 42, 640]",1945.0,486.0,ok,,,M,RNA-FM + Transformer,cpu_local,apple_m_arm64
local_arm64,apple_m_arm64,Transformer,RNAFMEmbeddings,"{""flatten"": false}","{""d_model"": 64, ""dim_feedforward"": 64, ""dropout"": 0, ""nhead"": 4, ""num_layers"": 1}",siRNA1,2431,random,2,166.19382408400998,148.0230142500368,17.967218166042585,0.19407820800552145,0.053804625000339,7999.520768,,38.0,cpu,"[1945, 42, 640]",1945.0,486.0,ok,,,M,RNA-FM + Transformer,cpu_local,apple_m_arm64
local_arm64,apple_m_arm64,Transformer,RNAFMEmbeddings,"{""flatten"": false}","{""d_model"": 128, ""dim_feedforward"": 64, ""dropout"": 0.25, ""nhead"": 2, ""num_layers"": 2}",siRNA1,2431,random,0,197.7058444590075,153.13303133298177,44.008952917007264,0.5317687909700908,0.05337616597535089,8014.856192,,27.0,cpu,"[1945, 42, 640]",1945.0,486.0,ok,,,M,RNA-FM + Transformer,cpu_local,apple_m_arm64
local_arm64,apple_m_arm64,Transformer,RNAFMEmbeddings,"{""flatten"": false}","{""d_model"": 128, ""dim_feedforward"": 64, ""dropout"": 0.25, ""nhead"": 2, ""num_layers"": 2}",siRNA1,2431,random,1,195.70741500001168,153.33391220902558,41.8329391250154,0.5203049999545328,0.05337616597535089,7874.691072,,26.0,cpu,"[1945, 42, 640]",1945.0,486.0,ok,,,M,RNA-FM + Transformer,cpu_local,apple_m_arm64
local_arm64,apple_m_arm64,Transformer,RNAFMEmbeddings,"{""flatten"": false}","{""d_model"": 128, ""dim_feedforward"": 64, ""dropout"": 0.25, ""nhead"": 2, ""num_layers"": 2}",siRNA1,2431,random,2,190.39523704198655,145.6940643750131,44.17873012495693,0.5179478750214912,0.05337616597535089,7960.068096,,28.0,cpu,"[1945, 42, 640]",1945.0,486.0,ok,,,M,RNA-FM + Transformer,cpu_local,apple_m_arm64
