chunk_id,arm,config_hash,dataset_config_key,dataset_downloader_key,dataset_size_tier,featurizer,featurizer_args_json,featurizer_args_repr,model,model_args_json,model_args_repr,cross_validation,compute_class,queue,est_fitpred_s_per_fold,fitpred_cost_source
corrm_eb463caaaf1021f5,corrective,594ebf5cc4e3a3a6,acute_neurotox_moe_cleaned,Neurotox MOE,M,HELMGraph,{},{},GNN,"{""hidden_dim"":32,""num_layers"":1,""pooling_operation"":""max""}","{'hidden_dim': 32, 'num_layers': 1, 'pooling_operation': 'max'}",nucleobase,gpu,gpu,23.569,measured
corrm_eb463caaaf1021f5,corrective,7925a72679435f84,acute_neurotox_moe_cleaned,Neurotox MOE,M,HELMGraph,{},{},GNN,"{""hidden_dim"":32,""num_layers"":1,""pooling_operation"":""avg""}","{'hidden_dim': 32, 'num_layers': 1, 'pooling_operation': 'avg'}",nucleobase,gpu,gpu,23.569,measured
corrm_eb463caaaf1021f5,corrective,26c889eb6a1d1260,acute_neurotox_moe_cleaned,Neurotox MOE,M,HELMGraph,{},{},GNN,"{""hidden_dim"":32,""num_layers"":1,""pooling_operation"":""sum""}","{'hidden_dim': 32, 'num_layers': 1, 'pooling_operation': 'sum'}",nucleobase,gpu,gpu,23.569,measured
corrm_eb463caaaf1021f5,corrective,b2e8a18d031fa244,acute_neurotox_moe_cleaned,Neurotox MOE,M,HELMGraph,{},{},GNN,"{""hidden_dim"":32,""num_layers"":2,""pooling_operation"":""max""}","{'hidden_dim': 32, 'num_layers': 2, 'pooling_operation': 'max'}",nucleobase,gpu,gpu,23.569,measured
corrm_eb463caaaf1021f5,corrective,14220ad0b55defe5,acute_neurotox_moe_cleaned,Neurotox MOE,M,HELMGraph,{},{},GNN,"{""hidden_dim"":32,""num_layers"":2,""pooling_operation"":""avg""}","{'hidden_dim': 32, 'num_layers': 2, 'pooling_operation': 'avg'}",nucleobase,gpu,gpu,23.569,measured
corrm_eb463caaaf1021f5,corrective,e798b4f6f7a80d51,acute_neurotox_moe_cleaned,Neurotox MOE,M,HELMGraph,{},{},GNN,"{""hidden_dim"":32,""num_layers"":2,""pooling_operation"":""sum""}","{'hidden_dim': 32, 'num_layers': 2, 'pooling_operation': 'sum'}",nucleobase,gpu,gpu,23.569,measured
corrm_eb463caaaf1021f5,corrective,375824b78aa5d482,acute_neurotox_moe_cleaned,Neurotox MOE,M,HELMGraph,{},{},GNN,"{""hidden_dim"":64,""num_layers"":1,""pooling_operation"":""max""}","{'hidden_dim': 64, 'num_layers': 1, 'pooling_operation': 'max'}",nucleobase,gpu,gpu,23.569,measured
corrm_eb463caaaf1021f5,corrective,b8a65e1f4bd309c3,acute_neurotox_moe_cleaned,Neurotox MOE,M,HELMGraph,{},{},GNN,"{""hidden_dim"":64,""num_layers"":1,""pooling_operation"":""avg""}","{'hidden_dim': 64, 'num_layers': 1, 'pooling_operation': 'avg'}",nucleobase,gpu,gpu,23.569,measured
corrm_eb463caaaf1021f5,corrective,7aa6897b04b5c534,acute_neurotox_moe_cleaned,Neurotox MOE,M,HELMGraph,{},{},GNN,"{""hidden_dim"":64,""num_layers"":1,""pooling_operation"":""sum""}","{'hidden_dim': 64, 'num_layers': 1, 'pooling_operation': 'sum'}",nucleobase,gpu,gpu,23.569,measured
corrm_eb463caaaf1021f5,corrective,5b7cf09fc36924f8,acute_neurotox_moe_cleaned,Neurotox MOE,M,HELMGraph,{},{},GNN,"{""hidden_dim"":64,""num_layers"":2,""pooling_operation"":""max""}","{'hidden_dim': 64, 'num_layers': 2, 'pooling_operation': 'max'}",nucleobase,gpu,gpu,23.569,measured
corrm_eb463caaaf1021f5,corrective,6b3fc01da7f71170,acute_neurotox_moe_cleaned,Neurotox MOE,M,HELMGraph,{},{},GNN,"{""hidden_dim"":64,""num_layers"":2,""pooling_operation"":""avg""}","{'hidden_dim': 64, 'num_layers': 2, 'pooling_operation': 'avg'}",nucleobase,gpu,gpu,23.569,measured
corrm_eb463caaaf1021f5,corrective,44cef7e9833d5b36,acute_neurotox_moe_cleaned,Neurotox MOE,M,HELMGraph,{},{},GNN,"{""hidden_dim"":64,""num_layers"":2,""pooling_operation"":""sum""}","{'hidden_dim': 64, 'num_layers': 2, 'pooling_operation': 'sum'}",nucleobase,gpu,gpu,23.569,measured
corrm_eb463caaaf1021f5,corrective,4076c879aa02e5ef,acute_neurotox_moe_cleaned,Neurotox MOE,M,HELMGraph,{},{},GNN,"{""hidden_dim"":32,""num_layers"":1,""pooling_operation"":""max""}","{'hidden_dim': 32, 'num_layers': 1, 'pooling_operation': 'max'}",random,gpu,gpu,23.569,measured
corrm_eb463caaaf1021f5,corrective,b17c04bc49f9cd02,acute_neurotox_moe_cleaned,Neurotox MOE,M,HELMGraph,{},{},GNN,"{""hidden_dim"":32,""num_layers"":1,""pooling_operation"":""avg""}","{'hidden_dim': 32, 'num_layers': 1, 'pooling_operation': 'avg'}",random,gpu,gpu,23.569,measured
corrm_eb463caaaf1021f5,corrective,d53eacf099ed7a38,acute_neurotox_moe_cleaned,Neurotox MOE,M,HELMGraph,{},{},GNN,"{""hidden_dim"":32,""num_layers"":1,""pooling_operation"":""sum""}","{'hidden_dim': 32, 'num_layers': 1, 'pooling_operation': 'sum'}",random,gpu,gpu,23.569,measured
corrm_eb463caaaf1021f5,corrective,92cf45d6a26d3660,acute_neurotox_moe_cleaned,Neurotox MOE,M,HELMGraph,{},{},GNN,"{""hidden_dim"":32,""num_layers"":2,""pooling_operation"":""max""}","{'hidden_dim': 32, 'num_layers': 2, 'pooling_operation': 'max'}",random,gpu,gpu,23.569,measured
corrm_eb463caaaf1021f5,corrective,2e7819b251a171b1,acute_neurotox_moe_cleaned,Neurotox MOE,M,HELMGraph,{},{},GNN,"{""hidden_dim"":32,""num_layers"":2,""pooling_operation"":""avg""}","{'hidden_dim': 32, 'num_layers': 2, 'pooling_operation': 'avg'}",random,gpu,gpu,23.569,measured
corrm_eb463caaaf1021f5,corrective,f719fe185e090270,acute_neurotox_moe_cleaned,Neurotox MOE,M,HELMGraph,{},{},GNN,"{""hidden_dim"":32,""num_layers"":2,""pooling_operation"":""sum""}","{'hidden_dim': 32, 'num_layers': 2, 'pooling_operation': 'sum'}",random,gpu,gpu,23.569,measured
corrm_eb463caaaf1021f5,corrective,2ba7bbadd7992a0b,acute_neurotox_moe_cleaned,Neurotox MOE,M,HELMGraph,{},{},GNN,"{""hidden_dim"":64,""num_layers"":1,""pooling_operation"":""max""}","{'hidden_dim': 64, 'num_layers': 1, 'pooling_operation': 'max'}",random,gpu,gpu,23.569,measured
corrm_eb463caaaf1021f5,corrective,d0c364b98f222a17,acute_neurotox_moe_cleaned,Neurotox MOE,M,HELMGraph,{},{},GNN,"{""hidden_dim"":64,""num_layers"":1,""pooling_operation"":""avg""}","{'hidden_dim': 64, 'num_layers': 1, 'pooling_operation': 'avg'}",random,gpu,gpu,23.569,measured
corrm_eb463caaaf1021f5,corrective,41c4e42d71f636cb,acute_neurotox_moe_cleaned,Neurotox MOE,M,HELMGraph,{},{},GNN,"{""hidden_dim"":64,""num_layers"":1,""pooling_operation"":""sum""}","{'hidden_dim': 64, 'num_layers': 1, 'pooling_operation': 'sum'}",random,gpu,gpu,23.569,measured
corrm_eb463caaaf1021f5,corrective,001ace42a4459fcf,acute_neurotox_moe_cleaned,Neurotox MOE,M,HELMGraph,{},{},GNN,"{""hidden_dim"":64,""num_layers"":2,""pooling_operation"":""max""}","{'hidden_dim': 64, 'num_layers': 2, 'pooling_operation': 'max'}",random,gpu,gpu,23.569,measured
corrm_eb463caaaf1021f5,corrective,65458444048336b6,acute_neurotox_moe_cleaned,Neurotox MOE,M,HELMGraph,{},{},GNN,"{""hidden_dim"":64,""num_layers"":2,""pooling_operation"":""avg""}","{'hidden_dim': 64, 'num_layers': 2, 'pooling_operation': 'avg'}",random,gpu,gpu,23.569,measured
corrm_eb463caaaf1021f5,corrective,bc51cef6d0732aa3,acute_neurotox_moe_cleaned,Neurotox MOE,M,HELMGraph,{},{},GNN,"{""hidden_dim"":64,""num_layers"":2,""pooling_operation"":""sum""}","{'hidden_dim': 64, 'num_layers': 2, 'pooling_operation': 'sum'}",random,gpu,gpu,23.569,measured
corrm_72b6946baa49d949,corrective,7d99dfa01e9c7ae0,acute_neurotox_moe_cleaned,Neurotox MOE,M,KMersCounts,"{""k"":[1,2,3],""modification_abundance"":false}","{'k': [1, 2, 3], 'modification_abundance': False}",RandomForestModel,"{""max_depth"":20,""n_estimators"":1000}","{'max_depth': 20, 'n_estimators': 1000}",nucleobase,cpu,cpu,5.37,measured
corrm_72b6946baa49d949,corrective,f3c5075fb7c4883f,acute_neurotox_moe_cleaned,Neurotox MOE,M,KMersCounts,"{""k"":[1,2,3],""modification_abundance"":false}","{'k': [1, 2, 3], 'modification_abundance': False}",RandomForestModel,"{""max_depth"":10,""n_estimators"":100}","{'max_depth': 10, 'n_estimators': 100}",nucleobase,cpu,cpu,5.37,measured
corrm_72b6946baa49d949,corrective,fa30a19605397bb8,acute_neurotox_moe_cleaned,Neurotox MOE,M,KMersCounts,"{""k"":[1,2,3],""modification_abundance"":false}","{'k': [1, 2, 3], 'modification_abundance': False}",RandomForestModel,"{""max_depth"":20,""n_estimators"":100}","{'max_depth': 20, 'n_estimators': 100}",nucleobase,cpu,cpu,5.37,measured
corrm_72b6946baa49d949,corrective,0a62de0b1f2a6c3c,acute_neurotox_moe_cleaned,Neurotox MOE,M,KMersCounts,"{""k"":[1,2,3],""modification_abundance"":false}","{'k': [1, 2, 3], 'modification_abundance': False}",RandomForestModel,"{""max_depth"":30,""n_estimators"":100}","{'max_depth': 30, 'n_estimators': 100}",nucleobase,cpu,cpu,5.37,measured
corrm_72b6946baa49d949,corrective,f73a7f95569df8cb,acute_neurotox_moe_cleaned,Neurotox MOE,M,KMersCounts,"{""k"":[1,2,3],""modification_abundance"":false}","{'k': [1, 2, 3], 'modification_abundance': False}",RandomForestModel,"{""max_depth"":10,""n_estimators"":500}","{'max_depth': 10, 'n_estimators': 500}",nucleobase,cpu,cpu,5.37,measured
corrm_72b6946baa49d949,corrective,35c5b5d4567dec45,acute_neurotox_moe_cleaned,Neurotox MOE,M,KMersCounts,"{""k"":[1,2,3],""modification_abundance"":false}","{'k': [1, 2, 3], 'modification_abundance': False}",RandomForestModel,"{""max_depth"":20,""n_estimators"":500}","{'max_depth': 20, 'n_estimators': 500}",nucleobase,cpu,cpu,5.37,measured
corrm_72b6946baa49d949,corrective,2bfea1aecb557062,acute_neurotox_moe_cleaned,Neurotox MOE,M,KMersCounts,"{""k"":[1,2,3],""modification_abundance"":false}","{'k': [1, 2, 3], 'modification_abundance': False}",RandomForestModel,"{""max_depth"":30,""n_estimators"":500}","{'max_depth': 30, 'n_estimators': 500}",nucleobase,cpu,cpu,5.37,measured
corrm_72b6946baa49d949,corrective,ddbc2e44c8041fd7,acute_neurotox_moe_cleaned,Neurotox MOE,M,KMersCounts,"{""k"":[1,2,3],""modification_abundance"":false}","{'k': [1, 2, 3], 'modification_abundance': False}",RandomForestModel,"{""max_depth"":10,""n_estimators"":1000}","{'max_depth': 10, 'n_estimators': 1000}",nucleobase,cpu,cpu,5.37,measured
corrm_72b6946baa49d949,corrective,3b13d18fe30977a0,acute_neurotox_moe_cleaned,Neurotox MOE,M,KMersCounts,"{""k"":[1,2,3],""modification_abundance"":false}","{'k': [1, 2, 3], 'modification_abundance': False}",RandomForestModel,"{""max_depth"":30,""n_estimators"":1000}","{'max_depth': 30, 'n_estimators': 1000}",nucleobase,cpu,cpu,5.37,measured
corrm_72b6946baa49d949,corrective,c106181b152ef4e8,acute_neurotox_moe_cleaned,Neurotox MOE,M,KMersCounts,"{""k"":[1,2,3],""modification_abundance"":false}","{'k': [1, 2, 3], 'modification_abundance': False}",XGBoostModel,"{""max_depth"":30,""n_estimators"":500}","{'max_depth': 30, 'n_estimators': 500}",nucleobase,cpu,cpu,0.43,measured
corrm_72b6946baa49d949,corrective,1af4a721f05083e0,acute_neurotox_moe_cleaned,Neurotox MOE,M,KMersCounts,"{""k"":[1,2,3],""modification_abundance"":false}","{'k': [1, 2, 3], 'modification_abundance': False}",XGBoostModel,"{""max_depth"":30,""n_estimators"":100}","{'max_depth': 30, 'n_estimators': 100}",nucleobase,cpu,cpu,0.43,measured
corrm_72b6946baa49d949,corrective,a0aecd542844999d,acute_neurotox_moe_cleaned,Neurotox MOE,M,KMersCounts,"{""k"":[1,2,3],""modification_abundance"":false}","{'k': [1, 2, 3], 'modification_abundance': False}",XGBoostModel,"{""max_depth"":20,""n_estimators"":100}","{'max_depth': 20, 'n_estimators': 100}",nucleobase,cpu,cpu,0.43,measured
corrm_72b6946baa49d949,corrective,9d0707ced710fb41,acute_neurotox_moe_cleaned,Neurotox MOE,M,KMersCounts,"{""k"":[1,2,3],""modification_abundance"":false}","{'k': [1, 2, 3], 'modification_abundance': False}",XGBoostModel,"{""max_depth"":10,""n_estimators"":100}","{'max_depth': 10, 'n_estimators': 100}",nucleobase,cpu,cpu,0.43,measured
corrm_72b6946baa49d949,corrective,fd3fb4fe9398c377,acute_neurotox_moe_cleaned,Neurotox MOE,M,KMersCounts,"{""k"":[1,2,3],""modification_abundance"":false}","{'k': [1, 2, 3], 'modification_abundance': False}",XGBoostModel,"{""max_depth"":30,""n_estimators"":1000}","{'max_depth': 30, 'n_estimators': 1000}",nucleobase,cpu,cpu,0.43,measured
corrm_72b6946baa49d949,corrective,3c8ef9eb3f8b1b52,acute_neurotox_moe_cleaned,Neurotox MOE,M,KMersCounts,"{""k"":[1,2,3],""modification_abundance"":false}","{'k': [1, 2, 3], 'modification_abundance': False}",XGBoostModel,"{""max_depth"":10,""n_estimators"":1000}","{'max_depth': 10, 'n_estimators': 1000}",nucleobase,cpu,cpu,0.43,measured
corrm_72b6946baa49d949,corrective,4a11087af912d513,acute_neurotox_moe_cleaned,Neurotox MOE,M,KMersCounts,"{""k"":[1,2,3],""modification_abundance"":false}","{'k': [1, 2, 3], 'modification_abundance': False}",XGBoostModel,"{""max_depth"":20,""n_estimators"":1000}","{'max_depth': 20, 'n_estimators': 1000}",nucleobase,cpu,cpu,0.43,measured
corrm_72b6946baa49d949,corrective,f93d94dd571b6c1a,acute_neurotox_moe_cleaned,Neurotox MOE,M,KMersCounts,"{""k"":[1,2,3],""modification_abundance"":false}","{'k': [1, 2, 3], 'modification_abundance': False}",XGBoostModel,"{""max_depth"":20,""n_estimators"":500}","{'max_depth': 20, 'n_estimators': 500}",nucleobase,cpu,cpu,0.43,measured
corrm_72b6946baa49d949,corrective,bdb79ee465667624,acute_neurotox_moe_cleaned,Neurotox MOE,M,KMersCounts,"{""k"":[1,2,3],""modification_abundance"":false}","{'k': [1, 2, 3], 'modification_abundance': False}",XGBoostModel,"{""max_depth"":10,""n_estimators"":500}","{'max_depth': 10, 'n_estimators': 500}",nucleobase,cpu,cpu,0.43,measured
corrm_72b6946baa49d949,corrective,8cccf2187a04bbd8,acute_neurotox_moe_cleaned,Neurotox MOE,M,KMersCounts,"{""k"":[1,2,3],""modification_abundance"":false}","{'k': [1, 2, 3], 'modification_abundance': False}",NearestNeighborsModel,"{""n_neighbors"":5}",{'n_neighbors': 5},nucleobase,cpu,cpu,0.082,measured
corrm_72b6946baa49d949,corrective,226580d22d833f35,acute_neurotox_moe_cleaned,Neurotox MOE,M,KMersCounts,"{""k"":[1,2,3],""modification_abundance"":false}","{'k': [1, 2, 3], 'modification_abundance': False}",NearestNeighborsModel,"{""n_neighbors"":15}",{'n_neighbors': 15},nucleobase,cpu,cpu,0.082,measured
corrm_72b6946baa49d949,corrective,e731ed0ef54534e8,acute_neurotox_moe_cleaned,Neurotox MOE,M,KMersCounts,"{""k"":[1,2,3],""modification_abundance"":false}","{'k': [1, 2, 3], 'modification_abundance': False}",NearestNeighborsModel,"{""n_neighbors"":10}",{'n_neighbors': 10},nucleobase,cpu,cpu,0.082,measured
corrm_72b6946baa49d949,corrective,52455598d48eca6c,acute_neurotox_moe_cleaned,Neurotox MOE,M,KMersCounts,"{""k"":[1,2,3],""modification_abundance"":false}","{'k': [1, 2, 3], 'modification_abundance': False}",LinearModel,"{""type"":""ridge""}",{'type': 'ridge'},nucleobase,cpu,cpu,0.016,measured
corrm_72b6946baa49d949,corrective,e6f8c1a07eb1bb47,acute_neurotox_moe_cleaned,Neurotox MOE,M,KMersCounts,"{""k"":[1,2,3],""modification_abundance"":false}","{'k': [1, 2, 3], 'modification_abundance': False}",LinearModel,"{""type"":""standard""}",{'type': 'standard'},nucleobase,cpu,cpu,0.016,measured
corrm_eb463caaaf1021f5,corrective,bd66c2f7a6163181,acute_neurotox_moe_cleaned,Neurotox MOE,M,KMersCounts,"{""k"":[1,2,3],""modification_abundance"":false}","{'k': [1, 2, 3], 'modification_abundance': False}",MLP,"{""dropout"":0,""hidden_dims"":[64]}","{'dropout': 0, 'hidden_dims': [64]}",nucleobase,gpu,gpu,3.812,measured
corrm_eb463caaaf1021f5,corrective,a7ab26063a891e4b,acute_neurotox_moe_cleaned,Neurotox MOE,M,KMersCounts,"{""k"":[1,2,3],""modification_abundance"":false}","{'k': [1, 2, 3], 'modification_abundance': False}",MLP,"{""dropout"":0.25,""hidden_dims"":[64]}","{'dropout': 0.25, 'hidden_dims': [64]}",nucleobase,gpu,gpu,3.812,measured
corrm_eb463caaaf1021f5,corrective,790c8943da649ffe,acute_neurotox_moe_cleaned,Neurotox MOE,M,KMersCounts,"{""k"":[1,2,3],""modification_abundance"":false}","{'k': [1, 2, 3], 'modification_abundance': False}",MLP,"{""dropout"":0,""hidden_dims"":[64,64]}","{'dropout': 0, 'hidden_dims': [64, 64]}",nucleobase,gpu,gpu,3.812,measured
corrm_eb463caaaf1021f5,corrective,168fa3de2ecbe958,acute_neurotox_moe_cleaned,Neurotox MOE,M,KMersCounts,"{""k"":[1,2,3],""modification_abundance"":false}","{'k': [1, 2, 3], 'modification_abundance': False}",MLP,"{""dropout"":0.25,""hidden_dims"":[64,64]}","{'dropout': 0.25, 'hidden_dims': [64, 64]}",nucleobase,gpu,gpu,3.812,measured
corrm_eb463caaaf1021f5,corrective,de490128d3f1e463,acute_neurotox_moe_cleaned,Neurotox MOE,M,KMersCounts,"{""k"":[1,2,3],""modification_abundance"":false}","{'k': [1, 2, 3], 'modification_abundance': False}",MLP,"{""dropout"":0,""hidden_dims"":[128]}","{'dropout': 0, 'hidden_dims': [128]}",nucleobase,gpu,gpu,3.812,measured
corrm_eb463caaaf1021f5,corrective,6a5cfe7e0d6a4335,acute_neurotox_moe_cleaned,Neurotox MOE,M,KMersCounts,"{""k"":[1,2,3],""modification_abundance"":false}","{'k': [1, 2, 3], 'modification_abundance': False}",MLP,"{""dropout"":0.25,""hidden_dims"":[128]}","{'dropout': 0.25, 'hidden_dims': [128]}",nucleobase,gpu,gpu,3.812,measured
corrm_eb463caaaf1021f5,corrective,e25d8646e113b3eb,acute_neurotox_moe_cleaned,Neurotox MOE,M,KMersCounts,"{""k"":[1,2,3],""modification_abundance"":false}","{'k': [1, 2, 3], 'modification_abundance': False}",MLP,"{""dropout"":0,""hidden_dims"":[128,128]}","{'dropout': 0, 'hidden_dims': [128, 128]}",nucleobase,gpu,gpu,3.812,measured
corrm_eb463caaaf1021f5,corrective,eeb18e14eb2abcfb,acute_neurotox_moe_cleaned,Neurotox MOE,M,KMersCounts,"{""k"":[1,2,3],""modification_abundance"":false}","{'k': [1, 2, 3], 'modification_abundance': False}",MLP,"{""dropout"":0.25,""hidden_dims"":[128,128]}","{'dropout': 0.25, 'hidden_dims': [128, 128]}",nucleobase,gpu,gpu,3.812,measured
corrm_72b6946baa49d949,corrective,faff24d8fdb7150d,acute_neurotox_moe_cleaned,Neurotox MOE,M,KMersCounts,"{""k"":[1,2,3],""modification_abundance"":false}","{'k': [1, 2, 3], 'modification_abundance': False}",RandomForestModel,"{""max_depth"":20,""n_estimators"":1000}","{'max_depth': 20, 'n_estimators': 1000}",random,cpu,cpu,5.37,measured
corrm_72b6946baa49d949,corrective,0d6528e445e63218,acute_neurotox_moe_cleaned,Neurotox MOE,M,KMersCounts,"{""k"":[1,2,3],""modification_abundance"":false}","{'k': [1, 2, 3], 'modification_abundance': False}",RandomForestModel,"{""max_depth"":10,""n_estimators"":100}","{'max_depth': 10, 'n_estimators': 100}",random,cpu,cpu,5.37,measured
corrm_72b6946baa49d949,corrective,734f7ee4c2c31e6e,acute_neurotox_moe_cleaned,Neurotox MOE,M,KMersCounts,"{""k"":[1,2,3],""modification_abundance"":false}","{'k': [1, 2, 3], 'modification_abundance': False}",RandomForestModel,"{""max_depth"":20,""n_estimators"":100}","{'max_depth': 20, 'n_estimators': 100}",random,cpu,cpu,5.37,measured
corrm_72b6946baa49d949,corrective,6f676d37d28e07ae,acute_neurotox_moe_cleaned,Neurotox MOE,M,KMersCounts,"{""k"":[1,2,3],""modification_abundance"":false}","{'k': [1, 2, 3], 'modification_abundance': False}",RandomForestModel,"{""max_depth"":30,""n_estimators"":100}","{'max_depth': 30, 'n_estimators': 100}",random,cpu,cpu,5.37,measured
corrm_72b6946baa49d949,corrective,a88c9c367b43d734,acute_neurotox_moe_cleaned,Neurotox MOE,M,KMersCounts,"{""k"":[1,2,3],""modification_abundance"":false}","{'k': [1, 2, 3], 'modification_abundance': False}",RandomForestModel,"{""max_depth"":10,""n_estimators"":500}","{'max_depth': 10, 'n_estimators': 500}",random,cpu,cpu,5.37,measured
corrm_72b6946baa49d949,corrective,7378537a1c515ace,acute_neurotox_moe_cleaned,Neurotox MOE,M,KMersCounts,"{""k"":[1,2,3],""modification_abundance"":false}","{'k': [1, 2, 3], 'modification_abundance': False}",RandomForestModel,"{""max_depth"":20,""n_estimators"":500}","{'max_depth': 20, 'n_estimators': 500}",random,cpu,cpu,5.37,measured
corrm_72b6946baa49d949,corrective,a35ad9f0c0d70236,acute_neurotox_moe_cleaned,Neurotox MOE,M,KMersCounts,"{""k"":[1,2,3],""modification_abundance"":false}","{'k': [1, 2, 3], 'modification_abundance': False}",RandomForestModel,"{""max_depth"":30,""n_estimators"":500}","{'max_depth': 30, 'n_estimators': 500}",random,cpu,cpu,5.37,measured
corrm_72b6946baa49d949,corrective,d057f8c86c70ede9,acute_neurotox_moe_cleaned,Neurotox MOE,M,KMersCounts,"{""k"":[1,2,3],""modification_abundance"":false}","{'k': [1, 2, 3], 'modification_abundance': False}",RandomForestModel,"{""max_depth"":10,""n_estimators"":1000}","{'max_depth': 10, 'n_estimators': 1000}",random,cpu,cpu,5.37,measured
corrm_72b6946baa49d949,corrective,9648eeb6ae12f21e,acute_neurotox_moe_cleaned,Neurotox MOE,M,KMersCounts,"{""k"":[1,2,3],""modification_abundance"":false}","{'k': [1, 2, 3], 'modification_abundance': False}",RandomForestModel,"{""max_depth"":30,""n_estimators"":1000}","{'max_depth': 30, 'n_estimators': 1000}",random,cpu,cpu,5.37,measured
corrm_72b6946baa49d949,corrective,1109021fd47a1ba2,acute_neurotox_moe_cleaned,Neurotox MOE,M,KMersCounts,"{""k"":[1,2,3],""modification_abundance"":false}","{'k': [1, 2, 3], 'modification_abundance': False}",XGBoostModel,"{""max_depth"":30,""n_estimators"":500}","{'max_depth': 30, 'n_estimators': 500}",random,cpu,cpu,0.43,measured
corrm_72b6946baa49d949,corrective,8a933aeb07a2e4cf,acute_neurotox_moe_cleaned,Neurotox MOE,M,KMersCounts,"{""k"":[1,2,3],""modification_abundance"":false}","{'k': [1, 2, 3], 'modification_abundance': False}",XGBoostModel,"{""max_depth"":30,""n_estimators"":100}","{'max_depth': 30, 'n_estimators': 100}",random,cpu,cpu,0.43,measured
corrm_72b6946baa49d949,corrective,b68b040f7a4c5d12,acute_neurotox_moe_cleaned,Neurotox MOE,M,KMersCounts,"{""k"":[1,2,3],""modification_abundance"":false}","{'k': [1, 2, 3], 'modification_abundance': False}",XGBoostModel,"{""max_depth"":20,""n_estimators"":100}","{'max_depth': 20, 'n_estimators': 100}",random,cpu,cpu,0.43,measured
corrm_72b6946baa49d949,corrective,6708eb1b54b7bd60,acute_neurotox_moe_cleaned,Neurotox MOE,M,KMersCounts,"{""k"":[1,2,3],""modification_abundance"":false}","{'k': [1, 2, 3], 'modification_abundance': False}",XGBoostModel,"{""max_depth"":10,""n_estimators"":100}","{'max_depth': 10, 'n_estimators': 100}",random,cpu,cpu,0.43,measured
corrm_72b6946baa49d949,corrective,3eb3897ce3682444,acute_neurotox_moe_cleaned,Neurotox MOE,M,KMersCounts,"{""k"":[1,2,3],""modification_abundance"":false}","{'k': [1, 2, 3], 'modification_abundance': False}",XGBoostModel,"{""max_depth"":30,""n_estimators"":1000}","{'max_depth': 30, 'n_estimators': 1000}",random,cpu,cpu,0.43,measured
corrm_72b6946baa49d949,corrective,a12f277dc040bd0e,acute_neurotox_moe_cleaned,Neurotox MOE,M,KMersCounts,"{""k"":[1,2,3],""modification_abundance"":false}","{'k': [1, 2, 3], 'modification_abundance': False}",XGBoostModel,"{""max_depth"":10,""n_estimators"":1000}","{'max_depth': 10, 'n_estimators': 1000}",random,cpu,cpu,0.43,measured
corrm_72b6946baa49d949,corrective,a605866295a9bb34,acute_neurotox_moe_cleaned,Neurotox MOE,M,KMersCounts,"{""k"":[1,2,3],""modification_abundance"":false}","{'k': [1, 2, 3], 'modification_abundance': False}",XGBoostModel,"{""max_depth"":20,""n_estimators"":1000}","{'max_depth': 20, 'n_estimators': 1000}",random,cpu,cpu,0.43,measured
corrm_72b6946baa49d949,corrective,ed245ff778657514,acute_neurotox_moe_cleaned,Neurotox MOE,M,KMersCounts,"{""k"":[1,2,3],""modification_abundance"":false}","{'k': [1, 2, 3], 'modification_abundance': False}",XGBoostModel,"{""max_depth"":20,""n_estimators"":500}","{'max_depth': 20, 'n_estimators': 500}",random,cpu,cpu,0.43,measured
corrm_72b6946baa49d949,corrective,766d4affb1055f3d,acute_neurotox_moe_cleaned,Neurotox MOE,M,KMersCounts,"{""k"":[1,2,3],""modification_abundance"":false}","{'k': [1, 2, 3], 'modification_abundance': False}",XGBoostModel,"{""max_depth"":10,""n_estimators"":500}","{'max_depth': 10, 'n_estimators': 500}",random,cpu,cpu,0.43,measured
corrm_72b6946baa49d949,corrective,58daa30c4086f89d,acute_neurotox_moe_cleaned,Neurotox MOE,M,KMersCounts,"{""k"":[1,2,3],""modification_abundance"":false}","{'k': [1, 2, 3], 'modification_abundance': False}",NearestNeighborsModel,"{""n_neighbors"":5}",{'n_neighbors': 5},random,cpu,cpu,0.082,measured
corrm_72b6946baa49d949,corrective,bd1ca14138742705,acute_neurotox_moe_cleaned,Neurotox MOE,M,KMersCounts,"{""k"":[1,2,3],""modification_abundance"":false}","{'k': [1, 2, 3], 'modification_abundance': False}",NearestNeighborsModel,"{""n_neighbors"":15}",{'n_neighbors': 15},random,cpu,cpu,0.082,measured
corrm_72b6946baa49d949,corrective,4fab7804ce19f77c,acute_neurotox_moe_cleaned,Neurotox MOE,M,KMersCounts,"{""k"":[1,2,3],""modification_abundance"":false}","{'k': [1, 2, 3], 'modification_abundance': False}",NearestNeighborsModel,"{""n_neighbors"":10}",{'n_neighbors': 10},random,cpu,cpu,0.082,measured
corrm_72b6946baa49d949,corrective,7e753e16fae2b86c,acute_neurotox_moe_cleaned,Neurotox MOE,M,KMersCounts,"{""k"":[1,2,3],""modification_abundance"":false}","{'k': [1, 2, 3], 'modification_abundance': False}",LinearModel,"{""type"":""ridge""}",{'type': 'ridge'},random,cpu,cpu,0.016,measured
corrm_72b6946baa49d949,corrective,6dd0e501f67338f2,acute_neurotox_moe_cleaned,Neurotox MOE,M,KMersCounts,"{""k"":[1,2,3],""modification_abundance"":false}","{'k': [1, 2, 3], 'modification_abundance': False}",LinearModel,"{""type"":""standard""}",{'type': 'standard'},random,cpu,cpu,0.016,measured
corrm_eb463caaaf1021f5,corrective,b3c05535e295e2d9,acute_neurotox_moe_cleaned,Neurotox MOE,M,KMersCounts,"{""k"":[1,2,3],""modification_abundance"":false}","{'k': [1, 2, 3], 'modification_abundance': False}",MLP,"{""dropout"":0,""hidden_dims"":[64]}","{'dropout': 0, 'hidden_dims': [64]}",random,gpu,gpu,3.812,measured
corrm_eb463caaaf1021f5,corrective,63660aa396fd9455,acute_neurotox_moe_cleaned,Neurotox MOE,M,KMersCounts,"{""k"":[1,2,3],""modification_abundance"":false}","{'k': [1, 2, 3], 'modification_abundance': False}",MLP,"{""dropout"":0.25,""hidden_dims"":[64]}","{'dropout': 0.25, 'hidden_dims': [64]}",random,gpu,gpu,3.812,measured
corrm_eb463caaaf1021f5,corrective,ede081e9b662269f,acute_neurotox_moe_cleaned,Neurotox MOE,M,KMersCounts,"{""k"":[1,2,3],""modification_abundance"":false}","{'k': [1, 2, 3], 'modification_abundance': False}",MLP,"{""dropout"":0,""hidden_dims"":[64,64]}","{'dropout': 0, 'hidden_dims': [64, 64]}",random,gpu,gpu,3.812,measured
corrm_eb463caaaf1021f5,corrective,b7aa9b354f81ce7c,acute_neurotox_moe_cleaned,Neurotox MOE,M,KMersCounts,"{""k"":[1,2,3],""modification_abundance"":false}","{'k': [1, 2, 3], 'modification_abundance': False}",MLP,"{""dropout"":0.25,""hidden_dims"":[64,64]}","{'dropout': 0.25, 'hidden_dims': [64, 64]}",random,gpu,gpu,3.812,measured
corrm_eb463caaaf1021f5,corrective,ed0b6d0ae75acd54,acute_neurotox_moe_cleaned,Neurotox MOE,M,KMersCounts,"{""k"":[1,2,3],""modification_abundance"":false}","{'k': [1, 2, 3], 'modification_abundance': False}",MLP,"{""dropout"":0,""hidden_dims"":[128]}","{'dropout': 0, 'hidden_dims': [128]}",random,gpu,gpu,3.812,measured
corrm_eb463caaaf1021f5,corrective,a38ac5cf0fafc558,acute_neurotox_moe_cleaned,Neurotox MOE,M,KMersCounts,"{""k"":[1,2,3],""modification_abundance"":false}","{'k': [1, 2, 3], 'modification_abundance': False}",MLP,"{""dropout"":0.25,""hidden_dims"":[128]}","{'dropout': 0.25, 'hidden_dims': [128]}",random,gpu,gpu,3.812,measured
corrm_eb463caaaf1021f5,corrective,42b30ceab4361cab,acute_neurotox_moe_cleaned,Neurotox MOE,M,KMersCounts,"{""k"":[1,2,3],""modification_abundance"":false}","{'k': [1, 2, 3], 'modification_abundance': False}",MLP,"{""dropout"":0,""hidden_dims"":[128,128]}","{'dropout': 0, 'hidden_dims': [128, 128]}",random,gpu,gpu,3.812,measured
corrm_eb463caaaf1021f5,corrective,aacd76fe20798d40,acute_neurotox_moe_cleaned,Neurotox MOE,M,KMersCounts,"{""k"":[1,2,3],""modification_abundance"":false}","{'k': [1, 2, 3], 'modification_abundance': False}",MLP,"{""dropout"":0.25,""hidden_dims"":[128,128]}","{'dropout': 0.25, 'hidden_dims': [128, 128]}",random,gpu,gpu,3.812,measured
corrm_72b6946baa49d949,corrective,d9e7173e86e71ae4,acute_neurotox_moe_cleaned,Neurotox MOE,M,KMersCounts,"{""k"":[1,2,3],""modification_abundance"":true}","{'k': [1, 2, 3], 'modification_abundance': True}",RandomForestModel,"{""max_depth"":20,""n_estimators"":1000}","{'max_depth': 20, 'n_estimators': 1000}",nucleobase,cpu,cpu,5.37,measured
corrm_72b6946baa49d949,corrective,ff4db454aa5d3e70,acute_neurotox_moe_cleaned,Neurotox MOE,M,KMersCounts,"{""k"":[1,2,3],""modification_abundance"":true}","{'k': [1, 2, 3], 'modification_abundance': True}",RandomForestModel,"{""max_depth"":10,""n_estimators"":100}","{'max_depth': 10, 'n_estimators': 100}",nucleobase,cpu,cpu,5.37,measured
corrm_72b6946baa49d949,corrective,c4f890d598af37f3,acute_neurotox_moe_cleaned,Neurotox MOE,M,KMersCounts,"{""k"":[1,2,3],""modification_abundance"":true}","{'k': [1, 2, 3], 'modification_abundance': True}",RandomForestModel,"{""max_depth"":20,""n_estimators"":100}","{'max_depth': 20, 'n_estimators': 100}",nucleobase,cpu,cpu,5.37,measured
corrm_72b6946baa49d949,corrective,0e4e9a3660ffbe05,acute_neurotox_moe_cleaned,Neurotox MOE,M,KMersCounts,"{""k"":[1,2,3],""modification_abundance"":true}","{'k': [1, 2, 3], 'modification_abundance': True}",RandomForestModel,"{""max_depth"":30,""n_estimators"":100}","{'max_depth': 30, 'n_estimators': 100}",nucleobase,cpu,cpu,5.37,measured
corrm_72b6946baa49d949,corrective,8a745e175bf5d757,acute_neurotox_moe_cleaned,Neurotox MOE,M,KMersCounts,"{""k"":[1,2,3],""modification_abundance"":true}","{'k': [1, 2, 3], 'modification_abundance': True}",RandomForestModel,"{""max_depth"":10,""n_estimators"":500}","{'max_depth': 10, 'n_estimators': 500}",nucleobase,cpu,cpu,5.37,measured
corrm_72b6946baa49d949,corrective,392e7e9b1b8ba844,acute_neurotox_moe_cleaned,Neurotox MOE,M,KMersCounts,"{""k"":[1,2,3],""modification_abundance"":true}","{'k': [1, 2, 3], 'modification_abundance': True}",RandomForestModel,"{""max_depth"":20,""n_estimators"":500}","{'max_depth': 20, 'n_estimators': 500}",nucleobase,cpu,cpu,5.37,measured
corrm_72b6946baa49d949,corrective,992479fec5bd2052,acute_neurotox_moe_cleaned,Neurotox MOE,M,KMersCounts,"{""k"":[1,2,3],""modification_abundance"":true}","{'k': [1, 2, 3], 'modification_abundance': True}",RandomForestModel,"{""max_depth"":30,""n_estimators"":500}","{'max_depth': 30, 'n_estimators': 500}",nucleobase,cpu,cpu,5.37,measured
corrm_72b6946baa49d949,corrective,b0c01c7475cc54ac,acute_neurotox_moe_cleaned,Neurotox MOE,M,KMersCounts,"{""k"":[1,2,3],""modification_abundance"":true}","{'k': [1, 2, 3], 'modification_abundance': True}",RandomForestModel,"{""max_depth"":10,""n_estimators"":1000}","{'max_depth': 10, 'n_estimators': 1000}",nucleobase,cpu,cpu,5.37,measured
corrm_72b6946baa49d949,corrective,6e75c64cde8b8ad8,acute_neurotox_moe_cleaned,Neurotox MOE,M,KMersCounts,"{""k"":[1,2,3],""modification_abundance"":true}","{'k': [1, 2, 3], 'modification_abundance': True}",RandomForestModel,"{""max_depth"":30,""n_estimators"":1000}","{'max_depth': 30, 'n_estimators': 1000}",nucleobase,cpu,cpu,5.37,measured
corrm_72b6946baa49d949,corrective,20bd732c3262d0ce,acute_neurotox_moe_cleaned,Neurotox MOE,M,KMersCounts,"{""k"":[1,2,3],""modification_abundance"":true}","{'k': [1, 2, 3], 'modification_abundance': True}",XGBoostModel,"{""max_depth"":30,""n_estimators"":500}","{'max_depth': 30, 'n_estimators': 500}",nucleobase,cpu,cpu,0.43,measured
corrm_72b6946baa49d949,corrective,2807bfb79b295256,acute_neurotox_moe_cleaned,Neurotox MOE,M,KMersCounts,"{""k"":[1,2,3],""modification_abundance"":true}","{'k': [1, 2, 3], 'modification_abundance': True}",XGBoostModel,"{""max_depth"":30,""n_estimators"":100}","{'max_depth': 30, 'n_estimators': 100}",nucleobase,cpu,cpu,0.43,measured
corrm_72b6946baa49d949,corrective,d02cbb4d9537e1a8,acute_neurotox_moe_cleaned,Neurotox MOE,M,KMersCounts,"{""k"":[1,2,3],""modification_abundance"":true}","{'k': [1, 2, 3], 'modification_abundance': True}",XGBoostModel,"{""max_depth"":20,""n_estimators"":100}","{'max_depth': 20, 'n_estimators': 100}",nucleobase,cpu,cpu,0.43,measured
corrm_72b6946baa49d949,corrective,170aa4a2a74c0b9c,acute_neurotox_moe_cleaned,Neurotox MOE,M,KMersCounts,"{""k"":[1,2,3],""modification_abundance"":true}","{'k': [1, 2, 3], 'modification_abundance': True}",XGBoostModel,"{""max_depth"":10,""n_estimators"":100}","{'max_depth': 10, 'n_estimators': 100}",nucleobase,cpu,cpu,0.43,measured
corrm_72b6946baa49d949,corrective,0aa318abd537a48c,acute_neurotox_moe_cleaned,Neurotox MOE,M,KMersCounts,"{""k"":[1,2,3],""modification_abundance"":true}","{'k': [1, 2, 3], 'modification_abundance': True}",XGBoostModel,"{""max_depth"":30,""n_estimators"":1000}","{'max_depth': 30, 'n_estimators': 1000}",nucleobase,cpu,cpu,0.43,measured
corrm_72b6946baa49d949,corrective,906b1235bb5c9705,acute_neurotox_moe_cleaned,Neurotox MOE,M,KMersCounts,"{""k"":[1,2,3],""modification_abundance"":true}","{'k': [1, 2, 3], 'modification_abundance': True}",XGBoostModel,"{""max_depth"":10,""n_estimators"":1000}","{'max_depth': 10, 'n_estimators': 1000}",nucleobase,cpu,cpu,0.43,measured
corrm_72b6946baa49d949,corrective,d831327a9076f302,acute_neurotox_moe_cleaned,Neurotox MOE,M,KMersCounts,"{""k"":[1,2,3],""modification_abundance"":true}","{'k': [1, 2, 3], 'modification_abundance': True}",XGBoostModel,"{""max_depth"":20,""n_estimators"":1000}","{'max_depth': 20, 'n_estimators': 1000}",nucleobase,cpu,cpu,0.43,measured
corrm_72b6946baa49d949,corrective,97a43e798de9fe55,acute_neurotox_moe_cleaned,Neurotox MOE,M,KMersCounts,"{""k"":[1,2,3],""modification_abundance"":true}","{'k': [1, 2, 3], 'modification_abundance': True}",XGBoostModel,"{""max_depth"":20,""n_estimators"":500}","{'max_depth': 20, 'n_estimators': 500}",nucleobase,cpu,cpu,0.43,measured
corrm_72b6946baa49d949,corrective,e09768dd445cc650,acute_neurotox_moe_cleaned,Neurotox MOE,M,KMersCounts,"{""k"":[1,2,3],""modification_abundance"":true}","{'k': [1, 2, 3], 'modification_abundance': True}",XGBoostModel,"{""max_depth"":10,""n_estimators"":500}","{'max_depth': 10, 'n_estimators': 500}",nucleobase,cpu,cpu,0.43,measured
corrm_72b6946baa49d949,corrective,b5ebc26db5223c74,acute_neurotox_moe_cleaned,Neurotox MOE,M,KMersCounts,"{""k"":[1,2,3],""modification_abundance"":true}","{'k': [1, 2, 3], 'modification_abundance': True}",NearestNeighborsModel,"{""n_neighbors"":5}",{'n_neighbors': 5},nucleobase,cpu,cpu,0.082,measured
corrm_72b6946baa49d949,corrective,8efcbee2cdca9d26,acute_neurotox_moe_cleaned,Neurotox MOE,M,KMersCounts,"{""k"":[1,2,3],""modification_abundance"":true}","{'k': [1, 2, 3], 'modification_abundance': True}",NearestNeighborsModel,"{""n_neighbors"":15}",{'n_neighbors': 15},nucleobase,cpu,cpu,0.082,measured
corrm_72b6946baa49d949,corrective,ccde34030540a8f5,acute_neurotox_moe_cleaned,Neurotox MOE,M,KMersCounts,"{""k"":[1,2,3],""modification_abundance"":true}","{'k': [1, 2, 3], 'modification_abundance': True}",NearestNeighborsModel,"{""n_neighbors"":10}",{'n_neighbors': 10},nucleobase,cpu,cpu,0.082,measured
corrm_72b6946baa49d949,corrective,a4c1c5fc59714686,acute_neurotox_moe_cleaned,Neurotox MOE,M,KMersCounts,"{""k"":[1,2,3],""modification_abundance"":true}","{'k': [1, 2, 3], 'modification_abundance': True}",LinearModel,"{""type"":""ridge""}",{'type': 'ridge'},nucleobase,cpu,cpu,0.016,measured
corrm_72b6946baa49d949,corrective,c4f145c63b011c57,acute_neurotox_moe_cleaned,Neurotox MOE,M,KMersCounts,"{""k"":[1,2,3],""modification_abundance"":true}","{'k': [1, 2, 3], 'modification_abundance': True}",LinearModel,"{""type"":""standard""}",{'type': 'standard'},nucleobase,cpu,cpu,0.016,measured
corrm_eb463caaaf1021f5,corrective,3501af83b63a72df,acute_neurotox_moe_cleaned,Neurotox MOE,M,KMersCounts,"{""k"":[1,2,3],""modification_abundance"":true}","{'k': [1, 2, 3], 'modification_abundance': True}",MLP,"{""dropout"":0,""hidden_dims"":[64]}","{'dropout': 0, 'hidden_dims': [64]}",nucleobase,gpu,gpu,3.812,measured
corrm_eb463caaaf1021f5,corrective,7e3ead32a4fa874a,acute_neurotox_moe_cleaned,Neurotox MOE,M,KMersCounts,"{""k"":[1,2,3],""modification_abundance"":true}","{'k': [1, 2, 3], 'modification_abundance': True}",MLP,"{""dropout"":0.25,""hidden_dims"":[64]}","{'dropout': 0.25, 'hidden_dims': [64]}",nucleobase,gpu,gpu,3.812,measured
corrm_eb463caaaf1021f5,corrective,7d86d1106918c4e2,acute_neurotox_moe_cleaned,Neurotox MOE,M,KMersCounts,"{""k"":[1,2,3],""modification_abundance"":true}","{'k': [1, 2, 3], 'modification_abundance': True}",MLP,"{""dropout"":0,""hidden_dims"":[64,64]}","{'dropout': 0, 'hidden_dims': [64, 64]}",nucleobase,gpu,gpu,3.812,measured
corrm_eb463caaaf1021f5,corrective,e9e27ea12d7fec84,acute_neurotox_moe_cleaned,Neurotox MOE,M,KMersCounts,"{""k"":[1,2,3],""modification_abundance"":true}","{'k': [1, 2, 3], 'modification_abundance': True}",MLP,"{""dropout"":0.25,""hidden_dims"":[64,64]}","{'dropout': 0.25, 'hidden_dims': [64, 64]}",nucleobase,gpu,gpu,3.812,measured
corrm_eb463caaaf1021f5,corrective,20919313560c4de2,acute_neurotox_moe_cleaned,Neurotox MOE,M,KMersCounts,"{""k"":[1,2,3],""modification_abundance"":true}","{'k': [1, 2, 3], 'modification_abundance': True}",MLP,"{""dropout"":0,""hidden_dims"":[128]}","{'dropout': 0, 'hidden_dims': [128]}",nucleobase,gpu,gpu,3.812,measured
corrm_eb463caaaf1021f5,corrective,8d1efa31d730d44c,acute_neurotox_moe_cleaned,Neurotox MOE,M,KMersCounts,"{""k"":[1,2,3],""modification_abundance"":true}","{'k': [1, 2, 3], 'modification_abundance': True}",MLP,"{""dropout"":0.25,""hidden_dims"":[128]}","{'dropout': 0.25, 'hidden_dims': [128]}",nucleobase,gpu,gpu,3.812,measured
corrm_eb463caaaf1021f5,corrective,a7f522194ed784ec,acute_neurotox_moe_cleaned,Neurotox MOE,M,KMersCounts,"{""k"":[1,2,3],""modification_abundance"":true}","{'k': [1, 2, 3], 'modification_abundance': True}",MLP,"{""dropout"":0,""hidden_dims"":[128,128]}","{'dropout': 0, 'hidden_dims': [128, 128]}",nucleobase,gpu,gpu,3.812,measured
corrm_eb463caaaf1021f5,corrective,0106b81fb3a29f44,acute_neurotox_moe_cleaned,Neurotox MOE,M,KMersCounts,"{""k"":[1,2,3],""modification_abundance"":true}","{'k': [1, 2, 3], 'modification_abundance': True}",MLP,"{""dropout"":0.25,""hidden_dims"":[128,128]}","{'dropout': 0.25, 'hidden_dims': [128, 128]}",nucleobase,gpu,gpu,3.812,measured
corrm_72b6946baa49d949,corrective,e668419d9f0e6072,acute_neurotox_moe_cleaned,Neurotox MOE,M,KMersCounts,"{""k"":[1,2,3],""modification_abundance"":true}","{'k': [1, 2, 3], 'modification_abundance': True}",RandomForestModel,"{""max_depth"":20,""n_estimators"":1000}","{'max_depth': 20, 'n_estimators': 1000}",random,cpu,cpu,5.37,measured
corrm_72b6946baa49d949,corrective,a84ddb6404052a60,acute_neurotox_moe_cleaned,Neurotox MOE,M,KMersCounts,"{""k"":[1,2,3],""modification_abundance"":true}","{'k': [1, 2, 3], 'modification_abundance': True}",RandomForestModel,"{""max_depth"":10,""n_estimators"":100}","{'max_depth': 10, 'n_estimators': 100}",random,cpu,cpu,5.37,measured
corrm_72b6946baa49d949,corrective,6ff99d0e8dec75bb,acute_neurotox_moe_cleaned,Neurotox MOE,M,KMersCounts,"{""k"":[1,2,3],""modification_abundance"":true}","{'k': [1, 2, 3], 'modification_abundance': True}",RandomForestModel,"{""max_depth"":20,""n_estimators"":100}","{'max_depth': 20, 'n_estimators': 100}",random,cpu,cpu,5.37,measured
corrm_72b6946baa49d949,corrective,ef1181a5cce552e2,acute_neurotox_moe_cleaned,Neurotox MOE,M,KMersCounts,"{""k"":[1,2,3],""modification_abundance"":true}","{'k': [1, 2, 3], 'modification_abundance': True}",RandomForestModel,"{""max_depth"":30,""n_estimators"":100}","{'max_depth': 30, 'n_estimators': 100}",random,cpu,cpu,5.37,measured
corrm_72b6946baa49d949,corrective,46514573a81d1cc0,acute_neurotox_moe_cleaned,Neurotox MOE,M,KMersCounts,"{""k"":[1,2,3],""modification_abundance"":true}","{'k': [1, 2, 3], 'modification_abundance': True}",RandomForestModel,"{""max_depth"":10,""n_estimators"":500}","{'max_depth': 10, 'n_estimators': 500}",random,cpu,cpu,5.37,measured
corrm_72b6946baa49d949,corrective,db72746b4b50a5c0,acute_neurotox_moe_cleaned,Neurotox MOE,M,KMersCounts,"{""k"":[1,2,3],""modification_abundance"":true}","{'k': [1, 2, 3], 'modification_abundance': True}",RandomForestModel,"{""max_depth"":20,""n_estimators"":500}","{'max_depth': 20, 'n_estimators': 500}",random,cpu,cpu,5.37,measured
corrm_72b6946baa49d949,corrective,7e8bce2d7d177507,acute_neurotox_moe_cleaned,Neurotox MOE,M,KMersCounts,"{""k"":[1,2,3],""modification_abundance"":true}","{'k': [1, 2, 3], 'modification_abundance': True}",RandomForestModel,"{""max_depth"":30,""n_estimators"":500}","{'max_depth': 30, 'n_estimators': 500}",random,cpu,cpu,5.37,measured
corrm_72b6946baa49d949,corrective,7792d419adfa42d3,acute_neurotox_moe_cleaned,Neurotox MOE,M,KMersCounts,"{""k"":[1,2,3],""modification_abundance"":true}","{'k': [1, 2, 3], 'modification_abundance': True}",RandomForestModel,"{""max_depth"":10,""n_estimators"":1000}","{'max_depth': 10, 'n_estimators': 1000}",random,cpu,cpu,5.37,measured
corrm_72b6946baa49d949,corrective,d1af0cb4d6a68eae,acute_neurotox_moe_cleaned,Neurotox MOE,M,KMersCounts,"{""k"":[1,2,3],""modification_abundance"":true}","{'k': [1, 2, 3], 'modification_abundance': True}",RandomForestModel,"{""max_depth"":30,""n_estimators"":1000}","{'max_depth': 30, 'n_estimators': 1000}",random,cpu,cpu,5.37,measured
corrm_72b6946baa49d949,corrective,5d03005004c31641,acute_neurotox_moe_cleaned,Neurotox MOE,M,KMersCounts,"{""k"":[1,2,3],""modification_abundance"":true}","{'k': [1, 2, 3], 'modification_abundance': True}",XGBoostModel,"{""max_depth"":30,""n_estimators"":500}","{'max_depth': 30, 'n_estimators': 500}",random,cpu,cpu,0.43,measured
corrm_72b6946baa49d949,corrective,94d32a5d56c0632b,acute_neurotox_moe_cleaned,Neurotox MOE,M,KMersCounts,"{""k"":[1,2,3],""modification_abundance"":true}","{'k': [1, 2, 3], 'modification_abundance': True}",XGBoostModel,"{""max_depth"":30,""n_estimators"":100}","{'max_depth': 30, 'n_estimators': 100}",random,cpu,cpu,0.43,measured
corrm_72b6946baa49d949,corrective,5e69e4acd1658afa,acute_neurotox_moe_cleaned,Neurotox MOE,M,KMersCounts,"{""k"":[1,2,3],""modification_abundance"":true}","{'k': [1, 2, 3], 'modification_abundance': True}",XGBoostModel,"{""max_depth"":20,""n_estimators"":100}","{'max_depth': 20, 'n_estimators': 100}",random,cpu,cpu,0.43,measured
corrm_72b6946baa49d949,corrective,98111fa663fc0061,acute_neurotox_moe_cleaned,Neurotox MOE,M,KMersCounts,"{""k"":[1,2,3],""modification_abundance"":true}","{'k': [1, 2, 3], 'modification_abundance': True}",XGBoostModel,"{""max_depth"":10,""n_estimators"":100}","{'max_depth': 10, 'n_estimators': 100}",random,cpu,cpu,0.43,measured
corrm_72b6946baa49d949,corrective,7ef4634c77bb91a8,acute_neurotox_moe_cleaned,Neurotox MOE,M,KMersCounts,"{""k"":[1,2,3],""modification_abundance"":true}","{'k': [1, 2, 3], 'modification_abundance': True}",XGBoostModel,"{""max_depth"":30,""n_estimators"":1000}","{'max_depth': 30, 'n_estimators': 1000}",random,cpu,cpu,0.43,measured
corrm_72b6946baa49d949,corrective,2cda2369f0d8a864,acute_neurotox_moe_cleaned,Neurotox MOE,M,KMersCounts,"{""k"":[1,2,3],""modification_abundance"":true}","{'k': [1, 2, 3], 'modification_abundance': True}",XGBoostModel,"{""max_depth"":10,""n_estimators"":1000}","{'max_depth': 10, 'n_estimators': 1000}",random,cpu,cpu,0.43,measured
corrm_72b6946baa49d949,corrective,5e7ca39367f11916,acute_neurotox_moe_cleaned,Neurotox MOE,M,KMersCounts,"{""k"":[1,2,3],""modification_abundance"":true}","{'k': [1, 2, 3], 'modification_abundance': True}",XGBoostModel,"{""max_depth"":20,""n_estimators"":1000}","{'max_depth': 20, 'n_estimators': 1000}",random,cpu,cpu,0.43,measured
corrm_72b6946baa49d949,corrective,a6a33b7ecb769061,acute_neurotox_moe_cleaned,Neurotox MOE,M,KMersCounts,"{""k"":[1,2,3],""modification_abundance"":true}","{'k': [1, 2, 3], 'modification_abundance': True}",XGBoostModel,"{""max_depth"":20,""n_estimators"":500}","{'max_depth': 20, 'n_estimators': 500}",random,cpu,cpu,0.43,measured
corrm_72b6946baa49d949,corrective,f01843cee76ca830,acute_neurotox_moe_cleaned,Neurotox MOE,M,KMersCounts,"{""k"":[1,2,3],""modification_abundance"":true}","{'k': [1, 2, 3], 'modification_abundance': True}",XGBoostModel,"{""max_depth"":10,""n_estimators"":500}","{'max_depth': 10, 'n_estimators': 500}",random,cpu,cpu,0.43,measured
corrm_72b6946baa49d949,corrective,780bd803ed50e0f9,acute_neurotox_moe_cleaned,Neurotox MOE,M,KMersCounts,"{""k"":[1,2,3],""modification_abundance"":true}","{'k': [1, 2, 3], 'modification_abundance': True}",NearestNeighborsModel,"{""n_neighbors"":5}",{'n_neighbors': 5},random,cpu,cpu,0.082,measured
corrm_72b6946baa49d949,corrective,bffec3e7a9c37231,acute_neurotox_moe_cleaned,Neurotox MOE,M,KMersCounts,"{""k"":[1,2,3],""modification_abundance"":true}","{'k': [1, 2, 3], 'modification_abundance': True}",NearestNeighborsModel,"{""n_neighbors"":15}",{'n_neighbors': 15},random,cpu,cpu,0.082,measured
corrm_72b6946baa49d949,corrective,1b2e117d12633ac0,acute_neurotox_moe_cleaned,Neurotox MOE,M,KMersCounts,"{""k"":[1,2,3],""modification_abundance"":true}","{'k': [1, 2, 3], 'modification_abundance': True}",NearestNeighborsModel,"{""n_neighbors"":10}",{'n_neighbors': 10},random,cpu,cpu,0.082,measured
corrm_72b6946baa49d949,corrective,9de78799aa25907e,acute_neurotox_moe_cleaned,Neurotox MOE,M,KMersCounts,"{""k"":[1,2,3],""modification_abundance"":true}","{'k': [1, 2, 3], 'modification_abundance': True}",LinearModel,"{""type"":""ridge""}",{'type': 'ridge'},random,cpu,cpu,0.016,measured
corrm_72b6946baa49d949,corrective,1ac695d077c56be6,acute_neurotox_moe_cleaned,Neurotox MOE,M,KMersCounts,"{""k"":[1,2,3],""modification_abundance"":true}","{'k': [1, 2, 3], 'modification_abundance': True}",LinearModel,"{""type"":""standard""}",{'type': 'standard'},random,cpu,cpu,0.016,measured
corrm_eb463caaaf1021f5,corrective,5e6b19db2525fc47,acute_neurotox_moe_cleaned,Neurotox MOE,M,KMersCounts,"{""k"":[1,2,3],""modification_abundance"":true}","{'k': [1, 2, 3], 'modification_abundance': True}",MLP,"{""dropout"":0,""hidden_dims"":[64]}","{'dropout': 0, 'hidden_dims': [64]}",random,gpu,gpu,3.812,measured
corrm_eb463caaaf1021f5,corrective,155583b7d7adf6ff,acute_neurotox_moe_cleaned,Neurotox MOE,M,KMersCounts,"{""k"":[1,2,3],""modification_abundance"":true}","{'k': [1, 2, 3], 'modification_abundance': True}",MLP,"{""dropout"":0.25,""hidden_dims"":[64]}","{'dropout': 0.25, 'hidden_dims': [64]}",random,gpu,gpu,3.812,measured
corrm_eb463caaaf1021f5,corrective,b7bdb27025516f34,acute_neurotox_moe_cleaned,Neurotox MOE,M,KMersCounts,"{""k"":[1,2,3],""modification_abundance"":true}","{'k': [1, 2, 3], 'modification_abundance': True}",MLP,"{""dropout"":0,""hidden_dims"":[64,64]}","{'dropout': 0, 'hidden_dims': [64, 64]}",random,gpu,gpu,3.812,measured
corrm_eb463caaaf1021f5,corrective,2a62b093fbf333da,acute_neurotox_moe_cleaned,Neurotox MOE,M,KMersCounts,"{""k"":[1,2,3],""modification_abundance"":true}","{'k': [1, 2, 3], 'modification_abundance': True}",MLP,"{""dropout"":0.25,""hidden_dims"":[64,64]}","{'dropout': 0.25, 'hidden_dims': [64, 64]}",random,gpu,gpu,3.812,measured
corrm_eb463caaaf1021f5,corrective,81bf5e3c560705ac,acute_neurotox_moe_cleaned,Neurotox MOE,M,KMersCounts,"{""k"":[1,2,3],""modification_abundance"":true}","{'k': [1, 2, 3], 'modification_abundance': True}",MLP,"{""dropout"":0,""hidden_dims"":[128]}","{'dropout': 0, 'hidden_dims': [128]}",random,gpu,gpu,3.812,measured
corrm_eb463caaaf1021f5,corrective,ef13e81b74690466,acute_neurotox_moe_cleaned,Neurotox MOE,M,KMersCounts,"{""k"":[1,2,3],""modification_abundance"":true}","{'k': [1, 2, 3], 'modification_abundance': True}",MLP,"{""dropout"":0.25,""hidden_dims"":[128]}","{'dropout': 0.25, 'hidden_dims': [128]}",random,gpu,gpu,3.812,measured
corrm_eb463caaaf1021f5,corrective,ae8b40ffc577c369,acute_neurotox_moe_cleaned,Neurotox MOE,M,KMersCounts,"{""k"":[1,2,3],""modification_abundance"":true}","{'k': [1, 2, 3], 'modification_abundance': True}",MLP,"{""dropout"":0,""hidden_dims"":[128,128]}","{'dropout': 0, 'hidden_dims': [128, 128]}",random,gpu,gpu,3.812,measured
corrm_eb463caaaf1021f5,corrective,283a54726227712d,acute_neurotox_moe_cleaned,Neurotox MOE,M,KMersCounts,"{""k"":[1,2,3],""modification_abundance"":true}","{'k': [1, 2, 3], 'modification_abundance': True}",MLP,"{""dropout"":0.25,""hidden_dims"":[128,128]}","{'dropout': 0.25, 'hidden_dims': [128, 128]}",random,gpu,gpu,3.812,measured
corrm_72b6946baa49d949,corrective,b8b336969bc546d3,acute_neurotox_moe_cleaned,Neurotox MOE,M,KMersCounts,"{""k"":[1,2],""modification_abundance"":false}","{'k': [1, 2], 'modification_abundance': False}",RandomForestModel,"{""max_depth"":20,""n_estimators"":1000}","{'max_depth': 20, 'n_estimators': 1000}",nucleobase,cpu,cpu,5.37,measured
corrm_72b6946baa49d949,corrective,414e4f3b38ab309b,acute_neurotox_moe_cleaned,Neurotox MOE,M,KMersCounts,"{""k"":[1,2],""modification_abundance"":false}","{'k': [1, 2], 'modification_abundance': False}",RandomForestModel,"{""max_depth"":10,""n_estimators"":100}","{'max_depth': 10, 'n_estimators': 100}",nucleobase,cpu,cpu,5.37,measured
corrm_72b6946baa49d949,corrective,3bf8fd7cd793905a,acute_neurotox_moe_cleaned,Neurotox MOE,M,KMersCounts,"{""k"":[1,2],""modification_abundance"":false}","{'k': [1, 2], 'modification_abundance': False}",RandomForestModel,"{""max_depth"":20,""n_estimators"":100}","{'max_depth': 20, 'n_estimators': 100}",nucleobase,cpu,cpu,5.37,measured
corrm_72b6946baa49d949,corrective,380fe3b64f1f4fd7,acute_neurotox_moe_cleaned,Neurotox MOE,M,KMersCounts,"{""k"":[1,2],""modification_abundance"":false}","{'k': [1, 2], 'modification_abundance': False}",RandomForestModel,"{""max_depth"":30,""n_estimators"":100}","{'max_depth': 30, 'n_estimators': 100}",nucleobase,cpu,cpu,5.37,measured
corrm_72b6946baa49d949,corrective,c67551efad6bfdd4,acute_neurotox_moe_cleaned,Neurotox MOE,M,KMersCounts,"{""k"":[1,2],""modification_abundance"":false}","{'k': [1, 2], 'modification_abundance': False}",RandomForestModel,"{""max_depth"":10,""n_estimators"":500}","{'max_depth': 10, 'n_estimators': 500}",nucleobase,cpu,cpu,5.37,measured
corrm_72b6946baa49d949,corrective,61ce18a42be8a77e,acute_neurotox_moe_cleaned,Neurotox MOE,M,KMersCounts,"{""k"":[1,2],""modification_abundance"":false}","{'k': [1, 2], 'modification_abundance': False}",RandomForestModel,"{""max_depth"":20,""n_estimators"":500}","{'max_depth': 20, 'n_estimators': 500}",nucleobase,cpu,cpu,5.37,measured
corrm_72b6946baa49d949,corrective,5c6cadf42bac71cb,acute_neurotox_moe_cleaned,Neurotox MOE,M,KMersCounts,"{""k"":[1,2],""modification_abundance"":false}","{'k': [1, 2], 'modification_abundance': False}",RandomForestModel,"{""max_depth"":30,""n_estimators"":500}","{'max_depth': 30, 'n_estimators': 500}",nucleobase,cpu,cpu,5.37,measured
corrm_72b6946baa49d949,corrective,3015c323a89d34f7,acute_neurotox_moe_cleaned,Neurotox MOE,M,KMersCounts,"{""k"":[1,2],""modification_abundance"":false}","{'k': [1, 2], 'modification_abundance': False}",RandomForestModel,"{""max_depth"":10,""n_estimators"":1000}","{'max_depth': 10, 'n_estimators': 1000}",nucleobase,cpu,cpu,5.37,measured
corrm_72b6946baa49d949,corrective,63e50c8be5fa9e79,acute_neurotox_moe_cleaned,Neurotox MOE,M,KMersCounts,"{""k"":[1,2],""modification_abundance"":false}","{'k': [1, 2], 'modification_abundance': False}",RandomForestModel,"{""max_depth"":30,""n_estimators"":1000}","{'max_depth': 30, 'n_estimators': 1000}",nucleobase,cpu,cpu,5.37,measured
corrm_72b6946baa49d949,corrective,26d94598dbe862ce,acute_neurotox_moe_cleaned,Neurotox MOE,M,KMersCounts,"{""k"":[1,2],""modification_abundance"":false}","{'k': [1, 2], 'modification_abundance': False}",XGBoostModel,"{""max_depth"":30,""n_estimators"":500}","{'max_depth': 30, 'n_estimators': 500}",nucleobase,cpu,cpu,0.43,measured
corrm_72b6946baa49d949,corrective,855acb1906d739b8,acute_neurotox_moe_cleaned,Neurotox MOE,M,KMersCounts,"{""k"":[1,2],""modification_abundance"":false}","{'k': [1, 2], 'modification_abundance': False}",XGBoostModel,"{""max_depth"":30,""n_estimators"":100}","{'max_depth': 30, 'n_estimators': 100}",nucleobase,cpu,cpu,0.43,measured
corrm_72b6946baa49d949,corrective,f8f29fa99c061a5f,acute_neurotox_moe_cleaned,Neurotox MOE,M,KMersCounts,"{""k"":[1,2],""modification_abundance"":false}","{'k': [1, 2], 'modification_abundance': False}",XGBoostModel,"{""max_depth"":20,""n_estimators"":100}","{'max_depth': 20, 'n_estimators': 100}",nucleobase,cpu,cpu,0.43,measured
corrm_72b6946baa49d949,corrective,b94c2ce089224891,acute_neurotox_moe_cleaned,Neurotox MOE,M,KMersCounts,"{""k"":[1,2],""modification_abundance"":false}","{'k': [1, 2], 'modification_abundance': False}",XGBoostModel,"{""max_depth"":10,""n_estimators"":100}","{'max_depth': 10, 'n_estimators': 100}",nucleobase,cpu,cpu,0.43,measured
corrm_72b6946baa49d949,corrective,c003d5bc3078400f,acute_neurotox_moe_cleaned,Neurotox MOE,M,KMersCounts,"{""k"":[1,2],""modification_abundance"":false}","{'k': [1, 2], 'modification_abundance': False}",XGBoostModel,"{""max_depth"":30,""n_estimators"":1000}","{'max_depth': 30, 'n_estimators': 1000}",nucleobase,cpu,cpu,0.43,measured
corrm_72b6946baa49d949,corrective,d5e9aeff99bd93a3,acute_neurotox_moe_cleaned,Neurotox MOE,M,KMersCounts,"{""k"":[1,2],""modification_abundance"":false}","{'k': [1, 2], 'modification_abundance': False}",XGBoostModel,"{""max_depth"":10,""n_estimators"":1000}","{'max_depth': 10, 'n_estimators': 1000}",nucleobase,cpu,cpu,0.43,measured
corrm_72b6946baa49d949,corrective,f05ee0340d43288c,acute_neurotox_moe_cleaned,Neurotox MOE,M,KMersCounts,"{""k"":[1,2],""modification_abundance"":false}","{'k': [1, 2], 'modification_abundance': False}",XGBoostModel,"{""max_depth"":20,""n_estimators"":1000}","{'max_depth': 20, 'n_estimators': 1000}",nucleobase,cpu,cpu,0.43,measured
corrm_72b6946baa49d949,corrective,eaeb5032262b0476,acute_neurotox_moe_cleaned,Neurotox MOE,M,KMersCounts,"{""k"":[1,2],""modification_abundance"":false}","{'k': [1, 2], 'modification_abundance': False}",XGBoostModel,"{""max_depth"":20,""n_estimators"":500}","{'max_depth': 20, 'n_estimators': 500}",nucleobase,cpu,cpu,0.43,measured
corrm_72b6946baa49d949,corrective,fd8df9bc71926f9f,acute_neurotox_moe_cleaned,Neurotox MOE,M,KMersCounts,"{""k"":[1,2],""modification_abundance"":false}","{'k': [1, 2], 'modification_abundance': False}",XGBoostModel,"{""max_depth"":10,""n_estimators"":500}","{'max_depth': 10, 'n_estimators': 500}",nucleobase,cpu,cpu,0.43,measured
corrm_72b6946baa49d949,corrective,c8d0cdaae7d59669,acute_neurotox_moe_cleaned,Neurotox MOE,M,KMersCounts,"{""k"":[1,2],""modification_abundance"":false}","{'k': [1, 2], 'modification_abundance': False}",NearestNeighborsModel,"{""n_neighbors"":5}",{'n_neighbors': 5},nucleobase,cpu,cpu,0.082,measured
corrm_72b6946baa49d949,corrective,4cdc8c15460b51a3,acute_neurotox_moe_cleaned,Neurotox MOE,M,KMersCounts,"{""k"":[1,2],""modification_abundance"":false}","{'k': [1, 2], 'modification_abundance': False}",NearestNeighborsModel,"{""n_neighbors"":15}",{'n_neighbors': 15},nucleobase,cpu,cpu,0.082,measured
corrm_72b6946baa49d949,corrective,d807b012d67720b0,acute_neurotox_moe_cleaned,Neurotox MOE,M,KMersCounts,"{""k"":[1,2],""modification_abundance"":false}","{'k': [1, 2], 'modification_abundance': False}",NearestNeighborsModel,"{""n_neighbors"":10}",{'n_neighbors': 10},nucleobase,cpu,cpu,0.082,measured
corrm_72b6946baa49d949,corrective,fc2175649e6b5751,acute_neurotox_moe_cleaned,Neurotox MOE,M,KMersCounts,"{""k"":[1,2],""modification_abundance"":false}","{'k': [1, 2], 'modification_abundance': False}",LinearModel,"{""type"":""ridge""}",{'type': 'ridge'},nucleobase,cpu,cpu,0.016,measured
corrm_72b6946baa49d949,corrective,22e1da2d1ffd43cd,acute_neurotox_moe_cleaned,Neurotox MOE,M,KMersCounts,"{""k"":[1,2],""modification_abundance"":false}","{'k': [1, 2], 'modification_abundance': False}",LinearModel,"{""type"":""standard""}",{'type': 'standard'},nucleobase,cpu,cpu,0.016,measured
corrm_eb463caaaf1021f5,corrective,1faf60fa3a5f02a8,acute_neurotox_moe_cleaned,Neurotox MOE,M,KMersCounts,"{""k"":[1,2],""modification_abundance"":false}","{'k': [1, 2], 'modification_abundance': False}",MLP,"{""dropout"":0,""hidden_dims"":[64]}","{'dropout': 0, 'hidden_dims': [64]}",nucleobase,gpu,gpu,3.812,measured
corrm_eb463caaaf1021f5,corrective,a18d1e92c410ce7e,acute_neurotox_moe_cleaned,Neurotox MOE,M,KMersCounts,"{""k"":[1,2],""modification_abundance"":false}","{'k': [1, 2], 'modification_abundance': False}",MLP,"{""dropout"":0.25,""hidden_dims"":[64]}","{'dropout': 0.25, 'hidden_dims': [64]}",nucleobase,gpu,gpu,3.812,measured
corrm_eb463caaaf1021f5,corrective,052902b24deed87f,acute_neurotox_moe_cleaned,Neurotox MOE,M,KMersCounts,"{""k"":[1,2],""modification_abundance"":false}","{'k': [1, 2], 'modification_abundance': False}",MLP,"{""dropout"":0,""hidden_dims"":[64,64]}","{'dropout': 0, 'hidden_dims': [64, 64]}",nucleobase,gpu,gpu,3.812,measured
corrm_eb463caaaf1021f5,corrective,8c7a19c673c650a3,acute_neurotox_moe_cleaned,Neurotox MOE,M,KMersCounts,"{""k"":[1,2],""modification_abundance"":false}","{'k': [1, 2], 'modification_abundance': False}",MLP,"{""dropout"":0.25,""hidden_dims"":[64,64]}","{'dropout': 0.25, 'hidden_dims': [64, 64]}",nucleobase,gpu,gpu,3.812,measured
corrm_eb463caaaf1021f5,corrective,7de162a327897129,acute_neurotox_moe_cleaned,Neurotox MOE,M,KMersCounts,"{""k"":[1,2],""modification_abundance"":false}","{'k': [1, 2], 'modification_abundance': False}",MLP,"{""dropout"":0,""hidden_dims"":[128]}","{'dropout': 0, 'hidden_dims': [128]}",nucleobase,gpu,gpu,3.812,measured
corrm_eb463caaaf1021f5,corrective,4bacb6437d2681ec,acute_neurotox_moe_cleaned,Neurotox MOE,M,KMersCounts,"{""k"":[1,2],""modification_abundance"":false}","{'k': [1, 2], 'modification_abundance': False}",MLP,"{""dropout"":0.25,""hidden_dims"":[128]}","{'dropout': 0.25, 'hidden_dims': [128]}",nucleobase,gpu,gpu,3.812,measured
corrm_eb463caaaf1021f5,corrective,6624a2375142f370,acute_neurotox_moe_cleaned,Neurotox MOE,M,KMersCounts,"{""k"":[1,2],""modification_abundance"":false}","{'k': [1, 2], 'modification_abundance': False}",MLP,"{""dropout"":0,""hidden_dims"":[128,128]}","{'dropout': 0, 'hidden_dims': [128, 128]}",nucleobase,gpu,gpu,3.812,measured
corrm_eb463caaaf1021f5,corrective,18f210b67fc07199,acute_neurotox_moe_cleaned,Neurotox MOE,M,KMersCounts,"{""k"":[1,2],""modification_abundance"":false}","{'k': [1, 2], 'modification_abundance': False}",MLP,"{""dropout"":0.25,""hidden_dims"":[128,128]}","{'dropout': 0.25, 'hidden_dims': [128, 128]}",nucleobase,gpu,gpu,3.812,measured
corrm_72b6946baa49d949,corrective,916dc04fa05acffc,acute_neurotox_moe_cleaned,Neurotox MOE,M,KMersCounts,"{""k"":[1,2],""modification_abundance"":false}","{'k': [1, 2], 'modification_abundance': False}",RandomForestModel,"{""max_depth"":20,""n_estimators"":1000}","{'max_depth': 20, 'n_estimators': 1000}",random,cpu,cpu,5.37,measured
corrm_72b6946baa49d949,corrective,9d245736f74bb5da,acute_neurotox_moe_cleaned,Neurotox MOE,M,KMersCounts,"{""k"":[1,2],""modification_abundance"":false}","{'k': [1, 2], 'modification_abundance': False}",RandomForestModel,"{""max_depth"":10,""n_estimators"":100}","{'max_depth': 10, 'n_estimators': 100}",random,cpu,cpu,5.37,measured
corrm_72b6946baa49d949,corrective,969382f2c1b46094,acute_neurotox_moe_cleaned,Neurotox MOE,M,KMersCounts,"{""k"":[1,2],""modification_abundance"":false}","{'k': [1, 2], 'modification_abundance': False}",RandomForestModel,"{""max_depth"":20,""n_estimators"":100}","{'max_depth': 20, 'n_estimators': 100}",random,cpu,cpu,5.37,measured
corrm_72b6946baa49d949,corrective,fe0f801230928dcf,acute_neurotox_moe_cleaned,Neurotox MOE,M,KMersCounts,"{""k"":[1,2],""modification_abundance"":false}","{'k': [1, 2], 'modification_abundance': False}",RandomForestModel,"{""max_depth"":30,""n_estimators"":100}","{'max_depth': 30, 'n_estimators': 100}",random,cpu,cpu,5.37,measured
corrm_72b6946baa49d949,corrective,f9ab23ae49e29337,acute_neurotox_moe_cleaned,Neurotox MOE,M,KMersCounts,"{""k"":[1,2],""modification_abundance"":false}","{'k': [1, 2], 'modification_abundance': False}",RandomForestModel,"{""max_depth"":10,""n_estimators"":500}","{'max_depth': 10, 'n_estimators': 500}",random,cpu,cpu,5.37,measured
corrm_72b6946baa49d949,corrective,ba6f846ece99f9c9,acute_neurotox_moe_cleaned,Neurotox MOE,M,KMersCounts,"{""k"":[1,2],""modification_abundance"":false}","{'k': [1, 2], 'modification_abundance': False}",RandomForestModel,"{""max_depth"":20,""n_estimators"":500}","{'max_depth': 20, 'n_estimators': 500}",random,cpu,cpu,5.37,measured
corrm_72b6946baa49d949,corrective,021611af252457b8,acute_neurotox_moe_cleaned,Neurotox MOE,M,KMersCounts,"{""k"":[1,2],""modification_abundance"":false}","{'k': [1, 2], 'modification_abundance': False}",RandomForestModel,"{""max_depth"":30,""n_estimators"":500}","{'max_depth': 30, 'n_estimators': 500}",random,cpu,cpu,5.37,measured
corrm_72b6946baa49d949,corrective,5854366501ebf59f,acute_neurotox_moe_cleaned,Neurotox MOE,M,KMersCounts,"{""k"":[1,2],""modification_abundance"":false}","{'k': [1, 2], 'modification_abundance': False}",RandomForestModel,"{""max_depth"":10,""n_estimators"":1000}","{'max_depth': 10, 'n_estimators': 1000}",random,cpu,cpu,5.37,measured
corrm_72b6946baa49d949,corrective,f6667096130ce2b6,acute_neurotox_moe_cleaned,Neurotox MOE,M,KMersCounts,"{""k"":[1,2],""modification_abundance"":false}","{'k': [1, 2], 'modification_abundance': False}",RandomForestModel,"{""max_depth"":30,""n_estimators"":1000}","{'max_depth': 30, 'n_estimators': 1000}",random,cpu,cpu,5.37,measured
corrm_72b6946baa49d949,corrective,50facf9215900973,acute_neurotox_moe_cleaned,Neurotox MOE,M,KMersCounts,"{""k"":[1,2],""modification_abundance"":false}","{'k': [1, 2], 'modification_abundance': False}",XGBoostModel,"{""max_depth"":30,""n_estimators"":500}","{'max_depth': 30, 'n_estimators': 500}",random,cpu,cpu,0.43,measured
corrm_72b6946baa49d949,corrective,b9c27b91485f8201,acute_neurotox_moe_cleaned,Neurotox MOE,M,KMersCounts,"{""k"":[1,2],""modification_abundance"":false}","{'k': [1, 2], 'modification_abundance': False}",XGBoostModel,"{""max_depth"":30,""n_estimators"":100}","{'max_depth': 30, 'n_estimators': 100}",random,cpu,cpu,0.43,measured
corrm_72b6946baa49d949,corrective,c5f7686f67a24eb9,acute_neurotox_moe_cleaned,Neurotox MOE,M,KMersCounts,"{""k"":[1,2],""modification_abundance"":false}","{'k': [1, 2], 'modification_abundance': False}",XGBoostModel,"{""max_depth"":20,""n_estimators"":100}","{'max_depth': 20, 'n_estimators': 100}",random,cpu,cpu,0.43,measured
corrm_72b6946baa49d949,corrective,44ba33a5d41572a0,acute_neurotox_moe_cleaned,Neurotox MOE,M,KMersCounts,"{""k"":[1,2],""modification_abundance"":false}","{'k': [1, 2], 'modification_abundance': False}",XGBoostModel,"{""max_depth"":10,""n_estimators"":100}","{'max_depth': 10, 'n_estimators': 100}",random,cpu,cpu,0.43,measured
corrm_72b6946baa49d949,corrective,1fc3238ce41b2c62,acute_neurotox_moe_cleaned,Neurotox MOE,M,KMersCounts,"{""k"":[1,2],""modification_abundance"":false}","{'k': [1, 2], 'modification_abundance': False}",XGBoostModel,"{""max_depth"":30,""n_estimators"":1000}","{'max_depth': 30, 'n_estimators': 1000}",random,cpu,cpu,0.43,measured
corrm_72b6946baa49d949,corrective,f82afc78f5cbd87b,acute_neurotox_moe_cleaned,Neurotox MOE,M,KMersCounts,"{""k"":[1,2],""modification_abundance"":false}","{'k': [1, 2], 'modification_abundance': False}",XGBoostModel,"{""max_depth"":10,""n_estimators"":1000}","{'max_depth': 10, 'n_estimators': 1000}",random,cpu,cpu,0.43,measured
corrm_72b6946baa49d949,corrective,dfc4063dabd06d7f,acute_neurotox_moe_cleaned,Neurotox MOE,M,KMersCounts,"{""k"":[1,2],""modification_abundance"":false}","{'k': [1, 2], 'modification_abundance': False}",XGBoostModel,"{""max_depth"":20,""n_estimators"":1000}","{'max_depth': 20, 'n_estimators': 1000}",random,cpu,cpu,0.43,measured
corrm_72b6946baa49d949,corrective,916864dcc48ef579,acute_neurotox_moe_cleaned,Neurotox MOE,M,KMersCounts,"{""k"":[1,2],""modification_abundance"":false}","{'k': [1, 2], 'modification_abundance': False}",XGBoostModel,"{""max_depth"":20,""n_estimators"":500}","{'max_depth': 20, 'n_estimators': 500}",random,cpu,cpu,0.43,measured
corrm_72b6946baa49d949,corrective,caab7768868220a2,acute_neurotox_moe_cleaned,Neurotox MOE,M,KMersCounts,"{""k"":[1,2],""modification_abundance"":false}","{'k': [1, 2], 'modification_abundance': False}",XGBoostModel,"{""max_depth"":10,""n_estimators"":500}","{'max_depth': 10, 'n_estimators': 500}",random,cpu,cpu,0.43,measured
corrm_72b6946baa49d949,corrective,f8df01483cad0039,acute_neurotox_moe_cleaned,Neurotox MOE,M,KMersCounts,"{""k"":[1,2],""modification_abundance"":false}","{'k': [1, 2], 'modification_abundance': False}",NearestNeighborsModel,"{""n_neighbors"":5}",{'n_neighbors': 5},random,cpu,cpu,0.082,measured
corrm_72b6946baa49d949,corrective,96dd0f93af56df5e,acute_neurotox_moe_cleaned,Neurotox MOE,M,KMersCounts,"{""k"":[1,2],""modification_abundance"":false}","{'k': [1, 2], 'modification_abundance': False}",NearestNeighborsModel,"{""n_neighbors"":15}",{'n_neighbors': 15},random,cpu,cpu,0.082,measured
corrm_72b6946baa49d949,corrective,4827eadd23df95a6,acute_neurotox_moe_cleaned,Neurotox MOE,M,KMersCounts,"{""k"":[1,2],""modification_abundance"":false}","{'k': [1, 2], 'modification_abundance': False}",NearestNeighborsModel,"{""n_neighbors"":10}",{'n_neighbors': 10},random,cpu,cpu,0.082,measured
corrm_72b6946baa49d949,corrective,cc459126f605013b,acute_neurotox_moe_cleaned,Neurotox MOE,M,KMersCounts,"{""k"":[1,2],""modification_abundance"":false}","{'k': [1, 2], 'modification_abundance': False}",LinearModel,"{""type"":""ridge""}",{'type': 'ridge'},random,cpu,cpu,0.016,measured
corrm_72b6946baa49d949,corrective,9611dfb2c16311ae,acute_neurotox_moe_cleaned,Neurotox MOE,M,KMersCounts,"{""k"":[1,2],""modification_abundance"":false}","{'k': [1, 2], 'modification_abundance': False}",LinearModel,"{""type"":""standard""}",{'type': 'standard'},random,cpu,cpu,0.016,measured
corrm_eb463caaaf1021f5,corrective,996c5cbeceb1befc,acute_neurotox_moe_cleaned,Neurotox MOE,M,KMersCounts,"{""k"":[1,2],""modification_abundance"":false}","{'k': [1, 2], 'modification_abundance': False}",MLP,"{""dropout"":0,""hidden_dims"":[64]}","{'dropout': 0, 'hidden_dims': [64]}",random,gpu,gpu,3.812,measured
corrm_eb463caaaf1021f5,corrective,9bd49aa8a7e17d3c,acute_neurotox_moe_cleaned,Neurotox MOE,M,KMersCounts,"{""k"":[1,2],""modification_abundance"":false}","{'k': [1, 2], 'modification_abundance': False}",MLP,"{""dropout"":0.25,""hidden_dims"":[64]}","{'dropout': 0.25, 'hidden_dims': [64]}",random,gpu,gpu,3.812,measured
corrm_eb463caaaf1021f5,corrective,7e46cd36152ddd63,acute_neurotox_moe_cleaned,Neurotox MOE,M,KMersCounts,"{""k"":[1,2],""modification_abundance"":false}","{'k': [1, 2], 'modification_abundance': False}",MLP,"{""dropout"":0,""hidden_dims"":[64,64]}","{'dropout': 0, 'hidden_dims': [64, 64]}",random,gpu,gpu,3.812,measured
corrm_eb463caaaf1021f5,corrective,800d83a417ef4419,acute_neurotox_moe_cleaned,Neurotox MOE,M,KMersCounts,"{""k"":[1,2],""modification_abundance"":false}","{'k': [1, 2], 'modification_abundance': False}",MLP,"{""dropout"":0.25,""hidden_dims"":[64,64]}","{'dropout': 0.25, 'hidden_dims': [64, 64]}",random,gpu,gpu,3.812,measured
corrm_eb463caaaf1021f5,corrective,f9c265fecd5110b2,acute_neurotox_moe_cleaned,Neurotox MOE,M,KMersCounts,"{""k"":[1,2],""modification_abundance"":false}","{'k': [1, 2], 'modification_abundance': False}",MLP,"{""dropout"":0,""hidden_dims"":[128]}","{'dropout': 0, 'hidden_dims': [128]}",random,gpu,gpu,3.812,measured
corrm_eb463caaaf1021f5,corrective,d93725f23507e2a2,acute_neurotox_moe_cleaned,Neurotox MOE,M,KMersCounts,"{""k"":[1,2],""modification_abundance"":false}","{'k': [1, 2], 'modification_abundance': False}",MLP,"{""dropout"":0.25,""hidden_dims"":[128]}","{'dropout': 0.25, 'hidden_dims': [128]}",random,gpu,gpu,3.812,measured
corrm_eb463caaaf1021f5,corrective,a689df511546f89d,acute_neurotox_moe_cleaned,Neurotox MOE,M,KMersCounts,"{""k"":[1,2],""modification_abundance"":false}","{'k': [1, 2], 'modification_abundance': False}",MLP,"{""dropout"":0,""hidden_dims"":[128,128]}","{'dropout': 0, 'hidden_dims': [128, 128]}",random,gpu,gpu,3.812,measured
corrm_eb463caaaf1021f5,corrective,df687ffa39b58189,acute_neurotox_moe_cleaned,Neurotox MOE,M,KMersCounts,"{""k"":[1,2],""modification_abundance"":false}","{'k': [1, 2], 'modification_abundance': False}",MLP,"{""dropout"":0.25,""hidden_dims"":[128,128]}","{'dropout': 0.25, 'hidden_dims': [128, 128]}",random,gpu,gpu,3.812,measured
corrm_72b6946baa49d949,corrective,a0625195464081f5,acute_neurotox_moe_cleaned,Neurotox MOE,M,KMersCounts,"{""k"":[1,2],""modification_abundance"":true}","{'k': [1, 2], 'modification_abundance': True}",RandomForestModel,"{""max_depth"":20,""n_estimators"":1000}","{'max_depth': 20, 'n_estimators': 1000}",nucleobase,cpu,cpu,5.37,measured
corrm_72b6946baa49d949,corrective,d30f7df40ac6592c,acute_neurotox_moe_cleaned,Neurotox MOE,M,KMersCounts,"{""k"":[1,2],""modification_abundance"":true}","{'k': [1, 2], 'modification_abundance': True}",RandomForestModel,"{""max_depth"":10,""n_estimators"":100}","{'max_depth': 10, 'n_estimators': 100}",nucleobase,cpu,cpu,5.37,measured
corrm_72b6946baa49d949,corrective,417fea2058ed7ccd,acute_neurotox_moe_cleaned,Neurotox MOE,M,KMersCounts,"{""k"":[1,2],""modification_abundance"":true}","{'k': [1, 2], 'modification_abundance': True}",RandomForestModel,"{""max_depth"":20,""n_estimators"":100}","{'max_depth': 20, 'n_estimators': 100}",nucleobase,cpu,cpu,5.37,measured
corrm_72b6946baa49d949,corrective,ad7c7c2cd7160a59,acute_neurotox_moe_cleaned,Neurotox MOE,M,KMersCounts,"{""k"":[1,2],""modification_abundance"":true}","{'k': [1, 2], 'modification_abundance': True}",RandomForestModel,"{""max_depth"":30,""n_estimators"":100}","{'max_depth': 30, 'n_estimators': 100}",nucleobase,cpu,cpu,5.37,measured
corrm_72b6946baa49d949,corrective,0b553efa12a4cb0d,acute_neurotox_moe_cleaned,Neurotox MOE,M,KMersCounts,"{""k"":[1,2],""modification_abundance"":true}","{'k': [1, 2], 'modification_abundance': True}",RandomForestModel,"{""max_depth"":10,""n_estimators"":500}","{'max_depth': 10, 'n_estimators': 500}",nucleobase,cpu,cpu,5.37,measured
corrm_72b6946baa49d949,corrective,3adc33dfe95fdd86,acute_neurotox_moe_cleaned,Neurotox MOE,M,KMersCounts,"{""k"":[1,2],""modification_abundance"":true}","{'k': [1, 2], 'modification_abundance': True}",RandomForestModel,"{""max_depth"":20,""n_estimators"":500}","{'max_depth': 20, 'n_estimators': 500}",nucleobase,cpu,cpu,5.37,measured
corrm_72b6946baa49d949,corrective,6209fe218a0f18cd,acute_neurotox_moe_cleaned,Neurotox MOE,M,KMersCounts,"{""k"":[1,2],""modification_abundance"":true}","{'k': [1, 2], 'modification_abundance': True}",RandomForestModel,"{""max_depth"":30,""n_estimators"":500}","{'max_depth': 30, 'n_estimators': 500}",nucleobase,cpu,cpu,5.37,measured
corrm_72b6946baa49d949,corrective,1792b37532d54edd,acute_neurotox_moe_cleaned,Neurotox MOE,M,KMersCounts,"{""k"":[1,2],""modification_abundance"":true}","{'k': [1, 2], 'modification_abundance': True}",RandomForestModel,"{""max_depth"":10,""n_estimators"":1000}","{'max_depth': 10, 'n_estimators': 1000}",nucleobase,cpu,cpu,5.37,measured
corrm_72b6946baa49d949,corrective,1e6945fa3c06657d,acute_neurotox_moe_cleaned,Neurotox MOE,M,KMersCounts,"{""k"":[1,2],""modification_abundance"":true}","{'k': [1, 2], 'modification_abundance': True}",RandomForestModel,"{""max_depth"":30,""n_estimators"":1000}","{'max_depth': 30, 'n_estimators': 1000}",nucleobase,cpu,cpu,5.37,measured
corrm_72b6946baa49d949,corrective,a437cbaa83dc4b2a,acute_neurotox_moe_cleaned,Neurotox MOE,M,KMersCounts,"{""k"":[1,2],""modification_abundance"":true}","{'k': [1, 2], 'modification_abundance': True}",XGBoostModel,"{""max_depth"":30,""n_estimators"":500}","{'max_depth': 30, 'n_estimators': 500}",nucleobase,cpu,cpu,0.43,measured
corrm_72b6946baa49d949,corrective,659bd865b4faa763,acute_neurotox_moe_cleaned,Neurotox MOE,M,KMersCounts,"{""k"":[1,2],""modification_abundance"":true}","{'k': [1, 2], 'modification_abundance': True}",XGBoostModel,"{""max_depth"":30,""n_estimators"":100}","{'max_depth': 30, 'n_estimators': 100}",nucleobase,cpu,cpu,0.43,measured
corrm_72b6946baa49d949,corrective,3a0257b875137bb5,acute_neurotox_moe_cleaned,Neurotox MOE,M,KMersCounts,"{""k"":[1,2],""modification_abundance"":true}","{'k': [1, 2], 'modification_abundance': True}",XGBoostModel,"{""max_depth"":20,""n_estimators"":100}","{'max_depth': 20, 'n_estimators': 100}",nucleobase,cpu,cpu,0.43,measured
corrm_72b6946baa49d949,corrective,0d31dd0083ee7ca4,acute_neurotox_moe_cleaned,Neurotox MOE,M,KMersCounts,"{""k"":[1,2],""modification_abundance"":true}","{'k': [1, 2], 'modification_abundance': True}",XGBoostModel,"{""max_depth"":10,""n_estimators"":100}","{'max_depth': 10, 'n_estimators': 100}",nucleobase,cpu,cpu,0.43,measured
corrm_72b6946baa49d949,corrective,b55b8c864cb39866,acute_neurotox_moe_cleaned,Neurotox MOE,M,KMersCounts,"{""k"":[1,2],""modification_abundance"":true}","{'k': [1, 2], 'modification_abundance': True}",XGBoostModel,"{""max_depth"":30,""n_estimators"":1000}","{'max_depth': 30, 'n_estimators': 1000}",nucleobase,cpu,cpu,0.43,measured
corrm_72b6946baa49d949,corrective,3b81cd2c40f3af39,acute_neurotox_moe_cleaned,Neurotox MOE,M,KMersCounts,"{""k"":[1,2],""modification_abundance"":true}","{'k': [1, 2], 'modification_abundance': True}",XGBoostModel,"{""max_depth"":10,""n_estimators"":1000}","{'max_depth': 10, 'n_estimators': 1000}",nucleobase,cpu,cpu,0.43,measured
corrm_72b6946baa49d949,corrective,f12e90a473c3271b,acute_neurotox_moe_cleaned,Neurotox MOE,M,KMersCounts,"{""k"":[1,2],""modification_abundance"":true}","{'k': [1, 2], 'modification_abundance': True}",XGBoostModel,"{""max_depth"":20,""n_estimators"":1000}","{'max_depth': 20, 'n_estimators': 1000}",nucleobase,cpu,cpu,0.43,measured
corrm_72b6946baa49d949,corrective,daabae2f010c999b,acute_neurotox_moe_cleaned,Neurotox MOE,M,KMersCounts,"{""k"":[1,2],""modification_abundance"":true}","{'k': [1, 2], 'modification_abundance': True}",XGBoostModel,"{""max_depth"":20,""n_estimators"":500}","{'max_depth': 20, 'n_estimators': 500}",nucleobase,cpu,cpu,0.43,measured
corrm_72b6946baa49d949,corrective,712c152ae2d71df0,acute_neurotox_moe_cleaned,Neurotox MOE,M,KMersCounts,"{""k"":[1,2],""modification_abundance"":true}","{'k': [1, 2], 'modification_abundance': True}",XGBoostModel,"{""max_depth"":10,""n_estimators"":500}","{'max_depth': 10, 'n_estimators': 500}",nucleobase,cpu,cpu,0.43,measured
corrm_72b6946baa49d949,corrective,a715f487742bae36,acute_neurotox_moe_cleaned,Neurotox MOE,M,KMersCounts,"{""k"":[1,2],""modification_abundance"":true}","{'k': [1, 2], 'modification_abundance': True}",NearestNeighborsModel,"{""n_neighbors"":5}",{'n_neighbors': 5},nucleobase,cpu,cpu,0.082,measured
corrm_72b6946baa49d949,corrective,34eaf3e99a371ddb,acute_neurotox_moe_cleaned,Neurotox MOE,M,KMersCounts,"{""k"":[1,2],""modification_abundance"":true}","{'k': [1, 2], 'modification_abundance': True}",NearestNeighborsModel,"{""n_neighbors"":15}",{'n_neighbors': 15},nucleobase,cpu,cpu,0.082,measured
corrm_72b6946baa49d949,corrective,1d5280349c5781ab,acute_neurotox_moe_cleaned,Neurotox MOE,M,KMersCounts,"{""k"":[1,2],""modification_abundance"":true}","{'k': [1, 2], 'modification_abundance': True}",NearestNeighborsModel,"{""n_neighbors"":10}",{'n_neighbors': 10},nucleobase,cpu,cpu,0.082,measured
corrm_72b6946baa49d949,corrective,8036a6eef0d9192d,acute_neurotox_moe_cleaned,Neurotox MOE,M,KMersCounts,"{""k"":[1,2],""modification_abundance"":true}","{'k': [1, 2], 'modification_abundance': True}",LinearModel,"{""type"":""ridge""}",{'type': 'ridge'},nucleobase,cpu,cpu,0.016,measured
corrm_72b6946baa49d949,corrective,e5e4c78cdee9fbde,acute_neurotox_moe_cleaned,Neurotox MOE,M,KMersCounts,"{""k"":[1,2],""modification_abundance"":true}","{'k': [1, 2], 'modification_abundance': True}",LinearModel,"{""type"":""standard""}",{'type': 'standard'},nucleobase,cpu,cpu,0.016,measured
corrm_eb463caaaf1021f5,corrective,3d60c02862dbeca1,acute_neurotox_moe_cleaned,Neurotox MOE,M,KMersCounts,"{""k"":[1,2],""modification_abundance"":true}","{'k': [1, 2], 'modification_abundance': True}",MLP,"{""dropout"":0,""hidden_dims"":[64]}","{'dropout': 0, 'hidden_dims': [64]}",nucleobase,gpu,gpu,3.812,measured
corrm_eb463caaaf1021f5,corrective,e9737a2e22f31d1c,acute_neurotox_moe_cleaned,Neurotox MOE,M,KMersCounts,"{""k"":[1,2],""modification_abundance"":true}","{'k': [1, 2], 'modification_abundance': True}",MLP,"{""dropout"":0.25,""hidden_dims"":[64]}","{'dropout': 0.25, 'hidden_dims': [64]}",nucleobase,gpu,gpu,3.812,measured
corrm_eb463caaaf1021f5,corrective,58d1b526a782ebb6,acute_neurotox_moe_cleaned,Neurotox MOE,M,KMersCounts,"{""k"":[1,2],""modification_abundance"":true}","{'k': [1, 2], 'modification_abundance': True}",MLP,"{""dropout"":0,""hidden_dims"":[64,64]}","{'dropout': 0, 'hidden_dims': [64, 64]}",nucleobase,gpu,gpu,3.812,measured
corrm_eb463caaaf1021f5,corrective,00b55b1f48244819,acute_neurotox_moe_cleaned,Neurotox MOE,M,KMersCounts,"{""k"":[1,2],""modification_abundance"":true}","{'k': [1, 2], 'modification_abundance': True}",MLP,"{""dropout"":0.25,""hidden_dims"":[64,64]}","{'dropout': 0.25, 'hidden_dims': [64, 64]}",nucleobase,gpu,gpu,3.812,measured
corrm_eb463caaaf1021f5,corrective,83ef4a87af7fc03b,acute_neurotox_moe_cleaned,Neurotox MOE,M,KMersCounts,"{""k"":[1,2],""modification_abundance"":true}","{'k': [1, 2], 'modification_abundance': True}",MLP,"{""dropout"":0,""hidden_dims"":[128]}","{'dropout': 0, 'hidden_dims': [128]}",nucleobase,gpu,gpu,3.812,measured
corrm_eb463caaaf1021f5,corrective,812d977acff40f24,acute_neurotox_moe_cleaned,Neurotox MOE,M,KMersCounts,"{""k"":[1,2],""modification_abundance"":true}","{'k': [1, 2], 'modification_abundance': True}",MLP,"{""dropout"":0.25,""hidden_dims"":[128]}","{'dropout': 0.25, 'hidden_dims': [128]}",nucleobase,gpu,gpu,3.812,measured
corrm_eb463caaaf1021f5,corrective,9255dbc66b132a01,acute_neurotox_moe_cleaned,Neurotox MOE,M,KMersCounts,"{""k"":[1,2],""modification_abundance"":true}","{'k': [1, 2], 'modification_abundance': True}",MLP,"{""dropout"":0,""hidden_dims"":[128,128]}","{'dropout': 0, 'hidden_dims': [128, 128]}",nucleobase,gpu,gpu,3.812,measured
corrm_eb463caaaf1021f5,corrective,cccef836c3ce49d0,acute_neurotox_moe_cleaned,Neurotox MOE,M,KMersCounts,"{""k"":[1,2],""modification_abundance"":true}","{'k': [1, 2], 'modification_abundance': True}",MLP,"{""dropout"":0.25,""hidden_dims"":[128,128]}","{'dropout': 0.25, 'hidden_dims': [128, 128]}",nucleobase,gpu,gpu,3.812,measured
corrm_72b6946baa49d949,corrective,fee527203e18be3a,acute_neurotox_moe_cleaned,Neurotox MOE,M,KMersCounts,"{""k"":[1,2],""modification_abundance"":true}","{'k': [1, 2], 'modification_abundance': True}",RandomForestModel,"{""max_depth"":20,""n_estimators"":1000}","{'max_depth': 20, 'n_estimators': 1000}",random,cpu,cpu,5.37,measured
corrm_72b6946baa49d949,corrective,8952a23860afd9f1,acute_neurotox_moe_cleaned,Neurotox MOE,M,KMersCounts,"{""k"":[1,2],""modification_abundance"":true}","{'k': [1, 2], 'modification_abundance': True}",RandomForestModel,"{""max_depth"":10,""n_estimators"":100}","{'max_depth': 10, 'n_estimators': 100}",random,cpu,cpu,5.37,measured
corrm_72b6946baa49d949,corrective,ea577ee0f56d2c64,acute_neurotox_moe_cleaned,Neurotox MOE,M,KMersCounts,"{""k"":[1,2],""modification_abundance"":true}","{'k': [1, 2], 'modification_abundance': True}",RandomForestModel,"{""max_depth"":20,""n_estimators"":100}","{'max_depth': 20, 'n_estimators': 100}",random,cpu,cpu,5.37,measured
corrm_72b6946baa49d949,corrective,52a05d1c37a68832,acute_neurotox_moe_cleaned,Neurotox MOE,M,KMersCounts,"{""k"":[1,2],""modification_abundance"":true}","{'k': [1, 2], 'modification_abundance': True}",RandomForestModel,"{""max_depth"":30,""n_estimators"":100}","{'max_depth': 30, 'n_estimators': 100}",random,cpu,cpu,5.37,measured
corrm_72b6946baa49d949,corrective,89590a50f7f3f5aa,acute_neurotox_moe_cleaned,Neurotox MOE,M,KMersCounts,"{""k"":[1,2],""modification_abundance"":true}","{'k': [1, 2], 'modification_abundance': True}",RandomForestModel,"{""max_depth"":10,""n_estimators"":500}","{'max_depth': 10, 'n_estimators': 500}",random,cpu,cpu,5.37,measured
corrm_72b6946baa49d949,corrective,f7394cdcd9648f65,acute_neurotox_moe_cleaned,Neurotox MOE,M,KMersCounts,"{""k"":[1,2],""modification_abundance"":true}","{'k': [1, 2], 'modification_abundance': True}",RandomForestModel,"{""max_depth"":20,""n_estimators"":500}","{'max_depth': 20, 'n_estimators': 500}",random,cpu,cpu,5.37,measured
corrm_72b6946baa49d949,corrective,f71559ed554bc533,acute_neurotox_moe_cleaned,Neurotox MOE,M,KMersCounts,"{""k"":[1,2],""modification_abundance"":true}","{'k': [1, 2], 'modification_abundance': True}",RandomForestModel,"{""max_depth"":30,""n_estimators"":500}","{'max_depth': 30, 'n_estimators': 500}",random,cpu,cpu,5.37,measured
corrm_72b6946baa49d949,corrective,80c36854539c10e3,acute_neurotox_moe_cleaned,Neurotox MOE,M,KMersCounts,"{""k"":[1,2],""modification_abundance"":true}","{'k': [1, 2], 'modification_abundance': True}",RandomForestModel,"{""max_depth"":10,""n_estimators"":1000}","{'max_depth': 10, 'n_estimators': 1000}",random,cpu,cpu,5.37,measured
corrm_72b6946baa49d949,corrective,82e05f8f9308ef3b,acute_neurotox_moe_cleaned,Neurotox MOE,M,KMersCounts,"{""k"":[1,2],""modification_abundance"":true}","{'k': [1, 2], 'modification_abundance': True}",RandomForestModel,"{""max_depth"":30,""n_estimators"":1000}","{'max_depth': 30, 'n_estimators': 1000}",random,cpu,cpu,5.37,measured
corrm_72b6946baa49d949,corrective,d2e08f425e5cd20e,acute_neurotox_moe_cleaned,Neurotox MOE,M,KMersCounts,"{""k"":[1,2],""modification_abundance"":true}","{'k': [1, 2], 'modification_abundance': True}",XGBoostModel,"{""max_depth"":30,""n_estimators"":500}","{'max_depth': 30, 'n_estimators': 500}",random,cpu,cpu,0.43,measured
corrm_72b6946baa49d949,corrective,7cdf4e082d8ea6ed,acute_neurotox_moe_cleaned,Neurotox MOE,M,KMersCounts,"{""k"":[1,2],""modification_abundance"":true}","{'k': [1, 2], 'modification_abundance': True}",XGBoostModel,"{""max_depth"":30,""n_estimators"":100}","{'max_depth': 30, 'n_estimators': 100}",random,cpu,cpu,0.43,measured
corrm_72b6946baa49d949,corrective,3b8e749bb61acba2,acute_neurotox_moe_cleaned,Neurotox MOE,M,KMersCounts,"{""k"":[1,2],""modification_abundance"":true}","{'k': [1, 2], 'modification_abundance': True}",XGBoostModel,"{""max_depth"":20,""n_estimators"":100}","{'max_depth': 20, 'n_estimators': 100}",random,cpu,cpu,0.43,measured
corrm_72b6946baa49d949,corrective,53e4f18d02fff2e2,acute_neurotox_moe_cleaned,Neurotox MOE,M,KMersCounts,"{""k"":[1,2],""modification_abundance"":true}","{'k': [1, 2], 'modification_abundance': True}",XGBoostModel,"{""max_depth"":10,""n_estimators"":100}","{'max_depth': 10, 'n_estimators': 100}",random,cpu,cpu,0.43,measured
corrm_72b6946baa49d949,corrective,fd3200b803897fe6,acute_neurotox_moe_cleaned,Neurotox MOE,M,KMersCounts,"{""k"":[1,2],""modification_abundance"":true}","{'k': [1, 2], 'modification_abundance': True}",XGBoostModel,"{""max_depth"":30,""n_estimators"":1000}","{'max_depth': 30, 'n_estimators': 1000}",random,cpu,cpu,0.43,measured
corrm_72b6946baa49d949,corrective,3d4714a163013082,acute_neurotox_moe_cleaned,Neurotox MOE,M,KMersCounts,"{""k"":[1,2],""modification_abundance"":true}","{'k': [1, 2], 'modification_abundance': True}",XGBoostModel,"{""max_depth"":10,""n_estimators"":1000}","{'max_depth': 10, 'n_estimators': 1000}",random,cpu,cpu,0.43,measured
corrm_72b6946baa49d949,corrective,34acf5e894dabeae,acute_neurotox_moe_cleaned,Neurotox MOE,M,KMersCounts,"{""k"":[1,2],""modification_abundance"":true}","{'k': [1, 2], 'modification_abundance': True}",XGBoostModel,"{""max_depth"":20,""n_estimators"":1000}","{'max_depth': 20, 'n_estimators': 1000}",random,cpu,cpu,0.43,measured
corrm_72b6946baa49d949,corrective,5e1e8e9919a3a93b,acute_neurotox_moe_cleaned,Neurotox MOE,M,KMersCounts,"{""k"":[1,2],""modification_abundance"":true}","{'k': [1, 2], 'modification_abundance': True}",XGBoostModel,"{""max_depth"":20,""n_estimators"":500}","{'max_depth': 20, 'n_estimators': 500}",random,cpu,cpu,0.43,measured
corrm_72b6946baa49d949,corrective,c730a223078b7c50,acute_neurotox_moe_cleaned,Neurotox MOE,M,KMersCounts,"{""k"":[1,2],""modification_abundance"":true}","{'k': [1, 2], 'modification_abundance': True}",XGBoostModel,"{""max_depth"":10,""n_estimators"":500}","{'max_depth': 10, 'n_estimators': 500}",random,cpu,cpu,0.43,measured
corrm_72b6946baa49d949,corrective,aae68f2622f06bb5,acute_neurotox_moe_cleaned,Neurotox MOE,M,KMersCounts,"{""k"":[1,2],""modification_abundance"":true}","{'k': [1, 2], 'modification_abundance': True}",NearestNeighborsModel,"{""n_neighbors"":5}",{'n_neighbors': 5},random,cpu,cpu,0.082,measured
corrm_72b6946baa49d949,corrective,3356a287b4ea5971,acute_neurotox_moe_cleaned,Neurotox MOE,M,KMersCounts,"{""k"":[1,2],""modification_abundance"":true}","{'k': [1, 2], 'modification_abundance': True}",NearestNeighborsModel,"{""n_neighbors"":15}",{'n_neighbors': 15},random,cpu,cpu,0.082,measured
corrm_72b6946baa49d949,corrective,acbfdfa24c180a4e,acute_neurotox_moe_cleaned,Neurotox MOE,M,KMersCounts,"{""k"":[1,2],""modification_abundance"":true}","{'k': [1, 2], 'modification_abundance': True}",NearestNeighborsModel,"{""n_neighbors"":10}",{'n_neighbors': 10},random,cpu,cpu,0.082,measured
corrm_72b6946baa49d949,corrective,a540c5bb26b8b7d1,acute_neurotox_moe_cleaned,Neurotox MOE,M,KMersCounts,"{""k"":[1,2],""modification_abundance"":true}","{'k': [1, 2], 'modification_abundance': True}",LinearModel,"{""type"":""ridge""}",{'type': 'ridge'},random,cpu,cpu,0.016,measured
corrm_72b6946baa49d949,corrective,97bf11484e966bac,acute_neurotox_moe_cleaned,Neurotox MOE,M,KMersCounts,"{""k"":[1,2],""modification_abundance"":true}","{'k': [1, 2], 'modification_abundance': True}",LinearModel,"{""type"":""standard""}",{'type': 'standard'},random,cpu,cpu,0.016,measured
corrm_eb463caaaf1021f5,corrective,4061c83af65c587c,acute_neurotox_moe_cleaned,Neurotox MOE,M,KMersCounts,"{""k"":[1,2],""modification_abundance"":true}","{'k': [1, 2], 'modification_abundance': True}",MLP,"{""dropout"":0,""hidden_dims"":[64]}","{'dropout': 0, 'hidden_dims': [64]}",random,gpu,gpu,3.812,measured
corrm_eb463caaaf1021f5,corrective,f060be184e2e0338,acute_neurotox_moe_cleaned,Neurotox MOE,M,KMersCounts,"{""k"":[1,2],""modification_abundance"":true}","{'k': [1, 2], 'modification_abundance': True}",MLP,"{""dropout"":0.25,""hidden_dims"":[64]}","{'dropout': 0.25, 'hidden_dims': [64]}",random,gpu,gpu,3.812,measured
corrm_eb463caaaf1021f5,corrective,ba3f2ccbcf59aaed,acute_neurotox_moe_cleaned,Neurotox MOE,M,KMersCounts,"{""k"":[1,2],""modification_abundance"":true}","{'k': [1, 2], 'modification_abundance': True}",MLP,"{""dropout"":0,""hidden_dims"":[64,64]}","{'dropout': 0, 'hidden_dims': [64, 64]}",random,gpu,gpu,3.812,measured
corrm_eb463caaaf1021f5,corrective,8ca61a78ff8de460,acute_neurotox_moe_cleaned,Neurotox MOE,M,KMersCounts,"{""k"":[1,2],""modification_abundance"":true}","{'k': [1, 2], 'modification_abundance': True}",MLP,"{""dropout"":0.25,""hidden_dims"":[64,64]}","{'dropout': 0.25, 'hidden_dims': [64, 64]}",random,gpu,gpu,3.812,measured
corrm_eb463caaaf1021f5,corrective,085b182f2ec787f1,acute_neurotox_moe_cleaned,Neurotox MOE,M,KMersCounts,"{""k"":[1,2],""modification_abundance"":true}","{'k': [1, 2], 'modification_abundance': True}",MLP,"{""dropout"":0,""hidden_dims"":[128]}","{'dropout': 0, 'hidden_dims': [128]}",random,gpu,gpu,3.812,measured
corrm_eb463caaaf1021f5,corrective,a78cd43b082c58fd,acute_neurotox_moe_cleaned,Neurotox MOE,M,KMersCounts,"{""k"":[1,2],""modification_abundance"":true}","{'k': [1, 2], 'modification_abundance': True}",MLP,"{""dropout"":0.25,""hidden_dims"":[128]}","{'dropout': 0.25, 'hidden_dims': [128]}",random,gpu,gpu,3.812,measured
corrm_eb463caaaf1021f5,corrective,ccd986262974ed88,acute_neurotox_moe_cleaned,Neurotox MOE,M,KMersCounts,"{""k"":[1,2],""modification_abundance"":true}","{'k': [1, 2], 'modification_abundance': True}",MLP,"{""dropout"":0,""hidden_dims"":[128,128]}","{'dropout': 0, 'hidden_dims': [128, 128]}",random,gpu,gpu,3.812,measured
corrm_eb463caaaf1021f5,corrective,3cd28bce51f61f69,acute_neurotox_moe_cleaned,Neurotox MOE,M,KMersCounts,"{""k"":[1,2],""modification_abundance"":true}","{'k': [1, 2], 'modification_abundance': True}",MLP,"{""dropout"":0.25,""hidden_dims"":[128,128]}","{'dropout': 0.25, 'hidden_dims': [128, 128]}",random,gpu,gpu,3.812,measured
corrm_72b6946baa49d949,corrective,f27e561e8f71be66,acute_neurotox_moe_cleaned,Neurotox MOE,M,KMersCounts,"{""k"":[1],""modification_abundance"":false}","{'k': [1], 'modification_abundance': False}",RandomForestModel,"{""max_depth"":20,""n_estimators"":1000}","{'max_depth': 20, 'n_estimators': 1000}",nucleobase,cpu,cpu,5.37,measured
corrm_72b6946baa49d949,corrective,b3307c0e9cd54ebf,acute_neurotox_moe_cleaned,Neurotox MOE,M,KMersCounts,"{""k"":[1],""modification_abundance"":false}","{'k': [1], 'modification_abundance': False}",RandomForestModel,"{""max_depth"":10,""n_estimators"":100}","{'max_depth': 10, 'n_estimators': 100}",nucleobase,cpu,cpu,5.37,measured
corrm_72b6946baa49d949,corrective,32d6e5726c628e57,acute_neurotox_moe_cleaned,Neurotox MOE,M,KMersCounts,"{""k"":[1],""modification_abundance"":false}","{'k': [1], 'modification_abundance': False}",RandomForestModel,"{""max_depth"":20,""n_estimators"":100}","{'max_depth': 20, 'n_estimators': 100}",nucleobase,cpu,cpu,5.37,measured
corrm_72b6946baa49d949,corrective,b72b31530b8f8328,acute_neurotox_moe_cleaned,Neurotox MOE,M,KMersCounts,"{""k"":[1],""modification_abundance"":false}","{'k': [1], 'modification_abundance': False}",RandomForestModel,"{""max_depth"":30,""n_estimators"":100}","{'max_depth': 30, 'n_estimators': 100}",nucleobase,cpu,cpu,5.37,measured
corrm_72b6946baa49d949,corrective,9ab905737ff72829,acute_neurotox_moe_cleaned,Neurotox MOE,M,KMersCounts,"{""k"":[1],""modification_abundance"":false}","{'k': [1], 'modification_abundance': False}",RandomForestModel,"{""max_depth"":10,""n_estimators"":500}","{'max_depth': 10, 'n_estimators': 500}",nucleobase,cpu,cpu,5.37,measured
corrm_72b6946baa49d949,corrective,62c56434d3c40d0b,acute_neurotox_moe_cleaned,Neurotox MOE,M,KMersCounts,"{""k"":[1],""modification_abundance"":false}","{'k': [1], 'modification_abundance': False}",RandomForestModel,"{""max_depth"":20,""n_estimators"":500}","{'max_depth': 20, 'n_estimators': 500}",nucleobase,cpu,cpu,5.37,measured
corrm_72b6946baa49d949,corrective,5830e1eaf32586d7,acute_neurotox_moe_cleaned,Neurotox MOE,M,KMersCounts,"{""k"":[1],""modification_abundance"":false}","{'k': [1], 'modification_abundance': False}",RandomForestModel,"{""max_depth"":30,""n_estimators"":500}","{'max_depth': 30, 'n_estimators': 500}",nucleobase,cpu,cpu,5.37,measured
corrm_72b6946baa49d949,corrective,69f31653ee62dbd6,acute_neurotox_moe_cleaned,Neurotox MOE,M,KMersCounts,"{""k"":[1],""modification_abundance"":false}","{'k': [1], 'modification_abundance': False}",RandomForestModel,"{""max_depth"":10,""n_estimators"":1000}","{'max_depth': 10, 'n_estimators': 1000}",nucleobase,cpu,cpu,5.37,measured
corrm_72b6946baa49d949,corrective,52194629076a630c,acute_neurotox_moe_cleaned,Neurotox MOE,M,KMersCounts,"{""k"":[1],""modification_abundance"":false}","{'k': [1], 'modification_abundance': False}",RandomForestModel,"{""max_depth"":30,""n_estimators"":1000}","{'max_depth': 30, 'n_estimators': 1000}",nucleobase,cpu,cpu,5.37,measured
corrm_72b6946baa49d949,corrective,9885069695ad4baf,acute_neurotox_moe_cleaned,Neurotox MOE,M,KMersCounts,"{""k"":[1],""modification_abundance"":false}","{'k': [1], 'modification_abundance': False}",XGBoostModel,"{""max_depth"":30,""n_estimators"":500}","{'max_depth': 30, 'n_estimators': 500}",nucleobase,cpu,cpu,0.43,measured
corrm_72b6946baa49d949,corrective,24ed832471dfb4d6,acute_neurotox_moe_cleaned,Neurotox MOE,M,KMersCounts,"{""k"":[1],""modification_abundance"":false}","{'k': [1], 'modification_abundance': False}",XGBoostModel,"{""max_depth"":30,""n_estimators"":100}","{'max_depth': 30, 'n_estimators': 100}",nucleobase,cpu,cpu,0.43,measured
corrm_72b6946baa49d949,corrective,70c31ca4df6e99c7,acute_neurotox_moe_cleaned,Neurotox MOE,M,KMersCounts,"{""k"":[1],""modification_abundance"":false}","{'k': [1], 'modification_abundance': False}",XGBoostModel,"{""max_depth"":20,""n_estimators"":100}","{'max_depth': 20, 'n_estimators': 100}",nucleobase,cpu,cpu,0.43,measured
corrm_72b6946baa49d949,corrective,5a30fcaa4bc9c28d,acute_neurotox_moe_cleaned,Neurotox MOE,M,KMersCounts,"{""k"":[1],""modification_abundance"":false}","{'k': [1], 'modification_abundance': False}",XGBoostModel,"{""max_depth"":10,""n_estimators"":100}","{'max_depth': 10, 'n_estimators': 100}",nucleobase,cpu,cpu,0.43,measured
corrm_72b6946baa49d949,corrective,b6b765f4df6483ee,acute_neurotox_moe_cleaned,Neurotox MOE,M,KMersCounts,"{""k"":[1],""modification_abundance"":false}","{'k': [1], 'modification_abundance': False}",XGBoostModel,"{""max_depth"":30,""n_estimators"":1000}","{'max_depth': 30, 'n_estimators': 1000}",nucleobase,cpu,cpu,0.43,measured
corrm_72b6946baa49d949,corrective,2cd137981e469fb5,acute_neurotox_moe_cleaned,Neurotox MOE,M,KMersCounts,"{""k"":[1],""modification_abundance"":false}","{'k': [1], 'modification_abundance': False}",XGBoostModel,"{""max_depth"":10,""n_estimators"":1000}","{'max_depth': 10, 'n_estimators': 1000}",nucleobase,cpu,cpu,0.43,measured
corrm_72b6946baa49d949,corrective,72ae8092cb2281b6,acute_neurotox_moe_cleaned,Neurotox MOE,M,KMersCounts,"{""k"":[1],""modification_abundance"":false}","{'k': [1], 'modification_abundance': False}",XGBoostModel,"{""max_depth"":20,""n_estimators"":1000}","{'max_depth': 20, 'n_estimators': 1000}",nucleobase,cpu,cpu,0.43,measured
corrm_72b6946baa49d949,corrective,53f28dbe8d0a1497,acute_neurotox_moe_cleaned,Neurotox MOE,M,KMersCounts,"{""k"":[1],""modification_abundance"":false}","{'k': [1], 'modification_abundance': False}",XGBoostModel,"{""max_depth"":20,""n_estimators"":500}","{'max_depth': 20, 'n_estimators': 500}",nucleobase,cpu,cpu,0.43,measured
corrm_72b6946baa49d949,corrective,a9d0a0eaaaf788cd,acute_neurotox_moe_cleaned,Neurotox MOE,M,KMersCounts,"{""k"":[1],""modification_abundance"":false}","{'k': [1], 'modification_abundance': False}",XGBoostModel,"{""max_depth"":10,""n_estimators"":500}","{'max_depth': 10, 'n_estimators': 500}",nucleobase,cpu,cpu,0.43,measured
corrm_72b6946baa49d949,corrective,099c1dfa6e75165a,acute_neurotox_moe_cleaned,Neurotox MOE,M,KMersCounts,"{""k"":[1],""modification_abundance"":false}","{'k': [1], 'modification_abundance': False}",NearestNeighborsModel,"{""n_neighbors"":5}",{'n_neighbors': 5},nucleobase,cpu,cpu,0.082,measured
corrm_72b6946baa49d949,corrective,6e242cb24f0e4627,acute_neurotox_moe_cleaned,Neurotox MOE,M,KMersCounts,"{""k"":[1],""modification_abundance"":false}","{'k': [1], 'modification_abundance': False}",NearestNeighborsModel,"{""n_neighbors"":15}",{'n_neighbors': 15},nucleobase,cpu,cpu,0.082,measured
corrm_72b6946baa49d949,corrective,2bd09e46989f03bc,acute_neurotox_moe_cleaned,Neurotox MOE,M,KMersCounts,"{""k"":[1],""modification_abundance"":false}","{'k': [1], 'modification_abundance': False}",NearestNeighborsModel,"{""n_neighbors"":10}",{'n_neighbors': 10},nucleobase,cpu,cpu,0.082,measured
corrm_72b6946baa49d949,corrective,c69b5eaca08f9400,acute_neurotox_moe_cleaned,Neurotox MOE,M,KMersCounts,"{""k"":[1],""modification_abundance"":false}","{'k': [1], 'modification_abundance': False}",LinearModel,"{""type"":""ridge""}",{'type': 'ridge'},nucleobase,cpu,cpu,0.016,measured
corrm_72b6946baa49d949,corrective,c4e67e2fd622f56c,acute_neurotox_moe_cleaned,Neurotox MOE,M,KMersCounts,"{""k"":[1],""modification_abundance"":false}","{'k': [1], 'modification_abundance': False}",LinearModel,"{""type"":""standard""}",{'type': 'standard'},nucleobase,cpu,cpu,0.016,measured
corrm_eb463caaaf1021f5,corrective,ef62e0b16e866240,acute_neurotox_moe_cleaned,Neurotox MOE,M,KMersCounts,"{""k"":[1],""modification_abundance"":false}","{'k': [1], 'modification_abundance': False}",MLP,"{""dropout"":0,""hidden_dims"":[64]}","{'dropout': 0, 'hidden_dims': [64]}",nucleobase,gpu,gpu,3.812,measured
corrm_eb463caaaf1021f5,corrective,ab5640c94c804af2,acute_neurotox_moe_cleaned,Neurotox MOE,M,KMersCounts,"{""k"":[1],""modification_abundance"":false}","{'k': [1], 'modification_abundance': False}",MLP,"{""dropout"":0.25,""hidden_dims"":[64]}","{'dropout': 0.25, 'hidden_dims': [64]}",nucleobase,gpu,gpu,3.812,measured
corrm_eb463caaaf1021f5,corrective,bbaa4a006358552b,acute_neurotox_moe_cleaned,Neurotox MOE,M,KMersCounts,"{""k"":[1],""modification_abundance"":false}","{'k': [1], 'modification_abundance': False}",MLP,"{""dropout"":0,""hidden_dims"":[64,64]}","{'dropout': 0, 'hidden_dims': [64, 64]}",nucleobase,gpu,gpu,3.812,measured
corrm_eb463caaaf1021f5,corrective,ac603ac6b054bb88,acute_neurotox_moe_cleaned,Neurotox MOE,M,KMersCounts,"{""k"":[1],""modification_abundance"":false}","{'k': [1], 'modification_abundance': False}",MLP,"{""dropout"":0.25,""hidden_dims"":[64,64]}","{'dropout': 0.25, 'hidden_dims': [64, 64]}",nucleobase,gpu,gpu,3.812,measured
corrm_eb463caaaf1021f5,corrective,0465021c46204cc0,acute_neurotox_moe_cleaned,Neurotox MOE,M,KMersCounts,"{""k"":[1],""modification_abundance"":false}","{'k': [1], 'modification_abundance': False}",MLP,"{""dropout"":0,""hidden_dims"":[128]}","{'dropout': 0, 'hidden_dims': [128]}",nucleobase,gpu,gpu,3.812,measured
corrm_eb463caaaf1021f5,corrective,930a2dc56ff06c4e,acute_neurotox_moe_cleaned,Neurotox MOE,M,KMersCounts,"{""k"":[1],""modification_abundance"":false}","{'k': [1], 'modification_abundance': False}",MLP,"{""dropout"":0.25,""hidden_dims"":[128]}","{'dropout': 0.25, 'hidden_dims': [128]}",nucleobase,gpu,gpu,3.812,measured
corrm_eb463caaaf1021f5,corrective,4a3d1c2832179de9,acute_neurotox_moe_cleaned,Neurotox MOE,M,KMersCounts,"{""k"":[1],""modification_abundance"":false}","{'k': [1], 'modification_abundance': False}",MLP,"{""dropout"":0,""hidden_dims"":[128,128]}","{'dropout': 0, 'hidden_dims': [128, 128]}",nucleobase,gpu,gpu,3.812,measured
corrm_eb463caaaf1021f5,corrective,b30dd3720ae9a47e,acute_neurotox_moe_cleaned,Neurotox MOE,M,KMersCounts,"{""k"":[1],""modification_abundance"":false}","{'k': [1], 'modification_abundance': False}",MLP,"{""dropout"":0.25,""hidden_dims"":[128,128]}","{'dropout': 0.25, 'hidden_dims': [128, 128]}",nucleobase,gpu,gpu,3.812,measured
corrm_72b6946baa49d949,corrective,4c02515e933a15b9,acute_neurotox_moe_cleaned,Neurotox MOE,M,KMersCounts,"{""k"":[1],""modification_abundance"":false}","{'k': [1], 'modification_abundance': False}",RandomForestModel,"{""max_depth"":20,""n_estimators"":1000}","{'max_depth': 20, 'n_estimators': 1000}",random,cpu,cpu,5.37,measured
corrm_72b6946baa49d949,corrective,47cc29285584be46,acute_neurotox_moe_cleaned,Neurotox MOE,M,KMersCounts,"{""k"":[1],""modification_abundance"":false}","{'k': [1], 'modification_abundance': False}",RandomForestModel,"{""max_depth"":10,""n_estimators"":100}","{'max_depth': 10, 'n_estimators': 100}",random,cpu,cpu,5.37,measured
corrm_72b6946baa49d949,corrective,7ff50bb562e11d6e,acute_neurotox_moe_cleaned,Neurotox MOE,M,KMersCounts,"{""k"":[1],""modification_abundance"":false}","{'k': [1], 'modification_abundance': False}",RandomForestModel,"{""max_depth"":20,""n_estimators"":100}","{'max_depth': 20, 'n_estimators': 100}",random,cpu,cpu,5.37,measured
corrm_72b6946baa49d949,corrective,919b0d42cf265054,acute_neurotox_moe_cleaned,Neurotox MOE,M,KMersCounts,"{""k"":[1],""modification_abundance"":false}","{'k': [1], 'modification_abundance': False}",RandomForestModel,"{""max_depth"":30,""n_estimators"":100}","{'max_depth': 30, 'n_estimators': 100}",random,cpu,cpu,5.37,measured
corrm_72b6946baa49d949,corrective,9bb9eea724399ab2,acute_neurotox_moe_cleaned,Neurotox MOE,M,KMersCounts,"{""k"":[1],""modification_abundance"":false}","{'k': [1], 'modification_abundance': False}",RandomForestModel,"{""max_depth"":10,""n_estimators"":500}","{'max_depth': 10, 'n_estimators': 500}",random,cpu,cpu,5.37,measured
corrm_72b6946baa49d949,corrective,ac7c03cb69f2b265,acute_neurotox_moe_cleaned,Neurotox MOE,M,KMersCounts,"{""k"":[1],""modification_abundance"":false}","{'k': [1], 'modification_abundance': False}",RandomForestModel,"{""max_depth"":20,""n_estimators"":500}","{'max_depth': 20, 'n_estimators': 500}",random,cpu,cpu,5.37,measured
corrm_72b6946baa49d949,corrective,2a6e79e666090e5d,acute_neurotox_moe_cleaned,Neurotox MOE,M,KMersCounts,"{""k"":[1],""modification_abundance"":false}","{'k': [1], 'modification_abundance': False}",RandomForestModel,"{""max_depth"":30,""n_estimators"":500}","{'max_depth': 30, 'n_estimators': 500}",random,cpu,cpu,5.37,measured
corrm_72b6946baa49d949,corrective,c379accc9e236833,acute_neurotox_moe_cleaned,Neurotox MOE,M,KMersCounts,"{""k"":[1],""modification_abundance"":false}","{'k': [1], 'modification_abundance': False}",RandomForestModel,"{""max_depth"":10,""n_estimators"":1000}","{'max_depth': 10, 'n_estimators': 1000}",random,cpu,cpu,5.37,measured
corrm_72b6946baa49d949,corrective,f6ee0d2c493371cf,acute_neurotox_moe_cleaned,Neurotox MOE,M,KMersCounts,"{""k"":[1],""modification_abundance"":false}","{'k': [1], 'modification_abundance': False}",RandomForestModel,"{""max_depth"":30,""n_estimators"":1000}","{'max_depth': 30, 'n_estimators': 1000}",random,cpu,cpu,5.37,measured
corrm_72b6946baa49d949,corrective,d613cf992fbc3c15,acute_neurotox_moe_cleaned,Neurotox MOE,M,KMersCounts,"{""k"":[1],""modification_abundance"":false}","{'k': [1], 'modification_abundance': False}",XGBoostModel,"{""max_depth"":30,""n_estimators"":500}","{'max_depth': 30, 'n_estimators': 500}",random,cpu,cpu,0.43,measured
corrm_72b6946baa49d949,corrective,d3bec1f9e0e383f0,acute_neurotox_moe_cleaned,Neurotox MOE,M,KMersCounts,"{""k"":[1],""modification_abundance"":false}","{'k': [1], 'modification_abundance': False}",XGBoostModel,"{""max_depth"":30,""n_estimators"":100}","{'max_depth': 30, 'n_estimators': 100}",random,cpu,cpu,0.43,measured
corrm_72b6946baa49d949,corrective,ad5a925f204da5a7,acute_neurotox_moe_cleaned,Neurotox MOE,M,KMersCounts,"{""k"":[1],""modification_abundance"":false}","{'k': [1], 'modification_abundance': False}",XGBoostModel,"{""max_depth"":20,""n_estimators"":100}","{'max_depth': 20, 'n_estimators': 100}",random,cpu,cpu,0.43,measured
corrm_72b6946baa49d949,corrective,6f2ca26adfb9d72e,acute_neurotox_moe_cleaned,Neurotox MOE,M,KMersCounts,"{""k"":[1],""modification_abundance"":false}","{'k': [1], 'modification_abundance': False}",XGBoostModel,"{""max_depth"":10,""n_estimators"":100}","{'max_depth': 10, 'n_estimators': 100}",random,cpu,cpu,0.43,measured
corrm_72b6946baa49d949,corrective,fa39bdd5d12e2200,acute_neurotox_moe_cleaned,Neurotox MOE,M,KMersCounts,"{""k"":[1],""modification_abundance"":false}","{'k': [1], 'modification_abundance': False}",XGBoostModel,"{""max_depth"":30,""n_estimators"":1000}","{'max_depth': 30, 'n_estimators': 1000}",random,cpu,cpu,0.43,measured
corrm_72b6946baa49d949,corrective,6d613123469a1c9f,acute_neurotox_moe_cleaned,Neurotox MOE,M,KMersCounts,"{""k"":[1],""modification_abundance"":false}","{'k': [1], 'modification_abundance': False}",XGBoostModel,"{""max_depth"":10,""n_estimators"":1000}","{'max_depth': 10, 'n_estimators': 1000}",random,cpu,cpu,0.43,measured
corrm_72b6946baa49d949,corrective,0511b96bde876b83,acute_neurotox_moe_cleaned,Neurotox MOE,M,KMersCounts,"{""k"":[1],""modification_abundance"":false}","{'k': [1], 'modification_abundance': False}",XGBoostModel,"{""max_depth"":20,""n_estimators"":1000}","{'max_depth': 20, 'n_estimators': 1000}",random,cpu,cpu,0.43,measured
corrm_72b6946baa49d949,corrective,9f47a9cdbb5e2cf0,acute_neurotox_moe_cleaned,Neurotox MOE,M,KMersCounts,"{""k"":[1],""modification_abundance"":false}","{'k': [1], 'modification_abundance': False}",XGBoostModel,"{""max_depth"":20,""n_estimators"":500}","{'max_depth': 20, 'n_estimators': 500}",random,cpu,cpu,0.43,measured
corrm_72b6946baa49d949,corrective,a43e74dde41d6dcf,acute_neurotox_moe_cleaned,Neurotox MOE,M,KMersCounts,"{""k"":[1],""modification_abundance"":false}","{'k': [1], 'modification_abundance': False}",XGBoostModel,"{""max_depth"":10,""n_estimators"":500}","{'max_depth': 10, 'n_estimators': 500}",random,cpu,cpu,0.43,measured
corrm_72b6946baa49d949,corrective,b998e8e9f5c3f575,acute_neurotox_moe_cleaned,Neurotox MOE,M,KMersCounts,"{""k"":[1],""modification_abundance"":false}","{'k': [1], 'modification_abundance': False}",NearestNeighborsModel,"{""n_neighbors"":5}",{'n_neighbors': 5},random,cpu,cpu,0.082,measured
corrm_72b6946baa49d949,corrective,8536cb14047d2ab0,acute_neurotox_moe_cleaned,Neurotox MOE,M,KMersCounts,"{""k"":[1],""modification_abundance"":false}","{'k': [1], 'modification_abundance': False}",NearestNeighborsModel,"{""n_neighbors"":15}",{'n_neighbors': 15},random,cpu,cpu,0.082,measured
corrm_72b6946baa49d949,corrective,4ab80b45b14df9f8,acute_neurotox_moe_cleaned,Neurotox MOE,M,KMersCounts,"{""k"":[1],""modification_abundance"":false}","{'k': [1], 'modification_abundance': False}",NearestNeighborsModel,"{""n_neighbors"":10}",{'n_neighbors': 10},random,cpu,cpu,0.082,measured
corrm_72b6946baa49d949,corrective,d4a69155675fbaa7,acute_neurotox_moe_cleaned,Neurotox MOE,M,KMersCounts,"{""k"":[1],""modification_abundance"":false}","{'k': [1], 'modification_abundance': False}",LinearModel,"{""type"":""ridge""}",{'type': 'ridge'},random,cpu,cpu,0.016,measured
corrm_72b6946baa49d949,corrective,e65a910fc93cd713,acute_neurotox_moe_cleaned,Neurotox MOE,M,KMersCounts,"{""k"":[1],""modification_abundance"":false}","{'k': [1], 'modification_abundance': False}",LinearModel,"{""type"":""standard""}",{'type': 'standard'},random,cpu,cpu,0.016,measured
corrm_eb463caaaf1021f5,corrective,4dec4ac675242587,acute_neurotox_moe_cleaned,Neurotox MOE,M,KMersCounts,"{""k"":[1],""modification_abundance"":false}","{'k': [1], 'modification_abundance': False}",MLP,"{""dropout"":0,""hidden_dims"":[64]}","{'dropout': 0, 'hidden_dims': [64]}",random,gpu,gpu,3.812,measured
corrm_eb463caaaf1021f5,corrective,86b6bff8fc1d38e7,acute_neurotox_moe_cleaned,Neurotox MOE,M,KMersCounts,"{""k"":[1],""modification_abundance"":false}","{'k': [1], 'modification_abundance': False}",MLP,"{""dropout"":0.25,""hidden_dims"":[64]}","{'dropout': 0.25, 'hidden_dims': [64]}",random,gpu,gpu,3.812,measured
corrm_eb463caaaf1021f5,corrective,78ae069afc62b8a6,acute_neurotox_moe_cleaned,Neurotox MOE,M,KMersCounts,"{""k"":[1],""modification_abundance"":false}","{'k': [1], 'modification_abundance': False}",MLP,"{""dropout"":0,""hidden_dims"":[64,64]}","{'dropout': 0, 'hidden_dims': [64, 64]}",random,gpu,gpu,3.812,measured
corrm_eb463caaaf1021f5,corrective,c8415f4bfe1723e9,acute_neurotox_moe_cleaned,Neurotox MOE,M,KMersCounts,"{""k"":[1],""modification_abundance"":false}","{'k': [1], 'modification_abundance': False}",MLP,"{""dropout"":0.25,""hidden_dims"":[64,64]}","{'dropout': 0.25, 'hidden_dims': [64, 64]}",random,gpu,gpu,3.812,measured
corrm_eb463caaaf1021f5,corrective,7064f37fe4013125,acute_neurotox_moe_cleaned,Neurotox MOE,M,KMersCounts,"{""k"":[1],""modification_abundance"":false}","{'k': [1], 'modification_abundance': False}",MLP,"{""dropout"":0,""hidden_dims"":[128]}","{'dropout': 0, 'hidden_dims': [128]}",random,gpu,gpu,3.812,measured
corrm_eb463caaaf1021f5,corrective,58164583cf8a9567,acute_neurotox_moe_cleaned,Neurotox MOE,M,KMersCounts,"{""k"":[1],""modification_abundance"":false}","{'k': [1], 'modification_abundance': False}",MLP,"{""dropout"":0.25,""hidden_dims"":[128]}","{'dropout': 0.25, 'hidden_dims': [128]}",random,gpu,gpu,3.812,measured
corrm_eb463caaaf1021f5,corrective,3d2b8315c91d57e2,acute_neurotox_moe_cleaned,Neurotox MOE,M,KMersCounts,"{""k"":[1],""modification_abundance"":false}","{'k': [1], 'modification_abundance': False}",MLP,"{""dropout"":0,""hidden_dims"":[128,128]}","{'dropout': 0, 'hidden_dims': [128, 128]}",random,gpu,gpu,3.812,measured
corrm_eb463caaaf1021f5,corrective,8978fb2438328e1d,acute_neurotox_moe_cleaned,Neurotox MOE,M,KMersCounts,"{""k"":[1],""modification_abundance"":false}","{'k': [1], 'modification_abundance': False}",MLP,"{""dropout"":0.25,""hidden_dims"":[128,128]}","{'dropout': 0.25, 'hidden_dims': [128, 128]}",random,gpu,gpu,3.812,measured
corrm_72b6946baa49d949,corrective,b2e3cc15a9e7d160,acute_neurotox_moe_cleaned,Neurotox MOE,M,KMersCounts,"{""k"":[1],""modification_abundance"":true}","{'k': [1], 'modification_abundance': True}",RandomForestModel,"{""max_depth"":20,""n_estimators"":1000}","{'max_depth': 20, 'n_estimators': 1000}",nucleobase,cpu,cpu,5.37,measured
corrm_72b6946baa49d949,corrective,a5c2e4c3243bf438,acute_neurotox_moe_cleaned,Neurotox MOE,M,KMersCounts,"{""k"":[1],""modification_abundance"":true}","{'k': [1], 'modification_abundance': True}",RandomForestModel,"{""max_depth"":10,""n_estimators"":100}","{'max_depth': 10, 'n_estimators': 100}",nucleobase,cpu,cpu,5.37,measured
corrm_72b6946baa49d949,corrective,acc3a95dca23c0d2,acute_neurotox_moe_cleaned,Neurotox MOE,M,KMersCounts,"{""k"":[1],""modification_abundance"":true}","{'k': [1], 'modification_abundance': True}",RandomForestModel,"{""max_depth"":20,""n_estimators"":100}","{'max_depth': 20, 'n_estimators': 100}",nucleobase,cpu,cpu,5.37,measured
corrm_72b6946baa49d949,corrective,9a1741d5db27387b,acute_neurotox_moe_cleaned,Neurotox MOE,M,KMersCounts,"{""k"":[1],""modification_abundance"":true}","{'k': [1], 'modification_abundance': True}",RandomForestModel,"{""max_depth"":30,""n_estimators"":100}","{'max_depth': 30, 'n_estimators': 100}",nucleobase,cpu,cpu,5.37,measured
corrm_72b6946baa49d949,corrective,3834b33fff0b4ee4,acute_neurotox_moe_cleaned,Neurotox MOE,M,KMersCounts,"{""k"":[1],""modification_abundance"":true}","{'k': [1], 'modification_abundance': True}",RandomForestModel,"{""max_depth"":10,""n_estimators"":500}","{'max_depth': 10, 'n_estimators': 500}",nucleobase,cpu,cpu,5.37,measured
corrm_72b6946baa49d949,corrective,38ccf9d5f1d023d9,acute_neurotox_moe_cleaned,Neurotox MOE,M,KMersCounts,"{""k"":[1],""modification_abundance"":true}","{'k': [1], 'modification_abundance': True}",RandomForestModel,"{""max_depth"":20,""n_estimators"":500}","{'max_depth': 20, 'n_estimators': 500}",nucleobase,cpu,cpu,5.37,measured
corrm_72b6946baa49d949,corrective,eb80456b279dec78,acute_neurotox_moe_cleaned,Neurotox MOE,M,KMersCounts,"{""k"":[1],""modification_abundance"":true}","{'k': [1], 'modification_abundance': True}",RandomForestModel,"{""max_depth"":30,""n_estimators"":500}","{'max_depth': 30, 'n_estimators': 500}",nucleobase,cpu,cpu,5.37,measured
corrm_72b6946baa49d949,corrective,4b62d19213f896a7,acute_neurotox_moe_cleaned,Neurotox MOE,M,KMersCounts,"{""k"":[1],""modification_abundance"":true}","{'k': [1], 'modification_abundance': True}",RandomForestModel,"{""max_depth"":10,""n_estimators"":1000}","{'max_depth': 10, 'n_estimators': 1000}",nucleobase,cpu,cpu,5.37,measured
corrm_72b6946baa49d949,corrective,52c66802d92a0acc,acute_neurotox_moe_cleaned,Neurotox MOE,M,KMersCounts,"{""k"":[1],""modification_abundance"":true}","{'k': [1], 'modification_abundance': True}",RandomForestModel,"{""max_depth"":30,""n_estimators"":1000}","{'max_depth': 30, 'n_estimators': 1000}",nucleobase,cpu,cpu,5.37,measured
corrm_72b6946baa49d949,corrective,c78b79e044dc95c3,acute_neurotox_moe_cleaned,Neurotox MOE,M,KMersCounts,"{""k"":[1],""modification_abundance"":true}","{'k': [1], 'modification_abundance': True}",XGBoostModel,"{""max_depth"":30,""n_estimators"":500}","{'max_depth': 30, 'n_estimators': 500}",nucleobase,cpu,cpu,0.43,measured
corrm_72b6946baa49d949,corrective,de1031eb7b77ea41,acute_neurotox_moe_cleaned,Neurotox MOE,M,KMersCounts,"{""k"":[1],""modification_abundance"":true}","{'k': [1], 'modification_abundance': True}",XGBoostModel,"{""max_depth"":30,""n_estimators"":100}","{'max_depth': 30, 'n_estimators': 100}",nucleobase,cpu,cpu,0.43,measured
corrm_72b6946baa49d949,corrective,6026d97167356c22,acute_neurotox_moe_cleaned,Neurotox MOE,M,KMersCounts,"{""k"":[1],""modification_abundance"":true}","{'k': [1], 'modification_abundance': True}",XGBoostModel,"{""max_depth"":20,""n_estimators"":100}","{'max_depth': 20, 'n_estimators': 100}",nucleobase,cpu,cpu,0.43,measured
corrm_72b6946baa49d949,corrective,3e2ed16c38461b58,acute_neurotox_moe_cleaned,Neurotox MOE,M,KMersCounts,"{""k"":[1],""modification_abundance"":true}","{'k': [1], 'modification_abundance': True}",XGBoostModel,"{""max_depth"":10,""n_estimators"":100}","{'max_depth': 10, 'n_estimators': 100}",nucleobase,cpu,cpu,0.43,measured
corrm_72b6946baa49d949,corrective,15bdbcbc99d73283,acute_neurotox_moe_cleaned,Neurotox MOE,M,KMersCounts,"{""k"":[1],""modification_abundance"":true}","{'k': [1], 'modification_abundance': True}",XGBoostModel,"{""max_depth"":30,""n_estimators"":1000}","{'max_depth': 30, 'n_estimators': 1000}",nucleobase,cpu,cpu,0.43,measured
corrm_72b6946baa49d949,corrective,d7347ef5910f8ed6,acute_neurotox_moe_cleaned,Neurotox MOE,M,KMersCounts,"{""k"":[1],""modification_abundance"":true}","{'k': [1], 'modification_abundance': True}",XGBoostModel,"{""max_depth"":10,""n_estimators"":1000}","{'max_depth': 10, 'n_estimators': 1000}",nucleobase,cpu,cpu,0.43,measured
corrm_72b6946baa49d949,corrective,b372ec2e95c24421,acute_neurotox_moe_cleaned,Neurotox MOE,M,KMersCounts,"{""k"":[1],""modification_abundance"":true}","{'k': [1], 'modification_abundance': True}",XGBoostModel,"{""max_depth"":20,""n_estimators"":1000}","{'max_depth': 20, 'n_estimators': 1000}",nucleobase,cpu,cpu,0.43,measured
corrm_72b6946baa49d949,corrective,405ba3410d4e424b,acute_neurotox_moe_cleaned,Neurotox MOE,M,KMersCounts,"{""k"":[1],""modification_abundance"":true}","{'k': [1], 'modification_abundance': True}",XGBoostModel,"{""max_depth"":20,""n_estimators"":500}","{'max_depth': 20, 'n_estimators': 500}",nucleobase,cpu,cpu,0.43,measured
corrm_72b6946baa49d949,corrective,cea43d25b4fe1b82,acute_neurotox_moe_cleaned,Neurotox MOE,M,KMersCounts,"{""k"":[1],""modification_abundance"":true}","{'k': [1], 'modification_abundance': True}",XGBoostModel,"{""max_depth"":10,""n_estimators"":500}","{'max_depth': 10, 'n_estimators': 500}",nucleobase,cpu,cpu,0.43,measured
corrm_72b6946baa49d949,corrective,e9a06f923cf9f025,acute_neurotox_moe_cleaned,Neurotox MOE,M,KMersCounts,"{""k"":[1],""modification_abundance"":true}","{'k': [1], 'modification_abundance': True}",NearestNeighborsModel,"{""n_neighbors"":5}",{'n_neighbors': 5},nucleobase,cpu,cpu,0.082,measured
corrm_72b6946baa49d949,corrective,044e37bca0452029,acute_neurotox_moe_cleaned,Neurotox MOE,M,KMersCounts,"{""k"":[1],""modification_abundance"":true}","{'k': [1], 'modification_abundance': True}",NearestNeighborsModel,"{""n_neighbors"":15}",{'n_neighbors': 15},nucleobase,cpu,cpu,0.082,measured
corrm_72b6946baa49d949,corrective,f71455c8bd6b5541,acute_neurotox_moe_cleaned,Neurotox MOE,M,KMersCounts,"{""k"":[1],""modification_abundance"":true}","{'k': [1], 'modification_abundance': True}",NearestNeighborsModel,"{""n_neighbors"":10}",{'n_neighbors': 10},nucleobase,cpu,cpu,0.082,measured
corrm_72b6946baa49d949,corrective,b70b42ea55e35e4f,acute_neurotox_moe_cleaned,Neurotox MOE,M,KMersCounts,"{""k"":[1],""modification_abundance"":true}","{'k': [1], 'modification_abundance': True}",LinearModel,"{""type"":""ridge""}",{'type': 'ridge'},nucleobase,cpu,cpu,0.016,measured
corrm_72b6946baa49d949,corrective,ff5bf4c90a3ed7a5,acute_neurotox_moe_cleaned,Neurotox MOE,M,KMersCounts,"{""k"":[1],""modification_abundance"":true}","{'k': [1], 'modification_abundance': True}",LinearModel,"{""type"":""standard""}",{'type': 'standard'},nucleobase,cpu,cpu,0.016,measured
corrm_eb463caaaf1021f5,corrective,87ab0b541a2171f4,acute_neurotox_moe_cleaned,Neurotox MOE,M,KMersCounts,"{""k"":[1],""modification_abundance"":true}","{'k': [1], 'modification_abundance': True}",MLP,"{""dropout"":0,""hidden_dims"":[64]}","{'dropout': 0, 'hidden_dims': [64]}",nucleobase,gpu,gpu,3.812,measured
corrm_eb463caaaf1021f5,corrective,6735f4c25cd0adcf,acute_neurotox_moe_cleaned,Neurotox MOE,M,KMersCounts,"{""k"":[1],""modification_abundance"":true}","{'k': [1], 'modification_abundance': True}",MLP,"{""dropout"":0.25,""hidden_dims"":[64]}","{'dropout': 0.25, 'hidden_dims': [64]}",nucleobase,gpu,gpu,3.812,measured
corrm_eb463caaaf1021f5,corrective,38062801630f70e9,acute_neurotox_moe_cleaned,Neurotox MOE,M,KMersCounts,"{""k"":[1],""modification_abundance"":true}","{'k': [1], 'modification_abundance': True}",MLP,"{""dropout"":0,""hidden_dims"":[64,64]}","{'dropout': 0, 'hidden_dims': [64, 64]}",nucleobase,gpu,gpu,3.812,measured
corrm_eb463caaaf1021f5,corrective,21782fc563d7ebfd,acute_neurotox_moe_cleaned,Neurotox MOE,M,KMersCounts,"{""k"":[1],""modification_abundance"":true}","{'k': [1], 'modification_abundance': True}",MLP,"{""dropout"":0.25,""hidden_dims"":[64,64]}","{'dropout': 0.25, 'hidden_dims': [64, 64]}",nucleobase,gpu,gpu,3.812,measured
corrm_eb463caaaf1021f5,corrective,81a1562bca043ebe,acute_neurotox_moe_cleaned,Neurotox MOE,M,KMersCounts,"{""k"":[1],""modification_abundance"":true}","{'k': [1], 'modification_abundance': True}",MLP,"{""dropout"":0,""hidden_dims"":[128]}","{'dropout': 0, 'hidden_dims': [128]}",nucleobase,gpu,gpu,3.812,measured
corrm_eb463caaaf1021f5,corrective,245c595209b441ab,acute_neurotox_moe_cleaned,Neurotox MOE,M,KMersCounts,"{""k"":[1],""modification_abundance"":true}","{'k': [1], 'modification_abundance': True}",MLP,"{""dropout"":0.25,""hidden_dims"":[128]}","{'dropout': 0.25, 'hidden_dims': [128]}",nucleobase,gpu,gpu,3.812,measured
corrm_eb463caaaf1021f5,corrective,222fe04d958407a3,acute_neurotox_moe_cleaned,Neurotox MOE,M,KMersCounts,"{""k"":[1],""modification_abundance"":true}","{'k': [1], 'modification_abundance': True}",MLP,"{""dropout"":0,""hidden_dims"":[128,128]}","{'dropout': 0, 'hidden_dims': [128, 128]}",nucleobase,gpu,gpu,3.812,measured
corrm_eb463caaaf1021f5,corrective,76b4c8f3119e16f6,acute_neurotox_moe_cleaned,Neurotox MOE,M,KMersCounts,"{""k"":[1],""modification_abundance"":true}","{'k': [1], 'modification_abundance': True}",MLP,"{""dropout"":0.25,""hidden_dims"":[128,128]}","{'dropout': 0.25, 'hidden_dims': [128, 128]}",nucleobase,gpu,gpu,3.812,measured
corrm_72b6946baa49d949,corrective,8fe36a1910bf9ffd,acute_neurotox_moe_cleaned,Neurotox MOE,M,KMersCounts,"{""k"":[1],""modification_abundance"":true}","{'k': [1], 'modification_abundance': True}",RandomForestModel,"{""max_depth"":20,""n_estimators"":1000}","{'max_depth': 20, 'n_estimators': 1000}",random,cpu,cpu,5.37,measured
corrm_72b6946baa49d949,corrective,443abed0696baee6,acute_neurotox_moe_cleaned,Neurotox MOE,M,KMersCounts,"{""k"":[1],""modification_abundance"":true}","{'k': [1], 'modification_abundance': True}",RandomForestModel,"{""max_depth"":10,""n_estimators"":100}","{'max_depth': 10, 'n_estimators': 100}",random,cpu,cpu,5.37,measured
corrm_72b6946baa49d949,corrective,52340abfe4072200,acute_neurotox_moe_cleaned,Neurotox MOE,M,KMersCounts,"{""k"":[1],""modification_abundance"":true}","{'k': [1], 'modification_abundance': True}",RandomForestModel,"{""max_depth"":20,""n_estimators"":100}","{'max_depth': 20, 'n_estimators': 100}",random,cpu,cpu,5.37,measured
corrm_72b6946baa49d949,corrective,beaa9b7b17793b15,acute_neurotox_moe_cleaned,Neurotox MOE,M,KMersCounts,"{""k"":[1],""modification_abundance"":true}","{'k': [1], 'modification_abundance': True}",RandomForestModel,"{""max_depth"":30,""n_estimators"":100}","{'max_depth': 30, 'n_estimators': 100}",random,cpu,cpu,5.37,measured
corrm_72b6946baa49d949,corrective,1b1b45da4fc67902,acute_neurotox_moe_cleaned,Neurotox MOE,M,KMersCounts,"{""k"":[1],""modification_abundance"":true}","{'k': [1], 'modification_abundance': True}",RandomForestModel,"{""max_depth"":10,""n_estimators"":500}","{'max_depth': 10, 'n_estimators': 500}",random,cpu,cpu,5.37,measured
corrm_72b6946baa49d949,corrective,6dfcbaff805d44ea,acute_neurotox_moe_cleaned,Neurotox MOE,M,KMersCounts,"{""k"":[1],""modification_abundance"":true}","{'k': [1], 'modification_abundance': True}",RandomForestModel,"{""max_depth"":20,""n_estimators"":500}","{'max_depth': 20, 'n_estimators': 500}",random,cpu,cpu,5.37,measured
corrm_72b6946baa49d949,corrective,aac86954be8f2423,acute_neurotox_moe_cleaned,Neurotox MOE,M,KMersCounts,"{""k"":[1],""modification_abundance"":true}","{'k': [1], 'modification_abundance': True}",RandomForestModel,"{""max_depth"":30,""n_estimators"":500}","{'max_depth': 30, 'n_estimators': 500}",random,cpu,cpu,5.37,measured
corrm_72b6946baa49d949,corrective,3d27440b0e8cbd26,acute_neurotox_moe_cleaned,Neurotox MOE,M,KMersCounts,"{""k"":[1],""modification_abundance"":true}","{'k': [1], 'modification_abundance': True}",RandomForestModel,"{""max_depth"":10,""n_estimators"":1000}","{'max_depth': 10, 'n_estimators': 1000}",random,cpu,cpu,5.37,measured
corrm_72b6946baa49d949,corrective,cb209c103c52e364,acute_neurotox_moe_cleaned,Neurotox MOE,M,KMersCounts,"{""k"":[1],""modification_abundance"":true}","{'k': [1], 'modification_abundance': True}",RandomForestModel,"{""max_depth"":30,""n_estimators"":1000}","{'max_depth': 30, 'n_estimators': 1000}",random,cpu,cpu,5.37,measured
corrm_72b6946baa49d949,corrective,d40c2b8f8267648b,acute_neurotox_moe_cleaned,Neurotox MOE,M,KMersCounts,"{""k"":[1],""modification_abundance"":true}","{'k': [1], 'modification_abundance': True}",XGBoostModel,"{""max_depth"":30,""n_estimators"":500}","{'max_depth': 30, 'n_estimators': 500}",random,cpu,cpu,0.43,measured
corrm_72b6946baa49d949,corrective,26d3f02d4e4d9591,acute_neurotox_moe_cleaned,Neurotox MOE,M,KMersCounts,"{""k"":[1],""modification_abundance"":true}","{'k': [1], 'modification_abundance': True}",XGBoostModel,"{""max_depth"":30,""n_estimators"":100}","{'max_depth': 30, 'n_estimators': 100}",random,cpu,cpu,0.43,measured
corrm_72b6946baa49d949,corrective,10f0aa0b0ba820c4,acute_neurotox_moe_cleaned,Neurotox MOE,M,KMersCounts,"{""k"":[1],""modification_abundance"":true}","{'k': [1], 'modification_abundance': True}",XGBoostModel,"{""max_depth"":20,""n_estimators"":100}","{'max_depth': 20, 'n_estimators': 100}",random,cpu,cpu,0.43,measured
corrm_72b6946baa49d949,corrective,8fdba2d20a59733c,acute_neurotox_moe_cleaned,Neurotox MOE,M,KMersCounts,"{""k"":[1],""modification_abundance"":true}","{'k': [1], 'modification_abundance': True}",XGBoostModel,"{""max_depth"":10,""n_estimators"":100}","{'max_depth': 10, 'n_estimators': 100}",random,cpu,cpu,0.43,measured
corrm_72b6946baa49d949,corrective,b0da2c8cbf886404,acute_neurotox_moe_cleaned,Neurotox MOE,M,KMersCounts,"{""k"":[1],""modification_abundance"":true}","{'k': [1], 'modification_abundance': True}",XGBoostModel,"{""max_depth"":30,""n_estimators"":1000}","{'max_depth': 30, 'n_estimators': 1000}",random,cpu,cpu,0.43,measured
corrm_72b6946baa49d949,corrective,25568c5bc73196fa,acute_neurotox_moe_cleaned,Neurotox MOE,M,KMersCounts,"{""k"":[1],""modification_abundance"":true}","{'k': [1], 'modification_abundance': True}",XGBoostModel,"{""max_depth"":10,""n_estimators"":1000}","{'max_depth': 10, 'n_estimators': 1000}",random,cpu,cpu,0.43,measured
corrm_72b6946baa49d949,corrective,8eeb35f8d32a4b31,acute_neurotox_moe_cleaned,Neurotox MOE,M,KMersCounts,"{""k"":[1],""modification_abundance"":true}","{'k': [1], 'modification_abundance': True}",XGBoostModel,"{""max_depth"":20,""n_estimators"":1000}","{'max_depth': 20, 'n_estimators': 1000}",random,cpu,cpu,0.43,measured
corrm_72b6946baa49d949,corrective,1c13085b793ff219,acute_neurotox_moe_cleaned,Neurotox MOE,M,KMersCounts,"{""k"":[1],""modification_abundance"":true}","{'k': [1], 'modification_abundance': True}",XGBoostModel,"{""max_depth"":20,""n_estimators"":500}","{'max_depth': 20, 'n_estimators': 500}",random,cpu,cpu,0.43,measured
corrm_72b6946baa49d949,corrective,5840165146e7b6bb,acute_neurotox_moe_cleaned,Neurotox MOE,M,KMersCounts,"{""k"":[1],""modification_abundance"":true}","{'k': [1], 'modification_abundance': True}",XGBoostModel,"{""max_depth"":10,""n_estimators"":500}","{'max_depth': 10, 'n_estimators': 500}",random,cpu,cpu,0.43,measured
corrm_72b6946baa49d949,corrective,b35e8dfeac25bf4b,acute_neurotox_moe_cleaned,Neurotox MOE,M,KMersCounts,"{""k"":[1],""modification_abundance"":true}","{'k': [1], 'modification_abundance': True}",NearestNeighborsModel,"{""n_neighbors"":5}",{'n_neighbors': 5},random,cpu,cpu,0.082,measured
corrm_72b6946baa49d949,corrective,02d2ad6d8bad10ea,acute_neurotox_moe_cleaned,Neurotox MOE,M,KMersCounts,"{""k"":[1],""modification_abundance"":true}","{'k': [1], 'modification_abundance': True}",NearestNeighborsModel,"{""n_neighbors"":15}",{'n_neighbors': 15},random,cpu,cpu,0.082,measured
corrm_72b6946baa49d949,corrective,9a6761c8860de590,acute_neurotox_moe_cleaned,Neurotox MOE,M,KMersCounts,"{""k"":[1],""modification_abundance"":true}","{'k': [1], 'modification_abundance': True}",NearestNeighborsModel,"{""n_neighbors"":10}",{'n_neighbors': 10},random,cpu,cpu,0.082,measured
corrm_72b6946baa49d949,corrective,b2bb72f116d4db8e,acute_neurotox_moe_cleaned,Neurotox MOE,M,KMersCounts,"{""k"":[1],""modification_abundance"":true}","{'k': [1], 'modification_abundance': True}",LinearModel,"{""type"":""ridge""}",{'type': 'ridge'},random,cpu,cpu,0.016,measured
corrm_72b6946baa49d949,corrective,d0ffaf69ecf1e421,acute_neurotox_moe_cleaned,Neurotox MOE,M,KMersCounts,"{""k"":[1],""modification_abundance"":true}","{'k': [1], 'modification_abundance': True}",LinearModel,"{""type"":""standard""}",{'type': 'standard'},random,cpu,cpu,0.016,measured
corrm_eb463caaaf1021f5,corrective,93e804bc675ca919,acute_neurotox_moe_cleaned,Neurotox MOE,M,KMersCounts,"{""k"":[1],""modification_abundance"":true}","{'k': [1], 'modification_abundance': True}",MLP,"{""dropout"":0,""hidden_dims"":[64]}","{'dropout': 0, 'hidden_dims': [64]}",random,gpu,gpu,3.812,measured
corrm_eb463caaaf1021f5,corrective,b22ff52a11731548,acute_neurotox_moe_cleaned,Neurotox MOE,M,KMersCounts,"{""k"":[1],""modification_abundance"":true}","{'k': [1], 'modification_abundance': True}",MLP,"{""dropout"":0.25,""hidden_dims"":[64]}","{'dropout': 0.25, 'hidden_dims': [64]}",random,gpu,gpu,3.812,measured
corrm_eb463caaaf1021f5,corrective,08f9070d2cb87781,acute_neurotox_moe_cleaned,Neurotox MOE,M,KMersCounts,"{""k"":[1],""modification_abundance"":true}","{'k': [1], 'modification_abundance': True}",MLP,"{""dropout"":0,""hidden_dims"":[64,64]}","{'dropout': 0, 'hidden_dims': [64, 64]}",random,gpu,gpu,3.812,measured
corrm_eb463caaaf1021f5,corrective,1d69329dc0d49427,acute_neurotox_moe_cleaned,Neurotox MOE,M,KMersCounts,"{""k"":[1],""modification_abundance"":true}","{'k': [1], 'modification_abundance': True}",MLP,"{""dropout"":0.25,""hidden_dims"":[64,64]}","{'dropout': 0.25, 'hidden_dims': [64, 64]}",random,gpu,gpu,3.812,measured
corrm_eb463caaaf1021f5,corrective,42674a50968b16db,acute_neurotox_moe_cleaned,Neurotox MOE,M,KMersCounts,"{""k"":[1],""modification_abundance"":true}","{'k': [1], 'modification_abundance': True}",MLP,"{""dropout"":0,""hidden_dims"":[128]}","{'dropout': 0, 'hidden_dims': [128]}",random,gpu,gpu,3.812,measured
corrm_eb463caaaf1021f5,corrective,9694e2d78a1601d0,acute_neurotox_moe_cleaned,Neurotox MOE,M,KMersCounts,"{""k"":[1],""modification_abundance"":true}","{'k': [1], 'modification_abundance': True}",MLP,"{""dropout"":0.25,""hidden_dims"":[128]}","{'dropout': 0.25, 'hidden_dims': [128]}",random,gpu,gpu,3.812,measured
corrm_eb463caaaf1021f5,corrective,334b4fcb1b1d9c40,acute_neurotox_moe_cleaned,Neurotox MOE,M,KMersCounts,"{""k"":[1],""modification_abundance"":true}","{'k': [1], 'modification_abundance': True}",MLP,"{""dropout"":0,""hidden_dims"":[128,128]}","{'dropout': 0, 'hidden_dims': [128, 128]}",random,gpu,gpu,3.812,measured
corrm_eb463caaaf1021f5,corrective,083b066b5824b479,acute_neurotox_moe_cleaned,Neurotox MOE,M,KMersCounts,"{""k"":[1],""modification_abundance"":true}","{'k': [1], 'modification_abundance': True}",MLP,"{""dropout"":0.25,""hidden_dims"":[128,128]}","{'dropout': 0.25, 'hidden_dims': [128, 128]}",random,gpu,gpu,3.812,measured
corrm_72b6946baa49d949,corrective,e636922238918dba,acute_neurotox_moe_cleaned,Neurotox MOE,M,OneHotEncoder,"{""encode_components"":[""base"",""sugar"",""phosphate""]}","{'encode_components': ['base', 'sugar', 'phosphate']}",RandomForestModel,"{""max_depth"":20,""n_estimators"":1000}","{'max_depth': 20, 'n_estimators': 1000}",nucleobase,cpu,cpu,5.37,measured
corrm_72b6946baa49d949,corrective,266621dd9f1689dd,acute_neurotox_moe_cleaned,Neurotox MOE,M,OneHotEncoder,"{""encode_components"":[""base"",""sugar"",""phosphate""]}","{'encode_components': ['base', 'sugar', 'phosphate']}",RandomForestModel,"{""max_depth"":10,""n_estimators"":100}","{'max_depth': 10, 'n_estimators': 100}",nucleobase,cpu,cpu,5.37,measured
corrm_72b6946baa49d949,corrective,b377f15bfbe7e977,acute_neurotox_moe_cleaned,Neurotox MOE,M,OneHotEncoder,"{""encode_components"":[""base"",""sugar"",""phosphate""]}","{'encode_components': ['base', 'sugar', 'phosphate']}",RandomForestModel,"{""max_depth"":20,""n_estimators"":100}","{'max_depth': 20, 'n_estimators': 100}",nucleobase,cpu,cpu,5.37,measured
corrm_72b6946baa49d949,corrective,012ed8231b81d962,acute_neurotox_moe_cleaned,Neurotox MOE,M,OneHotEncoder,"{""encode_components"":[""base"",""sugar"",""phosphate""]}","{'encode_components': ['base', 'sugar', 'phosphate']}",RandomForestModel,"{""max_depth"":30,""n_estimators"":100}","{'max_depth': 30, 'n_estimators': 100}",nucleobase,cpu,cpu,5.37,measured
corrm_72b6946baa49d949,corrective,6355e5c48af45405,acute_neurotox_moe_cleaned,Neurotox MOE,M,OneHotEncoder,"{""encode_components"":[""base"",""sugar"",""phosphate""]}","{'encode_components': ['base', 'sugar', 'phosphate']}",RandomForestModel,"{""max_depth"":10,""n_estimators"":500}","{'max_depth': 10, 'n_estimators': 500}",nucleobase,cpu,cpu,5.37,measured
corrm_72b6946baa49d949,corrective,4780258b3816b101,acute_neurotox_moe_cleaned,Neurotox MOE,M,OneHotEncoder,"{""encode_components"":[""base"",""sugar"",""phosphate""]}","{'encode_components': ['base', 'sugar', 'phosphate']}",RandomForestModel,"{""max_depth"":20,""n_estimators"":500}","{'max_depth': 20, 'n_estimators': 500}",nucleobase,cpu,cpu,5.37,measured
corrm_72b6946baa49d949,corrective,085283d2e3237d8a,acute_neurotox_moe_cleaned,Neurotox MOE,M,OneHotEncoder,"{""encode_components"":[""base"",""sugar"",""phosphate""]}","{'encode_components': ['base', 'sugar', 'phosphate']}",RandomForestModel,"{""max_depth"":30,""n_estimators"":500}","{'max_depth': 30, 'n_estimators': 500}",nucleobase,cpu,cpu,5.37,measured
corrm_72b6946baa49d949,corrective,56f53149637a48e7,acute_neurotox_moe_cleaned,Neurotox MOE,M,OneHotEncoder,"{""encode_components"":[""base"",""sugar"",""phosphate""]}","{'encode_components': ['base', 'sugar', 'phosphate']}",RandomForestModel,"{""max_depth"":10,""n_estimators"":1000}","{'max_depth': 10, 'n_estimators': 1000}",nucleobase,cpu,cpu,5.37,measured
corrm_72b6946baa49d949,corrective,c299d099242f6e36,acute_neurotox_moe_cleaned,Neurotox MOE,M,OneHotEncoder,"{""encode_components"":[""base"",""sugar"",""phosphate""]}","{'encode_components': ['base', 'sugar', 'phosphate']}",RandomForestModel,"{""max_depth"":30,""n_estimators"":1000}","{'max_depth': 30, 'n_estimators': 1000}",nucleobase,cpu,cpu,5.37,measured
corrm_72b6946baa49d949,corrective,d96d8b203ac83902,acute_neurotox_moe_cleaned,Neurotox MOE,M,OneHotEncoder,"{""encode_components"":[""base"",""sugar"",""phosphate""]}","{'encode_components': ['base', 'sugar', 'phosphate']}",XGBoostModel,"{""max_depth"":30,""n_estimators"":500}","{'max_depth': 30, 'n_estimators': 500}",nucleobase,cpu,cpu,0.43,measured
corrm_72b6946baa49d949,corrective,5825baa5e0e471c3,acute_neurotox_moe_cleaned,Neurotox MOE,M,OneHotEncoder,"{""encode_components"":[""base"",""sugar"",""phosphate""]}","{'encode_components': ['base', 'sugar', 'phosphate']}",XGBoostModel,"{""max_depth"":30,""n_estimators"":100}","{'max_depth': 30, 'n_estimators': 100}",nucleobase,cpu,cpu,0.43,measured
corrm_72b6946baa49d949,corrective,0df4aab4f157bdb0,acute_neurotox_moe_cleaned,Neurotox MOE,M,OneHotEncoder,"{""encode_components"":[""base"",""sugar"",""phosphate""]}","{'encode_components': ['base', 'sugar', 'phosphate']}",XGBoostModel,"{""max_depth"":20,""n_estimators"":100}","{'max_depth': 20, 'n_estimators': 100}",nucleobase,cpu,cpu,0.43,measured
corrm_72b6946baa49d949,corrective,0784d4eacb16f7b5,acute_neurotox_moe_cleaned,Neurotox MOE,M,OneHotEncoder,"{""encode_components"":[""base"",""sugar"",""phosphate""]}","{'encode_components': ['base', 'sugar', 'phosphate']}",XGBoostModel,"{""max_depth"":10,""n_estimators"":100}","{'max_depth': 10, 'n_estimators': 100}",nucleobase,cpu,cpu,0.43,measured
corrm_72b6946baa49d949,corrective,2941dee38bf35bab,acute_neurotox_moe_cleaned,Neurotox MOE,M,OneHotEncoder,"{""encode_components"":[""base"",""sugar"",""phosphate""]}","{'encode_components': ['base', 'sugar', 'phosphate']}",XGBoostModel,"{""max_depth"":30,""n_estimators"":1000}","{'max_depth': 30, 'n_estimators': 1000}",nucleobase,cpu,cpu,0.43,measured
corrm_72b6946baa49d949,corrective,aedf8d74660ee9ba,acute_neurotox_moe_cleaned,Neurotox MOE,M,OneHotEncoder,"{""encode_components"":[""base"",""sugar"",""phosphate""]}","{'encode_components': ['base', 'sugar', 'phosphate']}",XGBoostModel,"{""max_depth"":10,""n_estimators"":1000}","{'max_depth': 10, 'n_estimators': 1000}",nucleobase,cpu,cpu,0.43,measured
corrm_72b6946baa49d949,corrective,71d0ec5ab454ca7e,acute_neurotox_moe_cleaned,Neurotox MOE,M,OneHotEncoder,"{""encode_components"":[""base"",""sugar"",""phosphate""]}","{'encode_components': ['base', 'sugar', 'phosphate']}",XGBoostModel,"{""max_depth"":20,""n_estimators"":1000}","{'max_depth': 20, 'n_estimators': 1000}",nucleobase,cpu,cpu,0.43,measured
corrm_72b6946baa49d949,corrective,13c3064f5d43964d,acute_neurotox_moe_cleaned,Neurotox MOE,M,OneHotEncoder,"{""encode_components"":[""base"",""sugar"",""phosphate""]}","{'encode_components': ['base', 'sugar', 'phosphate']}",XGBoostModel,"{""max_depth"":20,""n_estimators"":500}","{'max_depth': 20, 'n_estimators': 500}",nucleobase,cpu,cpu,0.43,measured
corrm_72b6946baa49d949,corrective,c0ec138068e003bc,acute_neurotox_moe_cleaned,Neurotox MOE,M,OneHotEncoder,"{""encode_components"":[""base"",""sugar"",""phosphate""]}","{'encode_components': ['base', 'sugar', 'phosphate']}",XGBoostModel,"{""max_depth"":10,""n_estimators"":500}","{'max_depth': 10, 'n_estimators': 500}",nucleobase,cpu,cpu,0.43,measured
corrm_72b6946baa49d949,corrective,d75b702da8f19e2f,acute_neurotox_moe_cleaned,Neurotox MOE,M,OneHotEncoder,"{""encode_components"":[""base"",""sugar"",""phosphate""]}","{'encode_components': ['base', 'sugar', 'phosphate']}",NearestNeighborsModel,"{""n_neighbors"":5}",{'n_neighbors': 5},nucleobase,cpu,cpu,0.082,measured
corrm_72b6946baa49d949,corrective,aa63a52e360183ef,acute_neurotox_moe_cleaned,Neurotox MOE,M,OneHotEncoder,"{""encode_components"":[""base"",""sugar"",""phosphate""]}","{'encode_components': ['base', 'sugar', 'phosphate']}",NearestNeighborsModel,"{""n_neighbors"":15}",{'n_neighbors': 15},nucleobase,cpu,cpu,0.082,measured
corrm_72b6946baa49d949,corrective,245dfcf4a7a7bada,acute_neurotox_moe_cleaned,Neurotox MOE,M,OneHotEncoder,"{""encode_components"":[""base"",""sugar"",""phosphate""]}","{'encode_components': ['base', 'sugar', 'phosphate']}",NearestNeighborsModel,"{""n_neighbors"":10}",{'n_neighbors': 10},nucleobase,cpu,cpu,0.082,measured
corrm_72b6946baa49d949,corrective,2b0ce2f764da7445,acute_neurotox_moe_cleaned,Neurotox MOE,M,OneHotEncoder,"{""encode_components"":[""base"",""sugar"",""phosphate""]}","{'encode_components': ['base', 'sugar', 'phosphate']}",LinearModel,"{""type"":""ridge""}",{'type': 'ridge'},nucleobase,cpu,cpu,0.016,measured
corrm_72b6946baa49d949,corrective,1162833dd0b23255,acute_neurotox_moe_cleaned,Neurotox MOE,M,OneHotEncoder,"{""encode_components"":[""base"",""sugar"",""phosphate""]}","{'encode_components': ['base', 'sugar', 'phosphate']}",LinearModel,"{""type"":""standard""}",{'type': 'standard'},nucleobase,cpu,cpu,0.016,measured
corr_7638f5ea63a2d78a,corrective,62d636cf2de6fc85,acute_neurotox_moe_cleaned,Neurotox MOE,M,OneHotEncoder,"{""encode_components"":[""base"",""sugar"",""phosphate""]}","{'encode_components': ['base', 'sugar', 'phosphate']}",GRU,"{""hidden_dim"":64,""num_layers"":2}","{'hidden_dim': 64, 'num_layers': 2}",nucleobase,gpu,gpu,16.567,measured
corr_7638f5ea63a2d78a,corrective,dcfb5e963b47d696,acute_neurotox_moe_cleaned,Neurotox MOE,M,OneHotEncoder,"{""encode_components"":[""base"",""sugar"",""phosphate""]}","{'encode_components': ['base', 'sugar', 'phosphate']}",GRU,"{""hidden_dim"":64,""num_layers"":1}","{'hidden_dim': 64, 'num_layers': 1}",nucleobase,gpu,gpu,16.567,measured
corr_7638f5ea63a2d78a,corrective,a263826010436947,acute_neurotox_moe_cleaned,Neurotox MOE,M,OneHotEncoder,"{""encode_components"":[""base"",""sugar"",""phosphate""]}","{'encode_components': ['base', 'sugar', 'phosphate']}",GRU,"{""hidden_dim"":32,""num_layers"":2}","{'hidden_dim': 32, 'num_layers': 2}",nucleobase,gpu,gpu,16.567,measured
corr_7638f5ea63a2d78a,corrective,a1f19b2d2a80c289,acute_neurotox_moe_cleaned,Neurotox MOE,M,OneHotEncoder,"{""encode_components"":[""base"",""sugar"",""phosphate""]}","{'encode_components': ['base', 'sugar', 'phosphate']}",GRU,"{""hidden_dim"":32,""num_layers"":1}","{'hidden_dim': 32, 'num_layers': 1}",nucleobase,gpu,gpu,16.567,measured
corr_7638f5ea63a2d78a,corrective,e10491b84befe3e4,acute_neurotox_moe_cleaned,Neurotox MOE,M,OneHotEncoder,"{""encode_components"":[""base"",""sugar"",""phosphate""]}","{'encode_components': ['base', 'sugar', 'phosphate']}",CNN,"{""depth"":1,""hidden_dim"":32,""kernel_size"":3,""pooling_operation"":""max""}","{'depth': 1, 'hidden_dim': 32, 'kernel_size': 3, 'pooling_operation': 'max'}",nucleobase,gpu,gpu,14.954,measured
corr_7638f5ea63a2d78a,corrective,2d191923165737ac,acute_neurotox_moe_cleaned,Neurotox MOE,M,OneHotEncoder,"{""encode_components"":[""base"",""sugar"",""phosphate""]}","{'encode_components': ['base', 'sugar', 'phosphate']}",CNN,"{""depth"":2,""hidden_dim"":32,""kernel_size"":3,""pooling_operation"":""max""}","{'depth': 2, 'hidden_dim': 32, 'kernel_size': 3, 'pooling_operation': 'max'}",nucleobase,gpu,gpu,14.954,measured
corr_7638f5ea63a2d78a,corrective,3c7bc785e57417b2,acute_neurotox_moe_cleaned,Neurotox MOE,M,OneHotEncoder,"{""encode_components"":[""base"",""sugar"",""phosphate""]}","{'encode_components': ['base', 'sugar', 'phosphate']}",CNN,"{""depth"":2,""hidden_dim"":64,""kernel_size"":5,""pooling_operation"":""avg""}","{'depth': 2, 'hidden_dim': 64, 'kernel_size': 5, 'pooling_operation': 'avg'}",nucleobase,gpu,gpu,14.954,measured
corr_7638f5ea63a2d78a,corrective,59a0c69fe7931e13,acute_neurotox_moe_cleaned,Neurotox MOE,M,OneHotEncoder,"{""encode_components"":[""base"",""sugar"",""phosphate""]}","{'encode_components': ['base', 'sugar', 'phosphate']}",CNN,"{""depth"":2,""hidden_dim"":64,""kernel_size"":5,""pooling_operation"":""max""}","{'depth': 2, 'hidden_dim': 64, 'kernel_size': 5, 'pooling_operation': 'max'}",nucleobase,gpu,gpu,14.954,measured
corr_7638f5ea63a2d78a,corrective,94ffd400d590c2fc,acute_neurotox_moe_cleaned,Neurotox MOE,M,OneHotEncoder,"{""encode_components"":[""base"",""sugar"",""phosphate""]}","{'encode_components': ['base', 'sugar', 'phosphate']}",CNN,"{""depth"":2,""hidden_dim"":64,""kernel_size"":3,""pooling_operation"":""avg""}","{'depth': 2, 'hidden_dim': 64, 'kernel_size': 3, 'pooling_operation': 'avg'}",nucleobase,gpu,gpu,14.954,measured
corr_7638f5ea63a2d78a,corrective,701d53fb7752afc9,acute_neurotox_moe_cleaned,Neurotox MOE,M,OneHotEncoder,"{""encode_components"":[""base"",""sugar"",""phosphate""]}","{'encode_components': ['base', 'sugar', 'phosphate']}",CNN,"{""depth"":2,""hidden_dim"":32,""kernel_size"":5,""pooling_operation"":""avg""}","{'depth': 2, 'hidden_dim': 32, 'kernel_size': 5, 'pooling_operation': 'avg'}",nucleobase,gpu,gpu,14.954,measured
corr_7638f5ea63a2d78a,corrective,d346ea53c76ac366,acute_neurotox_moe_cleaned,Neurotox MOE,M,OneHotEncoder,"{""encode_components"":[""base"",""sugar"",""phosphate""]}","{'encode_components': ['base', 'sugar', 'phosphate']}",CNN,"{""depth"":2,""hidden_dim"":32,""kernel_size"":5,""pooling_operation"":""max""}","{'depth': 2, 'hidden_dim': 32, 'kernel_size': 5, 'pooling_operation': 'max'}",nucleobase,gpu,gpu,14.954,measured
corr_7638f5ea63a2d78a,corrective,7b55bb9dad108ae5,acute_neurotox_moe_cleaned,Neurotox MOE,M,OneHotEncoder,"{""encode_components"":[""base"",""sugar"",""phosphate""]}","{'encode_components': ['base', 'sugar', 'phosphate']}",CNN,"{""depth"":2,""hidden_dim"":32,""kernel_size"":3,""pooling_operation"":""avg""}","{'depth': 2, 'hidden_dim': 32, 'kernel_size': 3, 'pooling_operation': 'avg'}",nucleobase,gpu,gpu,14.954,measured
corr_7638f5ea63a2d78a,corrective,e31af721ae8f47e0,acute_neurotox_moe_cleaned,Neurotox MOE,M,OneHotEncoder,"{""encode_components"":[""base"",""sugar"",""phosphate""]}","{'encode_components': ['base', 'sugar', 'phosphate']}",CNN,"{""depth"":2,""hidden_dim"":64,""kernel_size"":3,""pooling_operation"":""max""}","{'depth': 2, 'hidden_dim': 64, 'kernel_size': 3, 'pooling_operation': 'max'}",nucleobase,gpu,gpu,14.954,measured
corr_7638f5ea63a2d78a,corrective,19c45174e72f1cd0,acute_neurotox_moe_cleaned,Neurotox MOE,M,OneHotEncoder,"{""encode_components"":[""base"",""sugar"",""phosphate""]}","{'encode_components': ['base', 'sugar', 'phosphate']}",CNN,"{""depth"":1,""hidden_dim"":64,""kernel_size"":7,""pooling_operation"":""avg""}","{'depth': 1, 'hidden_dim': 64, 'kernel_size': 7, 'pooling_operation': 'avg'}",nucleobase,gpu,gpu,14.954,measured
corr_7638f5ea63a2d78a,corrective,052e973cc5c4a051,acute_neurotox_moe_cleaned,Neurotox MOE,M,OneHotEncoder,"{""encode_components"":[""base"",""sugar"",""phosphate""]}","{'encode_components': ['base', 'sugar', 'phosphate']}",CNN,"{""depth"":1,""hidden_dim"":64,""kernel_size"":7,""pooling_operation"":""max""}","{'depth': 1, 'hidden_dim': 64, 'kernel_size': 7, 'pooling_operation': 'max'}",nucleobase,gpu,gpu,14.954,measured
corr_7638f5ea63a2d78a,corrective,2a35edd1644bf9c2,acute_neurotox_moe_cleaned,Neurotox MOE,M,OneHotEncoder,"{""encode_components"":[""base"",""sugar"",""phosphate""]}","{'encode_components': ['base', 'sugar', 'phosphate']}",CNN,"{""depth"":1,""hidden_dim"":32,""kernel_size"":5,""pooling_operation"":""max""}","{'depth': 1, 'hidden_dim': 32, 'kernel_size': 5, 'pooling_operation': 'max'}",nucleobase,gpu,gpu,14.954,measured
corr_7638f5ea63a2d78a,corrective,929bcd7263cea46c,acute_neurotox_moe_cleaned,Neurotox MOE,M,OneHotEncoder,"{""encode_components"":[""base"",""sugar"",""phosphate""]}","{'encode_components': ['base', 'sugar', 'phosphate']}",CNN,"{""depth"":1,""hidden_dim"":32,""kernel_size"":5,""pooling_operation"":""avg""}","{'depth': 1, 'hidden_dim': 32, 'kernel_size': 5, 'pooling_operation': 'avg'}",nucleobase,gpu,gpu,14.954,measured
corr_7638f5ea63a2d78a,corrective,8efe4ca6fa8b1a5a,acute_neurotox_moe_cleaned,Neurotox MOE,M,OneHotEncoder,"{""encode_components"":[""base"",""sugar"",""phosphate""]}","{'encode_components': ['base', 'sugar', 'phosphate']}",CNN,"{""depth"":1,""hidden_dim"":32,""kernel_size"":7,""pooling_operation"":""max""}","{'depth': 1, 'hidden_dim': 32, 'kernel_size': 7, 'pooling_operation': 'max'}",nucleobase,gpu,gpu,14.954,measured
corr_7638f5ea63a2d78a,corrective,2cbc1d1d2320737b,acute_neurotox_moe_cleaned,Neurotox MOE,M,OneHotEncoder,"{""encode_components"":[""base"",""sugar"",""phosphate""]}","{'encode_components': ['base', 'sugar', 'phosphate']}",CNN,"{""depth"":1,""hidden_dim"":32,""kernel_size"":7,""pooling_operation"":""avg""}","{'depth': 1, 'hidden_dim': 32, 'kernel_size': 7, 'pooling_operation': 'avg'}",nucleobase,gpu,gpu,14.954,measured
corr_7638f5ea63a2d78a,corrective,34487c6389554bf5,acute_neurotox_moe_cleaned,Neurotox MOE,M,OneHotEncoder,"{""encode_components"":[""base"",""sugar"",""phosphate""]}","{'encode_components': ['base', 'sugar', 'phosphate']}",CNN,"{""depth"":1,""hidden_dim"":32,""kernel_size"":3,""pooling_operation"":""avg""}","{'depth': 1, 'hidden_dim': 32, 'kernel_size': 3, 'pooling_operation': 'avg'}",nucleobase,gpu,gpu,14.954,measured
corr_7638f5ea63a2d78a,corrective,082e292315f08059,acute_neurotox_moe_cleaned,Neurotox MOE,M,OneHotEncoder,"{""encode_components"":[""base"",""sugar"",""phosphate""]}","{'encode_components': ['base', 'sugar', 'phosphate']}",CNN,"{""depth"":1,""hidden_dim"":64,""kernel_size"":3,""pooling_operation"":""max""}","{'depth': 1, 'hidden_dim': 64, 'kernel_size': 3, 'pooling_operation': 'max'}",nucleobase,gpu,gpu,14.954,measured
corr_7638f5ea63a2d78a,corrective,89f92cd4c1d790b1,acute_neurotox_moe_cleaned,Neurotox MOE,M,OneHotEncoder,"{""encode_components"":[""base"",""sugar"",""phosphate""]}","{'encode_components': ['base', 'sugar', 'phosphate']}",CNN,"{""depth"":1,""hidden_dim"":64,""kernel_size"":3,""pooling_operation"":""avg""}","{'depth': 1, 'hidden_dim': 64, 'kernel_size': 3, 'pooling_operation': 'avg'}",nucleobase,gpu,gpu,14.954,measured
corr_7638f5ea63a2d78a,corrective,6a0b4a5a7c362b61,acute_neurotox_moe_cleaned,Neurotox MOE,M,OneHotEncoder,"{""encode_components"":[""base"",""sugar"",""phosphate""]}","{'encode_components': ['base', 'sugar', 'phosphate']}",CNN,"{""depth"":1,""hidden_dim"":64,""kernel_size"":5,""pooling_operation"":""max""}","{'depth': 1, 'hidden_dim': 64, 'kernel_size': 5, 'pooling_operation': 'max'}",nucleobase,gpu,gpu,14.954,measured
corr_7638f5ea63a2d78a,corrective,65f41f6f50b51868,acute_neurotox_moe_cleaned,Neurotox MOE,M,OneHotEncoder,"{""encode_components"":[""base"",""sugar"",""phosphate""]}","{'encode_components': ['base', 'sugar', 'phosphate']}",CNN,"{""depth"":1,""hidden_dim"":64,""kernel_size"":5,""pooling_operation"":""avg""}","{'depth': 1, 'hidden_dim': 64, 'kernel_size': 5, 'pooling_operation': 'avg'}",nucleobase,gpu,gpu,14.954,measured
corr_7638f5ea63a2d78a,corrective,4ed877a77f0b0f3d,acute_neurotox_moe_cleaned,Neurotox MOE,M,OneHotEncoder,"{""encode_components"":[""base"",""sugar"",""phosphate""]}","{'encode_components': ['base', 'sugar', 'phosphate']}",Transformer,"{""d_model"":64,""dim_feedforward"":128,""dropout"":0,""nhead"":4,""num_layers"":2}","{'d_model': 64, 'dim_feedforward': 128, 'dropout': 0, 'nhead': 4, 'num_layers': 2}",nucleobase,gpu,gpu,9.343,measured
corr_7638f5ea63a2d78a,corrective,897dfab6c997069c,acute_neurotox_moe_cleaned,Neurotox MOE,M,OneHotEncoder,"{""encode_components"":[""base"",""sugar"",""phosphate""]}","{'encode_components': ['base', 'sugar', 'phosphate']}",Transformer,"{""d_model"":64,""dim_feedforward"":128,""dropout"":0.25,""nhead"":4,""num_layers"":2}","{'d_model': 64, 'dim_feedforward': 128, 'dropout': 0.25, 'nhead': 4, 'num_layers': 2}",nucleobase,gpu,gpu,9.343,measured
corr_7638f5ea63a2d78a,corrective,66b6a2408092fbf7,acute_neurotox_moe_cleaned,Neurotox MOE,M,OneHotEncoder,"{""encode_components"":[""base"",""sugar"",""phosphate""]}","{'encode_components': ['base', 'sugar', 'phosphate']}",Transformer,"{""d_model"":128,""dim_feedforward"":64,""dropout"":0,""nhead"":2,""num_layers"":1}","{'d_model': 128, 'dim_feedforward': 64, 'dropout': 0, 'nhead': 2, 'num_layers': 1}",nucleobase,gpu,gpu,9.343,measured
corr_7638f5ea63a2d78a,corrective,643ffdff9d31425a,acute_neurotox_moe_cleaned,Neurotox MOE,M,OneHotEncoder,"{""encode_components"":[""base"",""sugar"",""phosphate""]}","{'encode_components': ['base', 'sugar', 'phosphate']}",Transformer,"{""d_model"":128,""dim_feedforward"":64,""dropout"":0,""nhead"":2,""num_layers"":2}","{'d_model': 128, 'dim_feedforward': 64, 'dropout': 0, 'nhead': 2, 'num_layers': 2}",nucleobase,gpu,gpu,9.343,measured
corr_7638f5ea63a2d78a,corrective,5e91be66e27e21a6,acute_neurotox_moe_cleaned,Neurotox MOE,M,OneHotEncoder,"{""encode_components"":[""base"",""sugar"",""phosphate""]}","{'encode_components': ['base', 'sugar', 'phosphate']}",Transformer,"{""d_model"":128,""dim_feedforward"":64,""dropout"":0.25,""nhead"":2,""num_layers"":2}","{'d_model': 128, 'dim_feedforward': 64, 'dropout': 0.25, 'nhead': 2, 'num_layers': 2}",nucleobase,gpu,gpu,9.343,measured
corr_7638f5ea63a2d78a,corrective,37e5f8570a91660a,acute_neurotox_moe_cleaned,Neurotox MOE,M,OneHotEncoder,"{""encode_components"":[""base"",""sugar"",""phosphate""]}","{'encode_components': ['base', 'sugar', 'phosphate']}",Transformer,"{""d_model"":128,""dim_feedforward"":128,""dropout"":0,""nhead"":2,""num_layers"":1}","{'d_model': 128, 'dim_feedforward': 128, 'dropout': 0, 'nhead': 2, 'num_layers': 1}",nucleobase,gpu,gpu,9.343,measured
corr_7638f5ea63a2d78a,corrective,a3e0b029f304c7f1,acute_neurotox_moe_cleaned,Neurotox MOE,M,OneHotEncoder,"{""encode_components"":[""base"",""sugar"",""phosphate""]}","{'encode_components': ['base', 'sugar', 'phosphate']}",Transformer,"{""d_model"":128,""dim_feedforward"":128,""dropout"":0.25,""nhead"":2,""num_layers"":1}","{'d_model': 128, 'dim_feedforward': 128, 'dropout': 0.25, 'nhead': 2, 'num_layers': 1}",nucleobase,gpu,gpu,9.343,measured
corr_7638f5ea63a2d78a,corrective,10ed98c61ea1baea,acute_neurotox_moe_cleaned,Neurotox MOE,M,OneHotEncoder,"{""encode_components"":[""base"",""sugar"",""phosphate""]}","{'encode_components': ['base', 'sugar', 'phosphate']}",Transformer,"{""d_model"":128,""dim_feedforward"":128,""dropout"":0,""nhead"":2,""num_layers"":2}","{'d_model': 128, 'dim_feedforward': 128, 'dropout': 0, 'nhead': 2, 'num_layers': 2}",nucleobase,gpu,gpu,9.343,measured
corr_7638f5ea63a2d78a,corrective,c7fc63f5ac2ff18b,acute_neurotox_moe_cleaned,Neurotox MOE,M,OneHotEncoder,"{""encode_components"":[""base"",""sugar"",""phosphate""]}","{'encode_components': ['base', 'sugar', 'phosphate']}",Transformer,"{""d_model"":128,""dim_feedforward"":64,""dropout"":0.25,""nhead"":2,""num_layers"":1}","{'d_model': 128, 'dim_feedforward': 64, 'dropout': 0.25, 'nhead': 2, 'num_layers': 1}",nucleobase,gpu,gpu,9.343,measured
corr_7638f5ea63a2d78a,corrective,2a85cae33933ab3d,acute_neurotox_moe_cleaned,Neurotox MOE,M,OneHotEncoder,"{""encode_components"":[""base"",""sugar"",""phosphate""]}","{'encode_components': ['base', 'sugar', 'phosphate']}",Transformer,"{""d_model"":128,""dim_feedforward"":128,""dropout"":0.25,""nhead"":4,""num_layers"":1}","{'d_model': 128, 'dim_feedforward': 128, 'dropout': 0.25, 'nhead': 4, 'num_layers': 1}",nucleobase,gpu,gpu,9.343,measured
corr_7638f5ea63a2d78a,corrective,e5bc81f901760ab4,acute_neurotox_moe_cleaned,Neurotox MOE,M,OneHotEncoder,"{""encode_components"":[""base"",""sugar"",""phosphate""]}","{'encode_components': ['base', 'sugar', 'phosphate']}",Transformer,"{""d_model"":128,""dim_feedforward"":128,""dropout"":0.25,""nhead"":2,""num_layers"":2}","{'d_model': 128, 'dim_feedforward': 128, 'dropout': 0.25, 'nhead': 2, 'num_layers': 2}",nucleobase,gpu,gpu,9.343,measured
corr_7638f5ea63a2d78a,corrective,4ff669dff4ff69ff,acute_neurotox_moe_cleaned,Neurotox MOE,M,OneHotEncoder,"{""encode_components"":[""base"",""sugar"",""phosphate""]}","{'encode_components': ['base', 'sugar', 'phosphate']}",Transformer,"{""d_model"":128,""dim_feedforward"":64,""dropout"":0,""nhead"":4,""num_layers"":1}","{'d_model': 128, 'dim_feedforward': 64, 'dropout': 0, 'nhead': 4, 'num_layers': 1}",nucleobase,gpu,gpu,9.343,measured
corr_7638f5ea63a2d78a,corrective,aa98e29082ec3f0a,acute_neurotox_moe_cleaned,Neurotox MOE,M,OneHotEncoder,"{""encode_components"":[""base"",""sugar"",""phosphate""]}","{'encode_components': ['base', 'sugar', 'phosphate']}",Transformer,"{""d_model"":128,""dim_feedforward"":64,""dropout"":0.25,""nhead"":4,""num_layers"":1}","{'d_model': 128, 'dim_feedforward': 64, 'dropout': 0.25, 'nhead': 4, 'num_layers': 1}",nucleobase,gpu,gpu,9.343,measured
corr_7638f5ea63a2d78a,corrective,ba892a1d3c0830d0,acute_neurotox_moe_cleaned,Neurotox MOE,M,OneHotEncoder,"{""encode_components"":[""base"",""sugar"",""phosphate""]}","{'encode_components': ['base', 'sugar', 'phosphate']}",Transformer,"{""d_model"":128,""dim_feedforward"":64,""dropout"":0,""nhead"":4,""num_layers"":2}","{'d_model': 128, 'dim_feedforward': 64, 'dropout': 0, 'nhead': 4, 'num_layers': 2}",nucleobase,gpu,gpu,9.343,measured
corr_7638f5ea63a2d78a,corrective,d0f52623421ad4a8,acute_neurotox_moe_cleaned,Neurotox MOE,M,OneHotEncoder,"{""encode_components"":[""base"",""sugar"",""phosphate""]}","{'encode_components': ['base', 'sugar', 'phosphate']}",Transformer,"{""d_model"":128,""dim_feedforward"":64,""dropout"":0.25,""nhead"":4,""num_layers"":2}","{'d_model': 128, 'dim_feedforward': 64, 'dropout': 0.25, 'nhead': 4, 'num_layers': 2}",nucleobase,gpu,gpu,9.343,measured
corr_7638f5ea63a2d78a,corrective,f35c5e2335d4423b,acute_neurotox_moe_cleaned,Neurotox MOE,M,OneHotEncoder,"{""encode_components"":[""base"",""sugar"",""phosphate""]}","{'encode_components': ['base', 'sugar', 'phosphate']}",Transformer,"{""d_model"":128,""dim_feedforward"":128,""dropout"":0,""nhead"":4,""num_layers"":1}","{'d_model': 128, 'dim_feedforward': 128, 'dropout': 0, 'nhead': 4, 'num_layers': 1}",nucleobase,gpu,gpu,9.343,measured
corr_7638f5ea63a2d78a,corrective,7d3522b028ee316d,acute_neurotox_moe_cleaned,Neurotox MOE,M,OneHotEncoder,"{""encode_components"":[""base"",""sugar"",""phosphate""]}","{'encode_components': ['base', 'sugar', 'phosphate']}",Transformer,"{""d_model"":64,""dim_feedforward"":128,""dropout"":0,""nhead"":4,""num_layers"":1}","{'d_model': 64, 'dim_feedforward': 128, 'dropout': 0, 'nhead': 4, 'num_layers': 1}",nucleobase,gpu,gpu,9.343,measured
corr_7638f5ea63a2d78a,corrective,24e2d4f65bf296ee,acute_neurotox_moe_cleaned,Neurotox MOE,M,OneHotEncoder,"{""encode_components"":[""base"",""sugar"",""phosphate""]}","{'encode_components': ['base', 'sugar', 'phosphate']}",Transformer,"{""d_model"":128,""dim_feedforward"":128,""dropout"":0,""nhead"":4,""num_layers"":2}","{'d_model': 128, 'dim_feedforward': 128, 'dropout': 0, 'nhead': 4, 'num_layers': 2}",nucleobase,gpu,gpu,9.343,measured
corr_7638f5ea63a2d78a,corrective,7fdd7eb305239fa4,acute_neurotox_moe_cleaned,Neurotox MOE,M,OneHotEncoder,"{""encode_components"":[""base"",""sugar"",""phosphate""]}","{'encode_components': ['base', 'sugar', 'phosphate']}",Transformer,"{""d_model"":64,""dim_feedforward"":128,""dropout"":0.25,""nhead"":4,""num_layers"":1}","{'d_model': 64, 'dim_feedforward': 128, 'dropout': 0.25, 'nhead': 4, 'num_layers': 1}",nucleobase,gpu,gpu,9.343,measured
corr_7638f5ea63a2d78a,corrective,0a6e6f7f83b429ea,acute_neurotox_moe_cleaned,Neurotox MOE,M,OneHotEncoder,"{""encode_components"":[""base"",""sugar"",""phosphate""]}","{'encode_components': ['base', 'sugar', 'phosphate']}",Transformer,"{""d_model"":64,""dim_feedforward"":64,""dropout"":0,""nhead"":2,""num_layers"":1}","{'d_model': 64, 'dim_feedforward': 64, 'dropout': 0, 'nhead': 2, 'num_layers': 1}",nucleobase,gpu,gpu,9.343,measured
corr_7638f5ea63a2d78a,corrective,82a48557b3a9ea69,acute_neurotox_moe_cleaned,Neurotox MOE,M,OneHotEncoder,"{""encode_components"":[""base"",""sugar"",""phosphate""]}","{'encode_components': ['base', 'sugar', 'phosphate']}",Transformer,"{""d_model"":64,""dim_feedforward"":64,""dropout"":0.25,""nhead"":4,""num_layers"":2}","{'d_model': 64, 'dim_feedforward': 64, 'dropout': 0.25, 'nhead': 4, 'num_layers': 2}",nucleobase,gpu,gpu,9.343,measured
corr_7638f5ea63a2d78a,corrective,7b808735c27ddf8e,acute_neurotox_moe_cleaned,Neurotox MOE,M,OneHotEncoder,"{""encode_components"":[""base"",""sugar"",""phosphate""]}","{'encode_components': ['base', 'sugar', 'phosphate']}",Transformer,"{""d_model"":64,""dim_feedforward"":128,""dropout"":0.25,""nhead"":2,""num_layers"":1}","{'d_model': 64, 'dim_feedforward': 128, 'dropout': 0.25, 'nhead': 2, 'num_layers': 1}",nucleobase,gpu,gpu,9.343,measured
corr_7638f5ea63a2d78a,corrective,666030d4b22f056f,acute_neurotox_moe_cleaned,Neurotox MOE,M,OneHotEncoder,"{""encode_components"":[""base"",""sugar"",""phosphate""]}","{'encode_components': ['base', 'sugar', 'phosphate']}",Transformer,"{""d_model"":64,""dim_feedforward"":64,""dropout"":0,""nhead"":4,""num_layers"":2}","{'d_model': 64, 'dim_feedforward': 64, 'dropout': 0, 'nhead': 4, 'num_layers': 2}",nucleobase,gpu,gpu,9.343,measured
corr_7638f5ea63a2d78a,corrective,6f8c15f1e06682a0,acute_neurotox_moe_cleaned,Neurotox MOE,M,OneHotEncoder,"{""encode_components"":[""base"",""sugar"",""phosphate""]}","{'encode_components': ['base', 'sugar', 'phosphate']}",Transformer,"{""d_model"":64,""dim_feedforward"":64,""dropout"":0,""nhead"":2,""num_layers"":2}","{'d_model': 64, 'dim_feedforward': 64, 'dropout': 0, 'nhead': 2, 'num_layers': 2}",nucleobase,gpu,gpu,9.343,measured
corr_7638f5ea63a2d78a,corrective,ef93c6b16027f823,acute_neurotox_moe_cleaned,Neurotox MOE,M,OneHotEncoder,"{""encode_components"":[""base"",""sugar"",""phosphate""]}","{'encode_components': ['base', 'sugar', 'phosphate']}",Transformer,"{""d_model"":64,""dim_feedforward"":64,""dropout"":0.25,""nhead"":2,""num_layers"":2}","{'d_model': 64, 'dim_feedforward': 64, 'dropout': 0.25, 'nhead': 2, 'num_layers': 2}",nucleobase,gpu,gpu,9.343,measured
corr_7638f5ea63a2d78a,corrective,3fa6d54e7883ebdf,acute_neurotox_moe_cleaned,Neurotox MOE,M,OneHotEncoder,"{""encode_components"":[""base"",""sugar"",""phosphate""]}","{'encode_components': ['base', 'sugar', 'phosphate']}",Transformer,"{""d_model"":64,""dim_feedforward"":128,""dropout"":0,""nhead"":2,""num_layers"":1}","{'d_model': 64, 'dim_feedforward': 128, 'dropout': 0, 'nhead': 2, 'num_layers': 1}",nucleobase,gpu,gpu,9.343,measured
corr_7638f5ea63a2d78a,corrective,bd3c80acd524a518,acute_neurotox_moe_cleaned,Neurotox MOE,M,OneHotEncoder,"{""encode_components"":[""base"",""sugar"",""phosphate""]}","{'encode_components': ['base', 'sugar', 'phosphate']}",Transformer,"{""d_model"":64,""dim_feedforward"":64,""dropout"":0.25,""nhead"":2,""num_layers"":1}","{'d_model': 64, 'dim_feedforward': 64, 'dropout': 0.25, 'nhead': 2, 'num_layers': 1}",nucleobase,gpu,gpu,9.343,measured
corr_7638f5ea63a2d78a,corrective,7fa7f9c769e69e03,acute_neurotox_moe_cleaned,Neurotox MOE,M,OneHotEncoder,"{""encode_components"":[""base"",""sugar"",""phosphate""]}","{'encode_components': ['base', 'sugar', 'phosphate']}",Transformer,"{""d_model"":64,""dim_feedforward"":128,""dropout"":0,""nhead"":2,""num_layers"":2}","{'d_model': 64, 'dim_feedforward': 128, 'dropout': 0, 'nhead': 2, 'num_layers': 2}",nucleobase,gpu,gpu,9.343,measured
corr_7638f5ea63a2d78a,corrective,e6ff2edc38c9f756,acute_neurotox_moe_cleaned,Neurotox MOE,M,OneHotEncoder,"{""encode_components"":[""base"",""sugar"",""phosphate""]}","{'encode_components': ['base', 'sugar', 'phosphate']}",Transformer,"{""d_model"":64,""dim_feedforward"":128,""dropout"":0.25,""nhead"":2,""num_layers"":2}","{'d_model': 64, 'dim_feedforward': 128, 'dropout': 0.25, 'nhead': 2, 'num_layers': 2}",nucleobase,gpu,gpu,9.343,measured
corr_7638f5ea63a2d78a,corrective,709eb29057635111,acute_neurotox_moe_cleaned,Neurotox MOE,M,OneHotEncoder,"{""encode_components"":[""base"",""sugar"",""phosphate""]}","{'encode_components': ['base', 'sugar', 'phosphate']}",Transformer,"{""d_model"":64,""dim_feedforward"":64,""dropout"":0,""nhead"":4,""num_layers"":1}","{'d_model': 64, 'dim_feedforward': 64, 'dropout': 0, 'nhead': 4, 'num_layers': 1}",nucleobase,gpu,gpu,9.343,measured
corr_7638f5ea63a2d78a,corrective,79fb8f5d98292056,acute_neurotox_moe_cleaned,Neurotox MOE,M,OneHotEncoder,"{""encode_components"":[""base"",""sugar"",""phosphate""]}","{'encode_components': ['base', 'sugar', 'phosphate']}",Transformer,"{""d_model"":64,""dim_feedforward"":64,""dropout"":0.25,""nhead"":4,""num_layers"":1}","{'d_model': 64, 'dim_feedforward': 64, 'dropout': 0.25, 'nhead': 4, 'num_layers': 1}",nucleobase,gpu,gpu,9.343,measured
corr_7638f5ea63a2d78a,corrective,e803907f4699fbee,acute_neurotox_moe_cleaned,Neurotox MOE,M,OneHotEncoder,"{""encode_components"":[""base"",""sugar"",""phosphate""]}","{'encode_components': ['base', 'sugar', 'phosphate']}",Transformer,"{""d_model"":128,""dim_feedforward"":128,""dropout"":0.25,""nhead"":4,""num_layers"":2}","{'d_model': 128, 'dim_feedforward': 128, 'dropout': 0.25, 'nhead': 4, 'num_layers': 2}",nucleobase,gpu,gpu,9.343,measured
corr_7638f5ea63a2d78a,corrective,0a68b5647044ff28,acute_neurotox_moe_cleaned,Neurotox MOE,M,OneHotEncoder,"{""encode_components"":[""base"",""sugar"",""phosphate""]}","{'encode_components': ['base', 'sugar', 'phosphate']}",MLP,"{""dropout"":0.25,""hidden_dims"":[128,128]}","{'dropout': 0.25, 'hidden_dims': [128, 128]}",nucleobase,gpu,gpu,3.812,measured
corr_7638f5ea63a2d78a,corrective,5101abb48e4d7b8f,acute_neurotox_moe_cleaned,Neurotox MOE,M,OneHotEncoder,"{""encode_components"":[""base"",""sugar"",""phosphate""]}","{'encode_components': ['base', 'sugar', 'phosphate']}",MLP,"{""dropout"":0,""hidden_dims"":[128,128]}","{'dropout': 0, 'hidden_dims': [128, 128]}",nucleobase,gpu,gpu,3.812,measured
corr_7638f5ea63a2d78a,corrective,d9fcab5397e3bac1,acute_neurotox_moe_cleaned,Neurotox MOE,M,OneHotEncoder,"{""encode_components"":[""base"",""sugar"",""phosphate""]}","{'encode_components': ['base', 'sugar', 'phosphate']}",MLP,"{""dropout"":0.25,""hidden_dims"":[128]}","{'dropout': 0.25, 'hidden_dims': [128]}",nucleobase,gpu,gpu,3.812,measured
corr_7638f5ea63a2d78a,corrective,255c512291d69304,acute_neurotox_moe_cleaned,Neurotox MOE,M,OneHotEncoder,"{""encode_components"":[""base"",""sugar"",""phosphate""]}","{'encode_components': ['base', 'sugar', 'phosphate']}",MLP,"{""dropout"":0,""hidden_dims"":[128]}","{'dropout': 0, 'hidden_dims': [128]}",nucleobase,gpu,gpu,3.812,measured
corr_7638f5ea63a2d78a,corrective,736092ddfa7c3441,acute_neurotox_moe_cleaned,Neurotox MOE,M,OneHotEncoder,"{""encode_components"":[""base"",""sugar"",""phosphate""]}","{'encode_components': ['base', 'sugar', 'phosphate']}",MLP,"{""dropout"":0.25,""hidden_dims"":[64,64]}","{'dropout': 0.25, 'hidden_dims': [64, 64]}",nucleobase,gpu,gpu,3.812,measured
corr_7638f5ea63a2d78a,corrective,f63cf4744a7623a9,acute_neurotox_moe_cleaned,Neurotox MOE,M,OneHotEncoder,"{""encode_components"":[""base"",""sugar"",""phosphate""]}","{'encode_components': ['base', 'sugar', 'phosphate']}",MLP,"{""dropout"":0,""hidden_dims"":[64,64]}","{'dropout': 0, 'hidden_dims': [64, 64]}",nucleobase,gpu,gpu,3.812,measured
corr_7638f5ea63a2d78a,corrective,49e58d530cebe6fb,acute_neurotox_moe_cleaned,Neurotox MOE,M,OneHotEncoder,"{""encode_components"":[""base"",""sugar"",""phosphate""]}","{'encode_components': ['base', 'sugar', 'phosphate']}",MLP,"{""dropout"":0.25,""hidden_dims"":[64]}","{'dropout': 0.25, 'hidden_dims': [64]}",nucleobase,gpu,gpu,3.812,measured
corr_7638f5ea63a2d78a,corrective,35b2f58a672281f7,acute_neurotox_moe_cleaned,Neurotox MOE,M,OneHotEncoder,"{""encode_components"":[""base"",""sugar"",""phosphate""]}","{'encode_components': ['base', 'sugar', 'phosphate']}",MLP,"{""dropout"":0,""hidden_dims"":[64]}","{'dropout': 0, 'hidden_dims': [64]}",nucleobase,gpu,gpu,3.812,measured
corrm_72b6946baa49d949,corrective,f29fd92538ed2aba,acute_neurotox_moe_cleaned,Neurotox MOE,M,OneHotEncoder,"{""encode_components"":[""base"",""sugar"",""phosphate""]}","{'encode_components': ['base', 'sugar', 'phosphate']}",RandomForestModel,"{""max_depth"":20,""n_estimators"":1000}","{'max_depth': 20, 'n_estimators': 1000}",random,cpu,cpu,5.37,measured
corrm_72b6946baa49d949,corrective,f3d3194ccdbf362e,acute_neurotox_moe_cleaned,Neurotox MOE,M,OneHotEncoder,"{""encode_components"":[""base"",""sugar"",""phosphate""]}","{'encode_components': ['base', 'sugar', 'phosphate']}",RandomForestModel,"{""max_depth"":10,""n_estimators"":100}","{'max_depth': 10, 'n_estimators': 100}",random,cpu,cpu,5.37,measured
corrm_72b6946baa49d949,corrective,0fe5c855663897f3,acute_neurotox_moe_cleaned,Neurotox MOE,M,OneHotEncoder,"{""encode_components"":[""base"",""sugar"",""phosphate""]}","{'encode_components': ['base', 'sugar', 'phosphate']}",RandomForestModel,"{""max_depth"":20,""n_estimators"":100}","{'max_depth': 20, 'n_estimators': 100}",random,cpu,cpu,5.37,measured
corrm_72b6946baa49d949,corrective,fa6f9997a37a1f3c,acute_neurotox_moe_cleaned,Neurotox MOE,M,OneHotEncoder,"{""encode_components"":[""base"",""sugar"",""phosphate""]}","{'encode_components': ['base', 'sugar', 'phosphate']}",RandomForestModel,"{""max_depth"":30,""n_estimators"":100}","{'max_depth': 30, 'n_estimators': 100}",random,cpu,cpu,5.37,measured
corrm_72b6946baa49d949,corrective,801aef3243072f04,acute_neurotox_moe_cleaned,Neurotox MOE,M,OneHotEncoder,"{""encode_components"":[""base"",""sugar"",""phosphate""]}","{'encode_components': ['base', 'sugar', 'phosphate']}",RandomForestModel,"{""max_depth"":10,""n_estimators"":500}","{'max_depth': 10, 'n_estimators': 500}",random,cpu,cpu,5.37,measured
corrm_72b6946baa49d949,corrective,f04e9b07d1664277,acute_neurotox_moe_cleaned,Neurotox MOE,M,OneHotEncoder,"{""encode_components"":[""base"",""sugar"",""phosphate""]}","{'encode_components': ['base', 'sugar', 'phosphate']}",RandomForestModel,"{""max_depth"":20,""n_estimators"":500}","{'max_depth': 20, 'n_estimators': 500}",random,cpu,cpu,5.37,measured
corrm_72b6946baa49d949,corrective,3626f79fb30cd528,acute_neurotox_moe_cleaned,Neurotox MOE,M,OneHotEncoder,"{""encode_components"":[""base"",""sugar"",""phosphate""]}","{'encode_components': ['base', 'sugar', 'phosphate']}",RandomForestModel,"{""max_depth"":30,""n_estimators"":500}","{'max_depth': 30, 'n_estimators': 500}",random,cpu,cpu,5.37,measured
corrm_72b6946baa49d949,corrective,9622edb929192a0c,acute_neurotox_moe_cleaned,Neurotox MOE,M,OneHotEncoder,"{""encode_components"":[""base"",""sugar"",""phosphate""]}","{'encode_components': ['base', 'sugar', 'phosphate']}",RandomForestModel,"{""max_depth"":10,""n_estimators"":1000}","{'max_depth': 10, 'n_estimators': 1000}",random,cpu,cpu,5.37,measured
corrm_72b6946baa49d949,corrective,3712e129150ad8db,acute_neurotox_moe_cleaned,Neurotox MOE,M,OneHotEncoder,"{""encode_components"":[""base"",""sugar"",""phosphate""]}","{'encode_components': ['base', 'sugar', 'phosphate']}",RandomForestModel,"{""max_depth"":30,""n_estimators"":1000}","{'max_depth': 30, 'n_estimators': 1000}",random,cpu,cpu,5.37,measured
corrm_72b6946baa49d949,corrective,fba989b1a675ef1e,acute_neurotox_moe_cleaned,Neurotox MOE,M,OneHotEncoder,"{""encode_components"":[""base"",""sugar"",""phosphate""]}","{'encode_components': ['base', 'sugar', 'phosphate']}",XGBoostModel,"{""max_depth"":30,""n_estimators"":500}","{'max_depth': 30, 'n_estimators': 500}",random,cpu,cpu,0.43,measured
corrm_72b6946baa49d949,corrective,d368c4e364521143,acute_neurotox_moe_cleaned,Neurotox MOE,M,OneHotEncoder,"{""encode_components"":[""base"",""sugar"",""phosphate""]}","{'encode_components': ['base', 'sugar', 'phosphate']}",XGBoostModel,"{""max_depth"":30,""n_estimators"":100}","{'max_depth': 30, 'n_estimators': 100}",random,cpu,cpu,0.43,measured
corrm_72b6946baa49d949,corrective,bbdc2ffde07b174d,acute_neurotox_moe_cleaned,Neurotox MOE,M,OneHotEncoder,"{""encode_components"":[""base"",""sugar"",""phosphate""]}","{'encode_components': ['base', 'sugar', 'phosphate']}",XGBoostModel,"{""max_depth"":20,""n_estimators"":100}","{'max_depth': 20, 'n_estimators': 100}",random,cpu,cpu,0.43,measured
corrm_72b6946baa49d949,corrective,1bb33f0639eb28e7,acute_neurotox_moe_cleaned,Neurotox MOE,M,OneHotEncoder,"{""encode_components"":[""base"",""sugar"",""phosphate""]}","{'encode_components': ['base', 'sugar', 'phosphate']}",XGBoostModel,"{""max_depth"":10,""n_estimators"":100}","{'max_depth': 10, 'n_estimators': 100}",random,cpu,cpu,0.43,measured
corrm_72b6946baa49d949,corrective,69d2870d00b8502a,acute_neurotox_moe_cleaned,Neurotox MOE,M,OneHotEncoder,"{""encode_components"":[""base"",""sugar"",""phosphate""]}","{'encode_components': ['base', 'sugar', 'phosphate']}",XGBoostModel,"{""max_depth"":30,""n_estimators"":1000}","{'max_depth': 30, 'n_estimators': 1000}",random,cpu,cpu,0.43,measured
corrm_72b6946baa49d949,corrective,b15cb172bc301021,acute_neurotox_moe_cleaned,Neurotox MOE,M,OneHotEncoder,"{""encode_components"":[""base"",""sugar"",""phosphate""]}","{'encode_components': ['base', 'sugar', 'phosphate']}",XGBoostModel,"{""max_depth"":10,""n_estimators"":1000}","{'max_depth': 10, 'n_estimators': 1000}",random,cpu,cpu,0.43,measured
corrm_72b6946baa49d949,corrective,6d5bfdbe12e17928,acute_neurotox_moe_cleaned,Neurotox MOE,M,OneHotEncoder,"{""encode_components"":[""base"",""sugar"",""phosphate""]}","{'encode_components': ['base', 'sugar', 'phosphate']}",XGBoostModel,"{""max_depth"":20,""n_estimators"":1000}","{'max_depth': 20, 'n_estimators': 1000}",random,cpu,cpu,0.43,measured
corrm_72b6946baa49d949,corrective,a36625fe6430241d,acute_neurotox_moe_cleaned,Neurotox MOE,M,OneHotEncoder,"{""encode_components"":[""base"",""sugar"",""phosphate""]}","{'encode_components': ['base', 'sugar', 'phosphate']}",XGBoostModel,"{""max_depth"":20,""n_estimators"":500}","{'max_depth': 20, 'n_estimators': 500}",random,cpu,cpu,0.43,measured
corrm_72b6946baa49d949,corrective,33333c64a59f9001,acute_neurotox_moe_cleaned,Neurotox MOE,M,OneHotEncoder,"{""encode_components"":[""base"",""sugar"",""phosphate""]}","{'encode_components': ['base', 'sugar', 'phosphate']}",XGBoostModel,"{""max_depth"":10,""n_estimators"":500}","{'max_depth': 10, 'n_estimators': 500}",random,cpu,cpu,0.43,measured
corrm_72b6946baa49d949,corrective,5ffe72ce3627dc30,acute_neurotox_moe_cleaned,Neurotox MOE,M,OneHotEncoder,"{""encode_components"":[""base"",""sugar"",""phosphate""]}","{'encode_components': ['base', 'sugar', 'phosphate']}",NearestNeighborsModel,"{""n_neighbors"":5}",{'n_neighbors': 5},random,cpu,cpu,0.082,measured
corrm_72b6946baa49d949,corrective,61ef0aaa1a60dc24,acute_neurotox_moe_cleaned,Neurotox MOE,M,OneHotEncoder,"{""encode_components"":[""base"",""sugar"",""phosphate""]}","{'encode_components': ['base', 'sugar', 'phosphate']}",NearestNeighborsModel,"{""n_neighbors"":15}",{'n_neighbors': 15},random,cpu,cpu,0.082,measured
corrm_72b6946baa49d949,corrective,bdd79535693784bd,acute_neurotox_moe_cleaned,Neurotox MOE,M,OneHotEncoder,"{""encode_components"":[""base"",""sugar"",""phosphate""]}","{'encode_components': ['base', 'sugar', 'phosphate']}",NearestNeighborsModel,"{""n_neighbors"":10}",{'n_neighbors': 10},random,cpu,cpu,0.082,measured
corrm_72b6946baa49d949,corrective,420627c1b0635be6,acute_neurotox_moe_cleaned,Neurotox MOE,M,OneHotEncoder,"{""encode_components"":[""base"",""sugar"",""phosphate""]}","{'encode_components': ['base', 'sugar', 'phosphate']}",LinearModel,"{""type"":""ridge""}",{'type': 'ridge'},random,cpu,cpu,0.016,measured
corrm_72b6946baa49d949,corrective,8001adbaaf9a5635,acute_neurotox_moe_cleaned,Neurotox MOE,M,OneHotEncoder,"{""encode_components"":[""base"",""sugar"",""phosphate""]}","{'encode_components': ['base', 'sugar', 'phosphate']}",LinearModel,"{""type"":""standard""}",{'type': 'standard'},random,cpu,cpu,0.016,measured
corr_7b533e0c8c462f52,corrective,0b5abb7d36517446,acute_neurotox_moe_cleaned,Neurotox MOE,M,OneHotEncoder,"{""encode_components"":[""base"",""sugar"",""phosphate""]}","{'encode_components': ['base', 'sugar', 'phosphate']}",GRU,"{""hidden_dim"":64,""num_layers"":2}","{'hidden_dim': 64, 'num_layers': 2}",random,gpu,gpu,16.567,measured
corr_7b533e0c8c462f52,corrective,89fd3ca691374174,acute_neurotox_moe_cleaned,Neurotox MOE,M,OneHotEncoder,"{""encode_components"":[""base"",""sugar"",""phosphate""]}","{'encode_components': ['base', 'sugar', 'phosphate']}",GRU,"{""hidden_dim"":64,""num_layers"":1}","{'hidden_dim': 64, 'num_layers': 1}",random,gpu,gpu,16.567,measured
corr_7b533e0c8c462f52,corrective,fef0c4f1e30b76a3,acute_neurotox_moe_cleaned,Neurotox MOE,M,OneHotEncoder,"{""encode_components"":[""base"",""sugar"",""phosphate""]}","{'encode_components': ['base', 'sugar', 'phosphate']}",GRU,"{""hidden_dim"":32,""num_layers"":2}","{'hidden_dim': 32, 'num_layers': 2}",random,gpu,gpu,16.567,measured
corr_7b533e0c8c462f52,corrective,db52474e01877e02,acute_neurotox_moe_cleaned,Neurotox MOE,M,OneHotEncoder,"{""encode_components"":[""base"",""sugar"",""phosphate""]}","{'encode_components': ['base', 'sugar', 'phosphate']}",GRU,"{""hidden_dim"":32,""num_layers"":1}","{'hidden_dim': 32, 'num_layers': 1}",random,gpu,gpu,16.567,measured
corr_7b533e0c8c462f52,corrective,612eb5a9ed5c171f,acute_neurotox_moe_cleaned,Neurotox MOE,M,OneHotEncoder,"{""encode_components"":[""base"",""sugar"",""phosphate""]}","{'encode_components': ['base', 'sugar', 'phosphate']}",CNN,"{""depth"":1,""hidden_dim"":32,""kernel_size"":3,""pooling_operation"":""max""}","{'depth': 1, 'hidden_dim': 32, 'kernel_size': 3, 'pooling_operation': 'max'}",random,gpu,gpu,14.954,measured
corr_7b533e0c8c462f52,corrective,139bfc03ff09910b,acute_neurotox_moe_cleaned,Neurotox MOE,M,OneHotEncoder,"{""encode_components"":[""base"",""sugar"",""phosphate""]}","{'encode_components': ['base', 'sugar', 'phosphate']}",CNN,"{""depth"":2,""hidden_dim"":32,""kernel_size"":3,""pooling_operation"":""max""}","{'depth': 2, 'hidden_dim': 32, 'kernel_size': 3, 'pooling_operation': 'max'}",random,gpu,gpu,14.954,measured
corr_7b533e0c8c462f52,corrective,54d50bbfc5f97577,acute_neurotox_moe_cleaned,Neurotox MOE,M,OneHotEncoder,"{""encode_components"":[""base"",""sugar"",""phosphate""]}","{'encode_components': ['base', 'sugar', 'phosphate']}",CNN,"{""depth"":2,""hidden_dim"":64,""kernel_size"":5,""pooling_operation"":""avg""}","{'depth': 2, 'hidden_dim': 64, 'kernel_size': 5, 'pooling_operation': 'avg'}",random,gpu,gpu,14.954,measured
corr_7b533e0c8c462f52,corrective,a04c03c814d0bb7a,acute_neurotox_moe_cleaned,Neurotox MOE,M,OneHotEncoder,"{""encode_components"":[""base"",""sugar"",""phosphate""]}","{'encode_components': ['base', 'sugar', 'phosphate']}",CNN,"{""depth"":2,""hidden_dim"":64,""kernel_size"":5,""pooling_operation"":""max""}","{'depth': 2, 'hidden_dim': 64, 'kernel_size': 5, 'pooling_operation': 'max'}",random,gpu,gpu,14.954,measured
corr_7b533e0c8c462f52,corrective,a559e2bcec6de5fa,acute_neurotox_moe_cleaned,Neurotox MOE,M,OneHotEncoder,"{""encode_components"":[""base"",""sugar"",""phosphate""]}","{'encode_components': ['base', 'sugar', 'phosphate']}",CNN,"{""depth"":2,""hidden_dim"":64,""kernel_size"":3,""pooling_operation"":""avg""}","{'depth': 2, 'hidden_dim': 64, 'kernel_size': 3, 'pooling_operation': 'avg'}",random,gpu,gpu,14.954,measured
corr_7b533e0c8c462f52,corrective,2b5eb72ee8697f74,acute_neurotox_moe_cleaned,Neurotox MOE,M,OneHotEncoder,"{""encode_components"":[""base"",""sugar"",""phosphate""]}","{'encode_components': ['base', 'sugar', 'phosphate']}",CNN,"{""depth"":2,""hidden_dim"":32,""kernel_size"":5,""pooling_operation"":""avg""}","{'depth': 2, 'hidden_dim': 32, 'kernel_size': 5, 'pooling_operation': 'avg'}",random,gpu,gpu,14.954,measured
corr_7b533e0c8c462f52,corrective,0918fb712072b912,acute_neurotox_moe_cleaned,Neurotox MOE,M,OneHotEncoder,"{""encode_components"":[""base"",""sugar"",""phosphate""]}","{'encode_components': ['base', 'sugar', 'phosphate']}",CNN,"{""depth"":2,""hidden_dim"":32,""kernel_size"":5,""pooling_operation"":""max""}","{'depth': 2, 'hidden_dim': 32, 'kernel_size': 5, 'pooling_operation': 'max'}",random,gpu,gpu,14.954,measured
corr_7b533e0c8c462f52,corrective,99445042a001f7a3,acute_neurotox_moe_cleaned,Neurotox MOE,M,OneHotEncoder,"{""encode_components"":[""base"",""sugar"",""phosphate""]}","{'encode_components': ['base', 'sugar', 'phosphate']}",CNN,"{""depth"":2,""hidden_dim"":32,""kernel_size"":3,""pooling_operation"":""avg""}","{'depth': 2, 'hidden_dim': 32, 'kernel_size': 3, 'pooling_operation': 'avg'}",random,gpu,gpu,14.954,measured
corr_7b533e0c8c462f52,corrective,2dc1e78f73100147,acute_neurotox_moe_cleaned,Neurotox MOE,M,OneHotEncoder,"{""encode_components"":[""base"",""sugar"",""phosphate""]}","{'encode_components': ['base', 'sugar', 'phosphate']}",CNN,"{""depth"":2,""hidden_dim"":64,""kernel_size"":3,""pooling_operation"":""max""}","{'depth': 2, 'hidden_dim': 64, 'kernel_size': 3, 'pooling_operation': 'max'}",random,gpu,gpu,14.954,measured
corr_7b533e0c8c462f52,corrective,3951a37cd34a6571,acute_neurotox_moe_cleaned,Neurotox MOE,M,OneHotEncoder,"{""encode_components"":[""base"",""sugar"",""phosphate""]}","{'encode_components': ['base', 'sugar', 'phosphate']}",CNN,"{""depth"":1,""hidden_dim"":64,""kernel_size"":7,""pooling_operation"":""avg""}","{'depth': 1, 'hidden_dim': 64, 'kernel_size': 7, 'pooling_operation': 'avg'}",random,gpu,gpu,14.954,measured
corr_7b533e0c8c462f52,corrective,ec8615be35492df1,acute_neurotox_moe_cleaned,Neurotox MOE,M,OneHotEncoder,"{""encode_components"":[""base"",""sugar"",""phosphate""]}","{'encode_components': ['base', 'sugar', 'phosphate']}",CNN,"{""depth"":1,""hidden_dim"":64,""kernel_size"":7,""pooling_operation"":""max""}","{'depth': 1, 'hidden_dim': 64, 'kernel_size': 7, 'pooling_operation': 'max'}",random,gpu,gpu,14.954,measured
corr_7b533e0c8c462f52,corrective,994c40ad5ff3392a,acute_neurotox_moe_cleaned,Neurotox MOE,M,OneHotEncoder,"{""encode_components"":[""base"",""sugar"",""phosphate""]}","{'encode_components': ['base', 'sugar', 'phosphate']}",CNN,"{""depth"":1,""hidden_dim"":32,""kernel_size"":5,""pooling_operation"":""max""}","{'depth': 1, 'hidden_dim': 32, 'kernel_size': 5, 'pooling_operation': 'max'}",random,gpu,gpu,14.954,measured
corr_7b533e0c8c462f52,corrective,b452641ecda6a5cb,acute_neurotox_moe_cleaned,Neurotox MOE,M,OneHotEncoder,"{""encode_components"":[""base"",""sugar"",""phosphate""]}","{'encode_components': ['base', 'sugar', 'phosphate']}",CNN,"{""depth"":1,""hidden_dim"":32,""kernel_size"":5,""pooling_operation"":""avg""}","{'depth': 1, 'hidden_dim': 32, 'kernel_size': 5, 'pooling_operation': 'avg'}",random,gpu,gpu,14.954,measured
corr_7b533e0c8c462f52,corrective,f9ad88d8d6b5a50a,acute_neurotox_moe_cleaned,Neurotox MOE,M,OneHotEncoder,"{""encode_components"":[""base"",""sugar"",""phosphate""]}","{'encode_components': ['base', 'sugar', 'phosphate']}",CNN,"{""depth"":1,""hidden_dim"":32,""kernel_size"":7,""pooling_operation"":""max""}","{'depth': 1, 'hidden_dim': 32, 'kernel_size': 7, 'pooling_operation': 'max'}",random,gpu,gpu,14.954,measured
corr_7b533e0c8c462f52,corrective,739b820d99148573,acute_neurotox_moe_cleaned,Neurotox MOE,M,OneHotEncoder,"{""encode_components"":[""base"",""sugar"",""phosphate""]}","{'encode_components': ['base', 'sugar', 'phosphate']}",CNN,"{""depth"":1,""hidden_dim"":32,""kernel_size"":7,""pooling_operation"":""avg""}","{'depth': 1, 'hidden_dim': 32, 'kernel_size': 7, 'pooling_operation': 'avg'}",random,gpu,gpu,14.954,measured
corr_7b533e0c8c462f52,corrective,2903758c2ab751de,acute_neurotox_moe_cleaned,Neurotox MOE,M,OneHotEncoder,"{""encode_components"":[""base"",""sugar"",""phosphate""]}","{'encode_components': ['base', 'sugar', 'phosphate']}",CNN,"{""depth"":1,""hidden_dim"":32,""kernel_size"":3,""pooling_operation"":""avg""}","{'depth': 1, 'hidden_dim': 32, 'kernel_size': 3, 'pooling_operation': 'avg'}",random,gpu,gpu,14.954,measured
corr_7b533e0c8c462f52,corrective,1870d9c64caddbde,acute_neurotox_moe_cleaned,Neurotox MOE,M,OneHotEncoder,"{""encode_components"":[""base"",""sugar"",""phosphate""]}","{'encode_components': ['base', 'sugar', 'phosphate']}",CNN,"{""depth"":1,""hidden_dim"":64,""kernel_size"":3,""pooling_operation"":""max""}","{'depth': 1, 'hidden_dim': 64, 'kernel_size': 3, 'pooling_operation': 'max'}",random,gpu,gpu,14.954,measured
corr_7b533e0c8c462f52,corrective,89a73f9ad473d949,acute_neurotox_moe_cleaned,Neurotox MOE,M,OneHotEncoder,"{""encode_components"":[""base"",""sugar"",""phosphate""]}","{'encode_components': ['base', 'sugar', 'phosphate']}",CNN,"{""depth"":1,""hidden_dim"":64,""kernel_size"":3,""pooling_operation"":""avg""}","{'depth': 1, 'hidden_dim': 64, 'kernel_size': 3, 'pooling_operation': 'avg'}",random,gpu,gpu,14.954,measured
corr_7b533e0c8c462f52,corrective,0cbd1e87d34be89d,acute_neurotox_moe_cleaned,Neurotox MOE,M,OneHotEncoder,"{""encode_components"":[""base"",""sugar"",""phosphate""]}","{'encode_components': ['base', 'sugar', 'phosphate']}",CNN,"{""depth"":1,""hidden_dim"":64,""kernel_size"":5,""pooling_operation"":""max""}","{'depth': 1, 'hidden_dim': 64, 'kernel_size': 5, 'pooling_operation': 'max'}",random,gpu,gpu,14.954,measured
corr_7b533e0c8c462f52,corrective,2919e8c411deb29a,acute_neurotox_moe_cleaned,Neurotox MOE,M,OneHotEncoder,"{""encode_components"":[""base"",""sugar"",""phosphate""]}","{'encode_components': ['base', 'sugar', 'phosphate']}",CNN,"{""depth"":1,""hidden_dim"":64,""kernel_size"":5,""pooling_operation"":""avg""}","{'depth': 1, 'hidden_dim': 64, 'kernel_size': 5, 'pooling_operation': 'avg'}",random,gpu,gpu,14.954,measured
corr_7b533e0c8c462f52,corrective,5ed3fef0bd36ce98,acute_neurotox_moe_cleaned,Neurotox MOE,M,OneHotEncoder,"{""encode_components"":[""base"",""sugar"",""phosphate""]}","{'encode_components': ['base', 'sugar', 'phosphate']}",Transformer,"{""d_model"":64,""dim_feedforward"":128,""dropout"":0,""nhead"":4,""num_layers"":2}","{'d_model': 64, 'dim_feedforward': 128, 'dropout': 0, 'nhead': 4, 'num_layers': 2}",random,gpu,gpu,9.343,measured
corr_7b533e0c8c462f52,corrective,a84e50d28af803c2,acute_neurotox_moe_cleaned,Neurotox MOE,M,OneHotEncoder,"{""encode_components"":[""base"",""sugar"",""phosphate""]}","{'encode_components': ['base', 'sugar', 'phosphate']}",Transformer,"{""d_model"":64,""dim_feedforward"":128,""dropout"":0.25,""nhead"":4,""num_layers"":2}","{'d_model': 64, 'dim_feedforward': 128, 'dropout': 0.25, 'nhead': 4, 'num_layers': 2}",random,gpu,gpu,9.343,measured
corr_7b533e0c8c462f52,corrective,5621ce066363e1f7,acute_neurotox_moe_cleaned,Neurotox MOE,M,OneHotEncoder,"{""encode_components"":[""base"",""sugar"",""phosphate""]}","{'encode_components': ['base', 'sugar', 'phosphate']}",Transformer,"{""d_model"":128,""dim_feedforward"":64,""dropout"":0,""nhead"":2,""num_layers"":1}","{'d_model': 128, 'dim_feedforward': 64, 'dropout': 0, 'nhead': 2, 'num_layers': 1}",random,gpu,gpu,9.343,measured
corr_7b533e0c8c462f52,corrective,e931b1bee4ee192c,acute_neurotox_moe_cleaned,Neurotox MOE,M,OneHotEncoder,"{""encode_components"":[""base"",""sugar"",""phosphate""]}","{'encode_components': ['base', 'sugar', 'phosphate']}",Transformer,"{""d_model"":128,""dim_feedforward"":64,""dropout"":0,""nhead"":2,""num_layers"":2}","{'d_model': 128, 'dim_feedforward': 64, 'dropout': 0, 'nhead': 2, 'num_layers': 2}",random,gpu,gpu,9.343,measured
corr_7b533e0c8c462f52,corrective,cb96edc74583ffbe,acute_neurotox_moe_cleaned,Neurotox MOE,M,OneHotEncoder,"{""encode_components"":[""base"",""sugar"",""phosphate""]}","{'encode_components': ['base', 'sugar', 'phosphate']}",Transformer,"{""d_model"":128,""dim_feedforward"":64,""dropout"":0.25,""nhead"":2,""num_layers"":2}","{'d_model': 128, 'dim_feedforward': 64, 'dropout': 0.25, 'nhead': 2, 'num_layers': 2}",random,gpu,gpu,9.343,measured
corr_7b533e0c8c462f52,corrective,4945f2d16e168630,acute_neurotox_moe_cleaned,Neurotox MOE,M,OneHotEncoder,"{""encode_components"":[""base"",""sugar"",""phosphate""]}","{'encode_components': ['base', 'sugar', 'phosphate']}",Transformer,"{""d_model"":128,""dim_feedforward"":128,""dropout"":0,""nhead"":2,""num_layers"":1}","{'d_model': 128, 'dim_feedforward': 128, 'dropout': 0, 'nhead': 2, 'num_layers': 1}",random,gpu,gpu,9.343,measured
corr_7b533e0c8c462f52,corrective,64daa48535f84b01,acute_neurotox_moe_cleaned,Neurotox MOE,M,OneHotEncoder,"{""encode_components"":[""base"",""sugar"",""phosphate""]}","{'encode_components': ['base', 'sugar', 'phosphate']}",Transformer,"{""d_model"":128,""dim_feedforward"":128,""dropout"":0.25,""nhead"":2,""num_layers"":1}","{'d_model': 128, 'dim_feedforward': 128, 'dropout': 0.25, 'nhead': 2, 'num_layers': 1}",random,gpu,gpu,9.343,measured
corr_7b533e0c8c462f52,corrective,03b4aca989fe3299,acute_neurotox_moe_cleaned,Neurotox MOE,M,OneHotEncoder,"{""encode_components"":[""base"",""sugar"",""phosphate""]}","{'encode_components': ['base', 'sugar', 'phosphate']}",Transformer,"{""d_model"":128,""dim_feedforward"":128,""dropout"":0,""nhead"":2,""num_layers"":2}","{'d_model': 128, 'dim_feedforward': 128, 'dropout': 0, 'nhead': 2, 'num_layers': 2}",random,gpu,gpu,9.343,measured
corr_7b533e0c8c462f52,corrective,02ff898a97cb4fb7,acute_neurotox_moe_cleaned,Neurotox MOE,M,OneHotEncoder,"{""encode_components"":[""base"",""sugar"",""phosphate""]}","{'encode_components': ['base', 'sugar', 'phosphate']}",Transformer,"{""d_model"":128,""dim_feedforward"":64,""dropout"":0.25,""nhead"":2,""num_layers"":1}","{'d_model': 128, 'dim_feedforward': 64, 'dropout': 0.25, 'nhead': 2, 'num_layers': 1}",random,gpu,gpu,9.343,measured
corr_7b533e0c8c462f52,corrective,fe260f7ab6242c68,acute_neurotox_moe_cleaned,Neurotox MOE,M,OneHotEncoder,"{""encode_components"":[""base"",""sugar"",""phosphate""]}","{'encode_components': ['base', 'sugar', 'phosphate']}",Transformer,"{""d_model"":128,""dim_feedforward"":128,""dropout"":0.25,""nhead"":4,""num_layers"":1}","{'d_model': 128, 'dim_feedforward': 128, 'dropout': 0.25, 'nhead': 4, 'num_layers': 1}",random,gpu,gpu,9.343,measured
corr_7b533e0c8c462f52,corrective,39b45dddb827a513,acute_neurotox_moe_cleaned,Neurotox MOE,M,OneHotEncoder,"{""encode_components"":[""base"",""sugar"",""phosphate""]}","{'encode_components': ['base', 'sugar', 'phosphate']}",Transformer,"{""d_model"":128,""dim_feedforward"":128,""dropout"":0.25,""nhead"":2,""num_layers"":2}","{'d_model': 128, 'dim_feedforward': 128, 'dropout': 0.25, 'nhead': 2, 'num_layers': 2}",random,gpu,gpu,9.343,measured
corr_7b533e0c8c462f52,corrective,33b9b80d461a8adc,acute_neurotox_moe_cleaned,Neurotox MOE,M,OneHotEncoder,"{""encode_components"":[""base"",""sugar"",""phosphate""]}","{'encode_components': ['base', 'sugar', 'phosphate']}",Transformer,"{""d_model"":128,""dim_feedforward"":64,""dropout"":0,""nhead"":4,""num_layers"":1}","{'d_model': 128, 'dim_feedforward': 64, 'dropout': 0, 'nhead': 4, 'num_layers': 1}",random,gpu,gpu,9.343,measured
corr_7b533e0c8c462f52,corrective,1463312c1ac4f95c,acute_neurotox_moe_cleaned,Neurotox MOE,M,OneHotEncoder,"{""encode_components"":[""base"",""sugar"",""phosphate""]}","{'encode_components': ['base', 'sugar', 'phosphate']}",Transformer,"{""d_model"":128,""dim_feedforward"":64,""dropout"":0.25,""nhead"":4,""num_layers"":1}","{'d_model': 128, 'dim_feedforward': 64, 'dropout': 0.25, 'nhead': 4, 'num_layers': 1}",random,gpu,gpu,9.343,measured
corr_7b533e0c8c462f52,corrective,22d683e014904e51,acute_neurotox_moe_cleaned,Neurotox MOE,M,OneHotEncoder,"{""encode_components"":[""base"",""sugar"",""phosphate""]}","{'encode_components': ['base', 'sugar', 'phosphate']}",Transformer,"{""d_model"":128,""dim_feedforward"":64,""dropout"":0,""nhead"":4,""num_layers"":2}","{'d_model': 128, 'dim_feedforward': 64, 'dropout': 0, 'nhead': 4, 'num_layers': 2}",random,gpu,gpu,9.343,measured
corr_7b533e0c8c462f52,corrective,cc59bbbb7d594f0b,acute_neurotox_moe_cleaned,Neurotox MOE,M,OneHotEncoder,"{""encode_components"":[""base"",""sugar"",""phosphate""]}","{'encode_components': ['base', 'sugar', 'phosphate']}",Transformer,"{""d_model"":128,""dim_feedforward"":64,""dropout"":0.25,""nhead"":4,""num_layers"":2}","{'d_model': 128, 'dim_feedforward': 64, 'dropout': 0.25, 'nhead': 4, 'num_layers': 2}",random,gpu,gpu,9.343,measured
corr_7b533e0c8c462f52,corrective,9887ab7f4075ee9c,acute_neurotox_moe_cleaned,Neurotox MOE,M,OneHotEncoder,"{""encode_components"":[""base"",""sugar"",""phosphate""]}","{'encode_components': ['base', 'sugar', 'phosphate']}",Transformer,"{""d_model"":128,""dim_feedforward"":128,""dropout"":0,""nhead"":4,""num_layers"":1}","{'d_model': 128, 'dim_feedforward': 128, 'dropout': 0, 'nhead': 4, 'num_layers': 1}",random,gpu,gpu,9.343,measured
corr_7b533e0c8c462f52,corrective,06ab758f2637673a,acute_neurotox_moe_cleaned,Neurotox MOE,M,OneHotEncoder,"{""encode_components"":[""base"",""sugar"",""phosphate""]}","{'encode_components': ['base', 'sugar', 'phosphate']}",Transformer,"{""d_model"":64,""dim_feedforward"":128,""dropout"":0,""nhead"":4,""num_layers"":1}","{'d_model': 64, 'dim_feedforward': 128, 'dropout': 0, 'nhead': 4, 'num_layers': 1}",random,gpu,gpu,9.343,measured
corr_7b533e0c8c462f52,corrective,374e94df50e2b08f,acute_neurotox_moe_cleaned,Neurotox MOE,M,OneHotEncoder,"{""encode_components"":[""base"",""sugar"",""phosphate""]}","{'encode_components': ['base', 'sugar', 'phosphate']}",Transformer,"{""d_model"":128,""dim_feedforward"":128,""dropout"":0,""nhead"":4,""num_layers"":2}","{'d_model': 128, 'dim_feedforward': 128, 'dropout': 0, 'nhead': 4, 'num_layers': 2}",random,gpu,gpu,9.343,measured
corr_7b533e0c8c462f52,corrective,3b95ba4e7fe81161,acute_neurotox_moe_cleaned,Neurotox MOE,M,OneHotEncoder,"{""encode_components"":[""base"",""sugar"",""phosphate""]}","{'encode_components': ['base', 'sugar', 'phosphate']}",Transformer,"{""d_model"":64,""dim_feedforward"":128,""dropout"":0.25,""nhead"":4,""num_layers"":1}","{'d_model': 64, 'dim_feedforward': 128, 'dropout': 0.25, 'nhead': 4, 'num_layers': 1}",random,gpu,gpu,9.343,measured
corr_7b533e0c8c462f52,corrective,3bd06cefb4bea1df,acute_neurotox_moe_cleaned,Neurotox MOE,M,OneHotEncoder,"{""encode_components"":[""base"",""sugar"",""phosphate""]}","{'encode_components': ['base', 'sugar', 'phosphate']}",Transformer,"{""d_model"":64,""dim_feedforward"":64,""dropout"":0,""nhead"":2,""num_layers"":1}","{'d_model': 64, 'dim_feedforward': 64, 'dropout': 0, 'nhead': 2, 'num_layers': 1}",random,gpu,gpu,9.343,measured
corr_7b533e0c8c462f52,corrective,0e37af7daf9370c7,acute_neurotox_moe_cleaned,Neurotox MOE,M,OneHotEncoder,"{""encode_components"":[""base"",""sugar"",""phosphate""]}","{'encode_components': ['base', 'sugar', 'phosphate']}",Transformer,"{""d_model"":64,""dim_feedforward"":64,""dropout"":0.25,""nhead"":4,""num_layers"":2}","{'d_model': 64, 'dim_feedforward': 64, 'dropout': 0.25, 'nhead': 4, 'num_layers': 2}",random,gpu,gpu,9.343,measured
corr_7b533e0c8c462f52,corrective,55e2b7595e072deb,acute_neurotox_moe_cleaned,Neurotox MOE,M,OneHotEncoder,"{""encode_components"":[""base"",""sugar"",""phosphate""]}","{'encode_components': ['base', 'sugar', 'phosphate']}",Transformer,"{""d_model"":64,""dim_feedforward"":128,""dropout"":0.25,""nhead"":2,""num_layers"":1}","{'d_model': 64, 'dim_feedforward': 128, 'dropout': 0.25, 'nhead': 2, 'num_layers': 1}",random,gpu,gpu,9.343,measured
corr_7b533e0c8c462f52,corrective,3d8c75b6c74cbd8d,acute_neurotox_moe_cleaned,Neurotox MOE,M,OneHotEncoder,"{""encode_components"":[""base"",""sugar"",""phosphate""]}","{'encode_components': ['base', 'sugar', 'phosphate']}",Transformer,"{""d_model"":64,""dim_feedforward"":64,""dropout"":0,""nhead"":4,""num_layers"":2}","{'d_model': 64, 'dim_feedforward': 64, 'dropout': 0, 'nhead': 4, 'num_layers': 2}",random,gpu,gpu,9.343,measured
corr_7b533e0c8c462f52,corrective,94b221f384355fc8,acute_neurotox_moe_cleaned,Neurotox MOE,M,OneHotEncoder,"{""encode_components"":[""base"",""sugar"",""phosphate""]}","{'encode_components': ['base', 'sugar', 'phosphate']}",Transformer,"{""d_model"":64,""dim_feedforward"":64,""dropout"":0,""nhead"":2,""num_layers"":2}","{'d_model': 64, 'dim_feedforward': 64, 'dropout': 0, 'nhead': 2, 'num_layers': 2}",random,gpu,gpu,9.343,measured
corr_7b533e0c8c462f52,corrective,51d31da335d51415,acute_neurotox_moe_cleaned,Neurotox MOE,M,OneHotEncoder,"{""encode_components"":[""base"",""sugar"",""phosphate""]}","{'encode_components': ['base', 'sugar', 'phosphate']}",Transformer,"{""d_model"":64,""dim_feedforward"":64,""dropout"":0.25,""nhead"":2,""num_layers"":2}","{'d_model': 64, 'dim_feedforward': 64, 'dropout': 0.25, 'nhead': 2, 'num_layers': 2}",random,gpu,gpu,9.343,measured
corr_7b533e0c8c462f52,corrective,2167115fc568d73b,acute_neurotox_moe_cleaned,Neurotox MOE,M,OneHotEncoder,"{""encode_components"":[""base"",""sugar"",""phosphate""]}","{'encode_components': ['base', 'sugar', 'phosphate']}",Transformer,"{""d_model"":64,""dim_feedforward"":128,""dropout"":0,""nhead"":2,""num_layers"":1}","{'d_model': 64, 'dim_feedforward': 128, 'dropout': 0, 'nhead': 2, 'num_layers': 1}",random,gpu,gpu,9.343,measured
corr_7b533e0c8c462f52,corrective,4d651996230d8247,acute_neurotox_moe_cleaned,Neurotox MOE,M,OneHotEncoder,"{""encode_components"":[""base"",""sugar"",""phosphate""]}","{'encode_components': ['base', 'sugar', 'phosphate']}",Transformer,"{""d_model"":64,""dim_feedforward"":64,""dropout"":0.25,""nhead"":2,""num_layers"":1}","{'d_model': 64, 'dim_feedforward': 64, 'dropout': 0.25, 'nhead': 2, 'num_layers': 1}",random,gpu,gpu,9.343,measured
corr_7b533e0c8c462f52,corrective,426151d8cad39067,acute_neurotox_moe_cleaned,Neurotox MOE,M,OneHotEncoder,"{""encode_components"":[""base"",""sugar"",""phosphate""]}","{'encode_components': ['base', 'sugar', 'phosphate']}",Transformer,"{""d_model"":64,""dim_feedforward"":128,""dropout"":0,""nhead"":2,""num_layers"":2}","{'d_model': 64, 'dim_feedforward': 128, 'dropout': 0, 'nhead': 2, 'num_layers': 2}",random,gpu,gpu,9.343,measured
corr_7b533e0c8c462f52,corrective,6745571c68bbc4cb,acute_neurotox_moe_cleaned,Neurotox MOE,M,OneHotEncoder,"{""encode_components"":[""base"",""sugar"",""phosphate""]}","{'encode_components': ['base', 'sugar', 'phosphate']}",Transformer,"{""d_model"":64,""dim_feedforward"":128,""dropout"":0.25,""nhead"":2,""num_layers"":2}","{'d_model': 64, 'dim_feedforward': 128, 'dropout': 0.25, 'nhead': 2, 'num_layers': 2}",random,gpu,gpu,9.343,measured
corr_7b533e0c8c462f52,corrective,b26adfd87a9bbbc2,acute_neurotox_moe_cleaned,Neurotox MOE,M,OneHotEncoder,"{""encode_components"":[""base"",""sugar"",""phosphate""]}","{'encode_components': ['base', 'sugar', 'phosphate']}",Transformer,"{""d_model"":64,""dim_feedforward"":64,""dropout"":0,""nhead"":4,""num_layers"":1}","{'d_model': 64, 'dim_feedforward': 64, 'dropout': 0, 'nhead': 4, 'num_layers': 1}",random,gpu,gpu,9.343,measured
corr_7b533e0c8c462f52,corrective,3ac85a02263b1cb5,acute_neurotox_moe_cleaned,Neurotox MOE,M,OneHotEncoder,"{""encode_components"":[""base"",""sugar"",""phosphate""]}","{'encode_components': ['base', 'sugar', 'phosphate']}",Transformer,"{""d_model"":64,""dim_feedforward"":64,""dropout"":0.25,""nhead"":4,""num_layers"":1}","{'d_model': 64, 'dim_feedforward': 64, 'dropout': 0.25, 'nhead': 4, 'num_layers': 1}",random,gpu,gpu,9.343,measured
corr_7b533e0c8c462f52,corrective,f52a2d0124a98cb4,acute_neurotox_moe_cleaned,Neurotox MOE,M,OneHotEncoder,"{""encode_components"":[""base"",""sugar"",""phosphate""]}","{'encode_components': ['base', 'sugar', 'phosphate']}",Transformer,"{""d_model"":128,""dim_feedforward"":128,""dropout"":0.25,""nhead"":4,""num_layers"":2}","{'d_model': 128, 'dim_feedforward': 128, 'dropout': 0.25, 'nhead': 4, 'num_layers': 2}",random,gpu,gpu,9.343,measured
corr_7b533e0c8c462f52,corrective,c5b4cd50eae2daa4,acute_neurotox_moe_cleaned,Neurotox MOE,M,OneHotEncoder,"{""encode_components"":[""base"",""sugar"",""phosphate""]}","{'encode_components': ['base', 'sugar', 'phosphate']}",MLP,"{""dropout"":0.25,""hidden_dims"":[128,128]}","{'dropout': 0.25, 'hidden_dims': [128, 128]}",random,gpu,gpu,3.812,measured
corr_7b533e0c8c462f52,corrective,c3263d5f50b64478,acute_neurotox_moe_cleaned,Neurotox MOE,M,OneHotEncoder,"{""encode_components"":[""base"",""sugar"",""phosphate""]}","{'encode_components': ['base', 'sugar', 'phosphate']}",MLP,"{""dropout"":0,""hidden_dims"":[128,128]}","{'dropout': 0, 'hidden_dims': [128, 128]}",random,gpu,gpu,3.812,measured
corr_7b533e0c8c462f52,corrective,28a6a73bf350c3d7,acute_neurotox_moe_cleaned,Neurotox MOE,M,OneHotEncoder,"{""encode_components"":[""base"",""sugar"",""phosphate""]}","{'encode_components': ['base', 'sugar', 'phosphate']}",MLP,"{""dropout"":0.25,""hidden_dims"":[128]}","{'dropout': 0.25, 'hidden_dims': [128]}",random,gpu,gpu,3.812,measured
corr_7b533e0c8c462f52,corrective,8e5bc2afa04508c1,acute_neurotox_moe_cleaned,Neurotox MOE,M,OneHotEncoder,"{""encode_components"":[""base"",""sugar"",""phosphate""]}","{'encode_components': ['base', 'sugar', 'phosphate']}",MLP,"{""dropout"":0,""hidden_dims"":[128]}","{'dropout': 0, 'hidden_dims': [128]}",random,gpu,gpu,3.812,measured
corr_7b533e0c8c462f52,corrective,bf8ee71df49dc332,acute_neurotox_moe_cleaned,Neurotox MOE,M,OneHotEncoder,"{""encode_components"":[""base"",""sugar"",""phosphate""]}","{'encode_components': ['base', 'sugar', 'phosphate']}",MLP,"{""dropout"":0.25,""hidden_dims"":[64,64]}","{'dropout': 0.25, 'hidden_dims': [64, 64]}",random,gpu,gpu,3.812,measured
corr_7b533e0c8c462f52,corrective,fd209fad35118e71,acute_neurotox_moe_cleaned,Neurotox MOE,M,OneHotEncoder,"{""encode_components"":[""base"",""sugar"",""phosphate""]}","{'encode_components': ['base', 'sugar', 'phosphate']}",MLP,"{""dropout"":0,""hidden_dims"":[64,64]}","{'dropout': 0, 'hidden_dims': [64, 64]}",random,gpu,gpu,3.812,measured
corr_7b533e0c8c462f52,corrective,00c72a03b06ddedb,acute_neurotox_moe_cleaned,Neurotox MOE,M,OneHotEncoder,"{""encode_components"":[""base"",""sugar"",""phosphate""]}","{'encode_components': ['base', 'sugar', 'phosphate']}",MLP,"{""dropout"":0.25,""hidden_dims"":[64]}","{'dropout': 0.25, 'hidden_dims': [64]}",random,gpu,gpu,3.812,measured
corr_7b533e0c8c462f52,corrective,1845c6c36507d7e0,acute_neurotox_moe_cleaned,Neurotox MOE,M,OneHotEncoder,"{""encode_components"":[""base"",""sugar"",""phosphate""]}","{'encode_components': ['base', 'sugar', 'phosphate']}",MLP,"{""dropout"":0,""hidden_dims"":[64]}","{'dropout': 0, 'hidden_dims': [64]}",random,gpu,gpu,3.812,measured
corrm_72b6946baa49d949,corrective,dbae37326a24d5e0,acute_neurotox_moe_cleaned,Neurotox MOE,M,OneHotEncoder,"{""encode_components"":[""base""]}",{'encode_components': ['base']},RandomForestModel,"{""max_depth"":20,""n_estimators"":1000}","{'max_depth': 20, 'n_estimators': 1000}",nucleobase,cpu,cpu,5.37,measured
corrm_72b6946baa49d949,corrective,e90046036b563559,acute_neurotox_moe_cleaned,Neurotox MOE,M,OneHotEncoder,"{""encode_components"":[""base""]}",{'encode_components': ['base']},RandomForestModel,"{""max_depth"":10,""n_estimators"":100}","{'max_depth': 10, 'n_estimators': 100}",nucleobase,cpu,cpu,5.37,measured
corrm_72b6946baa49d949,corrective,89aba2782b253bd7,acute_neurotox_moe_cleaned,Neurotox MOE,M,OneHotEncoder,"{""encode_components"":[""base""]}",{'encode_components': ['base']},RandomForestModel,"{""max_depth"":20,""n_estimators"":100}","{'max_depth': 20, 'n_estimators': 100}",nucleobase,cpu,cpu,5.37,measured
corrm_72b6946baa49d949,corrective,0eb30cfb8cbb1bc9,acute_neurotox_moe_cleaned,Neurotox MOE,M,OneHotEncoder,"{""encode_components"":[""base""]}",{'encode_components': ['base']},RandomForestModel,"{""max_depth"":30,""n_estimators"":100}","{'max_depth': 30, 'n_estimators': 100}",nucleobase,cpu,cpu,5.37,measured
corrm_72b6946baa49d949,corrective,f9bd0b9f971ad815,acute_neurotox_moe_cleaned,Neurotox MOE,M,OneHotEncoder,"{""encode_components"":[""base""]}",{'encode_components': ['base']},RandomForestModel,"{""max_depth"":10,""n_estimators"":500}","{'max_depth': 10, 'n_estimators': 500}",nucleobase,cpu,cpu,5.37,measured
corrm_72b6946baa49d949,corrective,d30756716f82c198,acute_neurotox_moe_cleaned,Neurotox MOE,M,OneHotEncoder,"{""encode_components"":[""base""]}",{'encode_components': ['base']},RandomForestModel,"{""max_depth"":20,""n_estimators"":500}","{'max_depth': 20, 'n_estimators': 500}",nucleobase,cpu,cpu,5.37,measured
corrm_72b6946baa49d949,corrective,fc1c304edbce39ee,acute_neurotox_moe_cleaned,Neurotox MOE,M,OneHotEncoder,"{""encode_components"":[""base""]}",{'encode_components': ['base']},RandomForestModel,"{""max_depth"":30,""n_estimators"":500}","{'max_depth': 30, 'n_estimators': 500}",nucleobase,cpu,cpu,5.37,measured
corrm_72b6946baa49d949,corrective,46c5decab497bc4a,acute_neurotox_moe_cleaned,Neurotox MOE,M,OneHotEncoder,"{""encode_components"":[""base""]}",{'encode_components': ['base']},RandomForestModel,"{""max_depth"":10,""n_estimators"":1000}","{'max_depth': 10, 'n_estimators': 1000}",nucleobase,cpu,cpu,5.37,measured
corrm_72b6946baa49d949,corrective,74a5d5c3ccc5f635,acute_neurotox_moe_cleaned,Neurotox MOE,M,OneHotEncoder,"{""encode_components"":[""base""]}",{'encode_components': ['base']},RandomForestModel,"{""max_depth"":30,""n_estimators"":1000}","{'max_depth': 30, 'n_estimators': 1000}",nucleobase,cpu,cpu,5.37,measured
corrm_72b6946baa49d949,corrective,2baf3039b42b183b,acute_neurotox_moe_cleaned,Neurotox MOE,M,OneHotEncoder,"{""encode_components"":[""base""]}",{'encode_components': ['base']},XGBoostModel,"{""max_depth"":30,""n_estimators"":500}","{'max_depth': 30, 'n_estimators': 500}",nucleobase,cpu,cpu,0.43,measured
corrm_72b6946baa49d949,corrective,42c5ad7e99142986,acute_neurotox_moe_cleaned,Neurotox MOE,M,OneHotEncoder,"{""encode_components"":[""base""]}",{'encode_components': ['base']},XGBoostModel,"{""max_depth"":30,""n_estimators"":100}","{'max_depth': 30, 'n_estimators': 100}",nucleobase,cpu,cpu,0.43,measured
corrm_72b6946baa49d949,corrective,ae3f2527def79fcc,acute_neurotox_moe_cleaned,Neurotox MOE,M,OneHotEncoder,"{""encode_components"":[""base""]}",{'encode_components': ['base']},XGBoostModel,"{""max_depth"":20,""n_estimators"":100}","{'max_depth': 20, 'n_estimators': 100}",nucleobase,cpu,cpu,0.43,measured
corrm_72b6946baa49d949,corrective,4539fb074ea0e1d0,acute_neurotox_moe_cleaned,Neurotox MOE,M,OneHotEncoder,"{""encode_components"":[""base""]}",{'encode_components': ['base']},XGBoostModel,"{""max_depth"":10,""n_estimators"":100}","{'max_depth': 10, 'n_estimators': 100}",nucleobase,cpu,cpu,0.43,measured
corrm_72b6946baa49d949,corrective,2a3854ae41603af6,acute_neurotox_moe_cleaned,Neurotox MOE,M,OneHotEncoder,"{""encode_components"":[""base""]}",{'encode_components': ['base']},XGBoostModel,"{""max_depth"":30,""n_estimators"":1000}","{'max_depth': 30, 'n_estimators': 1000}",nucleobase,cpu,cpu,0.43,measured
corrm_72b6946baa49d949,corrective,c3e62277609b211d,acute_neurotox_moe_cleaned,Neurotox MOE,M,OneHotEncoder,"{""encode_components"":[""base""]}",{'encode_components': ['base']},XGBoostModel,"{""max_depth"":10,""n_estimators"":1000}","{'max_depth': 10, 'n_estimators': 1000}",nucleobase,cpu,cpu,0.43,measured
corrm_72b6946baa49d949,corrective,41e966ecca7009f5,acute_neurotox_moe_cleaned,Neurotox MOE,M,OneHotEncoder,"{""encode_components"":[""base""]}",{'encode_components': ['base']},XGBoostModel,"{""max_depth"":20,""n_estimators"":1000}","{'max_depth': 20, 'n_estimators': 1000}",nucleobase,cpu,cpu,0.43,measured
corrm_72b6946baa49d949,corrective,fc33c99bab3e2793,acute_neurotox_moe_cleaned,Neurotox MOE,M,OneHotEncoder,"{""encode_components"":[""base""]}",{'encode_components': ['base']},XGBoostModel,"{""max_depth"":20,""n_estimators"":500}","{'max_depth': 20, 'n_estimators': 500}",nucleobase,cpu,cpu,0.43,measured
corrm_72b6946baa49d949,corrective,e8006a527fa644dd,acute_neurotox_moe_cleaned,Neurotox MOE,M,OneHotEncoder,"{""encode_components"":[""base""]}",{'encode_components': ['base']},XGBoostModel,"{""max_depth"":10,""n_estimators"":500}","{'max_depth': 10, 'n_estimators': 500}",nucleobase,cpu,cpu,0.43,measured
corrm_72b6946baa49d949,corrective,906d6e2dda98c9d3,acute_neurotox_moe_cleaned,Neurotox MOE,M,OneHotEncoder,"{""encode_components"":[""base""]}",{'encode_components': ['base']},NearestNeighborsModel,"{""n_neighbors"":5}",{'n_neighbors': 5},nucleobase,cpu,cpu,0.082,measured
corrm_72b6946baa49d949,corrective,ccc4b7d5a5158c75,acute_neurotox_moe_cleaned,Neurotox MOE,M,OneHotEncoder,"{""encode_components"":[""base""]}",{'encode_components': ['base']},NearestNeighborsModel,"{""n_neighbors"":15}",{'n_neighbors': 15},nucleobase,cpu,cpu,0.082,measured
corrm_72b6946baa49d949,corrective,ae533af7c07ef447,acute_neurotox_moe_cleaned,Neurotox MOE,M,OneHotEncoder,"{""encode_components"":[""base""]}",{'encode_components': ['base']},NearestNeighborsModel,"{""n_neighbors"":10}",{'n_neighbors': 10},nucleobase,cpu,cpu,0.082,measured
corrm_72b6946baa49d949,corrective,02b428aed7f0bb7b,acute_neurotox_moe_cleaned,Neurotox MOE,M,OneHotEncoder,"{""encode_components"":[""base""]}",{'encode_components': ['base']},LinearModel,"{""type"":""ridge""}",{'type': 'ridge'},nucleobase,cpu,cpu,0.016,measured
corrm_72b6946baa49d949,corrective,ea900ebc90726216,acute_neurotox_moe_cleaned,Neurotox MOE,M,OneHotEncoder,"{""encode_components"":[""base""]}",{'encode_components': ['base']},LinearModel,"{""type"":""standard""}",{'type': 'standard'},nucleobase,cpu,cpu,0.016,measured
corr_a8b7263f829c3c57,corrective,7d7884e53a6c051f,acute_neurotox_moe_cleaned,Neurotox MOE,M,OneHotEncoder,"{""encode_components"":[""base""]}",{'encode_components': ['base']},GRU,"{""hidden_dim"":64,""num_layers"":2}","{'hidden_dim': 64, 'num_layers': 2}",nucleobase,gpu,gpu,16.567,measured
corr_a8b7263f829c3c57,corrective,668c2bc8a129c31c,acute_neurotox_moe_cleaned,Neurotox MOE,M,OneHotEncoder,"{""encode_components"":[""base""]}",{'encode_components': ['base']},GRU,"{""hidden_dim"":64,""num_layers"":1}","{'hidden_dim': 64, 'num_layers': 1}",nucleobase,gpu,gpu,16.567,measured
corr_a8b7263f829c3c57,corrective,15d138b3458ced10,acute_neurotox_moe_cleaned,Neurotox MOE,M,OneHotEncoder,"{""encode_components"":[""base""]}",{'encode_components': ['base']},GRU,"{""hidden_dim"":32,""num_layers"":2}","{'hidden_dim': 32, 'num_layers': 2}",nucleobase,gpu,gpu,16.567,measured
corr_a8b7263f829c3c57,corrective,c9d934d4d707cbef,acute_neurotox_moe_cleaned,Neurotox MOE,M,OneHotEncoder,"{""encode_components"":[""base""]}",{'encode_components': ['base']},GRU,"{""hidden_dim"":32,""num_layers"":1}","{'hidden_dim': 32, 'num_layers': 1}",nucleobase,gpu,gpu,16.567,measured
corr_a8b7263f829c3c57,corrective,af95dba1bad40fd2,acute_neurotox_moe_cleaned,Neurotox MOE,M,OneHotEncoder,"{""encode_components"":[""base""]}",{'encode_components': ['base']},CNN,"{""depth"":1,""hidden_dim"":32,""kernel_size"":3,""pooling_operation"":""max""}","{'depth': 1, 'hidden_dim': 32, 'kernel_size': 3, 'pooling_operation': 'max'}",nucleobase,gpu,gpu,14.954,measured
corr_a8b7263f829c3c57,corrective,82727c8f6a9e604a,acute_neurotox_moe_cleaned,Neurotox MOE,M,OneHotEncoder,"{""encode_components"":[""base""]}",{'encode_components': ['base']},CNN,"{""depth"":2,""hidden_dim"":32,""kernel_size"":3,""pooling_operation"":""max""}","{'depth': 2, 'hidden_dim': 32, 'kernel_size': 3, 'pooling_operation': 'max'}",nucleobase,gpu,gpu,14.954,measured
corr_a8b7263f829c3c57,corrective,c79289deae6f192e,acute_neurotox_moe_cleaned,Neurotox MOE,M,OneHotEncoder,"{""encode_components"":[""base""]}",{'encode_components': ['base']},CNN,"{""depth"":2,""hidden_dim"":64,""kernel_size"":5,""pooling_operation"":""avg""}","{'depth': 2, 'hidden_dim': 64, 'kernel_size': 5, 'pooling_operation': 'avg'}",nucleobase,gpu,gpu,14.954,measured
corr_a8b7263f829c3c57,corrective,3b92208bf254a873,acute_neurotox_moe_cleaned,Neurotox MOE,M,OneHotEncoder,"{""encode_components"":[""base""]}",{'encode_components': ['base']},CNN,"{""depth"":2,""hidden_dim"":64,""kernel_size"":5,""pooling_operation"":""max""}","{'depth': 2, 'hidden_dim': 64, 'kernel_size': 5, 'pooling_operation': 'max'}",nucleobase,gpu,gpu,14.954,measured
corr_a8b7263f829c3c57,corrective,c05b46b1b2c5aa24,acute_neurotox_moe_cleaned,Neurotox MOE,M,OneHotEncoder,"{""encode_components"":[""base""]}",{'encode_components': ['base']},CNN,"{""depth"":2,""hidden_dim"":64,""kernel_size"":3,""pooling_operation"":""avg""}","{'depth': 2, 'hidden_dim': 64, 'kernel_size': 3, 'pooling_operation': 'avg'}",nucleobase,gpu,gpu,14.954,measured
corr_a8b7263f829c3c57,corrective,75458262029a3fed,acute_neurotox_moe_cleaned,Neurotox MOE,M,OneHotEncoder,"{""encode_components"":[""base""]}",{'encode_components': ['base']},CNN,"{""depth"":2,""hidden_dim"":32,""kernel_size"":5,""pooling_operation"":""avg""}","{'depth': 2, 'hidden_dim': 32, 'kernel_size': 5, 'pooling_operation': 'avg'}",nucleobase,gpu,gpu,14.954,measured
corr_a8b7263f829c3c57,corrective,22151ed790964c16,acute_neurotox_moe_cleaned,Neurotox MOE,M,OneHotEncoder,"{""encode_components"":[""base""]}",{'encode_components': ['base']},CNN,"{""depth"":2,""hidden_dim"":32,""kernel_size"":5,""pooling_operation"":""max""}","{'depth': 2, 'hidden_dim': 32, 'kernel_size': 5, 'pooling_operation': 'max'}",nucleobase,gpu,gpu,14.954,measured
corr_a8b7263f829c3c57,corrective,e53e3d5897cb0a52,acute_neurotox_moe_cleaned,Neurotox MOE,M,OneHotEncoder,"{""encode_components"":[""base""]}",{'encode_components': ['base']},CNN,"{""depth"":2,""hidden_dim"":32,""kernel_size"":3,""pooling_operation"":""avg""}","{'depth': 2, 'hidden_dim': 32, 'kernel_size': 3, 'pooling_operation': 'avg'}",nucleobase,gpu,gpu,14.954,measured
corr_a8b7263f829c3c57,corrective,8d6ea0ec1ad2a8a6,acute_neurotox_moe_cleaned,Neurotox MOE,M,OneHotEncoder,"{""encode_components"":[""base""]}",{'encode_components': ['base']},CNN,"{""depth"":2,""hidden_dim"":64,""kernel_size"":3,""pooling_operation"":""max""}","{'depth': 2, 'hidden_dim': 64, 'kernel_size': 3, 'pooling_operation': 'max'}",nucleobase,gpu,gpu,14.954,measured
corr_a8b7263f829c3c57,corrective,0564596fe66e4034,acute_neurotox_moe_cleaned,Neurotox MOE,M,OneHotEncoder,"{""encode_components"":[""base""]}",{'encode_components': ['base']},CNN,"{""depth"":1,""hidden_dim"":64,""kernel_size"":7,""pooling_operation"":""avg""}","{'depth': 1, 'hidden_dim': 64, 'kernel_size': 7, 'pooling_operation': 'avg'}",nucleobase,gpu,gpu,14.954,measured
corr_a8b7263f829c3c57,corrective,3080d0f07201ce7f,acute_neurotox_moe_cleaned,Neurotox MOE,M,OneHotEncoder,"{""encode_components"":[""base""]}",{'encode_components': ['base']},CNN,"{""depth"":1,""hidden_dim"":64,""kernel_size"":7,""pooling_operation"":""max""}","{'depth': 1, 'hidden_dim': 64, 'kernel_size': 7, 'pooling_operation': 'max'}",nucleobase,gpu,gpu,14.954,measured
corr_a8b7263f829c3c57,corrective,b8aa034f41ad87c2,acute_neurotox_moe_cleaned,Neurotox MOE,M,OneHotEncoder,"{""encode_components"":[""base""]}",{'encode_components': ['base']},CNN,"{""depth"":1,""hidden_dim"":32,""kernel_size"":5,""pooling_operation"":""max""}","{'depth': 1, 'hidden_dim': 32, 'kernel_size': 5, 'pooling_operation': 'max'}",nucleobase,gpu,gpu,14.954,measured
corr_a8b7263f829c3c57,corrective,62a98a1daf9d9fd8,acute_neurotox_moe_cleaned,Neurotox MOE,M,OneHotEncoder,"{""encode_components"":[""base""]}",{'encode_components': ['base']},CNN,"{""depth"":1,""hidden_dim"":32,""kernel_size"":5,""pooling_operation"":""avg""}","{'depth': 1, 'hidden_dim': 32, 'kernel_size': 5, 'pooling_operation': 'avg'}",nucleobase,gpu,gpu,14.954,measured
corr_a8b7263f829c3c57,corrective,41f7f4815ebd3640,acute_neurotox_moe_cleaned,Neurotox MOE,M,OneHotEncoder,"{""encode_components"":[""base""]}",{'encode_components': ['base']},CNN,"{""depth"":1,""hidden_dim"":32,""kernel_size"":7,""pooling_operation"":""max""}","{'depth': 1, 'hidden_dim': 32, 'kernel_size': 7, 'pooling_operation': 'max'}",nucleobase,gpu,gpu,14.954,measured
corr_a8b7263f829c3c57,corrective,d7ab4b6d851ff03a,acute_neurotox_moe_cleaned,Neurotox MOE,M,OneHotEncoder,"{""encode_components"":[""base""]}",{'encode_components': ['base']},CNN,"{""depth"":1,""hidden_dim"":32,""kernel_size"":7,""pooling_operation"":""avg""}","{'depth': 1, 'hidden_dim': 32, 'kernel_size': 7, 'pooling_operation': 'avg'}",nucleobase,gpu,gpu,14.954,measured
corr_a8b7263f829c3c57,corrective,9f3e0a7b3a3e6fc1,acute_neurotox_moe_cleaned,Neurotox MOE,M,OneHotEncoder,"{""encode_components"":[""base""]}",{'encode_components': ['base']},CNN,"{""depth"":1,""hidden_dim"":32,""kernel_size"":3,""pooling_operation"":""avg""}","{'depth': 1, 'hidden_dim': 32, 'kernel_size': 3, 'pooling_operation': 'avg'}",nucleobase,gpu,gpu,14.954,measured
corr_a8b7263f829c3c57,corrective,c1f9bb5041886aae,acute_neurotox_moe_cleaned,Neurotox MOE,M,OneHotEncoder,"{""encode_components"":[""base""]}",{'encode_components': ['base']},CNN,"{""depth"":1,""hidden_dim"":64,""kernel_size"":3,""pooling_operation"":""max""}","{'depth': 1, 'hidden_dim': 64, 'kernel_size': 3, 'pooling_operation': 'max'}",nucleobase,gpu,gpu,14.954,measured
corr_a8b7263f829c3c57,corrective,64caec821a7776d5,acute_neurotox_moe_cleaned,Neurotox MOE,M,OneHotEncoder,"{""encode_components"":[""base""]}",{'encode_components': ['base']},CNN,"{""depth"":1,""hidden_dim"":64,""kernel_size"":3,""pooling_operation"":""avg""}","{'depth': 1, 'hidden_dim': 64, 'kernel_size': 3, 'pooling_operation': 'avg'}",nucleobase,gpu,gpu,14.954,measured
corr_a8b7263f829c3c57,corrective,1f8a904de0102ca9,acute_neurotox_moe_cleaned,Neurotox MOE,M,OneHotEncoder,"{""encode_components"":[""base""]}",{'encode_components': ['base']},CNN,"{""depth"":1,""hidden_dim"":64,""kernel_size"":5,""pooling_operation"":""max""}","{'depth': 1, 'hidden_dim': 64, 'kernel_size': 5, 'pooling_operation': 'max'}",nucleobase,gpu,gpu,14.954,measured
corr_a8b7263f829c3c57,corrective,8832793b51cf508a,acute_neurotox_moe_cleaned,Neurotox MOE,M,OneHotEncoder,"{""encode_components"":[""base""]}",{'encode_components': ['base']},CNN,"{""depth"":1,""hidden_dim"":64,""kernel_size"":5,""pooling_operation"":""avg""}","{'depth': 1, 'hidden_dim': 64, 'kernel_size': 5, 'pooling_operation': 'avg'}",nucleobase,gpu,gpu,14.954,measured
corr_a8b7263f829c3c57,corrective,00f7120ff6ed18e4,acute_neurotox_moe_cleaned,Neurotox MOE,M,OneHotEncoder,"{""encode_components"":[""base""]}",{'encode_components': ['base']},Transformer,"{""d_model"":64,""dim_feedforward"":128,""dropout"":0,""nhead"":4,""num_layers"":2}","{'d_model': 64, 'dim_feedforward': 128, 'dropout': 0, 'nhead': 4, 'num_layers': 2}",nucleobase,gpu,gpu,9.343,measured
corr_a8b7263f829c3c57,corrective,8cd652edae7d2411,acute_neurotox_moe_cleaned,Neurotox MOE,M,OneHotEncoder,"{""encode_components"":[""base""]}",{'encode_components': ['base']},Transformer,"{""d_model"":64,""dim_feedforward"":128,""dropout"":0.25,""nhead"":4,""num_layers"":2}","{'d_model': 64, 'dim_feedforward': 128, 'dropout': 0.25, 'nhead': 4, 'num_layers': 2}",nucleobase,gpu,gpu,9.343,measured
corr_a8b7263f829c3c57,corrective,ebc04c9416d8d7f1,acute_neurotox_moe_cleaned,Neurotox MOE,M,OneHotEncoder,"{""encode_components"":[""base""]}",{'encode_components': ['base']},Transformer,"{""d_model"":128,""dim_feedforward"":64,""dropout"":0,""nhead"":2,""num_layers"":1}","{'d_model': 128, 'dim_feedforward': 64, 'dropout': 0, 'nhead': 2, 'num_layers': 1}",nucleobase,gpu,gpu,9.343,measured
corr_a8b7263f829c3c57,corrective,e2aba133d67e3da0,acute_neurotox_moe_cleaned,Neurotox MOE,M,OneHotEncoder,"{""encode_components"":[""base""]}",{'encode_components': ['base']},Transformer,"{""d_model"":128,""dim_feedforward"":64,""dropout"":0,""nhead"":2,""num_layers"":2}","{'d_model': 128, 'dim_feedforward': 64, 'dropout': 0, 'nhead': 2, 'num_layers': 2}",nucleobase,gpu,gpu,9.343,measured
corr_a8b7263f829c3c57,corrective,b2c8c849f7d3e799,acute_neurotox_moe_cleaned,Neurotox MOE,M,OneHotEncoder,"{""encode_components"":[""base""]}",{'encode_components': ['base']},Transformer,"{""d_model"":128,""dim_feedforward"":64,""dropout"":0.25,""nhead"":2,""num_layers"":2}","{'d_model': 128, 'dim_feedforward': 64, 'dropout': 0.25, 'nhead': 2, 'num_layers': 2}",nucleobase,gpu,gpu,9.343,measured
corr_a8b7263f829c3c57,corrective,07658d323897e0fb,acute_neurotox_moe_cleaned,Neurotox MOE,M,OneHotEncoder,"{""encode_components"":[""base""]}",{'encode_components': ['base']},Transformer,"{""d_model"":128,""dim_feedforward"":128,""dropout"":0,""nhead"":2,""num_layers"":1}","{'d_model': 128, 'dim_feedforward': 128, 'dropout': 0, 'nhead': 2, 'num_layers': 1}",nucleobase,gpu,gpu,9.343,measured
corr_a8b7263f829c3c57,corrective,520a469e430bdda7,acute_neurotox_moe_cleaned,Neurotox MOE,M,OneHotEncoder,"{""encode_components"":[""base""]}",{'encode_components': ['base']},Transformer,"{""d_model"":128,""dim_feedforward"":128,""dropout"":0.25,""nhead"":2,""num_layers"":1}","{'d_model': 128, 'dim_feedforward': 128, 'dropout': 0.25, 'nhead': 2, 'num_layers': 1}",nucleobase,gpu,gpu,9.343,measured
corr_a8b7263f829c3c57,corrective,d9e95e06ec1980b8,acute_neurotox_moe_cleaned,Neurotox MOE,M,OneHotEncoder,"{""encode_components"":[""base""]}",{'encode_components': ['base']},Transformer,"{""d_model"":128,""dim_feedforward"":128,""dropout"":0,""nhead"":2,""num_layers"":2}","{'d_model': 128, 'dim_feedforward': 128, 'dropout': 0, 'nhead': 2, 'num_layers': 2}",nucleobase,gpu,gpu,9.343,measured
corr_a8b7263f829c3c57,corrective,6c2d1b2badc7e44f,acute_neurotox_moe_cleaned,Neurotox MOE,M,OneHotEncoder,"{""encode_components"":[""base""]}",{'encode_components': ['base']},Transformer,"{""d_model"":128,""dim_feedforward"":64,""dropout"":0.25,""nhead"":2,""num_layers"":1}","{'d_model': 128, 'dim_feedforward': 64, 'dropout': 0.25, 'nhead': 2, 'num_layers': 1}",nucleobase,gpu,gpu,9.343,measured
corr_a8b7263f829c3c57,corrective,1156a9dd9ffbc781,acute_neurotox_moe_cleaned,Neurotox MOE,M,OneHotEncoder,"{""encode_components"":[""base""]}",{'encode_components': ['base']},Transformer,"{""d_model"":128,""dim_feedforward"":128,""dropout"":0.25,""nhead"":4,""num_layers"":1}","{'d_model': 128, 'dim_feedforward': 128, 'dropout': 0.25, 'nhead': 4, 'num_layers': 1}",nucleobase,gpu,gpu,9.343,measured
corr_a8b7263f829c3c57,corrective,9f8fda738f680374,acute_neurotox_moe_cleaned,Neurotox MOE,M,OneHotEncoder,"{""encode_components"":[""base""]}",{'encode_components': ['base']},Transformer,"{""d_model"":128,""dim_feedforward"":128,""dropout"":0.25,""nhead"":2,""num_layers"":2}","{'d_model': 128, 'dim_feedforward': 128, 'dropout': 0.25, 'nhead': 2, 'num_layers': 2}",nucleobase,gpu,gpu,9.343,measured
corr_a8b7263f829c3c57,corrective,42ac51124748a972,acute_neurotox_moe_cleaned,Neurotox MOE,M,OneHotEncoder,"{""encode_components"":[""base""]}",{'encode_components': ['base']},Transformer,"{""d_model"":128,""dim_feedforward"":64,""dropout"":0,""nhead"":4,""num_layers"":1}","{'d_model': 128, 'dim_feedforward': 64, 'dropout': 0, 'nhead': 4, 'num_layers': 1}",nucleobase,gpu,gpu,9.343,measured
corr_a8b7263f829c3c57,corrective,64d77bd4984b1f38,acute_neurotox_moe_cleaned,Neurotox MOE,M,OneHotEncoder,"{""encode_components"":[""base""]}",{'encode_components': ['base']},Transformer,"{""d_model"":128,""dim_feedforward"":64,""dropout"":0.25,""nhead"":4,""num_layers"":1}","{'d_model': 128, 'dim_feedforward': 64, 'dropout': 0.25, 'nhead': 4, 'num_layers': 1}",nucleobase,gpu,gpu,9.343,measured
corr_a8b7263f829c3c57,corrective,541c8574451ca483,acute_neurotox_moe_cleaned,Neurotox MOE,M,OneHotEncoder,"{""encode_components"":[""base""]}",{'encode_components': ['base']},Transformer,"{""d_model"":128,""dim_feedforward"":64,""dropout"":0,""nhead"":4,""num_layers"":2}","{'d_model': 128, 'dim_feedforward': 64, 'dropout': 0, 'nhead': 4, 'num_layers': 2}",nucleobase,gpu,gpu,9.343,measured
corr_a8b7263f829c3c57,corrective,e494cf757a0e0c74,acute_neurotox_moe_cleaned,Neurotox MOE,M,OneHotEncoder,"{""encode_components"":[""base""]}",{'encode_components': ['base']},Transformer,"{""d_model"":128,""dim_feedforward"":64,""dropout"":0.25,""nhead"":4,""num_layers"":2}","{'d_model': 128, 'dim_feedforward': 64, 'dropout': 0.25, 'nhead': 4, 'num_layers': 2}",nucleobase,gpu,gpu,9.343,measured
corr_a8b7263f829c3c57,corrective,6c9268c1b2456942,acute_neurotox_moe_cleaned,Neurotox MOE,M,OneHotEncoder,"{""encode_components"":[""base""]}",{'encode_components': ['base']},Transformer,"{""d_model"":128,""dim_feedforward"":128,""dropout"":0,""nhead"":4,""num_layers"":1}","{'d_model': 128, 'dim_feedforward': 128, 'dropout': 0, 'nhead': 4, 'num_layers': 1}",nucleobase,gpu,gpu,9.343,measured
corr_a8b7263f829c3c57,corrective,eed94873883baf53,acute_neurotox_moe_cleaned,Neurotox MOE,M,OneHotEncoder,"{""encode_components"":[""base""]}",{'encode_components': ['base']},Transformer,"{""d_model"":64,""dim_feedforward"":128,""dropout"":0,""nhead"":4,""num_layers"":1}","{'d_model': 64, 'dim_feedforward': 128, 'dropout': 0, 'nhead': 4, 'num_layers': 1}",nucleobase,gpu,gpu,9.343,measured
corr_a8b7263f829c3c57,corrective,a9dd5ed6b5151b3b,acute_neurotox_moe_cleaned,Neurotox MOE,M,OneHotEncoder,"{""encode_components"":[""base""]}",{'encode_components': ['base']},Transformer,"{""d_model"":128,""dim_feedforward"":128,""dropout"":0,""nhead"":4,""num_layers"":2}","{'d_model': 128, 'dim_feedforward': 128, 'dropout': 0, 'nhead': 4, 'num_layers': 2}",nucleobase,gpu,gpu,9.343,measured
corr_a8b7263f829c3c57,corrective,e4c820f2dda612b2,acute_neurotox_moe_cleaned,Neurotox MOE,M,OneHotEncoder,"{""encode_components"":[""base""]}",{'encode_components': ['base']},Transformer,"{""d_model"":64,""dim_feedforward"":128,""dropout"":0.25,""nhead"":4,""num_layers"":1}","{'d_model': 64, 'dim_feedforward': 128, 'dropout': 0.25, 'nhead': 4, 'num_layers': 1}",nucleobase,gpu,gpu,9.343,measured
corr_a8b7263f829c3c57,corrective,dc44079ca1327222,acute_neurotox_moe_cleaned,Neurotox MOE,M,OneHotEncoder,"{""encode_components"":[""base""]}",{'encode_components': ['base']},Transformer,"{""d_model"":64,""dim_feedforward"":64,""dropout"":0,""nhead"":2,""num_layers"":1}","{'d_model': 64, 'dim_feedforward': 64, 'dropout': 0, 'nhead': 2, 'num_layers': 1}",nucleobase,gpu,gpu,9.343,measured
corr_a8b7263f829c3c57,corrective,1a5da43195e38a42,acute_neurotox_moe_cleaned,Neurotox MOE,M,OneHotEncoder,"{""encode_components"":[""base""]}",{'encode_components': ['base']},Transformer,"{""d_model"":64,""dim_feedforward"":64,""dropout"":0.25,""nhead"":4,""num_layers"":2}","{'d_model': 64, 'dim_feedforward': 64, 'dropout': 0.25, 'nhead': 4, 'num_layers': 2}",nucleobase,gpu,gpu,9.343,measured
corr_a8b7263f829c3c57,corrective,e77eb16bc49cc7e0,acute_neurotox_moe_cleaned,Neurotox MOE,M,OneHotEncoder,"{""encode_components"":[""base""]}",{'encode_components': ['base']},Transformer,"{""d_model"":64,""dim_feedforward"":128,""dropout"":0.25,""nhead"":2,""num_layers"":1}","{'d_model': 64, 'dim_feedforward': 128, 'dropout': 0.25, 'nhead': 2, 'num_layers': 1}",nucleobase,gpu,gpu,9.343,measured
corr_a8b7263f829c3c57,corrective,76dd3508e14f619a,acute_neurotox_moe_cleaned,Neurotox MOE,M,OneHotEncoder,"{""encode_components"":[""base""]}",{'encode_components': ['base']},Transformer,"{""d_model"":64,""dim_feedforward"":64,""dropout"":0,""nhead"":4,""num_layers"":2}","{'d_model': 64, 'dim_feedforward': 64, 'dropout': 0, 'nhead': 4, 'num_layers': 2}",nucleobase,gpu,gpu,9.343,measured
corr_a8b7263f829c3c57,corrective,8db88790d393c876,acute_neurotox_moe_cleaned,Neurotox MOE,M,OneHotEncoder,"{""encode_components"":[""base""]}",{'encode_components': ['base']},Transformer,"{""d_model"":64,""dim_feedforward"":64,""dropout"":0,""nhead"":2,""num_layers"":2}","{'d_model': 64, 'dim_feedforward': 64, 'dropout': 0, 'nhead': 2, 'num_layers': 2}",nucleobase,gpu,gpu,9.343,measured
corr_a8b7263f829c3c57,corrective,3758efe35a8fbdad,acute_neurotox_moe_cleaned,Neurotox MOE,M,OneHotEncoder,"{""encode_components"":[""base""]}",{'encode_components': ['base']},Transformer,"{""d_model"":64,""dim_feedforward"":64,""dropout"":0.25,""nhead"":2,""num_layers"":2}","{'d_model': 64, 'dim_feedforward': 64, 'dropout': 0.25, 'nhead': 2, 'num_layers': 2}",nucleobase,gpu,gpu,9.343,measured
corr_a8b7263f829c3c57,corrective,25c85746e8f37315,acute_neurotox_moe_cleaned,Neurotox MOE,M,OneHotEncoder,"{""encode_components"":[""base""]}",{'encode_components': ['base']},Transformer,"{""d_model"":64,""dim_feedforward"":128,""dropout"":0,""nhead"":2,""num_layers"":1}","{'d_model': 64, 'dim_feedforward': 128, 'dropout': 0, 'nhead': 2, 'num_layers': 1}",nucleobase,gpu,gpu,9.343,measured
corr_a8b7263f829c3c57,corrective,717c2b27dff65868,acute_neurotox_moe_cleaned,Neurotox MOE,M,OneHotEncoder,"{""encode_components"":[""base""]}",{'encode_components': ['base']},Transformer,"{""d_model"":64,""dim_feedforward"":64,""dropout"":0.25,""nhead"":2,""num_layers"":1}","{'d_model': 64, 'dim_feedforward': 64, 'dropout': 0.25, 'nhead': 2, 'num_layers': 1}",nucleobase,gpu,gpu,9.343,measured
corr_a8b7263f829c3c57,corrective,1f0dbfb775f8a95d,acute_neurotox_moe_cleaned,Neurotox MOE,M,OneHotEncoder,"{""encode_components"":[""base""]}",{'encode_components': ['base']},Transformer,"{""d_model"":64,""dim_feedforward"":128,""dropout"":0,""nhead"":2,""num_layers"":2}","{'d_model': 64, 'dim_feedforward': 128, 'dropout': 0, 'nhead': 2, 'num_layers': 2}",nucleobase,gpu,gpu,9.343,measured
corr_a8b7263f829c3c57,corrective,3f662b09a071f1e1,acute_neurotox_moe_cleaned,Neurotox MOE,M,OneHotEncoder,"{""encode_components"":[""base""]}",{'encode_components': ['base']},Transformer,"{""d_model"":64,""dim_feedforward"":128,""dropout"":0.25,""nhead"":2,""num_layers"":2}","{'d_model': 64, 'dim_feedforward': 128, 'dropout': 0.25, 'nhead': 2, 'num_layers': 2}",nucleobase,gpu,gpu,9.343,measured
corr_a8b7263f829c3c57,corrective,7c6c16f33051ae7b,acute_neurotox_moe_cleaned,Neurotox MOE,M,OneHotEncoder,"{""encode_components"":[""base""]}",{'encode_components': ['base']},Transformer,"{""d_model"":64,""dim_feedforward"":64,""dropout"":0,""nhead"":4,""num_layers"":1}","{'d_model': 64, 'dim_feedforward': 64, 'dropout': 0, 'nhead': 4, 'num_layers': 1}",nucleobase,gpu,gpu,9.343,measured
corr_a8b7263f829c3c57,corrective,a0bc9691b40b045d,acute_neurotox_moe_cleaned,Neurotox MOE,M,OneHotEncoder,"{""encode_components"":[""base""]}",{'encode_components': ['base']},Transformer,"{""d_model"":64,""dim_feedforward"":64,""dropout"":0.25,""nhead"":4,""num_layers"":1}","{'d_model': 64, 'dim_feedforward': 64, 'dropout': 0.25, 'nhead': 4, 'num_layers': 1}",nucleobase,gpu,gpu,9.343,measured
corr_a8b7263f829c3c57,corrective,01c6807a9393149f,acute_neurotox_moe_cleaned,Neurotox MOE,M,OneHotEncoder,"{""encode_components"":[""base""]}",{'encode_components': ['base']},Transformer,"{""d_model"":128,""dim_feedforward"":128,""dropout"":0.25,""nhead"":4,""num_layers"":2}","{'d_model': 128, 'dim_feedforward': 128, 'dropout': 0.25, 'nhead': 4, 'num_layers': 2}",nucleobase,gpu,gpu,9.343,measured
corr_a8b7263f829c3c57,corrective,6540cc3aeb9ee849,acute_neurotox_moe_cleaned,Neurotox MOE,M,OneHotEncoder,"{""encode_components"":[""base""]}",{'encode_components': ['base']},MLP,"{""dropout"":0.25,""hidden_dims"":[128,128]}","{'dropout': 0.25, 'hidden_dims': [128, 128]}",nucleobase,gpu,gpu,3.812,measured
corr_a8b7263f829c3c57,corrective,7a83b55a808a1284,acute_neurotox_moe_cleaned,Neurotox MOE,M,OneHotEncoder,"{""encode_components"":[""base""]}",{'encode_components': ['base']},MLP,"{""dropout"":0,""hidden_dims"":[128,128]}","{'dropout': 0, 'hidden_dims': [128, 128]}",nucleobase,gpu,gpu,3.812,measured
corr_a8b7263f829c3c57,corrective,5c4f7a5345c2a4f4,acute_neurotox_moe_cleaned,Neurotox MOE,M,OneHotEncoder,"{""encode_components"":[""base""]}",{'encode_components': ['base']},MLP,"{""dropout"":0.25,""hidden_dims"":[128]}","{'dropout': 0.25, 'hidden_dims': [128]}",nucleobase,gpu,gpu,3.812,measured
corr_a8b7263f829c3c57,corrective,4798e1b577ec559d,acute_neurotox_moe_cleaned,Neurotox MOE,M,OneHotEncoder,"{""encode_components"":[""base""]}",{'encode_components': ['base']},MLP,"{""dropout"":0,""hidden_dims"":[128]}","{'dropout': 0, 'hidden_dims': [128]}",nucleobase,gpu,gpu,3.812,measured
corr_a8b7263f829c3c57,corrective,223706c8b07d696b,acute_neurotox_moe_cleaned,Neurotox MOE,M,OneHotEncoder,"{""encode_components"":[""base""]}",{'encode_components': ['base']},MLP,"{""dropout"":0.25,""hidden_dims"":[64,64]}","{'dropout': 0.25, 'hidden_dims': [64, 64]}",nucleobase,gpu,gpu,3.812,measured
corr_a8b7263f829c3c57,corrective,79a0d090ac784065,acute_neurotox_moe_cleaned,Neurotox MOE,M,OneHotEncoder,"{""encode_components"":[""base""]}",{'encode_components': ['base']},MLP,"{""dropout"":0,""hidden_dims"":[64,64]}","{'dropout': 0, 'hidden_dims': [64, 64]}",nucleobase,gpu,gpu,3.812,measured
corr_a8b7263f829c3c57,corrective,72d5e699a860bc68,acute_neurotox_moe_cleaned,Neurotox MOE,M,OneHotEncoder,"{""encode_components"":[""base""]}",{'encode_components': ['base']},MLP,"{""dropout"":0.25,""hidden_dims"":[64]}","{'dropout': 0.25, 'hidden_dims': [64]}",nucleobase,gpu,gpu,3.812,measured
corr_a8b7263f829c3c57,corrective,1891fed9e5c15e25,acute_neurotox_moe_cleaned,Neurotox MOE,M,OneHotEncoder,"{""encode_components"":[""base""]}",{'encode_components': ['base']},MLP,"{""dropout"":0,""hidden_dims"":[64]}","{'dropout': 0, 'hidden_dims': [64]}",nucleobase,gpu,gpu,3.812,measured
corrm_72b6946baa49d949,corrective,6483afaf352536dc,acute_neurotox_moe_cleaned,Neurotox MOE,M,OneHotEncoder,"{""encode_components"":[""base""]}",{'encode_components': ['base']},RandomForestModel,"{""max_depth"":20,""n_estimators"":1000}","{'max_depth': 20, 'n_estimators': 1000}",random,cpu,cpu,5.37,measured
corrm_72b6946baa49d949,corrective,2c83cd90c79536d9,acute_neurotox_moe_cleaned,Neurotox MOE,M,OneHotEncoder,"{""encode_components"":[""base""]}",{'encode_components': ['base']},RandomForestModel,"{""max_depth"":10,""n_estimators"":100}","{'max_depth': 10, 'n_estimators': 100}",random,cpu,cpu,5.37,measured
corrm_72b6946baa49d949,corrective,3e7a42f0f7492e41,acute_neurotox_moe_cleaned,Neurotox MOE,M,OneHotEncoder,"{""encode_components"":[""base""]}",{'encode_components': ['base']},RandomForestModel,"{""max_depth"":20,""n_estimators"":100}","{'max_depth': 20, 'n_estimators': 100}",random,cpu,cpu,5.37,measured
corrm_72b6946baa49d949,corrective,ae0d070b45906928,acute_neurotox_moe_cleaned,Neurotox MOE,M,OneHotEncoder,"{""encode_components"":[""base""]}",{'encode_components': ['base']},RandomForestModel,"{""max_depth"":30,""n_estimators"":100}","{'max_depth': 30, 'n_estimators': 100}",random,cpu,cpu,5.37,measured
corrm_72b6946baa49d949,corrective,76e0103494a685e1,acute_neurotox_moe_cleaned,Neurotox MOE,M,OneHotEncoder,"{""encode_components"":[""base""]}",{'encode_components': ['base']},RandomForestModel,"{""max_depth"":10,""n_estimators"":500}","{'max_depth': 10, 'n_estimators': 500}",random,cpu,cpu,5.37,measured
corrm_72b6946baa49d949,corrective,07781a8bae532024,acute_neurotox_moe_cleaned,Neurotox MOE,M,OneHotEncoder,"{""encode_components"":[""base""]}",{'encode_components': ['base']},RandomForestModel,"{""max_depth"":20,""n_estimators"":500}","{'max_depth': 20, 'n_estimators': 500}",random,cpu,cpu,5.37,measured
corrm_72b6946baa49d949,corrective,fe587caf7e57665d,acute_neurotox_moe_cleaned,Neurotox MOE,M,OneHotEncoder,"{""encode_components"":[""base""]}",{'encode_components': ['base']},RandomForestModel,"{""max_depth"":30,""n_estimators"":500}","{'max_depth': 30, 'n_estimators': 500}",random,cpu,cpu,5.37,measured
corrm_72b6946baa49d949,corrective,8cb59d4c96bc3b42,acute_neurotox_moe_cleaned,Neurotox MOE,M,OneHotEncoder,"{""encode_components"":[""base""]}",{'encode_components': ['base']},RandomForestModel,"{""max_depth"":10,""n_estimators"":1000}","{'max_depth': 10, 'n_estimators': 1000}",random,cpu,cpu,5.37,measured
corrm_72b6946baa49d949,corrective,f9936fc01a74b9aa,acute_neurotox_moe_cleaned,Neurotox MOE,M,OneHotEncoder,"{""encode_components"":[""base""]}",{'encode_components': ['base']},RandomForestModel,"{""max_depth"":30,""n_estimators"":1000}","{'max_depth': 30, 'n_estimators': 1000}",random,cpu,cpu,5.37,measured
corrm_72b6946baa49d949,corrective,dbfa7f2053967a39,acute_neurotox_moe_cleaned,Neurotox MOE,M,OneHotEncoder,"{""encode_components"":[""base""]}",{'encode_components': ['base']},XGBoostModel,"{""max_depth"":30,""n_estimators"":500}","{'max_depth': 30, 'n_estimators': 500}",random,cpu,cpu,0.43,measured
corrm_72b6946baa49d949,corrective,521b2e5217433622,acute_neurotox_moe_cleaned,Neurotox MOE,M,OneHotEncoder,"{""encode_components"":[""base""]}",{'encode_components': ['base']},XGBoostModel,"{""max_depth"":30,""n_estimators"":100}","{'max_depth': 30, 'n_estimators': 100}",random,cpu,cpu,0.43,measured
corrm_72b6946baa49d949,corrective,48d6677eae8141b2,acute_neurotox_moe_cleaned,Neurotox MOE,M,OneHotEncoder,"{""encode_components"":[""base""]}",{'encode_components': ['base']},XGBoostModel,"{""max_depth"":20,""n_estimators"":100}","{'max_depth': 20, 'n_estimators': 100}",random,cpu,cpu,0.43,measured
corrm_72b6946baa49d949,corrective,ca7867634d68b6f7,acute_neurotox_moe_cleaned,Neurotox MOE,M,OneHotEncoder,"{""encode_components"":[""base""]}",{'encode_components': ['base']},XGBoostModel,"{""max_depth"":10,""n_estimators"":100}","{'max_depth': 10, 'n_estimators': 100}",random,cpu,cpu,0.43,measured
corrm_72b6946baa49d949,corrective,b45648feda431829,acute_neurotox_moe_cleaned,Neurotox MOE,M,OneHotEncoder,"{""encode_components"":[""base""]}",{'encode_components': ['base']},XGBoostModel,"{""max_depth"":30,""n_estimators"":1000}","{'max_depth': 30, 'n_estimators': 1000}",random,cpu,cpu,0.43,measured
corrm_72b6946baa49d949,corrective,ed5b1e248063534e,acute_neurotox_moe_cleaned,Neurotox MOE,M,OneHotEncoder,"{""encode_components"":[""base""]}",{'encode_components': ['base']},XGBoostModel,"{""max_depth"":10,""n_estimators"":1000}","{'max_depth': 10, 'n_estimators': 1000}",random,cpu,cpu,0.43,measured
corrm_72b6946baa49d949,corrective,ecbf5b790142e343,acute_neurotox_moe_cleaned,Neurotox MOE,M,OneHotEncoder,"{""encode_components"":[""base""]}",{'encode_components': ['base']},XGBoostModel,"{""max_depth"":20,""n_estimators"":1000}","{'max_depth': 20, 'n_estimators': 1000}",random,cpu,cpu,0.43,measured
corrm_72b6946baa49d949,corrective,09dd3216472ab6f3,acute_neurotox_moe_cleaned,Neurotox MOE,M,OneHotEncoder,"{""encode_components"":[""base""]}",{'encode_components': ['base']},XGBoostModel,"{""max_depth"":20,""n_estimators"":500}","{'max_depth': 20, 'n_estimators': 500}",random,cpu,cpu,0.43,measured
corrm_72b6946baa49d949,corrective,ac1be7c61ec1ef25,acute_neurotox_moe_cleaned,Neurotox MOE,M,OneHotEncoder,"{""encode_components"":[""base""]}",{'encode_components': ['base']},XGBoostModel,"{""max_depth"":10,""n_estimators"":500}","{'max_depth': 10, 'n_estimators': 500}",random,cpu,cpu,0.43,measured
corrm_72b6946baa49d949,corrective,553f2acc370c10ec,acute_neurotox_moe_cleaned,Neurotox MOE,M,OneHotEncoder,"{""encode_components"":[""base""]}",{'encode_components': ['base']},NearestNeighborsModel,"{""n_neighbors"":5}",{'n_neighbors': 5},random,cpu,cpu,0.082,measured
corrm_72b6946baa49d949,corrective,00dbbebe0ae58810,acute_neurotox_moe_cleaned,Neurotox MOE,M,OneHotEncoder,"{""encode_components"":[""base""]}",{'encode_components': ['base']},NearestNeighborsModel,"{""n_neighbors"":15}",{'n_neighbors': 15},random,cpu,cpu,0.082,measured
corrm_72b6946baa49d949,corrective,afa83542e799dfa9,acute_neurotox_moe_cleaned,Neurotox MOE,M,OneHotEncoder,"{""encode_components"":[""base""]}",{'encode_components': ['base']},NearestNeighborsModel,"{""n_neighbors"":10}",{'n_neighbors': 10},random,cpu,cpu,0.082,measured
corrm_72b6946baa49d949,corrective,b88d96a6affb7eee,acute_neurotox_moe_cleaned,Neurotox MOE,M,OneHotEncoder,"{""encode_components"":[""base""]}",{'encode_components': ['base']},LinearModel,"{""type"":""ridge""}",{'type': 'ridge'},random,cpu,cpu,0.016,measured
corrm_72b6946baa49d949,corrective,cdf5a574d01a24c3,acute_neurotox_moe_cleaned,Neurotox MOE,M,OneHotEncoder,"{""encode_components"":[""base""]}",{'encode_components': ['base']},LinearModel,"{""type"":""standard""}",{'type': 'standard'},random,cpu,cpu,0.016,measured
corr_6e56b7b5f6feea7a,corrective,0f918e4bdd19c0f9,acute_neurotox_moe_cleaned,Neurotox MOE,M,OneHotEncoder,"{""encode_components"":[""base""]}",{'encode_components': ['base']},GRU,"{""hidden_dim"":64,""num_layers"":2}","{'hidden_dim': 64, 'num_layers': 2}",random,gpu,gpu,16.567,measured
corr_6e56b7b5f6feea7a,corrective,f225a4a4e3066c01,acute_neurotox_moe_cleaned,Neurotox MOE,M,OneHotEncoder,"{""encode_components"":[""base""]}",{'encode_components': ['base']},GRU,"{""hidden_dim"":64,""num_layers"":1}","{'hidden_dim': 64, 'num_layers': 1}",random,gpu,gpu,16.567,measured
corr_6e56b7b5f6feea7a,corrective,e061b04ac5cb73f3,acute_neurotox_moe_cleaned,Neurotox MOE,M,OneHotEncoder,"{""encode_components"":[""base""]}",{'encode_components': ['base']},GRU,"{""hidden_dim"":32,""num_layers"":2}","{'hidden_dim': 32, 'num_layers': 2}",random,gpu,gpu,16.567,measured
corr_6e56b7b5f6feea7a,corrective,200214c9f9c0da55,acute_neurotox_moe_cleaned,Neurotox MOE,M,OneHotEncoder,"{""encode_components"":[""base""]}",{'encode_components': ['base']},GRU,"{""hidden_dim"":32,""num_layers"":1}","{'hidden_dim': 32, 'num_layers': 1}",random,gpu,gpu,16.567,measured
corr_6e56b7b5f6feea7a,corrective,68b5c64cd6399a23,acute_neurotox_moe_cleaned,Neurotox MOE,M,OneHotEncoder,"{""encode_components"":[""base""]}",{'encode_components': ['base']},CNN,"{""depth"":1,""hidden_dim"":32,""kernel_size"":3,""pooling_operation"":""max""}","{'depth': 1, 'hidden_dim': 32, 'kernel_size': 3, 'pooling_operation': 'max'}",random,gpu,gpu,14.954,measured
corr_6e56b7b5f6feea7a,corrective,877b90827284b694,acute_neurotox_moe_cleaned,Neurotox MOE,M,OneHotEncoder,"{""encode_components"":[""base""]}",{'encode_components': ['base']},CNN,"{""depth"":2,""hidden_dim"":32,""kernel_size"":3,""pooling_operation"":""max""}","{'depth': 2, 'hidden_dim': 32, 'kernel_size': 3, 'pooling_operation': 'max'}",random,gpu,gpu,14.954,measured
corr_6e56b7b5f6feea7a,corrective,5a131bb0a0f91d51,acute_neurotox_moe_cleaned,Neurotox MOE,M,OneHotEncoder,"{""encode_components"":[""base""]}",{'encode_components': ['base']},CNN,"{""depth"":2,""hidden_dim"":64,""kernel_size"":5,""pooling_operation"":""avg""}","{'depth': 2, 'hidden_dim': 64, 'kernel_size': 5, 'pooling_operation': 'avg'}",random,gpu,gpu,14.954,measured
corr_6e56b7b5f6feea7a,corrective,8a89716c74699452,acute_neurotox_moe_cleaned,Neurotox MOE,M,OneHotEncoder,"{""encode_components"":[""base""]}",{'encode_components': ['base']},CNN,"{""depth"":2,""hidden_dim"":64,""kernel_size"":5,""pooling_operation"":""max""}","{'depth': 2, 'hidden_dim': 64, 'kernel_size': 5, 'pooling_operation': 'max'}",random,gpu,gpu,14.954,measured
corr_6e56b7b5f6feea7a,corrective,06ab96a9c9d66065,acute_neurotox_moe_cleaned,Neurotox MOE,M,OneHotEncoder,"{""encode_components"":[""base""]}",{'encode_components': ['base']},CNN,"{""depth"":2,""hidden_dim"":64,""kernel_size"":3,""pooling_operation"":""avg""}","{'depth': 2, 'hidden_dim': 64, 'kernel_size': 3, 'pooling_operation': 'avg'}",random,gpu,gpu,14.954,measured
corr_6e56b7b5f6feea7a,corrective,f731d32cbaca346c,acute_neurotox_moe_cleaned,Neurotox MOE,M,OneHotEncoder,"{""encode_components"":[""base""]}",{'encode_components': ['base']},CNN,"{""depth"":2,""hidden_dim"":32,""kernel_size"":5,""pooling_operation"":""avg""}","{'depth': 2, 'hidden_dim': 32, 'kernel_size': 5, 'pooling_operation': 'avg'}",random,gpu,gpu,14.954,measured
corr_6e56b7b5f6feea7a,corrective,34734fbf0b4569c1,acute_neurotox_moe_cleaned,Neurotox MOE,M,OneHotEncoder,"{""encode_components"":[""base""]}",{'encode_components': ['base']},CNN,"{""depth"":2,""hidden_dim"":32,""kernel_size"":5,""pooling_operation"":""max""}","{'depth': 2, 'hidden_dim': 32, 'kernel_size': 5, 'pooling_operation': 'max'}",random,gpu,gpu,14.954,measured
corr_6e56b7b5f6feea7a,corrective,b3766e891541424c,acute_neurotox_moe_cleaned,Neurotox MOE,M,OneHotEncoder,"{""encode_components"":[""base""]}",{'encode_components': ['base']},CNN,"{""depth"":2,""hidden_dim"":32,""kernel_size"":3,""pooling_operation"":""avg""}","{'depth': 2, 'hidden_dim': 32, 'kernel_size': 3, 'pooling_operation': 'avg'}",random,gpu,gpu,14.954,measured
corr_6e56b7b5f6feea7a,corrective,505786c217cfb3e7,acute_neurotox_moe_cleaned,Neurotox MOE,M,OneHotEncoder,"{""encode_components"":[""base""]}",{'encode_components': ['base']},CNN,"{""depth"":2,""hidden_dim"":64,""kernel_size"":3,""pooling_operation"":""max""}","{'depth': 2, 'hidden_dim': 64, 'kernel_size': 3, 'pooling_operation': 'max'}",random,gpu,gpu,14.954,measured
corr_6e56b7b5f6feea7a,corrective,99013020aee3974b,acute_neurotox_moe_cleaned,Neurotox MOE,M,OneHotEncoder,"{""encode_components"":[""base""]}",{'encode_components': ['base']},CNN,"{""depth"":1,""hidden_dim"":64,""kernel_size"":7,""pooling_operation"":""avg""}","{'depth': 1, 'hidden_dim': 64, 'kernel_size': 7, 'pooling_operation': 'avg'}",random,gpu,gpu,14.954,measured
corr_6e56b7b5f6feea7a,corrective,65f6b7b90a0ddf9b,acute_neurotox_moe_cleaned,Neurotox MOE,M,OneHotEncoder,"{""encode_components"":[""base""]}",{'encode_components': ['base']},CNN,"{""depth"":1,""hidden_dim"":64,""kernel_size"":7,""pooling_operation"":""max""}","{'depth': 1, 'hidden_dim': 64, 'kernel_size': 7, 'pooling_operation': 'max'}",random,gpu,gpu,14.954,measured
corr_6e56b7b5f6feea7a,corrective,54eee335eecaf57e,acute_neurotox_moe_cleaned,Neurotox MOE,M,OneHotEncoder,"{""encode_components"":[""base""]}",{'encode_components': ['base']},CNN,"{""depth"":1,""hidden_dim"":32,""kernel_size"":5,""pooling_operation"":""max""}","{'depth': 1, 'hidden_dim': 32, 'kernel_size': 5, 'pooling_operation': 'max'}",random,gpu,gpu,14.954,measured
corr_6e56b7b5f6feea7a,corrective,5511ff54e18af0ea,acute_neurotox_moe_cleaned,Neurotox MOE,M,OneHotEncoder,"{""encode_components"":[""base""]}",{'encode_components': ['base']},CNN,"{""depth"":1,""hidden_dim"":32,""kernel_size"":5,""pooling_operation"":""avg""}","{'depth': 1, 'hidden_dim': 32, 'kernel_size': 5, 'pooling_operation': 'avg'}",random,gpu,gpu,14.954,measured
corr_6e56b7b5f6feea7a,corrective,56892ab421791b69,acute_neurotox_moe_cleaned,Neurotox MOE,M,OneHotEncoder,"{""encode_components"":[""base""]}",{'encode_components': ['base']},CNN,"{""depth"":1,""hidden_dim"":32,""kernel_size"":7,""pooling_operation"":""max""}","{'depth': 1, 'hidden_dim': 32, 'kernel_size': 7, 'pooling_operation': 'max'}",random,gpu,gpu,14.954,measured
corr_6e56b7b5f6feea7a,corrective,bb7864ef327c4937,acute_neurotox_moe_cleaned,Neurotox MOE,M,OneHotEncoder,"{""encode_components"":[""base""]}",{'encode_components': ['base']},CNN,"{""depth"":1,""hidden_dim"":32,""kernel_size"":7,""pooling_operation"":""avg""}","{'depth': 1, 'hidden_dim': 32, 'kernel_size': 7, 'pooling_operation': 'avg'}",random,gpu,gpu,14.954,measured
corr_6e56b7b5f6feea7a,corrective,26337c8b7d81274a,acute_neurotox_moe_cleaned,Neurotox MOE,M,OneHotEncoder,"{""encode_components"":[""base""]}",{'encode_components': ['base']},CNN,"{""depth"":1,""hidden_dim"":32,""kernel_size"":3,""pooling_operation"":""avg""}","{'depth': 1, 'hidden_dim': 32, 'kernel_size': 3, 'pooling_operation': 'avg'}",random,gpu,gpu,14.954,measured
corr_6e56b7b5f6feea7a,corrective,4cc00acd51379d63,acute_neurotox_moe_cleaned,Neurotox MOE,M,OneHotEncoder,"{""encode_components"":[""base""]}",{'encode_components': ['base']},CNN,"{""depth"":1,""hidden_dim"":64,""kernel_size"":3,""pooling_operation"":""max""}","{'depth': 1, 'hidden_dim': 64, 'kernel_size': 3, 'pooling_operation': 'max'}",random,gpu,gpu,14.954,measured
corr_6e56b7b5f6feea7a,corrective,fbbbe5f96b0f39d0,acute_neurotox_moe_cleaned,Neurotox MOE,M,OneHotEncoder,"{""encode_components"":[""base""]}",{'encode_components': ['base']},CNN,"{""depth"":1,""hidden_dim"":64,""kernel_size"":3,""pooling_operation"":""avg""}","{'depth': 1, 'hidden_dim': 64, 'kernel_size': 3, 'pooling_operation': 'avg'}",random,gpu,gpu,14.954,measured
corr_6e56b7b5f6feea7a,corrective,04cd03de8059b4c5,acute_neurotox_moe_cleaned,Neurotox MOE,M,OneHotEncoder,"{""encode_components"":[""base""]}",{'encode_components': ['base']},CNN,"{""depth"":1,""hidden_dim"":64,""kernel_size"":5,""pooling_operation"":""max""}","{'depth': 1, 'hidden_dim': 64, 'kernel_size': 5, 'pooling_operation': 'max'}",random,gpu,gpu,14.954,measured
corr_6e56b7b5f6feea7a,corrective,1614887e7a5d63df,acute_neurotox_moe_cleaned,Neurotox MOE,M,OneHotEncoder,"{""encode_components"":[""base""]}",{'encode_components': ['base']},CNN,"{""depth"":1,""hidden_dim"":64,""kernel_size"":5,""pooling_operation"":""avg""}","{'depth': 1, 'hidden_dim': 64, 'kernel_size': 5, 'pooling_operation': 'avg'}",random,gpu,gpu,14.954,measured
corr_6e56b7b5f6feea7a,corrective,7854003e959ae4ff,acute_neurotox_moe_cleaned,Neurotox MOE,M,OneHotEncoder,"{""encode_components"":[""base""]}",{'encode_components': ['base']},Transformer,"{""d_model"":64,""dim_feedforward"":128,""dropout"":0,""nhead"":4,""num_layers"":2}","{'d_model': 64, 'dim_feedforward': 128, 'dropout': 0, 'nhead': 4, 'num_layers': 2}",random,gpu,gpu,9.343,measured
corr_6e56b7b5f6feea7a,corrective,80210c308b48a46a,acute_neurotox_moe_cleaned,Neurotox MOE,M,OneHotEncoder,"{""encode_components"":[""base""]}",{'encode_components': ['base']},Transformer,"{""d_model"":64,""dim_feedforward"":128,""dropout"":0.25,""nhead"":4,""num_layers"":2}","{'d_model': 64, 'dim_feedforward': 128, 'dropout': 0.25, 'nhead': 4, 'num_layers': 2}",random,gpu,gpu,9.343,measured
corr_6e56b7b5f6feea7a,corrective,85763cfd04e59a5f,acute_neurotox_moe_cleaned,Neurotox MOE,M,OneHotEncoder,"{""encode_components"":[""base""]}",{'encode_components': ['base']},Transformer,"{""d_model"":128,""dim_feedforward"":64,""dropout"":0,""nhead"":2,""num_layers"":1}","{'d_model': 128, 'dim_feedforward': 64, 'dropout': 0, 'nhead': 2, 'num_layers': 1}",random,gpu,gpu,9.343,measured
corr_6e56b7b5f6feea7a,corrective,1547e353441d19f8,acute_neurotox_moe_cleaned,Neurotox MOE,M,OneHotEncoder,"{""encode_components"":[""base""]}",{'encode_components': ['base']},Transformer,"{""d_model"":128,""dim_feedforward"":64,""dropout"":0,""nhead"":2,""num_layers"":2}","{'d_model': 128, 'dim_feedforward': 64, 'dropout': 0, 'nhead': 2, 'num_layers': 2}",random,gpu,gpu,9.343,measured
corr_6e56b7b5f6feea7a,corrective,437b4085bf3948a7,acute_neurotox_moe_cleaned,Neurotox MOE,M,OneHotEncoder,"{""encode_components"":[""base""]}",{'encode_components': ['base']},Transformer,"{""d_model"":128,""dim_feedforward"":64,""dropout"":0.25,""nhead"":2,""num_layers"":2}","{'d_model': 128, 'dim_feedforward': 64, 'dropout': 0.25, 'nhead': 2, 'num_layers': 2}",random,gpu,gpu,9.343,measured
corr_6e56b7b5f6feea7a,corrective,baed8de97e2072d1,acute_neurotox_moe_cleaned,Neurotox MOE,M,OneHotEncoder,"{""encode_components"":[""base""]}",{'encode_components': ['base']},Transformer,"{""d_model"":128,""dim_feedforward"":128,""dropout"":0,""nhead"":2,""num_layers"":1}","{'d_model': 128, 'dim_feedforward': 128, 'dropout': 0, 'nhead': 2, 'num_layers': 1}",random,gpu,gpu,9.343,measured
corr_6e56b7b5f6feea7a,corrective,1da6ce04e661e24d,acute_neurotox_moe_cleaned,Neurotox MOE,M,OneHotEncoder,"{""encode_components"":[""base""]}",{'encode_components': ['base']},Transformer,"{""d_model"":128,""dim_feedforward"":128,""dropout"":0.25,""nhead"":2,""num_layers"":1}","{'d_model': 128, 'dim_feedforward': 128, 'dropout': 0.25, 'nhead': 2, 'num_layers': 1}",random,gpu,gpu,9.343,measured
corr_6e56b7b5f6feea7a,corrective,45eccd1bfc29e53e,acute_neurotox_moe_cleaned,Neurotox MOE,M,OneHotEncoder,"{""encode_components"":[""base""]}",{'encode_components': ['base']},Transformer,"{""d_model"":128,""dim_feedforward"":128,""dropout"":0,""nhead"":2,""num_layers"":2}","{'d_model': 128, 'dim_feedforward': 128, 'dropout': 0, 'nhead': 2, 'num_layers': 2}",random,gpu,gpu,9.343,measured
corr_6e56b7b5f6feea7a,corrective,3d07955c12a2f817,acute_neurotox_moe_cleaned,Neurotox MOE,M,OneHotEncoder,"{""encode_components"":[""base""]}",{'encode_components': ['base']},Transformer,"{""d_model"":128,""dim_feedforward"":64,""dropout"":0.25,""nhead"":2,""num_layers"":1}","{'d_model': 128, 'dim_feedforward': 64, 'dropout': 0.25, 'nhead': 2, 'num_layers': 1}",random,gpu,gpu,9.343,measured
corr_6e56b7b5f6feea7a,corrective,fa105117f98377b3,acute_neurotox_moe_cleaned,Neurotox MOE,M,OneHotEncoder,"{""encode_components"":[""base""]}",{'encode_components': ['base']},Transformer,"{""d_model"":128,""dim_feedforward"":128,""dropout"":0.25,""nhead"":4,""num_layers"":1}","{'d_model': 128, 'dim_feedforward': 128, 'dropout': 0.25, 'nhead': 4, 'num_layers': 1}",random,gpu,gpu,9.343,measured
corr_6e56b7b5f6feea7a,corrective,f40dabc875851e8a,acute_neurotox_moe_cleaned,Neurotox MOE,M,OneHotEncoder,"{""encode_components"":[""base""]}",{'encode_components': ['base']},Transformer,"{""d_model"":128,""dim_feedforward"":128,""dropout"":0.25,""nhead"":2,""num_layers"":2}","{'d_model': 128, 'dim_feedforward': 128, 'dropout': 0.25, 'nhead': 2, 'num_layers': 2}",random,gpu,gpu,9.343,measured
corr_6e56b7b5f6feea7a,corrective,f37569d67e02868b,acute_neurotox_moe_cleaned,Neurotox MOE,M,OneHotEncoder,"{""encode_components"":[""base""]}",{'encode_components': ['base']},Transformer,"{""d_model"":128,""dim_feedforward"":64,""dropout"":0,""nhead"":4,""num_layers"":1}","{'d_model': 128, 'dim_feedforward': 64, 'dropout': 0, 'nhead': 4, 'num_layers': 1}",random,gpu,gpu,9.343,measured
corr_6e56b7b5f6feea7a,corrective,b81093fb9195617a,acute_neurotox_moe_cleaned,Neurotox MOE,M,OneHotEncoder,"{""encode_components"":[""base""]}",{'encode_components': ['base']},Transformer,"{""d_model"":128,""dim_feedforward"":64,""dropout"":0.25,""nhead"":4,""num_layers"":1}","{'d_model': 128, 'dim_feedforward': 64, 'dropout': 0.25, 'nhead': 4, 'num_layers': 1}",random,gpu,gpu,9.343,measured
corr_6e56b7b5f6feea7a,corrective,c0850ed223bee604,acute_neurotox_moe_cleaned,Neurotox MOE,M,OneHotEncoder,"{""encode_components"":[""base""]}",{'encode_components': ['base']},Transformer,"{""d_model"":128,""dim_feedforward"":64,""dropout"":0,""nhead"":4,""num_layers"":2}","{'d_model': 128, 'dim_feedforward': 64, 'dropout': 0, 'nhead': 4, 'num_layers': 2}",random,gpu,gpu,9.343,measured
corr_6e56b7b5f6feea7a,corrective,44e511564987f76f,acute_neurotox_moe_cleaned,Neurotox MOE,M,OneHotEncoder,"{""encode_components"":[""base""]}",{'encode_components': ['base']},Transformer,"{""d_model"":128,""dim_feedforward"":64,""dropout"":0.25,""nhead"":4,""num_layers"":2}","{'d_model': 128, 'dim_feedforward': 64, 'dropout': 0.25, 'nhead': 4, 'num_layers': 2}",random,gpu,gpu,9.343,measured
corr_6e56b7b5f6feea7a,corrective,cd8be34454e2d7a6,acute_neurotox_moe_cleaned,Neurotox MOE,M,OneHotEncoder,"{""encode_components"":[""base""]}",{'encode_components': ['base']},Transformer,"{""d_model"":128,""dim_feedforward"":128,""dropout"":0,""nhead"":4,""num_layers"":1}","{'d_model': 128, 'dim_feedforward': 128, 'dropout': 0, 'nhead': 4, 'num_layers': 1}",random,gpu,gpu,9.343,measured
corr_6e56b7b5f6feea7a,corrective,2a3694e95030f10a,acute_neurotox_moe_cleaned,Neurotox MOE,M,OneHotEncoder,"{""encode_components"":[""base""]}",{'encode_components': ['base']},Transformer,"{""d_model"":64,""dim_feedforward"":128,""dropout"":0,""nhead"":4,""num_layers"":1}","{'d_model': 64, 'dim_feedforward': 128, 'dropout': 0, 'nhead': 4, 'num_layers': 1}",random,gpu,gpu,9.343,measured
corr_6e56b7b5f6feea7a,corrective,aabf89bb2a8e8761,acute_neurotox_moe_cleaned,Neurotox MOE,M,OneHotEncoder,"{""encode_components"":[""base""]}",{'encode_components': ['base']},Transformer,"{""d_model"":128,""dim_feedforward"":128,""dropout"":0,""nhead"":4,""num_layers"":2}","{'d_model': 128, 'dim_feedforward': 128, 'dropout': 0, 'nhead': 4, 'num_layers': 2}",random,gpu,gpu,9.343,measured
corr_6e56b7b5f6feea7a,corrective,e92988feb00d76a4,acute_neurotox_moe_cleaned,Neurotox MOE,M,OneHotEncoder,"{""encode_components"":[""base""]}",{'encode_components': ['base']},Transformer,"{""d_model"":64,""dim_feedforward"":128,""dropout"":0.25,""nhead"":4,""num_layers"":1}","{'d_model': 64, 'dim_feedforward': 128, 'dropout': 0.25, 'nhead': 4, 'num_layers': 1}",random,gpu,gpu,9.343,measured
corr_6e56b7b5f6feea7a,corrective,b652bfd3563e0792,acute_neurotox_moe_cleaned,Neurotox MOE,M,OneHotEncoder,"{""encode_components"":[""base""]}",{'encode_components': ['base']},Transformer,"{""d_model"":64,""dim_feedforward"":64,""dropout"":0,""nhead"":2,""num_layers"":1}","{'d_model': 64, 'dim_feedforward': 64, 'dropout': 0, 'nhead': 2, 'num_layers': 1}",random,gpu,gpu,9.343,measured
corr_6e56b7b5f6feea7a,corrective,a4784f9dac0bd6e6,acute_neurotox_moe_cleaned,Neurotox MOE,M,OneHotEncoder,"{""encode_components"":[""base""]}",{'encode_components': ['base']},Transformer,"{""d_model"":64,""dim_feedforward"":64,""dropout"":0.25,""nhead"":4,""num_layers"":2}","{'d_model': 64, 'dim_feedforward': 64, 'dropout': 0.25, 'nhead': 4, 'num_layers': 2}",random,gpu,gpu,9.343,measured
corr_6e56b7b5f6feea7a,corrective,5fededb30587c3a5,acute_neurotox_moe_cleaned,Neurotox MOE,M,OneHotEncoder,"{""encode_components"":[""base""]}",{'encode_components': ['base']},Transformer,"{""d_model"":64,""dim_feedforward"":128,""dropout"":0.25,""nhead"":2,""num_layers"":1}","{'d_model': 64, 'dim_feedforward': 128, 'dropout': 0.25, 'nhead': 2, 'num_layers': 1}",random,gpu,gpu,9.343,measured
corr_6e56b7b5f6feea7a,corrective,e345eed882e636a3,acute_neurotox_moe_cleaned,Neurotox MOE,M,OneHotEncoder,"{""encode_components"":[""base""]}",{'encode_components': ['base']},Transformer,"{""d_model"":64,""dim_feedforward"":64,""dropout"":0,""nhead"":4,""num_layers"":2}","{'d_model': 64, 'dim_feedforward': 64, 'dropout': 0, 'nhead': 4, 'num_layers': 2}",random,gpu,gpu,9.343,measured
corr_6e56b7b5f6feea7a,corrective,918ba0530b57c689,acute_neurotox_moe_cleaned,Neurotox MOE,M,OneHotEncoder,"{""encode_components"":[""base""]}",{'encode_components': ['base']},Transformer,"{""d_model"":64,""dim_feedforward"":64,""dropout"":0,""nhead"":2,""num_layers"":2}","{'d_model': 64, 'dim_feedforward': 64, 'dropout': 0, 'nhead': 2, 'num_layers': 2}",random,gpu,gpu,9.343,measured
corr_6e56b7b5f6feea7a,corrective,61a96c5ba3e702bd,acute_neurotox_moe_cleaned,Neurotox MOE,M,OneHotEncoder,"{""encode_components"":[""base""]}",{'encode_components': ['base']},Transformer,"{""d_model"":64,""dim_feedforward"":64,""dropout"":0.25,""nhead"":2,""num_layers"":2}","{'d_model': 64, 'dim_feedforward': 64, 'dropout': 0.25, 'nhead': 2, 'num_layers': 2}",random,gpu,gpu,9.343,measured
corr_6e56b7b5f6feea7a,corrective,4b0e025b71878254,acute_neurotox_moe_cleaned,Neurotox MOE,M,OneHotEncoder,"{""encode_components"":[""base""]}",{'encode_components': ['base']},Transformer,"{""d_model"":64,""dim_feedforward"":128,""dropout"":0,""nhead"":2,""num_layers"":1}","{'d_model': 64, 'dim_feedforward': 128, 'dropout': 0, 'nhead': 2, 'num_layers': 1}",random,gpu,gpu,9.343,measured
corr_6e56b7b5f6feea7a,corrective,c4f00e830fd4d00c,acute_neurotox_moe_cleaned,Neurotox MOE,M,OneHotEncoder,"{""encode_components"":[""base""]}",{'encode_components': ['base']},Transformer,"{""d_model"":64,""dim_feedforward"":64,""dropout"":0.25,""nhead"":2,""num_layers"":1}","{'d_model': 64, 'dim_feedforward': 64, 'dropout': 0.25, 'nhead': 2, 'num_layers': 1}",random,gpu,gpu,9.343,measured
corr_6e56b7b5f6feea7a,corrective,a3022d205334f8c4,acute_neurotox_moe_cleaned,Neurotox MOE,M,OneHotEncoder,"{""encode_components"":[""base""]}",{'encode_components': ['base']},Transformer,"{""d_model"":64,""dim_feedforward"":128,""dropout"":0,""nhead"":2,""num_layers"":2}","{'d_model': 64, 'dim_feedforward': 128, 'dropout': 0, 'nhead': 2, 'num_layers': 2}",random,gpu,gpu,9.343,measured
corr_6e56b7b5f6feea7a,corrective,2d41dd991bb3cd03,acute_neurotox_moe_cleaned,Neurotox MOE,M,OneHotEncoder,"{""encode_components"":[""base""]}",{'encode_components': ['base']},Transformer,"{""d_model"":64,""dim_feedforward"":128,""dropout"":0.25,""nhead"":2,""num_layers"":2}","{'d_model': 64, 'dim_feedforward': 128, 'dropout': 0.25, 'nhead': 2, 'num_layers': 2}",random,gpu,gpu,9.343,measured
corr_6e56b7b5f6feea7a,corrective,46a7b639835ac8d0,acute_neurotox_moe_cleaned,Neurotox MOE,M,OneHotEncoder,"{""encode_components"":[""base""]}",{'encode_components': ['base']},Transformer,"{""d_model"":64,""dim_feedforward"":64,""dropout"":0,""nhead"":4,""num_layers"":1}","{'d_model': 64, 'dim_feedforward': 64, 'dropout': 0, 'nhead': 4, 'num_layers': 1}",random,gpu,gpu,9.343,measured
corr_6e56b7b5f6feea7a,corrective,33652a126cc412ce,acute_neurotox_moe_cleaned,Neurotox MOE,M,OneHotEncoder,"{""encode_components"":[""base""]}",{'encode_components': ['base']},Transformer,"{""d_model"":64,""dim_feedforward"":64,""dropout"":0.25,""nhead"":4,""num_layers"":1}","{'d_model': 64, 'dim_feedforward': 64, 'dropout': 0.25, 'nhead': 4, 'num_layers': 1}",random,gpu,gpu,9.343,measured
corr_6e56b7b5f6feea7a,corrective,caa72db37f87c5d0,acute_neurotox_moe_cleaned,Neurotox MOE,M,OneHotEncoder,"{""encode_components"":[""base""]}",{'encode_components': ['base']},Transformer,"{""d_model"":128,""dim_feedforward"":128,""dropout"":0.25,""nhead"":4,""num_layers"":2}","{'d_model': 128, 'dim_feedforward': 128, 'dropout': 0.25, 'nhead': 4, 'num_layers': 2}",random,gpu,gpu,9.343,measured
corr_6e56b7b5f6feea7a,corrective,5f1afc930f07ed29,acute_neurotox_moe_cleaned,Neurotox MOE,M,OneHotEncoder,"{""encode_components"":[""base""]}",{'encode_components': ['base']},MLP,"{""dropout"":0.25,""hidden_dims"":[128,128]}","{'dropout': 0.25, 'hidden_dims': [128, 128]}",random,gpu,gpu,3.812,measured
corr_6e56b7b5f6feea7a,corrective,f48839cce302d604,acute_neurotox_moe_cleaned,Neurotox MOE,M,OneHotEncoder,"{""encode_components"":[""base""]}",{'encode_components': ['base']},MLP,"{""dropout"":0,""hidden_dims"":[128,128]}","{'dropout': 0, 'hidden_dims': [128, 128]}",random,gpu,gpu,3.812,measured
corr_6e56b7b5f6feea7a,corrective,a8a15e71ddea4d7f,acute_neurotox_moe_cleaned,Neurotox MOE,M,OneHotEncoder,"{""encode_components"":[""base""]}",{'encode_components': ['base']},MLP,"{""dropout"":0.25,""hidden_dims"":[128]}","{'dropout': 0.25, 'hidden_dims': [128]}",random,gpu,gpu,3.812,measured
corr_6e56b7b5f6feea7a,corrective,35dae2f02f9a7103,acute_neurotox_moe_cleaned,Neurotox MOE,M,OneHotEncoder,"{""encode_components"":[""base""]}",{'encode_components': ['base']},MLP,"{""dropout"":0,""hidden_dims"":[128]}","{'dropout': 0, 'hidden_dims': [128]}",random,gpu,gpu,3.812,measured
corr_6e56b7b5f6feea7a,corrective,4aa2ec6e28c39b92,acute_neurotox_moe_cleaned,Neurotox MOE,M,OneHotEncoder,"{""encode_components"":[""base""]}",{'encode_components': ['base']},MLP,"{""dropout"":0.25,""hidden_dims"":[64,64]}","{'dropout': 0.25, 'hidden_dims': [64, 64]}",random,gpu,gpu,3.812,measured
corr_6e56b7b5f6feea7a,corrective,f38fb1c3a6820a68,acute_neurotox_moe_cleaned,Neurotox MOE,M,OneHotEncoder,"{""encode_components"":[""base""]}",{'encode_components': ['base']},MLP,"{""dropout"":0,""hidden_dims"":[64,64]}","{'dropout': 0, 'hidden_dims': [64, 64]}",random,gpu,gpu,3.812,measured
corr_6e56b7b5f6feea7a,corrective,ec3d35239ee4cf7c,acute_neurotox_moe_cleaned,Neurotox MOE,M,OneHotEncoder,"{""encode_components"":[""base""]}",{'encode_components': ['base']},MLP,"{""dropout"":0.25,""hidden_dims"":[64]}","{'dropout': 0.25, 'hidden_dims': [64]}",random,gpu,gpu,3.812,measured
corr_6e56b7b5f6feea7a,corrective,9f29eba7fb081172,acute_neurotox_moe_cleaned,Neurotox MOE,M,OneHotEncoder,"{""encode_components"":[""base""]}",{'encode_components': ['base']},MLP,"{""dropout"":0,""hidden_dims"":[64]}","{'dropout': 0, 'hidden_dims': [64]}",random,gpu,gpu,3.812,measured
corr_a264fdd380a34629,corrective,ef6fa9eb9e48d151,acute_neurotox_moe_cleaned,Neurotox MOE,M,RNAFMEmbeddings,"{""flatten"":false}",{'flatten': False},Transformer,"{""d_model"":128,""dim_feedforward"":128,""dropout"":0.25,""nhead"":4,""num_layers"":2}","{'d_model': 128, 'dim_feedforward': 128, 'dropout': 0.25, 'nhead': 4, 'num_layers': 2}",random,gpu,gpu,13.551,measured
corr_a264fdd380a34629,corrective,5a1c2d71e16524f0,acute_neurotox_moe_cleaned,Neurotox MOE,M,RNAFMEmbeddings,"{""flatten"":false}",{'flatten': False},Transformer,"{""d_model"":128,""dim_feedforward"":128,""dropout"":0,""nhead"":4,""num_layers"":2}","{'d_model': 128, 'dim_feedforward': 128, 'dropout': 0, 'nhead': 4, 'num_layers': 2}",random,gpu,gpu,13.551,measured
corr_a264fdd380a34629,corrective,ce632516e23a4c84,acute_neurotox_moe_cleaned,Neurotox MOE,M,RNAFMEmbeddings,"{""flatten"":false}",{'flatten': False},Transformer,"{""d_model"":64,""dim_feedforward"":64,""dropout"":0.25,""nhead"":2,""num_layers"":1}","{'d_model': 64, 'dim_feedforward': 64, 'dropout': 0.25, 'nhead': 2, 'num_layers': 1}",random,gpu,gpu,13.551,measured
corr_a264fdd380a34629,corrective,58db6a62ad0433fe,acute_neurotox_moe_cleaned,Neurotox MOE,M,RNAFMEmbeddings,"{""flatten"":false}",{'flatten': False},Transformer,"{""d_model"":64,""dim_feedforward"":64,""dropout"":0,""nhead"":2,""num_layers"":2}","{'d_model': 64, 'dim_feedforward': 64, 'dropout': 0, 'nhead': 2, 'num_layers': 2}",random,gpu,gpu,13.551,measured
corr_a264fdd380a34629,corrective,5898a017450abad3,acute_neurotox_moe_cleaned,Neurotox MOE,M,RNAFMEmbeddings,"{""flatten"":false}",{'flatten': False},Transformer,"{""d_model"":64,""dim_feedforward"":64,""dropout"":0.25,""nhead"":2,""num_layers"":2}","{'d_model': 64, 'dim_feedforward': 64, 'dropout': 0.25, 'nhead': 2, 'num_layers': 2}",random,gpu,gpu,13.551,measured
corr_a264fdd380a34629,corrective,2ed77f56277ad542,acute_neurotox_moe_cleaned,Neurotox MOE,M,RNAFMEmbeddings,"{""flatten"":false}",{'flatten': False},Transformer,"{""d_model"":64,""dim_feedforward"":128,""dropout"":0,""nhead"":2,""num_layers"":1}","{'d_model': 64, 'dim_feedforward': 128, 'dropout': 0, 'nhead': 2, 'num_layers': 1}",random,gpu,gpu,13.551,measured
corr_a264fdd380a34629,corrective,36b52b76de67cb5b,acute_neurotox_moe_cleaned,Neurotox MOE,M,RNAFMEmbeddings,"{""flatten"":false}",{'flatten': False},Transformer,"{""d_model"":64,""dim_feedforward"":128,""dropout"":0.25,""nhead"":2,""num_layers"":1}","{'d_model': 64, 'dim_feedforward': 128, 'dropout': 0.25, 'nhead': 2, 'num_layers': 1}",random,gpu,gpu,13.551,measured
corr_a264fdd380a34629,corrective,9cc5e1f8c13a3b28,acute_neurotox_moe_cleaned,Neurotox MOE,M,RNAFMEmbeddings,"{""flatten"":false}",{'flatten': False},Transformer,"{""d_model"":64,""dim_feedforward"":128,""dropout"":0,""nhead"":2,""num_layers"":2}","{'d_model': 64, 'dim_feedforward': 128, 'dropout': 0, 'nhead': 2, 'num_layers': 2}",random,gpu,gpu,13.551,measured
corr_a264fdd380a34629,corrective,88bdcbda276b56b1,acute_neurotox_moe_cleaned,Neurotox MOE,M,RNAFMEmbeddings,"{""flatten"":false}",{'flatten': False},Transformer,"{""d_model"":64,""dim_feedforward"":128,""dropout"":0.25,""nhead"":2,""num_layers"":2}","{'d_model': 64, 'dim_feedforward': 128, 'dropout': 0.25, 'nhead': 2, 'num_layers': 2}",random,gpu,gpu,13.551,measured
corr_a264fdd380a34629,corrective,8dedaf877227c415,acute_neurotox_moe_cleaned,Neurotox MOE,M,RNAFMEmbeddings,"{""flatten"":false}",{'flatten': False},Transformer,"{""d_model"":64,""dim_feedforward"":64,""dropout"":0,""nhead"":4,""num_layers"":1}","{'d_model': 64, 'dim_feedforward': 64, 'dropout': 0, 'nhead': 4, 'num_layers': 1}",random,gpu,gpu,13.551,measured
corr_a264fdd380a34629,corrective,3225796511662d5c,acute_neurotox_moe_cleaned,Neurotox MOE,M,RNAFMEmbeddings,"{""flatten"":false}",{'flatten': False},Transformer,"{""d_model"":64,""dim_feedforward"":64,""dropout"":0.25,""nhead"":4,""num_layers"":1}","{'d_model': 64, 'dim_feedforward': 64, 'dropout': 0.25, 'nhead': 4, 'num_layers': 1}",random,gpu,gpu,13.551,measured
corr_a264fdd380a34629,corrective,b1da76fa1b46f6c2,acute_neurotox_moe_cleaned,Neurotox MOE,M,RNAFMEmbeddings,"{""flatten"":false}",{'flatten': False},Transformer,"{""d_model"":64,""dim_feedforward"":64,""dropout"":0,""nhead"":4,""num_layers"":2}","{'d_model': 64, 'dim_feedforward': 64, 'dropout': 0, 'nhead': 4, 'num_layers': 2}",random,gpu,gpu,13.551,measured
corr_a264fdd380a34629,corrective,e9090f2327c675d6,acute_neurotox_moe_cleaned,Neurotox MOE,M,RNAFMEmbeddings,"{""flatten"":false}",{'flatten': False},Transformer,"{""d_model"":64,""dim_feedforward"":64,""dropout"":0.25,""nhead"":4,""num_layers"":2}","{'d_model': 64, 'dim_feedforward': 64, 'dropout': 0.25, 'nhead': 4, 'num_layers': 2}",random,gpu,gpu,13.551,measured
corr_a264fdd380a34629,corrective,6bc98e5c6ace20f7,acute_neurotox_moe_cleaned,Neurotox MOE,M,RNAFMEmbeddings,"{""flatten"":false}",{'flatten': False},Transformer,"{""d_model"":64,""dim_feedforward"":128,""dropout"":0,""nhead"":4,""num_layers"":1}","{'d_model': 64, 'dim_feedforward': 128, 'dropout': 0, 'nhead': 4, 'num_layers': 1}",random,gpu,gpu,13.551,measured
corr_a264fdd380a34629,corrective,ec5866545712a25a,acute_neurotox_moe_cleaned,Neurotox MOE,M,RNAFMEmbeddings,"{""flatten"":false}",{'flatten': False},Transformer,"{""d_model"":64,""dim_feedforward"":128,""dropout"":0.25,""nhead"":4,""num_layers"":1}","{'d_model': 64, 'dim_feedforward': 128, 'dropout': 0.25, 'nhead': 4, 'num_layers': 1}",random,gpu,gpu,13.551,measured
corr_a264fdd380a34629,corrective,585ecb082226f7b5,acute_neurotox_moe_cleaned,Neurotox MOE,M,RNAFMEmbeddings,"{""flatten"":false}",{'flatten': False},Transformer,"{""d_model"":64,""dim_feedforward"":128,""dropout"":0,""nhead"":4,""num_layers"":2}","{'d_model': 64, 'dim_feedforward': 128, 'dropout': 0, 'nhead': 4, 'num_layers': 2}",random,gpu,gpu,13.551,measured
corr_a264fdd380a34629,corrective,e8aae82bbc2a2e96,acute_neurotox_moe_cleaned,Neurotox MOE,M,RNAFMEmbeddings,"{""flatten"":false}",{'flatten': False},Transformer,"{""d_model"":64,""dim_feedforward"":128,""dropout"":0.25,""nhead"":4,""num_layers"":2}","{'d_model': 64, 'dim_feedforward': 128, 'dropout': 0.25, 'nhead': 4, 'num_layers': 2}",random,gpu,gpu,13.551,measured
corr_a264fdd380a34629,corrective,78c70e7e4eba7a6c,acute_neurotox_moe_cleaned,Neurotox MOE,M,RNAFMEmbeddings,"{""flatten"":false}",{'flatten': False},Transformer,"{""d_model"":128,""dim_feedforward"":64,""dropout"":0,""nhead"":2,""num_layers"":1}","{'d_model': 128, 'dim_feedforward': 64, 'dropout': 0, 'nhead': 2, 'num_layers': 1}",random,gpu,gpu,13.551,measured
corr_a264fdd380a34629,corrective,4ff56e0dd2e2582a,acute_neurotox_moe_cleaned,Neurotox MOE,M,RNAFMEmbeddings,"{""flatten"":false}",{'flatten': False},Transformer,"{""d_model"":128,""dim_feedforward"":64,""dropout"":0.25,""nhead"":2,""num_layers"":1}","{'d_model': 128, 'dim_feedforward': 64, 'dropout': 0.25, 'nhead': 2, 'num_layers': 1}",random,gpu,gpu,13.551,measured
corr_a264fdd380a34629,corrective,88e8bc6b1399d883,acute_neurotox_moe_cleaned,Neurotox MOE,M,RNAFMEmbeddings,"{""flatten"":false}",{'flatten': False},Transformer,"{""d_model"":128,""dim_feedforward"":64,""dropout"":0,""nhead"":2,""num_layers"":2}","{'d_model': 128, 'dim_feedforward': 64, 'dropout': 0, 'nhead': 2, 'num_layers': 2}",random,gpu,gpu,13.551,measured
corr_a264fdd380a34629,corrective,2c566b6f4dc63812,acute_neurotox_moe_cleaned,Neurotox MOE,M,RNAFMEmbeddings,"{""flatten"":false}",{'flatten': False},Transformer,"{""d_model"":128,""dim_feedforward"":64,""dropout"":0.25,""nhead"":2,""num_layers"":2}","{'d_model': 128, 'dim_feedforward': 64, 'dropout': 0.25, 'nhead': 2, 'num_layers': 2}",random,gpu,gpu,13.551,measured
corr_a264fdd380a34629,corrective,2940195751028929,acute_neurotox_moe_cleaned,Neurotox MOE,M,RNAFMEmbeddings,"{""flatten"":false}",{'flatten': False},Transformer,"{""d_model"":128,""dim_feedforward"":128,""dropout"":0,""nhead"":2,""num_layers"":1}","{'d_model': 128, 'dim_feedforward': 128, 'dropout': 0, 'nhead': 2, 'num_layers': 1}",random,gpu,gpu,13.551,measured
corr_a264fdd380a34629,corrective,0924e068793b2238,acute_neurotox_moe_cleaned,Neurotox MOE,M,RNAFMEmbeddings,"{""flatten"":false}",{'flatten': False},Transformer,"{""d_model"":128,""dim_feedforward"":128,""dropout"":0.25,""nhead"":2,""num_layers"":1}","{'d_model': 128, 'dim_feedforward': 128, 'dropout': 0.25, 'nhead': 2, 'num_layers': 1}",random,gpu,gpu,13.551,measured
corr_a264fdd380a34629,corrective,e872c7384767ae55,acute_neurotox_moe_cleaned,Neurotox MOE,M,RNAFMEmbeddings,"{""flatten"":false}",{'flatten': False},Transformer,"{""d_model"":128,""dim_feedforward"":128,""dropout"":0,""nhead"":2,""num_layers"":2}","{'d_model': 128, 'dim_feedforward': 128, 'dropout': 0, 'nhead': 2, 'num_layers': 2}",random,gpu,gpu,13.551,measured
corr_a264fdd380a34629,corrective,638a75c0786ed584,acute_neurotox_moe_cleaned,Neurotox MOE,M,RNAFMEmbeddings,"{""flatten"":false}",{'flatten': False},Transformer,"{""d_model"":128,""dim_feedforward"":128,""dropout"":0.25,""nhead"":2,""num_layers"":2}","{'d_model': 128, 'dim_feedforward': 128, 'dropout': 0.25, 'nhead': 2, 'num_layers': 2}",random,gpu,gpu,13.551,measured
corrm_82afade3aba4dd3e,corrective,2d7c5de214ad059a,acute_neurotox_moe_cleaned,Neurotox MOE,M,RNAFMEmbeddings,"{""flatten"":false}",{'flatten': False},Transformer,"{""d_model"":128,""dim_feedforward"":64,""dropout"":0,""nhead"":4,""num_layers"":1}","{'d_model': 128, 'dim_feedforward': 64, 'dropout': 0, 'nhead': 4, 'num_layers': 1}",random,gpu,gpu,13.551,measured
corrm_82afade3aba4dd3e,corrective,57037659c2286ac3,acute_neurotox_moe_cleaned,Neurotox MOE,M,RNAFMEmbeddings,"{""flatten"":false}",{'flatten': False},Transformer,"{""d_model"":128,""dim_feedforward"":64,""dropout"":0.25,""nhead"":4,""num_layers"":1}","{'d_model': 128, 'dim_feedforward': 64, 'dropout': 0.25, 'nhead': 4, 'num_layers': 1}",random,gpu,gpu,13.551,measured
corrm_82afade3aba4dd3e,corrective,f3437133dab40fa1,acute_neurotox_moe_cleaned,Neurotox MOE,M,RNAFMEmbeddings,"{""flatten"":false}",{'flatten': False},Transformer,"{""d_model"":128,""dim_feedforward"":64,""dropout"":0,""nhead"":4,""num_layers"":2}","{'d_model': 128, 'dim_feedforward': 64, 'dropout': 0, 'nhead': 4, 'num_layers': 2}",random,gpu,gpu,13.551,measured
corrm_82afade3aba4dd3e,corrective,608f4887b839a1d3,acute_neurotox_moe_cleaned,Neurotox MOE,M,RNAFMEmbeddings,"{""flatten"":false}",{'flatten': False},Transformer,"{""d_model"":128,""dim_feedforward"":64,""dropout"":0.25,""nhead"":4,""num_layers"":2}","{'d_model': 128, 'dim_feedforward': 64, 'dropout': 0.25, 'nhead': 4, 'num_layers': 2}",random,gpu,gpu,13.551,measured
corrm_82afade3aba4dd3e,corrective,aec14845789a721e,acute_neurotox_moe_cleaned,Neurotox MOE,M,RNAFMEmbeddings,"{""flatten"":false}",{'flatten': False},Transformer,"{""d_model"":128,""dim_feedforward"":128,""dropout"":0,""nhead"":4,""num_layers"":1}","{'d_model': 128, 'dim_feedforward': 128, 'dropout': 0, 'nhead': 4, 'num_layers': 1}",random,gpu,gpu,13.551,measured
corrm_82afade3aba4dd3e,corrective,6cd4289920a9e571,acute_neurotox_moe_cleaned,Neurotox MOE,M,RNAFMEmbeddings,"{""flatten"":false}",{'flatten': False},Transformer,"{""d_model"":128,""dim_feedforward"":128,""dropout"":0.25,""nhead"":4,""num_layers"":1}","{'d_model': 128, 'dim_feedforward': 128, 'dropout': 0.25, 'nhead': 4, 'num_layers': 1}",random,gpu,gpu,13.551,measured
corrm_82afade3aba4dd3e,corrective,6ef281faa8748346,acute_neurotox_moe_cleaned,Neurotox MOE,M,RNAFMEmbeddings,"{""flatten"":false}",{'flatten': False},Transformer,"{""d_model"":64,""dim_feedforward"":64,""dropout"":0,""nhead"":2,""num_layers"":1}","{'d_model': 64, 'dim_feedforward': 64, 'dropout': 0, 'nhead': 2, 'num_layers': 1}",random,gpu,gpu,13.551,measured
corrm_82afade3aba4dd3e,corrective,fc0a73d993135936,acute_neurotox_moe_cleaned,Neurotox MOE,M,RNAFMEmbeddings,{},{},CNN,"{""depth"":2,""hidden_dim"":64,""kernel_size"":5,""pooling_operation"":""max""}","{'depth': 2, 'hidden_dim': 64, 'kernel_size': 5, 'pooling_operation': 'max'}",random,gpu,gpu,7.252,measured
corrm_82afade3aba4dd3e,corrective,f28998e0c43aa3f5,acute_neurotox_moe_cleaned,Neurotox MOE,M,RNAFMEmbeddings,{},{},LinearModel,"{""type"":""ridge""}",{'type': 'ridge'},random,cpu,gpu,0.767,measured
corrm_31d062a7ad59439b,corrective,f62ac834d91f3076,immune_modulation_TLR7,TLR7,S,HELMGraph,{},{},GNN,"{""hidden_dim"":32,""num_layers"":1,""pooling_operation"":""max""}","{'hidden_dim': 32, 'num_layers': 1, 'pooling_operation': 'max'}",nucleobase,gpu,gpu,1.782,measured
corrm_31d062a7ad59439b,corrective,a220f10edb5bef70,immune_modulation_TLR7,TLR7,S,HELMGraph,{},{},GNN,"{""hidden_dim"":32,""num_layers"":1,""pooling_operation"":""avg""}","{'hidden_dim': 32, 'num_layers': 1, 'pooling_operation': 'avg'}",nucleobase,gpu,gpu,1.782,measured
corrm_31d062a7ad59439b,corrective,4f868bbea639fed9,immune_modulation_TLR7,TLR7,S,HELMGraph,{},{},GNN,"{""hidden_dim"":32,""num_layers"":1,""pooling_operation"":""sum""}","{'hidden_dim': 32, 'num_layers': 1, 'pooling_operation': 'sum'}",nucleobase,gpu,gpu,1.782,measured
corrm_31d062a7ad59439b,corrective,9f33810b5c0217a6,immune_modulation_TLR7,TLR7,S,HELMGraph,{},{},GNN,"{""hidden_dim"":32,""num_layers"":2,""pooling_operation"":""max""}","{'hidden_dim': 32, 'num_layers': 2, 'pooling_operation': 'max'}",nucleobase,gpu,gpu,1.782,measured
corrm_31d062a7ad59439b,corrective,5b6498c54ef9775d,immune_modulation_TLR7,TLR7,S,HELMGraph,{},{},GNN,"{""hidden_dim"":32,""num_layers"":2,""pooling_operation"":""avg""}","{'hidden_dim': 32, 'num_layers': 2, 'pooling_operation': 'avg'}",nucleobase,gpu,gpu,1.782,measured
corrm_31d062a7ad59439b,corrective,bba74a67af110e75,immune_modulation_TLR7,TLR7,S,HELMGraph,{},{},GNN,"{""hidden_dim"":32,""num_layers"":2,""pooling_operation"":""sum""}","{'hidden_dim': 32, 'num_layers': 2, 'pooling_operation': 'sum'}",nucleobase,gpu,gpu,1.782,measured
corrm_31d062a7ad59439b,corrective,78bb4da0d251f912,immune_modulation_TLR7,TLR7,S,HELMGraph,{},{},GNN,"{""hidden_dim"":64,""num_layers"":1,""pooling_operation"":""max""}","{'hidden_dim': 64, 'num_layers': 1, 'pooling_operation': 'max'}",nucleobase,gpu,gpu,1.782,measured
corrm_31d062a7ad59439b,corrective,67d846483fb338f1,immune_modulation_TLR7,TLR7,S,HELMGraph,{},{},GNN,"{""hidden_dim"":64,""num_layers"":1,""pooling_operation"":""avg""}","{'hidden_dim': 64, 'num_layers': 1, 'pooling_operation': 'avg'}",nucleobase,gpu,gpu,1.782,measured
corrm_31d062a7ad59439b,corrective,8036b9aa2f2ef635,immune_modulation_TLR7,TLR7,S,HELMGraph,{},{},GNN,"{""hidden_dim"":64,""num_layers"":1,""pooling_operation"":""sum""}","{'hidden_dim': 64, 'num_layers': 1, 'pooling_operation': 'sum'}",nucleobase,gpu,gpu,1.782,measured
corrm_31d062a7ad59439b,corrective,f6f35305d3738e10,immune_modulation_TLR7,TLR7,S,HELMGraph,{},{},GNN,"{""hidden_dim"":64,""num_layers"":2,""pooling_operation"":""max""}","{'hidden_dim': 64, 'num_layers': 2, 'pooling_operation': 'max'}",nucleobase,gpu,gpu,1.782,measured
corrm_31d062a7ad59439b,corrective,60f07e830db764e4,immune_modulation_TLR7,TLR7,S,HELMGraph,{},{},GNN,"{""hidden_dim"":64,""num_layers"":2,""pooling_operation"":""avg""}","{'hidden_dim': 64, 'num_layers': 2, 'pooling_operation': 'avg'}",nucleobase,gpu,gpu,1.782,measured
corrm_31d062a7ad59439b,corrective,b39b27b6f86d8e8f,immune_modulation_TLR7,TLR7,S,HELMGraph,{},{},GNN,"{""hidden_dim"":64,""num_layers"":2,""pooling_operation"":""sum""}","{'hidden_dim': 64, 'num_layers': 2, 'pooling_operation': 'sum'}",nucleobase,gpu,gpu,1.782,measured
corrm_31d062a7ad59439b,corrective,1265b52e665fdff8,immune_modulation_TLR7,TLR7,S,HELMGraph,{},{},GNN,"{""hidden_dim"":32,""num_layers"":1,""pooling_operation"":""max""}","{'hidden_dim': 32, 'num_layers': 1, 'pooling_operation': 'max'}",random,gpu,gpu,1.782,measured
corrm_31d062a7ad59439b,corrective,7c9faa1d5f003282,immune_modulation_TLR7,TLR7,S,HELMGraph,{},{},GNN,"{""hidden_dim"":32,""num_layers"":1,""pooling_operation"":""avg""}","{'hidden_dim': 32, 'num_layers': 1, 'pooling_operation': 'avg'}",random,gpu,gpu,1.782,measured
corrm_31d062a7ad59439b,corrective,a74b93d3fb19136d,immune_modulation_TLR7,TLR7,S,HELMGraph,{},{},GNN,"{""hidden_dim"":32,""num_layers"":1,""pooling_operation"":""sum""}","{'hidden_dim': 32, 'num_layers': 1, 'pooling_operation': 'sum'}",random,gpu,gpu,1.782,measured
corrm_31d062a7ad59439b,corrective,9e24d0755d22ec8f,immune_modulation_TLR7,TLR7,S,HELMGraph,{},{},GNN,"{""hidden_dim"":32,""num_layers"":2,""pooling_operation"":""max""}","{'hidden_dim': 32, 'num_layers': 2, 'pooling_operation': 'max'}",random,gpu,gpu,1.782,measured
corrm_31d062a7ad59439b,corrective,38081524222c8538,immune_modulation_TLR7,TLR7,S,HELMGraph,{},{},GNN,"{""hidden_dim"":32,""num_layers"":2,""pooling_operation"":""avg""}","{'hidden_dim': 32, 'num_layers': 2, 'pooling_operation': 'avg'}",random,gpu,gpu,1.782,measured
corrm_31d062a7ad59439b,corrective,82b838f572086d0f,immune_modulation_TLR7,TLR7,S,HELMGraph,{},{},GNN,"{""hidden_dim"":32,""num_layers"":2,""pooling_operation"":""sum""}","{'hidden_dim': 32, 'num_layers': 2, 'pooling_operation': 'sum'}",random,gpu,gpu,1.782,measured
corrm_31d062a7ad59439b,corrective,45673dd6e2021ea2,immune_modulation_TLR7,TLR7,S,HELMGraph,{},{},GNN,"{""hidden_dim"":64,""num_layers"":1,""pooling_operation"":""max""}","{'hidden_dim': 64, 'num_layers': 1, 'pooling_operation': 'max'}",random,gpu,gpu,1.782,measured
corrm_31d062a7ad59439b,corrective,af2b7853e95febb9,immune_modulation_TLR7,TLR7,S,HELMGraph,{},{},GNN,"{""hidden_dim"":64,""num_layers"":1,""pooling_operation"":""avg""}","{'hidden_dim': 64, 'num_layers': 1, 'pooling_operation': 'avg'}",random,gpu,gpu,1.782,measured
corrm_31d062a7ad59439b,corrective,e66bae39eb04c575,immune_modulation_TLR7,TLR7,S,HELMGraph,{},{},GNN,"{""hidden_dim"":64,""num_layers"":1,""pooling_operation"":""sum""}","{'hidden_dim': 64, 'num_layers': 1, 'pooling_operation': 'sum'}",random,gpu,gpu,1.782,measured
corrm_31d062a7ad59439b,corrective,eca979d01dd29abf,immune_modulation_TLR7,TLR7,S,HELMGraph,{},{},GNN,"{""hidden_dim"":64,""num_layers"":2,""pooling_operation"":""max""}","{'hidden_dim': 64, 'num_layers': 2, 'pooling_operation': 'max'}",random,gpu,gpu,1.782,measured
corrm_31d062a7ad59439b,corrective,652cae4a858705e2,immune_modulation_TLR7,TLR7,S,HELMGraph,{},{},GNN,"{""hidden_dim"":64,""num_layers"":2,""pooling_operation"":""avg""}","{'hidden_dim': 64, 'num_layers': 2, 'pooling_operation': 'avg'}",random,gpu,gpu,1.782,measured
corrm_31d062a7ad59439b,corrective,3e0de5c42e3d76a5,immune_modulation_TLR7,TLR7,S,HELMGraph,{},{},GNN,"{""hidden_dim"":64,""num_layers"":2,""pooling_operation"":""sum""}","{'hidden_dim': 64, 'num_layers': 2, 'pooling_operation': 'sum'}",random,gpu,gpu,1.782,measured
corrm_c67ce893ef412d16,corrective,b85eaa9ada9bad64,immune_modulation_TLR7,TLR7,S,KMersCounts,"{""k"":[1,2,3],""modification_abundance"":false}","{'k': [1, 2, 3], 'modification_abundance': False}",RandomForestModel,"{""max_depth"":20,""n_estimators"":1000}","{'max_depth': 20, 'n_estimators': 1000}",nucleobase,cpu,cpu,0.463,measured
corrm_c67ce893ef412d16,corrective,017e01853511ae43,immune_modulation_TLR7,TLR7,S,KMersCounts,"{""k"":[1,2,3],""modification_abundance"":false}","{'k': [1, 2, 3], 'modification_abundance': False}",RandomForestModel,"{""max_depth"":10,""n_estimators"":100}","{'max_depth': 10, 'n_estimators': 100}",nucleobase,cpu,cpu,0.463,measured
corrm_c67ce893ef412d16,corrective,093efb48a3d1110b,immune_modulation_TLR7,TLR7,S,KMersCounts,"{""k"":[1,2,3],""modification_abundance"":false}","{'k': [1, 2, 3], 'modification_abundance': False}",RandomForestModel,"{""max_depth"":20,""n_estimators"":100}","{'max_depth': 20, 'n_estimators': 100}",nucleobase,cpu,cpu,0.463,measured
corrm_c67ce893ef412d16,corrective,a64bd59ca3d92239,immune_modulation_TLR7,TLR7,S,KMersCounts,"{""k"":[1,2,3],""modification_abundance"":false}","{'k': [1, 2, 3], 'modification_abundance': False}",RandomForestModel,"{""max_depth"":30,""n_estimators"":100}","{'max_depth': 30, 'n_estimators': 100}",nucleobase,cpu,cpu,0.463,measured
corrm_c67ce893ef412d16,corrective,9ae0f1213a8ca919,immune_modulation_TLR7,TLR7,S,KMersCounts,"{""k"":[1,2,3],""modification_abundance"":false}","{'k': [1, 2, 3], 'modification_abundance': False}",RandomForestModel,"{""max_depth"":10,""n_estimators"":500}","{'max_depth': 10, 'n_estimators': 500}",nucleobase,cpu,cpu,0.463,measured
corrm_c67ce893ef412d16,corrective,bf62fdc75255407a,immune_modulation_TLR7,TLR7,S,KMersCounts,"{""k"":[1,2,3],""modification_abundance"":false}","{'k': [1, 2, 3], 'modification_abundance': False}",RandomForestModel,"{""max_depth"":20,""n_estimators"":500}","{'max_depth': 20, 'n_estimators': 500}",nucleobase,cpu,cpu,0.463,measured
corrm_c67ce893ef412d16,corrective,f3c83f0dc3f9ea3a,immune_modulation_TLR7,TLR7,S,KMersCounts,"{""k"":[1,2,3],""modification_abundance"":false}","{'k': [1, 2, 3], 'modification_abundance': False}",RandomForestModel,"{""max_depth"":30,""n_estimators"":500}","{'max_depth': 30, 'n_estimators': 500}",nucleobase,cpu,cpu,0.463,measured
corrm_c67ce893ef412d16,corrective,8ba3ad80297fcaeb,immune_modulation_TLR7,TLR7,S,KMersCounts,"{""k"":[1,2,3],""modification_abundance"":false}","{'k': [1, 2, 3], 'modification_abundance': False}",RandomForestModel,"{""max_depth"":10,""n_estimators"":1000}","{'max_depth': 10, 'n_estimators': 1000}",nucleobase,cpu,cpu,0.463,measured
corrm_c67ce893ef412d16,corrective,519ecfb07ff2a5db,immune_modulation_TLR7,TLR7,S,KMersCounts,"{""k"":[1,2,3],""modification_abundance"":false}","{'k': [1, 2, 3], 'modification_abundance': False}",RandomForestModel,"{""max_depth"":30,""n_estimators"":1000}","{'max_depth': 30, 'n_estimators': 1000}",nucleobase,cpu,cpu,0.463,measured
corrm_c67ce893ef412d16,corrective,ccceb0c6b3cba28b,immune_modulation_TLR7,TLR7,S,KMersCounts,"{""k"":[1,2,3],""modification_abundance"":false}","{'k': [1, 2, 3], 'modification_abundance': False}",XGBoostModel,"{""max_depth"":30,""n_estimators"":500}","{'max_depth': 30, 'n_estimators': 500}",nucleobase,cpu,cpu,0.047,measured
corrm_c67ce893ef412d16,corrective,86c3271f281122d2,immune_modulation_TLR7,TLR7,S,KMersCounts,"{""k"":[1,2,3],""modification_abundance"":false}","{'k': [1, 2, 3], 'modification_abundance': False}",XGBoostModel,"{""max_depth"":30,""n_estimators"":100}","{'max_depth': 30, 'n_estimators': 100}",nucleobase,cpu,cpu,0.047,measured
corrm_c67ce893ef412d16,corrective,280ca32da7247079,immune_modulation_TLR7,TLR7,S,KMersCounts,"{""k"":[1,2,3],""modification_abundance"":false}","{'k': [1, 2, 3], 'modification_abundance': False}",XGBoostModel,"{""max_depth"":20,""n_estimators"":100}","{'max_depth': 20, 'n_estimators': 100}",nucleobase,cpu,cpu,0.047,measured
corrm_c67ce893ef412d16,corrective,68cbe7afb0389b90,immune_modulation_TLR7,TLR7,S,KMersCounts,"{""k"":[1,2,3],""modification_abundance"":false}","{'k': [1, 2, 3], 'modification_abundance': False}",XGBoostModel,"{""max_depth"":10,""n_estimators"":100}","{'max_depth': 10, 'n_estimators': 100}",nucleobase,cpu,cpu,0.047,measured
corrm_c67ce893ef412d16,corrective,0ec1c96bba352c7c,immune_modulation_TLR7,TLR7,S,KMersCounts,"{""k"":[1,2,3],""modification_abundance"":false}","{'k': [1, 2, 3], 'modification_abundance': False}",XGBoostModel,"{""max_depth"":30,""n_estimators"":1000}","{'max_depth': 30, 'n_estimators': 1000}",nucleobase,cpu,cpu,0.047,measured
corrm_c67ce893ef412d16,corrective,d4e88b0692713344,immune_modulation_TLR7,TLR7,S,KMersCounts,"{""k"":[1,2,3],""modification_abundance"":false}","{'k': [1, 2, 3], 'modification_abundance': False}",XGBoostModel,"{""max_depth"":10,""n_estimators"":1000}","{'max_depth': 10, 'n_estimators': 1000}",nucleobase,cpu,cpu,0.047,measured
corrm_c67ce893ef412d16,corrective,823818fcc0ce3a76,immune_modulation_TLR7,TLR7,S,KMersCounts,"{""k"":[1,2,3],""modification_abundance"":false}","{'k': [1, 2, 3], 'modification_abundance': False}",XGBoostModel,"{""max_depth"":20,""n_estimators"":1000}","{'max_depth': 20, 'n_estimators': 1000}",nucleobase,cpu,cpu,0.047,measured
corrm_c67ce893ef412d16,corrective,230880e48ddc27ba,immune_modulation_TLR7,TLR7,S,KMersCounts,"{""k"":[1,2,3],""modification_abundance"":false}","{'k': [1, 2, 3], 'modification_abundance': False}",XGBoostModel,"{""max_depth"":20,""n_estimators"":500}","{'max_depth': 20, 'n_estimators': 500}",nucleobase,cpu,cpu,0.047,measured
corrm_c67ce893ef412d16,corrective,039110991c9744f1,immune_modulation_TLR7,TLR7,S,KMersCounts,"{""k"":[1,2,3],""modification_abundance"":false}","{'k': [1, 2, 3], 'modification_abundance': False}",XGBoostModel,"{""max_depth"":10,""n_estimators"":500}","{'max_depth': 10, 'n_estimators': 500}",nucleobase,cpu,cpu,0.047,measured
corrm_c67ce893ef412d16,corrective,9cd79e73351308c9,immune_modulation_TLR7,TLR7,S,KMersCounts,"{""k"":[1,2,3],""modification_abundance"":false}","{'k': [1, 2, 3], 'modification_abundance': False}",NearestNeighborsModel,"{""n_neighbors"":5}",{'n_neighbors': 5},nucleobase,cpu,cpu,0.003,measured
corrm_c67ce893ef412d16,corrective,92876538ddae4e18,immune_modulation_TLR7,TLR7,S,KMersCounts,"{""k"":[1,2,3],""modification_abundance"":false}","{'k': [1, 2, 3], 'modification_abundance': False}",NearestNeighborsModel,"{""n_neighbors"":15}",{'n_neighbors': 15},nucleobase,cpu,cpu,0.003,measured
corrm_c67ce893ef412d16,corrective,c213cf20d7ace7bc,immune_modulation_TLR7,TLR7,S,KMersCounts,"{""k"":[1,2,3],""modification_abundance"":false}","{'k': [1, 2, 3], 'modification_abundance': False}",NearestNeighborsModel,"{""n_neighbors"":10}",{'n_neighbors': 10},nucleobase,cpu,cpu,0.003,measured
corrm_c67ce893ef412d16,corrective,f865d87f3593f6db,immune_modulation_TLR7,TLR7,S,KMersCounts,"{""k"":[1,2,3],""modification_abundance"":false}","{'k': [1, 2, 3], 'modification_abundance': False}",LinearModel,"{""type"":""ridge""}",{'type': 'ridge'},nucleobase,cpu,cpu,0.001,measured
corrm_c67ce893ef412d16,corrective,7aa484b1792393a8,immune_modulation_TLR7,TLR7,S,KMersCounts,"{""k"":[1,2,3],""modification_abundance"":false}","{'k': [1, 2, 3], 'modification_abundance': False}",LinearModel,"{""type"":""standard""}",{'type': 'standard'},nucleobase,cpu,cpu,0.001,measured
corrm_31d062a7ad59439b,corrective,6d5a29bb793081f7,immune_modulation_TLR7,TLR7,S,KMersCounts,"{""k"":[1,2,3],""modification_abundance"":false}","{'k': [1, 2, 3], 'modification_abundance': False}",MLP,"{""dropout"":0,""hidden_dims"":[64]}","{'dropout': 0, 'hidden_dims': [64]}",nucleobase,gpu,gpu,0.762,measured
corrm_31d062a7ad59439b,corrective,3aa509fc144b8a85,immune_modulation_TLR7,TLR7,S,KMersCounts,"{""k"":[1,2,3],""modification_abundance"":false}","{'k': [1, 2, 3], 'modification_abundance': False}",MLP,"{""dropout"":0.25,""hidden_dims"":[64]}","{'dropout': 0.25, 'hidden_dims': [64]}",nucleobase,gpu,gpu,0.762,measured
corrm_31d062a7ad59439b,corrective,eac3c67b34a7f627,immune_modulation_TLR7,TLR7,S,KMersCounts,"{""k"":[1,2,3],""modification_abundance"":false}","{'k': [1, 2, 3], 'modification_abundance': False}",MLP,"{""dropout"":0,""hidden_dims"":[64,64]}","{'dropout': 0, 'hidden_dims': [64, 64]}",nucleobase,gpu,gpu,0.762,measured
corrm_31d062a7ad59439b,corrective,6b2ab93b321364aa,immune_modulation_TLR7,TLR7,S,KMersCounts,"{""k"":[1,2,3],""modification_abundance"":false}","{'k': [1, 2, 3], 'modification_abundance': False}",MLP,"{""dropout"":0.25,""hidden_dims"":[64,64]}","{'dropout': 0.25, 'hidden_dims': [64, 64]}",nucleobase,gpu,gpu,0.762,measured
corrm_31d062a7ad59439b,corrective,f20abef21d08ce4d,immune_modulation_TLR7,TLR7,S,KMersCounts,"{""k"":[1,2,3],""modification_abundance"":false}","{'k': [1, 2, 3], 'modification_abundance': False}",MLP,"{""dropout"":0,""hidden_dims"":[128]}","{'dropout': 0, 'hidden_dims': [128]}",nucleobase,gpu,gpu,0.762,measured
corrm_31d062a7ad59439b,corrective,d7a89e51efce6c0d,immune_modulation_TLR7,TLR7,S,KMersCounts,"{""k"":[1,2,3],""modification_abundance"":false}","{'k': [1, 2, 3], 'modification_abundance': False}",MLP,"{""dropout"":0.25,""hidden_dims"":[128]}","{'dropout': 0.25, 'hidden_dims': [128]}",nucleobase,gpu,gpu,0.762,measured
corrm_31d062a7ad59439b,corrective,23deacb94b2535b8,immune_modulation_TLR7,TLR7,S,KMersCounts,"{""k"":[1,2,3],""modification_abundance"":false}","{'k': [1, 2, 3], 'modification_abundance': False}",MLP,"{""dropout"":0,""hidden_dims"":[128,128]}","{'dropout': 0, 'hidden_dims': [128, 128]}",nucleobase,gpu,gpu,0.762,measured
corrm_31d062a7ad59439b,corrective,363e9dbf399867c9,immune_modulation_TLR7,TLR7,S,KMersCounts,"{""k"":[1,2,3],""modification_abundance"":false}","{'k': [1, 2, 3], 'modification_abundance': False}",MLP,"{""dropout"":0.25,""hidden_dims"":[128,128]}","{'dropout': 0.25, 'hidden_dims': [128, 128]}",nucleobase,gpu,gpu,0.762,measured
corrm_c67ce893ef412d16,corrective,0cff7b27afbf32fa,immune_modulation_TLR7,TLR7,S,KMersCounts,"{""k"":[1,2,3],""modification_abundance"":false}","{'k': [1, 2, 3], 'modification_abundance': False}",RandomForestModel,"{""max_depth"":20,""n_estimators"":1000}","{'max_depth': 20, 'n_estimators': 1000}",random,cpu,cpu,0.463,measured
corrm_c67ce893ef412d16,corrective,507ba98a860a5141,immune_modulation_TLR7,TLR7,S,KMersCounts,"{""k"":[1,2,3],""modification_abundance"":false}","{'k': [1, 2, 3], 'modification_abundance': False}",RandomForestModel,"{""max_depth"":10,""n_estimators"":100}","{'max_depth': 10, 'n_estimators': 100}",random,cpu,cpu,0.463,measured
corrm_c67ce893ef412d16,corrective,7291b65d54d0d068,immune_modulation_TLR7,TLR7,S,KMersCounts,"{""k"":[1,2,3],""modification_abundance"":false}","{'k': [1, 2, 3], 'modification_abundance': False}",RandomForestModel,"{""max_depth"":20,""n_estimators"":100}","{'max_depth': 20, 'n_estimators': 100}",random,cpu,cpu,0.463,measured
corrm_c67ce893ef412d16,corrective,e317915d9b656c85,immune_modulation_TLR7,TLR7,S,KMersCounts,"{""k"":[1,2,3],""modification_abundance"":false}","{'k': [1, 2, 3], 'modification_abundance': False}",RandomForestModel,"{""max_depth"":30,""n_estimators"":100}","{'max_depth': 30, 'n_estimators': 100}",random,cpu,cpu,0.463,measured
corrm_c67ce893ef412d16,corrective,cc9966dfbbfd5f3c,immune_modulation_TLR7,TLR7,S,KMersCounts,"{""k"":[1,2,3],""modification_abundance"":false}","{'k': [1, 2, 3], 'modification_abundance': False}",RandomForestModel,"{""max_depth"":10,""n_estimators"":500}","{'max_depth': 10, 'n_estimators': 500}",random,cpu,cpu,0.463,measured
corrm_c67ce893ef412d16,corrective,76ce28a23257a702,immune_modulation_TLR7,TLR7,S,KMersCounts,"{""k"":[1,2,3],""modification_abundance"":false}","{'k': [1, 2, 3], 'modification_abundance': False}",RandomForestModel,"{""max_depth"":20,""n_estimators"":500}","{'max_depth': 20, 'n_estimators': 500}",random,cpu,cpu,0.463,measured
corrm_c67ce893ef412d16,corrective,c4d54ebd2ac4fb6a,immune_modulation_TLR7,TLR7,S,KMersCounts,"{""k"":[1,2,3],""modification_abundance"":false}","{'k': [1, 2, 3], 'modification_abundance': False}",RandomForestModel,"{""max_depth"":30,""n_estimators"":500}","{'max_depth': 30, 'n_estimators': 500}",random,cpu,cpu,0.463,measured
corrm_c67ce893ef412d16,corrective,6720ddfcada5a973,immune_modulation_TLR7,TLR7,S,KMersCounts,"{""k"":[1,2,3],""modification_abundance"":false}","{'k': [1, 2, 3], 'modification_abundance': False}",RandomForestModel,"{""max_depth"":10,""n_estimators"":1000}","{'max_depth': 10, 'n_estimators': 1000}",random,cpu,cpu,0.463,measured
corrm_c67ce893ef412d16,corrective,2b1692d414c07662,immune_modulation_TLR7,TLR7,S,KMersCounts,"{""k"":[1,2,3],""modification_abundance"":false}","{'k': [1, 2, 3], 'modification_abundance': False}",RandomForestModel,"{""max_depth"":30,""n_estimators"":1000}","{'max_depth': 30, 'n_estimators': 1000}",random,cpu,cpu,0.463,measured
corrm_c67ce893ef412d16,corrective,20e99dbfd8cfa14a,immune_modulation_TLR7,TLR7,S,KMersCounts,"{""k"":[1,2,3],""modification_abundance"":false}","{'k': [1, 2, 3], 'modification_abundance': False}",XGBoostModel,"{""max_depth"":30,""n_estimators"":500}","{'max_depth': 30, 'n_estimators': 500}",random,cpu,cpu,0.047,measured
corrm_c67ce893ef412d16,corrective,5064d8b6a722db8b,immune_modulation_TLR7,TLR7,S,KMersCounts,"{""k"":[1,2,3],""modification_abundance"":false}","{'k': [1, 2, 3], 'modification_abundance': False}",XGBoostModel,"{""max_depth"":30,""n_estimators"":100}","{'max_depth': 30, 'n_estimators': 100}",random,cpu,cpu,0.047,measured
corrm_c67ce893ef412d16,corrective,8f289edd5d82f490,immune_modulation_TLR7,TLR7,S,KMersCounts,"{""k"":[1,2,3],""modification_abundance"":false}","{'k': [1, 2, 3], 'modification_abundance': False}",XGBoostModel,"{""max_depth"":20,""n_estimators"":100}","{'max_depth': 20, 'n_estimators': 100}",random,cpu,cpu,0.047,measured
corrm_c67ce893ef412d16,corrective,be58f227d4fa19a8,immune_modulation_TLR7,TLR7,S,KMersCounts,"{""k"":[1,2,3],""modification_abundance"":false}","{'k': [1, 2, 3], 'modification_abundance': False}",XGBoostModel,"{""max_depth"":10,""n_estimators"":100}","{'max_depth': 10, 'n_estimators': 100}",random,cpu,cpu,0.047,measured
corrm_c67ce893ef412d16,corrective,2aad213790c54608,immune_modulation_TLR7,TLR7,S,KMersCounts,"{""k"":[1,2,3],""modification_abundance"":false}","{'k': [1, 2, 3], 'modification_abundance': False}",XGBoostModel,"{""max_depth"":30,""n_estimators"":1000}","{'max_depth': 30, 'n_estimators': 1000}",random,cpu,cpu,0.047,measured
corrm_c67ce893ef412d16,corrective,5e8872a24c900c7c,immune_modulation_TLR7,TLR7,S,KMersCounts,"{""k"":[1,2,3],""modification_abundance"":false}","{'k': [1, 2, 3], 'modification_abundance': False}",XGBoostModel,"{""max_depth"":10,""n_estimators"":1000}","{'max_depth': 10, 'n_estimators': 1000}",random,cpu,cpu,0.047,measured
corrm_c67ce893ef412d16,corrective,d20849e89b22efd8,immune_modulation_TLR7,TLR7,S,KMersCounts,"{""k"":[1,2,3],""modification_abundance"":false}","{'k': [1, 2, 3], 'modification_abundance': False}",XGBoostModel,"{""max_depth"":20,""n_estimators"":1000}","{'max_depth': 20, 'n_estimators': 1000}",random,cpu,cpu,0.047,measured
corrm_c67ce893ef412d16,corrective,44a1b9f27105ec3b,immune_modulation_TLR7,TLR7,S,KMersCounts,"{""k"":[1,2,3],""modification_abundance"":false}","{'k': [1, 2, 3], 'modification_abundance': False}",XGBoostModel,"{""max_depth"":20,""n_estimators"":500}","{'max_depth': 20, 'n_estimators': 500}",random,cpu,cpu,0.047,measured
corrm_c67ce893ef412d16,corrective,6b9f209ba0f2e4e4,immune_modulation_TLR7,TLR7,S,KMersCounts,"{""k"":[1,2,3],""modification_abundance"":false}","{'k': [1, 2, 3], 'modification_abundance': False}",XGBoostModel,"{""max_depth"":10,""n_estimators"":500}","{'max_depth': 10, 'n_estimators': 500}",random,cpu,cpu,0.047,measured
corrm_c67ce893ef412d16,corrective,37c57a6b1326f312,immune_modulation_TLR7,TLR7,S,KMersCounts,"{""k"":[1,2,3],""modification_abundance"":false}","{'k': [1, 2, 3], 'modification_abundance': False}",NearestNeighborsModel,"{""n_neighbors"":5}",{'n_neighbors': 5},random,cpu,cpu,0.003,measured
corrm_c67ce893ef412d16,corrective,3729eebe8c1b6598,immune_modulation_TLR7,TLR7,S,KMersCounts,"{""k"":[1,2,3],""modification_abundance"":false}","{'k': [1, 2, 3], 'modification_abundance': False}",NearestNeighborsModel,"{""n_neighbors"":15}",{'n_neighbors': 15},random,cpu,cpu,0.003,measured
corrm_c67ce893ef412d16,corrective,fcc75a2e5662e4d8,immune_modulation_TLR7,TLR7,S,KMersCounts,"{""k"":[1,2,3],""modification_abundance"":false}","{'k': [1, 2, 3], 'modification_abundance': False}",NearestNeighborsModel,"{""n_neighbors"":10}",{'n_neighbors': 10},random,cpu,cpu,0.003,measured
corrm_c67ce893ef412d16,corrective,8b3e4e573d6c2372,immune_modulation_TLR7,TLR7,S,KMersCounts,"{""k"":[1,2,3],""modification_abundance"":false}","{'k': [1, 2, 3], 'modification_abundance': False}",LinearModel,"{""type"":""ridge""}",{'type': 'ridge'},random,cpu,cpu,0.001,measured
corrm_c67ce893ef412d16,corrective,c7920b3fd966edf2,immune_modulation_TLR7,TLR7,S,KMersCounts,"{""k"":[1,2,3],""modification_abundance"":false}","{'k': [1, 2, 3], 'modification_abundance': False}",LinearModel,"{""type"":""standard""}",{'type': 'standard'},random,cpu,cpu,0.001,measured
corrm_31d062a7ad59439b,corrective,5a7754e4a202e19a,immune_modulation_TLR7,TLR7,S,KMersCounts,"{""k"":[1,2,3],""modification_abundance"":false}","{'k': [1, 2, 3], 'modification_abundance': False}",MLP,"{""dropout"":0,""hidden_dims"":[64]}","{'dropout': 0, 'hidden_dims': [64]}",random,gpu,gpu,0.762,measured
corrm_31d062a7ad59439b,corrective,ee7308332a97bcb4,immune_modulation_TLR7,TLR7,S,KMersCounts,"{""k"":[1,2,3],""modification_abundance"":false}","{'k': [1, 2, 3], 'modification_abundance': False}",MLP,"{""dropout"":0.25,""hidden_dims"":[64]}","{'dropout': 0.25, 'hidden_dims': [64]}",random,gpu,gpu,0.762,measured
corrm_31d062a7ad59439b,corrective,c4bcd60391cf71f0,immune_modulation_TLR7,TLR7,S,KMersCounts,"{""k"":[1,2,3],""modification_abundance"":false}","{'k': [1, 2, 3], 'modification_abundance': False}",MLP,"{""dropout"":0,""hidden_dims"":[64,64]}","{'dropout': 0, 'hidden_dims': [64, 64]}",random,gpu,gpu,0.762,measured
corrm_31d062a7ad59439b,corrective,c401478255190f2d,immune_modulation_TLR7,TLR7,S,KMersCounts,"{""k"":[1,2,3],""modification_abundance"":false}","{'k': [1, 2, 3], 'modification_abundance': False}",MLP,"{""dropout"":0.25,""hidden_dims"":[64,64]}","{'dropout': 0.25, 'hidden_dims': [64, 64]}",random,gpu,gpu,0.762,measured
corrm_31d062a7ad59439b,corrective,4d4fc3bded761f58,immune_modulation_TLR7,TLR7,S,KMersCounts,"{""k"":[1,2,3],""modification_abundance"":false}","{'k': [1, 2, 3], 'modification_abundance': False}",MLP,"{""dropout"":0,""hidden_dims"":[128]}","{'dropout': 0, 'hidden_dims': [128]}",random,gpu,gpu,0.762,measured
corrm_31d062a7ad59439b,corrective,d96db48be40858fe,immune_modulation_TLR7,TLR7,S,KMersCounts,"{""k"":[1,2,3],""modification_abundance"":false}","{'k': [1, 2, 3], 'modification_abundance': False}",MLP,"{""dropout"":0.25,""hidden_dims"":[128]}","{'dropout': 0.25, 'hidden_dims': [128]}",random,gpu,gpu,0.762,measured
corrm_31d062a7ad59439b,corrective,99218e46dee2ab82,immune_modulation_TLR7,TLR7,S,KMersCounts,"{""k"":[1,2,3],""modification_abundance"":false}","{'k': [1, 2, 3], 'modification_abundance': False}",MLP,"{""dropout"":0,""hidden_dims"":[128,128]}","{'dropout': 0, 'hidden_dims': [128, 128]}",random,gpu,gpu,0.762,measured
corrm_31d062a7ad59439b,corrective,55cb03d9f0862d53,immune_modulation_TLR7,TLR7,S,KMersCounts,"{""k"":[1,2,3],""modification_abundance"":false}","{'k': [1, 2, 3], 'modification_abundance': False}",MLP,"{""dropout"":0.25,""hidden_dims"":[128,128]}","{'dropout': 0.25, 'hidden_dims': [128, 128]}",random,gpu,gpu,0.762,measured
corrm_c67ce893ef412d16,corrective,2e4af3e32c64b27b,immune_modulation_TLR7,TLR7,S,KMersCounts,"{""k"":[1,2,3],""modification_abundance"":true}","{'k': [1, 2, 3], 'modification_abundance': True}",RandomForestModel,"{""max_depth"":20,""n_estimators"":1000}","{'max_depth': 20, 'n_estimators': 1000}",nucleobase,cpu,cpu,0.463,measured
corrm_c67ce893ef412d16,corrective,d5639b6783a6e1ba,immune_modulation_TLR7,TLR7,S,KMersCounts,"{""k"":[1,2,3],""modification_abundance"":true}","{'k': [1, 2, 3], 'modification_abundance': True}",RandomForestModel,"{""max_depth"":10,""n_estimators"":100}","{'max_depth': 10, 'n_estimators': 100}",nucleobase,cpu,cpu,0.463,measured
corrm_c67ce893ef412d16,corrective,cef24de179282df0,immune_modulation_TLR7,TLR7,S,KMersCounts,"{""k"":[1,2,3],""modification_abundance"":true}","{'k': [1, 2, 3], 'modification_abundance': True}",RandomForestModel,"{""max_depth"":20,""n_estimators"":100}","{'max_depth': 20, 'n_estimators': 100}",nucleobase,cpu,cpu,0.463,measured
corrm_c67ce893ef412d16,corrective,b3b9ba4b79edfdba,immune_modulation_TLR7,TLR7,S,KMersCounts,"{""k"":[1,2,3],""modification_abundance"":true}","{'k': [1, 2, 3], 'modification_abundance': True}",RandomForestModel,"{""max_depth"":30,""n_estimators"":100}","{'max_depth': 30, 'n_estimators': 100}",nucleobase,cpu,cpu,0.463,measured
corrm_c67ce893ef412d16,corrective,27ea5816f1f0a597,immune_modulation_TLR7,TLR7,S,KMersCounts,"{""k"":[1,2,3],""modification_abundance"":true}","{'k': [1, 2, 3], 'modification_abundance': True}",RandomForestModel,"{""max_depth"":10,""n_estimators"":500}","{'max_depth': 10, 'n_estimators': 500}",nucleobase,cpu,cpu,0.463,measured
corrm_c67ce893ef412d16,corrective,784f1ff78837236e,immune_modulation_TLR7,TLR7,S,KMersCounts,"{""k"":[1,2,3],""modification_abundance"":true}","{'k': [1, 2, 3], 'modification_abundance': True}",RandomForestModel,"{""max_depth"":20,""n_estimators"":500}","{'max_depth': 20, 'n_estimators': 500}",nucleobase,cpu,cpu,0.463,measured
corrm_c67ce893ef412d16,corrective,f00bda97348cdf8b,immune_modulation_TLR7,TLR7,S,KMersCounts,"{""k"":[1,2,3],""modification_abundance"":true}","{'k': [1, 2, 3], 'modification_abundance': True}",RandomForestModel,"{""max_depth"":30,""n_estimators"":500}","{'max_depth': 30, 'n_estimators': 500}",nucleobase,cpu,cpu,0.463,measured
corrm_c67ce893ef412d16,corrective,14efccf2b04621a7,immune_modulation_TLR7,TLR7,S,KMersCounts,"{""k"":[1,2,3],""modification_abundance"":true}","{'k': [1, 2, 3], 'modification_abundance': True}",RandomForestModel,"{""max_depth"":10,""n_estimators"":1000}","{'max_depth': 10, 'n_estimators': 1000}",nucleobase,cpu,cpu,0.463,measured
corrm_c67ce893ef412d16,corrective,5a67de10466f9af7,immune_modulation_TLR7,TLR7,S,KMersCounts,"{""k"":[1,2,3],""modification_abundance"":true}","{'k': [1, 2, 3], 'modification_abundance': True}",RandomForestModel,"{""max_depth"":30,""n_estimators"":1000}","{'max_depth': 30, 'n_estimators': 1000}",nucleobase,cpu,cpu,0.463,measured
corrm_c67ce893ef412d16,corrective,9afb1a891a43e399,immune_modulation_TLR7,TLR7,S,KMersCounts,"{""k"":[1,2,3],""modification_abundance"":true}","{'k': [1, 2, 3], 'modification_abundance': True}",XGBoostModel,"{""max_depth"":30,""n_estimators"":500}","{'max_depth': 30, 'n_estimators': 500}",nucleobase,cpu,cpu,0.047,measured
corrm_c67ce893ef412d16,corrective,9ba5020028c9f3d0,immune_modulation_TLR7,TLR7,S,KMersCounts,"{""k"":[1,2,3],""modification_abundance"":true}","{'k': [1, 2, 3], 'modification_abundance': True}",XGBoostModel,"{""max_depth"":30,""n_estimators"":100}","{'max_depth': 30, 'n_estimators': 100}",nucleobase,cpu,cpu,0.047,measured
corrm_c67ce893ef412d16,corrective,b4060044276e996d,immune_modulation_TLR7,TLR7,S,KMersCounts,"{""k"":[1,2,3],""modification_abundance"":true}","{'k': [1, 2, 3], 'modification_abundance': True}",XGBoostModel,"{""max_depth"":20,""n_estimators"":100}","{'max_depth': 20, 'n_estimators': 100}",nucleobase,cpu,cpu,0.047,measured
corrm_c67ce893ef412d16,corrective,cc12b1c7939975e2,immune_modulation_TLR7,TLR7,S,KMersCounts,"{""k"":[1,2,3],""modification_abundance"":true}","{'k': [1, 2, 3], 'modification_abundance': True}",XGBoostModel,"{""max_depth"":10,""n_estimators"":100}","{'max_depth': 10, 'n_estimators': 100}",nucleobase,cpu,cpu,0.047,measured
corrm_c67ce893ef412d16,corrective,3ab86acd1392846d,immune_modulation_TLR7,TLR7,S,KMersCounts,"{""k"":[1,2,3],""modification_abundance"":true}","{'k': [1, 2, 3], 'modification_abundance': True}",XGBoostModel,"{""max_depth"":30,""n_estimators"":1000}","{'max_depth': 30, 'n_estimators': 1000}",nucleobase,cpu,cpu,0.047,measured
corrm_c67ce893ef412d16,corrective,b296e635d63c3d24,immune_modulation_TLR7,TLR7,S,KMersCounts,"{""k"":[1,2,3],""modification_abundance"":true}","{'k': [1, 2, 3], 'modification_abundance': True}",XGBoostModel,"{""max_depth"":10,""n_estimators"":1000}","{'max_depth': 10, 'n_estimators': 1000}",nucleobase,cpu,cpu,0.047,measured
corrm_c67ce893ef412d16,corrective,09d51f5f7abdcd69,immune_modulation_TLR7,TLR7,S,KMersCounts,"{""k"":[1,2,3],""modification_abundance"":true}","{'k': [1, 2, 3], 'modification_abundance': True}",XGBoostModel,"{""max_depth"":20,""n_estimators"":1000}","{'max_depth': 20, 'n_estimators': 1000}",nucleobase,cpu,cpu,0.047,measured
corrm_c67ce893ef412d16,corrective,8e5ce999a8e18a24,immune_modulation_TLR7,TLR7,S,KMersCounts,"{""k"":[1,2,3],""modification_abundance"":true}","{'k': [1, 2, 3], 'modification_abundance': True}",XGBoostModel,"{""max_depth"":20,""n_estimators"":500}","{'max_depth': 20, 'n_estimators': 500}",nucleobase,cpu,cpu,0.047,measured
corrm_c67ce893ef412d16,corrective,c31de98095fee84b,immune_modulation_TLR7,TLR7,S,KMersCounts,"{""k"":[1,2,3],""modification_abundance"":true}","{'k': [1, 2, 3], 'modification_abundance': True}",XGBoostModel,"{""max_depth"":10,""n_estimators"":500}","{'max_depth': 10, 'n_estimators': 500}",nucleobase,cpu,cpu,0.047,measured
corrm_c67ce893ef412d16,corrective,06fdf2eb12af2402,immune_modulation_TLR7,TLR7,S,KMersCounts,"{""k"":[1,2,3],""modification_abundance"":true}","{'k': [1, 2, 3], 'modification_abundance': True}",NearestNeighborsModel,"{""n_neighbors"":5}",{'n_neighbors': 5},nucleobase,cpu,cpu,0.003,measured
corrm_c67ce893ef412d16,corrective,c3d4b9cd0cd56c18,immune_modulation_TLR7,TLR7,S,KMersCounts,"{""k"":[1,2,3],""modification_abundance"":true}","{'k': [1, 2, 3], 'modification_abundance': True}",NearestNeighborsModel,"{""n_neighbors"":15}",{'n_neighbors': 15},nucleobase,cpu,cpu,0.003,measured
corrm_c67ce893ef412d16,corrective,f892a03030bf2fc0,immune_modulation_TLR7,TLR7,S,KMersCounts,"{""k"":[1,2,3],""modification_abundance"":true}","{'k': [1, 2, 3], 'modification_abundance': True}",NearestNeighborsModel,"{""n_neighbors"":10}",{'n_neighbors': 10},nucleobase,cpu,cpu,0.003,measured
corrm_c67ce893ef412d16,corrective,ba97af1bdaafe72d,immune_modulation_TLR7,TLR7,S,KMersCounts,"{""k"":[1,2,3],""modification_abundance"":true}","{'k': [1, 2, 3], 'modification_abundance': True}",LinearModel,"{""type"":""ridge""}",{'type': 'ridge'},nucleobase,cpu,cpu,0.001,measured
corrm_c67ce893ef412d16,corrective,7597a85e537e440c,immune_modulation_TLR7,TLR7,S,KMersCounts,"{""k"":[1,2,3],""modification_abundance"":true}","{'k': [1, 2, 3], 'modification_abundance': True}",LinearModel,"{""type"":""standard""}",{'type': 'standard'},nucleobase,cpu,cpu,0.001,measured
corrm_31d062a7ad59439b,corrective,971ff7cb90f6098c,immune_modulation_TLR7,TLR7,S,KMersCounts,"{""k"":[1,2,3],""modification_abundance"":true}","{'k': [1, 2, 3], 'modification_abundance': True}",MLP,"{""dropout"":0,""hidden_dims"":[64]}","{'dropout': 0, 'hidden_dims': [64]}",nucleobase,gpu,gpu,0.762,measured
corrm_31d062a7ad59439b,corrective,39c72a11ffad64b2,immune_modulation_TLR7,TLR7,S,KMersCounts,"{""k"":[1,2,3],""modification_abundance"":true}","{'k': [1, 2, 3], 'modification_abundance': True}",MLP,"{""dropout"":0.25,""hidden_dims"":[64]}","{'dropout': 0.25, 'hidden_dims': [64]}",nucleobase,gpu,gpu,0.762,measured
corrm_31d062a7ad59439b,corrective,6ff941d906eef77f,immune_modulation_TLR7,TLR7,S,KMersCounts,"{""k"":[1,2,3],""modification_abundance"":true}","{'k': [1, 2, 3], 'modification_abundance': True}",MLP,"{""dropout"":0,""hidden_dims"":[64,64]}","{'dropout': 0, 'hidden_dims': [64, 64]}",nucleobase,gpu,gpu,0.762,measured
corrm_31d062a7ad59439b,corrective,f720651d085c07b2,immune_modulation_TLR7,TLR7,S,KMersCounts,"{""k"":[1,2,3],""modification_abundance"":true}","{'k': [1, 2, 3], 'modification_abundance': True}",MLP,"{""dropout"":0.25,""hidden_dims"":[64,64]}","{'dropout': 0.25, 'hidden_dims': [64, 64]}",nucleobase,gpu,gpu,0.762,measured
corrm_31d062a7ad59439b,corrective,26ae113a9856850c,immune_modulation_TLR7,TLR7,S,KMersCounts,"{""k"":[1,2,3],""modification_abundance"":true}","{'k': [1, 2, 3], 'modification_abundance': True}",MLP,"{""dropout"":0,""hidden_dims"":[128]}","{'dropout': 0, 'hidden_dims': [128]}",nucleobase,gpu,gpu,0.762,measured
corrm_31d062a7ad59439b,corrective,af0cabd32a1f39a0,immune_modulation_TLR7,TLR7,S,KMersCounts,"{""k"":[1,2,3],""modification_abundance"":true}","{'k': [1, 2, 3], 'modification_abundance': True}",MLP,"{""dropout"":0.25,""hidden_dims"":[128]}","{'dropout': 0.25, 'hidden_dims': [128]}",nucleobase,gpu,gpu,0.762,measured
corrm_31d062a7ad59439b,corrective,25aa6c616649d60b,immune_modulation_TLR7,TLR7,S,KMersCounts,"{""k"":[1,2,3],""modification_abundance"":true}","{'k': [1, 2, 3], 'modification_abundance': True}",MLP,"{""dropout"":0,""hidden_dims"":[128,128]}","{'dropout': 0, 'hidden_dims': [128, 128]}",nucleobase,gpu,gpu,0.762,measured
corrm_31d062a7ad59439b,corrective,b28396536fb808ff,immune_modulation_TLR7,TLR7,S,KMersCounts,"{""k"":[1,2,3],""modification_abundance"":true}","{'k': [1, 2, 3], 'modification_abundance': True}",MLP,"{""dropout"":0.25,""hidden_dims"":[128,128]}","{'dropout': 0.25, 'hidden_dims': [128, 128]}",nucleobase,gpu,gpu,0.762,measured
corrm_c67ce893ef412d16,corrective,6608ca63e2d3836a,immune_modulation_TLR7,TLR7,S,KMersCounts,"{""k"":[1,2,3],""modification_abundance"":true}","{'k': [1, 2, 3], 'modification_abundance': True}",RandomForestModel,"{""max_depth"":20,""n_estimators"":1000}","{'max_depth': 20, 'n_estimators': 1000}",random,cpu,cpu,0.463,measured
corrm_c67ce893ef412d16,corrective,bc93ecee3903ae20,immune_modulation_TLR7,TLR7,S,KMersCounts,"{""k"":[1,2,3],""modification_abundance"":true}","{'k': [1, 2, 3], 'modification_abundance': True}",RandomForestModel,"{""max_depth"":10,""n_estimators"":100}","{'max_depth': 10, 'n_estimators': 100}",random,cpu,cpu,0.463,measured
corrm_c67ce893ef412d16,corrective,1f613d553dfed608,immune_modulation_TLR7,TLR7,S,KMersCounts,"{""k"":[1,2,3],""modification_abundance"":true}","{'k': [1, 2, 3], 'modification_abundance': True}",RandomForestModel,"{""max_depth"":20,""n_estimators"":100}","{'max_depth': 20, 'n_estimators': 100}",random,cpu,cpu,0.463,measured
corrm_c67ce893ef412d16,corrective,466caafd65457daf,immune_modulation_TLR7,TLR7,S,KMersCounts,"{""k"":[1,2,3],""modification_abundance"":true}","{'k': [1, 2, 3], 'modification_abundance': True}",RandomForestModel,"{""max_depth"":30,""n_estimators"":100}","{'max_depth': 30, 'n_estimators': 100}",random,cpu,cpu,0.463,measured
corrm_c67ce893ef412d16,corrective,dd2ac367fff05db7,immune_modulation_TLR7,TLR7,S,KMersCounts,"{""k"":[1,2,3],""modification_abundance"":true}","{'k': [1, 2, 3], 'modification_abundance': True}",RandomForestModel,"{""max_depth"":10,""n_estimators"":500}","{'max_depth': 10, 'n_estimators': 500}",random,cpu,cpu,0.463,measured
corrm_c67ce893ef412d16,corrective,1768587b8ba8e1f7,immune_modulation_TLR7,TLR7,S,KMersCounts,"{""k"":[1,2,3],""modification_abundance"":true}","{'k': [1, 2, 3], 'modification_abundance': True}",RandomForestModel,"{""max_depth"":20,""n_estimators"":500}","{'max_depth': 20, 'n_estimators': 500}",random,cpu,cpu,0.463,measured
corrm_c67ce893ef412d16,corrective,2cf11efb0c53bb4c,immune_modulation_TLR7,TLR7,S,KMersCounts,"{""k"":[1,2,3],""modification_abundance"":true}","{'k': [1, 2, 3], 'modification_abundance': True}",RandomForestModel,"{""max_depth"":30,""n_estimators"":500}","{'max_depth': 30, 'n_estimators': 500}",random,cpu,cpu,0.463,measured
corrm_c67ce893ef412d16,corrective,b96bf97971a9ad67,immune_modulation_TLR7,TLR7,S,KMersCounts,"{""k"":[1,2,3],""modification_abundance"":true}","{'k': [1, 2, 3], 'modification_abundance': True}",RandomForestModel,"{""max_depth"":10,""n_estimators"":1000}","{'max_depth': 10, 'n_estimators': 1000}",random,cpu,cpu,0.463,measured
corrm_c67ce893ef412d16,corrective,7a6734400a3cc127,immune_modulation_TLR7,TLR7,S,KMersCounts,"{""k"":[1,2,3],""modification_abundance"":true}","{'k': [1, 2, 3], 'modification_abundance': True}",RandomForestModel,"{""max_depth"":30,""n_estimators"":1000}","{'max_depth': 30, 'n_estimators': 1000}",random,cpu,cpu,0.463,measured
corrm_c67ce893ef412d16,corrective,220f709c5f0d7880,immune_modulation_TLR7,TLR7,S,KMersCounts,"{""k"":[1,2,3],""modification_abundance"":true}","{'k': [1, 2, 3], 'modification_abundance': True}",XGBoostModel,"{""max_depth"":30,""n_estimators"":500}","{'max_depth': 30, 'n_estimators': 500}",random,cpu,cpu,0.047,measured
corrm_c67ce893ef412d16,corrective,10f4a5415442e328,immune_modulation_TLR7,TLR7,S,KMersCounts,"{""k"":[1,2,3],""modification_abundance"":true}","{'k': [1, 2, 3], 'modification_abundance': True}",XGBoostModel,"{""max_depth"":30,""n_estimators"":100}","{'max_depth': 30, 'n_estimators': 100}",random,cpu,cpu,0.047,measured
corrm_c67ce893ef412d16,corrective,28c448ed633e7ea7,immune_modulation_TLR7,TLR7,S,KMersCounts,"{""k"":[1,2,3],""modification_abundance"":true}","{'k': [1, 2, 3], 'modification_abundance': True}",XGBoostModel,"{""max_depth"":20,""n_estimators"":100}","{'max_depth': 20, 'n_estimators': 100}",random,cpu,cpu,0.047,measured
corrm_c67ce893ef412d16,corrective,474bfd4317385380,immune_modulation_TLR7,TLR7,S,KMersCounts,"{""k"":[1,2,3],""modification_abundance"":true}","{'k': [1, 2, 3], 'modification_abundance': True}",XGBoostModel,"{""max_depth"":10,""n_estimators"":100}","{'max_depth': 10, 'n_estimators': 100}",random,cpu,cpu,0.047,measured
corrm_c67ce893ef412d16,corrective,9667df44d2b088dd,immune_modulation_TLR7,TLR7,S,KMersCounts,"{""k"":[1,2,3],""modification_abundance"":true}","{'k': [1, 2, 3], 'modification_abundance': True}",XGBoostModel,"{""max_depth"":30,""n_estimators"":1000}","{'max_depth': 30, 'n_estimators': 1000}",random,cpu,cpu,0.047,measured
corrm_c67ce893ef412d16,corrective,e0e67f4fbc38e53d,immune_modulation_TLR7,TLR7,S,KMersCounts,"{""k"":[1,2,3],""modification_abundance"":true}","{'k': [1, 2, 3], 'modification_abundance': True}",XGBoostModel,"{""max_depth"":10,""n_estimators"":1000}","{'max_depth': 10, 'n_estimators': 1000}",random,cpu,cpu,0.047,measured
corrm_c67ce893ef412d16,corrective,366a84b5bc207f11,immune_modulation_TLR7,TLR7,S,KMersCounts,"{""k"":[1,2,3],""modification_abundance"":true}","{'k': [1, 2, 3], 'modification_abundance': True}",XGBoostModel,"{""max_depth"":20,""n_estimators"":1000}","{'max_depth': 20, 'n_estimators': 1000}",random,cpu,cpu,0.047,measured
corrm_c67ce893ef412d16,corrective,c9d58a8945cfaa5b,immune_modulation_TLR7,TLR7,S,KMersCounts,"{""k"":[1,2,3],""modification_abundance"":true}","{'k': [1, 2, 3], 'modification_abundance': True}",XGBoostModel,"{""max_depth"":20,""n_estimators"":500}","{'max_depth': 20, 'n_estimators': 500}",random,cpu,cpu,0.047,measured
corrm_c67ce893ef412d16,corrective,3e0b223522fe4878,immune_modulation_TLR7,TLR7,S,KMersCounts,"{""k"":[1,2,3],""modification_abundance"":true}","{'k': [1, 2, 3], 'modification_abundance': True}",XGBoostModel,"{""max_depth"":10,""n_estimators"":500}","{'max_depth': 10, 'n_estimators': 500}",random,cpu,cpu,0.047,measured
corrm_c67ce893ef412d16,corrective,eb6372d76ac6ddb4,immune_modulation_TLR7,TLR7,S,KMersCounts,"{""k"":[1,2,3],""modification_abundance"":true}","{'k': [1, 2, 3], 'modification_abundance': True}",NearestNeighborsModel,"{""n_neighbors"":5}",{'n_neighbors': 5},random,cpu,cpu,0.003,measured
corrm_c67ce893ef412d16,corrective,6608a32007953cac,immune_modulation_TLR7,TLR7,S,KMersCounts,"{""k"":[1,2,3],""modification_abundance"":true}","{'k': [1, 2, 3], 'modification_abundance': True}",NearestNeighborsModel,"{""n_neighbors"":15}",{'n_neighbors': 15},random,cpu,cpu,0.003,measured
corrm_c67ce893ef412d16,corrective,e9690e84048a2933,immune_modulation_TLR7,TLR7,S,KMersCounts,"{""k"":[1,2,3],""modification_abundance"":true}","{'k': [1, 2, 3], 'modification_abundance': True}",NearestNeighborsModel,"{""n_neighbors"":10}",{'n_neighbors': 10},random,cpu,cpu,0.003,measured
corrm_c67ce893ef412d16,corrective,bc9f389f8f7007ea,immune_modulation_TLR7,TLR7,S,KMersCounts,"{""k"":[1,2,3],""modification_abundance"":true}","{'k': [1, 2, 3], 'modification_abundance': True}",LinearModel,"{""type"":""ridge""}",{'type': 'ridge'},random,cpu,cpu,0.001,measured
corrm_c67ce893ef412d16,corrective,b456b4f436944114,immune_modulation_TLR7,TLR7,S,KMersCounts,"{""k"":[1,2,3],""modification_abundance"":true}","{'k': [1, 2, 3], 'modification_abundance': True}",LinearModel,"{""type"":""standard""}",{'type': 'standard'},random,cpu,cpu,0.001,measured
corrm_31d062a7ad59439b,corrective,8c74122406e6a42c,immune_modulation_TLR7,TLR7,S,KMersCounts,"{""k"":[1,2,3],""modification_abundance"":true}","{'k': [1, 2, 3], 'modification_abundance': True}",MLP,"{""dropout"":0,""hidden_dims"":[64]}","{'dropout': 0, 'hidden_dims': [64]}",random,gpu,gpu,0.762,measured
corrm_31d062a7ad59439b,corrective,119215392ac43b3c,immune_modulation_TLR7,TLR7,S,KMersCounts,"{""k"":[1,2,3],""modification_abundance"":true}","{'k': [1, 2, 3], 'modification_abundance': True}",MLP,"{""dropout"":0.25,""hidden_dims"":[64]}","{'dropout': 0.25, 'hidden_dims': [64]}",random,gpu,gpu,0.762,measured
corrm_31d062a7ad59439b,corrective,19d244ee277229be,immune_modulation_TLR7,TLR7,S,KMersCounts,"{""k"":[1,2,3],""modification_abundance"":true}","{'k': [1, 2, 3], 'modification_abundance': True}",MLP,"{""dropout"":0,""hidden_dims"":[64,64]}","{'dropout': 0, 'hidden_dims': [64, 64]}",random,gpu,gpu,0.762,measured
corrm_31d062a7ad59439b,corrective,adc98a461a117ba4,immune_modulation_TLR7,TLR7,S,KMersCounts,"{""k"":[1,2,3],""modification_abundance"":true}","{'k': [1, 2, 3], 'modification_abundance': True}",MLP,"{""dropout"":0.25,""hidden_dims"":[64,64]}","{'dropout': 0.25, 'hidden_dims': [64, 64]}",random,gpu,gpu,0.762,measured
corrm_31d062a7ad59439b,corrective,f3a2380568325fa8,immune_modulation_TLR7,TLR7,S,KMersCounts,"{""k"":[1,2,3],""modification_abundance"":true}","{'k': [1, 2, 3], 'modification_abundance': True}",MLP,"{""dropout"":0,""hidden_dims"":[128]}","{'dropout': 0, 'hidden_dims': [128]}",random,gpu,gpu,0.762,measured
corrm_31d062a7ad59439b,corrective,5ea43f23fa2bae57,immune_modulation_TLR7,TLR7,S,KMersCounts,"{""k"":[1,2,3],""modification_abundance"":true}","{'k': [1, 2, 3], 'modification_abundance': True}",MLP,"{""dropout"":0.25,""hidden_dims"":[128]}","{'dropout': 0.25, 'hidden_dims': [128]}",random,gpu,gpu,0.762,measured
corrm_31d062a7ad59439b,corrective,129099ba08c244f7,immune_modulation_TLR7,TLR7,S,KMersCounts,"{""k"":[1,2,3],""modification_abundance"":true}","{'k': [1, 2, 3], 'modification_abundance': True}",MLP,"{""dropout"":0,""hidden_dims"":[128,128]}","{'dropout': 0, 'hidden_dims': [128, 128]}",random,gpu,gpu,0.762,measured
corrm_31d062a7ad59439b,corrective,25484ede191c76fa,immune_modulation_TLR7,TLR7,S,KMersCounts,"{""k"":[1,2,3],""modification_abundance"":true}","{'k': [1, 2, 3], 'modification_abundance': True}",MLP,"{""dropout"":0.25,""hidden_dims"":[128,128]}","{'dropout': 0.25, 'hidden_dims': [128, 128]}",random,gpu,gpu,0.762,measured
corrm_c67ce893ef412d16,corrective,be52155480b7a036,immune_modulation_TLR7,TLR7,S,KMersCounts,"{""k"":[1,2],""modification_abundance"":false}","{'k': [1, 2], 'modification_abundance': False}",RandomForestModel,"{""max_depth"":20,""n_estimators"":1000}","{'max_depth': 20, 'n_estimators': 1000}",nucleobase,cpu,cpu,0.463,measured
corrm_c67ce893ef412d16,corrective,0e38680e32e244eb,immune_modulation_TLR7,TLR7,S,KMersCounts,"{""k"":[1,2],""modification_abundance"":false}","{'k': [1, 2], 'modification_abundance': False}",RandomForestModel,"{""max_depth"":10,""n_estimators"":100}","{'max_depth': 10, 'n_estimators': 100}",nucleobase,cpu,cpu,0.463,measured
corrm_c67ce893ef412d16,corrective,815c40a1f748328d,immune_modulation_TLR7,TLR7,S,KMersCounts,"{""k"":[1,2],""modification_abundance"":false}","{'k': [1, 2], 'modification_abundance': False}",RandomForestModel,"{""max_depth"":20,""n_estimators"":100}","{'max_depth': 20, 'n_estimators': 100}",nucleobase,cpu,cpu,0.463,measured
corrm_c67ce893ef412d16,corrective,530100939ce45e71,immune_modulation_TLR7,TLR7,S,KMersCounts,"{""k"":[1,2],""modification_abundance"":false}","{'k': [1, 2], 'modification_abundance': False}",RandomForestModel,"{""max_depth"":30,""n_estimators"":100}","{'max_depth': 30, 'n_estimators': 100}",nucleobase,cpu,cpu,0.463,measured
corrm_c67ce893ef412d16,corrective,e5fee8c7b0e6cfbe,immune_modulation_TLR7,TLR7,S,KMersCounts,"{""k"":[1,2],""modification_abundance"":false}","{'k': [1, 2], 'modification_abundance': False}",RandomForestModel,"{""max_depth"":10,""n_estimators"":500}","{'max_depth': 10, 'n_estimators': 500}",nucleobase,cpu,cpu,0.463,measured
corrm_c67ce893ef412d16,corrective,d63781610db70192,immune_modulation_TLR7,TLR7,S,KMersCounts,"{""k"":[1,2],""modification_abundance"":false}","{'k': [1, 2], 'modification_abundance': False}",RandomForestModel,"{""max_depth"":20,""n_estimators"":500}","{'max_depth': 20, 'n_estimators': 500}",nucleobase,cpu,cpu,0.463,measured
corrm_c67ce893ef412d16,corrective,bfcfa13e49bfdf07,immune_modulation_TLR7,TLR7,S,KMersCounts,"{""k"":[1,2],""modification_abundance"":false}","{'k': [1, 2], 'modification_abundance': False}",RandomForestModel,"{""max_depth"":30,""n_estimators"":500}","{'max_depth': 30, 'n_estimators': 500}",nucleobase,cpu,cpu,0.463,measured
corrm_c67ce893ef412d16,corrective,6fb7b64c8fdb39aa,immune_modulation_TLR7,TLR7,S,KMersCounts,"{""k"":[1,2],""modification_abundance"":false}","{'k': [1, 2], 'modification_abundance': False}",RandomForestModel,"{""max_depth"":10,""n_estimators"":1000}","{'max_depth': 10, 'n_estimators': 1000}",nucleobase,cpu,cpu,0.463,measured
corrm_c67ce893ef412d16,corrective,70e67158563bdef8,immune_modulation_TLR7,TLR7,S,KMersCounts,"{""k"":[1,2],""modification_abundance"":false}","{'k': [1, 2], 'modification_abundance': False}",RandomForestModel,"{""max_depth"":30,""n_estimators"":1000}","{'max_depth': 30, 'n_estimators': 1000}",nucleobase,cpu,cpu,0.463,measured
corrm_c67ce893ef412d16,corrective,abd00b5dc0e023ac,immune_modulation_TLR7,TLR7,S,KMersCounts,"{""k"":[1,2],""modification_abundance"":false}","{'k': [1, 2], 'modification_abundance': False}",XGBoostModel,"{""max_depth"":30,""n_estimators"":500}","{'max_depth': 30, 'n_estimators': 500}",nucleobase,cpu,cpu,0.047,measured
corrm_c67ce893ef412d16,corrective,1d6cc26245b3930e,immune_modulation_TLR7,TLR7,S,KMersCounts,"{""k"":[1,2],""modification_abundance"":false}","{'k': [1, 2], 'modification_abundance': False}",XGBoostModel,"{""max_depth"":30,""n_estimators"":100}","{'max_depth': 30, 'n_estimators': 100}",nucleobase,cpu,cpu,0.047,measured
corrm_c67ce893ef412d16,corrective,7c4ae7382ba65b41,immune_modulation_TLR7,TLR7,S,KMersCounts,"{""k"":[1,2],""modification_abundance"":false}","{'k': [1, 2], 'modification_abundance': False}",XGBoostModel,"{""max_depth"":20,""n_estimators"":100}","{'max_depth': 20, 'n_estimators': 100}",nucleobase,cpu,cpu,0.047,measured
corrm_c67ce893ef412d16,corrective,d4da7ddfc8f6a74c,immune_modulation_TLR7,TLR7,S,KMersCounts,"{""k"":[1,2],""modification_abundance"":false}","{'k': [1, 2], 'modification_abundance': False}",XGBoostModel,"{""max_depth"":10,""n_estimators"":100}","{'max_depth': 10, 'n_estimators': 100}",nucleobase,cpu,cpu,0.047,measured
corrm_c67ce893ef412d16,corrective,e7bd0ef258256fae,immune_modulation_TLR7,TLR7,S,KMersCounts,"{""k"":[1,2],""modification_abundance"":false}","{'k': [1, 2], 'modification_abundance': False}",XGBoostModel,"{""max_depth"":30,""n_estimators"":1000}","{'max_depth': 30, 'n_estimators': 1000}",nucleobase,cpu,cpu,0.047,measured
corrm_c67ce893ef412d16,corrective,c9ecdb9cb60beeab,immune_modulation_TLR7,TLR7,S,KMersCounts,"{""k"":[1,2],""modification_abundance"":false}","{'k': [1, 2], 'modification_abundance': False}",XGBoostModel,"{""max_depth"":10,""n_estimators"":1000}","{'max_depth': 10, 'n_estimators': 1000}",nucleobase,cpu,cpu,0.047,measured
corrm_c67ce893ef412d16,corrective,02a0c2f4853b3919,immune_modulation_TLR7,TLR7,S,KMersCounts,"{""k"":[1,2],""modification_abundance"":false}","{'k': [1, 2], 'modification_abundance': False}",XGBoostModel,"{""max_depth"":20,""n_estimators"":1000}","{'max_depth': 20, 'n_estimators': 1000}",nucleobase,cpu,cpu,0.047,measured
corrm_c67ce893ef412d16,corrective,20185a3e83108c8c,immune_modulation_TLR7,TLR7,S,KMersCounts,"{""k"":[1,2],""modification_abundance"":false}","{'k': [1, 2], 'modification_abundance': False}",XGBoostModel,"{""max_depth"":20,""n_estimators"":500}","{'max_depth': 20, 'n_estimators': 500}",nucleobase,cpu,cpu,0.047,measured
corrm_c67ce893ef412d16,corrective,6fdb40ebbeb2b8c4,immune_modulation_TLR7,TLR7,S,KMersCounts,"{""k"":[1,2],""modification_abundance"":false}","{'k': [1, 2], 'modification_abundance': False}",XGBoostModel,"{""max_depth"":10,""n_estimators"":500}","{'max_depth': 10, 'n_estimators': 500}",nucleobase,cpu,cpu,0.047,measured
corrm_c67ce893ef412d16,corrective,42bbd12b3d293f0a,immune_modulation_TLR7,TLR7,S,KMersCounts,"{""k"":[1,2],""modification_abundance"":false}","{'k': [1, 2], 'modification_abundance': False}",NearestNeighborsModel,"{""n_neighbors"":5}",{'n_neighbors': 5},nucleobase,cpu,cpu,0.003,measured
corrm_c67ce893ef412d16,corrective,cc772f355c1dd51f,immune_modulation_TLR7,TLR7,S,KMersCounts,"{""k"":[1,2],""modification_abundance"":false}","{'k': [1, 2], 'modification_abundance': False}",NearestNeighborsModel,"{""n_neighbors"":15}",{'n_neighbors': 15},nucleobase,cpu,cpu,0.003,measured
corrm_c67ce893ef412d16,corrective,891daf202db35e9e,immune_modulation_TLR7,TLR7,S,KMersCounts,"{""k"":[1,2],""modification_abundance"":false}","{'k': [1, 2], 'modification_abundance': False}",NearestNeighborsModel,"{""n_neighbors"":10}",{'n_neighbors': 10},nucleobase,cpu,cpu,0.003,measured
corrm_c67ce893ef412d16,corrective,4bd57a4977648be0,immune_modulation_TLR7,TLR7,S,KMersCounts,"{""k"":[1,2],""modification_abundance"":false}","{'k': [1, 2], 'modification_abundance': False}",LinearModel,"{""type"":""ridge""}",{'type': 'ridge'},nucleobase,cpu,cpu,0.001,measured
corrm_c67ce893ef412d16,corrective,9fadb08cffcb1efb,immune_modulation_TLR7,TLR7,S,KMersCounts,"{""k"":[1,2],""modification_abundance"":false}","{'k': [1, 2], 'modification_abundance': False}",LinearModel,"{""type"":""standard""}",{'type': 'standard'},nucleobase,cpu,cpu,0.001,measured
corrm_31d062a7ad59439b,corrective,64729490b9cc6db1,immune_modulation_TLR7,TLR7,S,KMersCounts,"{""k"":[1,2],""modification_abundance"":false}","{'k': [1, 2], 'modification_abundance': False}",MLP,"{""dropout"":0,""hidden_dims"":[64]}","{'dropout': 0, 'hidden_dims': [64]}",nucleobase,gpu,gpu,0.762,measured
corrm_31d062a7ad59439b,corrective,bc9178d4f82f1a20,immune_modulation_TLR7,TLR7,S,KMersCounts,"{""k"":[1,2],""modification_abundance"":false}","{'k': [1, 2], 'modification_abundance': False}",MLP,"{""dropout"":0.25,""hidden_dims"":[64]}","{'dropout': 0.25, 'hidden_dims': [64]}",nucleobase,gpu,gpu,0.762,measured
corrm_31d062a7ad59439b,corrective,e529f2324cdee61a,immune_modulation_TLR7,TLR7,S,KMersCounts,"{""k"":[1,2],""modification_abundance"":false}","{'k': [1, 2], 'modification_abundance': False}",MLP,"{""dropout"":0,""hidden_dims"":[64,64]}","{'dropout': 0, 'hidden_dims': [64, 64]}",nucleobase,gpu,gpu,0.762,measured
corrm_31d062a7ad59439b,corrective,0637ec981c46ef37,immune_modulation_TLR7,TLR7,S,KMersCounts,"{""k"":[1,2],""modification_abundance"":false}","{'k': [1, 2], 'modification_abundance': False}",MLP,"{""dropout"":0.25,""hidden_dims"":[64,64]}","{'dropout': 0.25, 'hidden_dims': [64, 64]}",nucleobase,gpu,gpu,0.762,measured
corrm_31d062a7ad59439b,corrective,08c7e8815cad186d,immune_modulation_TLR7,TLR7,S,KMersCounts,"{""k"":[1,2],""modification_abundance"":false}","{'k': [1, 2], 'modification_abundance': False}",MLP,"{""dropout"":0,""hidden_dims"":[128]}","{'dropout': 0, 'hidden_dims': [128]}",nucleobase,gpu,gpu,0.762,measured
corrm_31d062a7ad59439b,corrective,ba2f0fcc70e1371d,immune_modulation_TLR7,TLR7,S,KMersCounts,"{""k"":[1,2],""modification_abundance"":false}","{'k': [1, 2], 'modification_abundance': False}",MLP,"{""dropout"":0.25,""hidden_dims"":[128]}","{'dropout': 0.25, 'hidden_dims': [128]}",nucleobase,gpu,gpu,0.762,measured
corrm_31d062a7ad59439b,corrective,f4ceb23032a9f445,immune_modulation_TLR7,TLR7,S,KMersCounts,"{""k"":[1,2],""modification_abundance"":false}","{'k': [1, 2], 'modification_abundance': False}",MLP,"{""dropout"":0,""hidden_dims"":[128,128]}","{'dropout': 0, 'hidden_dims': [128, 128]}",nucleobase,gpu,gpu,0.762,measured
corrm_31d062a7ad59439b,corrective,119f029e8975d9b5,immune_modulation_TLR7,TLR7,S,KMersCounts,"{""k"":[1,2],""modification_abundance"":false}","{'k': [1, 2], 'modification_abundance': False}",MLP,"{""dropout"":0.25,""hidden_dims"":[128,128]}","{'dropout': 0.25, 'hidden_dims': [128, 128]}",nucleobase,gpu,gpu,0.762,measured
corrm_c67ce893ef412d16,corrective,bec1d101b4e7cb66,immune_modulation_TLR7,TLR7,S,KMersCounts,"{""k"":[1,2],""modification_abundance"":false}","{'k': [1, 2], 'modification_abundance': False}",RandomForestModel,"{""max_depth"":20,""n_estimators"":1000}","{'max_depth': 20, 'n_estimators': 1000}",random,cpu,cpu,0.463,measured
corrm_c67ce893ef412d16,corrective,d99bc0330391e9a5,immune_modulation_TLR7,TLR7,S,KMersCounts,"{""k"":[1,2],""modification_abundance"":false}","{'k': [1, 2], 'modification_abundance': False}",RandomForestModel,"{""max_depth"":10,""n_estimators"":100}","{'max_depth': 10, 'n_estimators': 100}",random,cpu,cpu,0.463,measured
corrm_c67ce893ef412d16,corrective,0fa69789b5524693,immune_modulation_TLR7,TLR7,S,KMersCounts,"{""k"":[1,2],""modification_abundance"":false}","{'k': [1, 2], 'modification_abundance': False}",RandomForestModel,"{""max_depth"":20,""n_estimators"":100}","{'max_depth': 20, 'n_estimators': 100}",random,cpu,cpu,0.463,measured
corrm_c67ce893ef412d16,corrective,339a6c7cdd76431f,immune_modulation_TLR7,TLR7,S,KMersCounts,"{""k"":[1,2],""modification_abundance"":false}","{'k': [1, 2], 'modification_abundance': False}",RandomForestModel,"{""max_depth"":30,""n_estimators"":100}","{'max_depth': 30, 'n_estimators': 100}",random,cpu,cpu,0.463,measured
corrm_c67ce893ef412d16,corrective,88b97bdec30f4574,immune_modulation_TLR7,TLR7,S,KMersCounts,"{""k"":[1,2],""modification_abundance"":false}","{'k': [1, 2], 'modification_abundance': False}",RandomForestModel,"{""max_depth"":10,""n_estimators"":500}","{'max_depth': 10, 'n_estimators': 500}",random,cpu,cpu,0.463,measured
corrm_c67ce893ef412d16,corrective,9a834b12d59d8b03,immune_modulation_TLR7,TLR7,S,KMersCounts,"{""k"":[1,2],""modification_abundance"":false}","{'k': [1, 2], 'modification_abundance': False}",RandomForestModel,"{""max_depth"":20,""n_estimators"":500}","{'max_depth': 20, 'n_estimators': 500}",random,cpu,cpu,0.463,measured
corrm_c67ce893ef412d16,corrective,62491ef741e1c0bd,immune_modulation_TLR7,TLR7,S,KMersCounts,"{""k"":[1,2],""modification_abundance"":false}","{'k': [1, 2], 'modification_abundance': False}",RandomForestModel,"{""max_depth"":30,""n_estimators"":500}","{'max_depth': 30, 'n_estimators': 500}",random,cpu,cpu,0.463,measured
corrm_c67ce893ef412d16,corrective,aa19704332fb63bd,immune_modulation_TLR7,TLR7,S,KMersCounts,"{""k"":[1,2],""modification_abundance"":false}","{'k': [1, 2], 'modification_abundance': False}",RandomForestModel,"{""max_depth"":10,""n_estimators"":1000}","{'max_depth': 10, 'n_estimators': 1000}",random,cpu,cpu,0.463,measured
corrm_c67ce893ef412d16,corrective,9bd57f52599dae7a,immune_modulation_TLR7,TLR7,S,KMersCounts,"{""k"":[1,2],""modification_abundance"":false}","{'k': [1, 2], 'modification_abundance': False}",RandomForestModel,"{""max_depth"":30,""n_estimators"":1000}","{'max_depth': 30, 'n_estimators': 1000}",random,cpu,cpu,0.463,measured
corrm_c67ce893ef412d16,corrective,5b59e7c473fdba8f,immune_modulation_TLR7,TLR7,S,KMersCounts,"{""k"":[1,2],""modification_abundance"":false}","{'k': [1, 2], 'modification_abundance': False}",XGBoostModel,"{""max_depth"":30,""n_estimators"":500}","{'max_depth': 30, 'n_estimators': 500}",random,cpu,cpu,0.047,measured
corrm_c67ce893ef412d16,corrective,1aac058734792602,immune_modulation_TLR7,TLR7,S,KMersCounts,"{""k"":[1,2],""modification_abundance"":false}","{'k': [1, 2], 'modification_abundance': False}",XGBoostModel,"{""max_depth"":30,""n_estimators"":100}","{'max_depth': 30, 'n_estimators': 100}",random,cpu,cpu,0.047,measured
corrm_c67ce893ef412d16,corrective,37879dab21fa540d,immune_modulation_TLR7,TLR7,S,KMersCounts,"{""k"":[1,2],""modification_abundance"":false}","{'k': [1, 2], 'modification_abundance': False}",XGBoostModel,"{""max_depth"":20,""n_estimators"":100}","{'max_depth': 20, 'n_estimators': 100}",random,cpu,cpu,0.047,measured
corrm_c67ce893ef412d16,corrective,62ea5a57d1516c75,immune_modulation_TLR7,TLR7,S,KMersCounts,"{""k"":[1,2],""modification_abundance"":false}","{'k': [1, 2], 'modification_abundance': False}",XGBoostModel,"{""max_depth"":10,""n_estimators"":100}","{'max_depth': 10, 'n_estimators': 100}",random,cpu,cpu,0.047,measured
corrm_c67ce893ef412d16,corrective,48bcb238f9d920b7,immune_modulation_TLR7,TLR7,S,KMersCounts,"{""k"":[1,2],""modification_abundance"":false}","{'k': [1, 2], 'modification_abundance': False}",XGBoostModel,"{""max_depth"":30,""n_estimators"":1000}","{'max_depth': 30, 'n_estimators': 1000}",random,cpu,cpu,0.047,measured
corrm_c67ce893ef412d16,corrective,5b425b6b6382b471,immune_modulation_TLR7,TLR7,S,KMersCounts,"{""k"":[1,2],""modification_abundance"":false}","{'k': [1, 2], 'modification_abundance': False}",XGBoostModel,"{""max_depth"":10,""n_estimators"":1000}","{'max_depth': 10, 'n_estimators': 1000}",random,cpu,cpu,0.047,measured
corrm_c67ce893ef412d16,corrective,7a13a77f3beeaf8c,immune_modulation_TLR7,TLR7,S,KMersCounts,"{""k"":[1,2],""modification_abundance"":false}","{'k': [1, 2], 'modification_abundance': False}",XGBoostModel,"{""max_depth"":20,""n_estimators"":1000}","{'max_depth': 20, 'n_estimators': 1000}",random,cpu,cpu,0.047,measured
corrm_c67ce893ef412d16,corrective,dd32573c56410937,immune_modulation_TLR7,TLR7,S,KMersCounts,"{""k"":[1,2],""modification_abundance"":false}","{'k': [1, 2], 'modification_abundance': False}",XGBoostModel,"{""max_depth"":20,""n_estimators"":500}","{'max_depth': 20, 'n_estimators': 500}",random,cpu,cpu,0.047,measured
corrm_c67ce893ef412d16,corrective,f53f8cd27be6b827,immune_modulation_TLR7,TLR7,S,KMersCounts,"{""k"":[1,2],""modification_abundance"":false}","{'k': [1, 2], 'modification_abundance': False}",XGBoostModel,"{""max_depth"":10,""n_estimators"":500}","{'max_depth': 10, 'n_estimators': 500}",random,cpu,cpu,0.047,measured
corrm_c67ce893ef412d16,corrective,a2d8e4fbb5e39119,immune_modulation_TLR7,TLR7,S,KMersCounts,"{""k"":[1,2],""modification_abundance"":false}","{'k': [1, 2], 'modification_abundance': False}",NearestNeighborsModel,"{""n_neighbors"":5}",{'n_neighbors': 5},random,cpu,cpu,0.003,measured
corrm_c67ce893ef412d16,corrective,c73a35802bdd1c86,immune_modulation_TLR7,TLR7,S,KMersCounts,"{""k"":[1,2],""modification_abundance"":false}","{'k': [1, 2], 'modification_abundance': False}",NearestNeighborsModel,"{""n_neighbors"":15}",{'n_neighbors': 15},random,cpu,cpu,0.003,measured
corrm_c67ce893ef412d16,corrective,3d0fc5bd973139f0,immune_modulation_TLR7,TLR7,S,KMersCounts,"{""k"":[1,2],""modification_abundance"":false}","{'k': [1, 2], 'modification_abundance': False}",NearestNeighborsModel,"{""n_neighbors"":10}",{'n_neighbors': 10},random,cpu,cpu,0.003,measured
corrm_c67ce893ef412d16,corrective,5c9646cd20bd70e8,immune_modulation_TLR7,TLR7,S,KMersCounts,"{""k"":[1,2],""modification_abundance"":false}","{'k': [1, 2], 'modification_abundance': False}",LinearModel,"{""type"":""ridge""}",{'type': 'ridge'},random,cpu,cpu,0.001,measured
corrm_c67ce893ef412d16,corrective,febee6da5b0d1848,immune_modulation_TLR7,TLR7,S,KMersCounts,"{""k"":[1,2],""modification_abundance"":false}","{'k': [1, 2], 'modification_abundance': False}",LinearModel,"{""type"":""standard""}",{'type': 'standard'},random,cpu,cpu,0.001,measured
corrm_31d062a7ad59439b,corrective,9c9d81b4b37186e5,immune_modulation_TLR7,TLR7,S,KMersCounts,"{""k"":[1,2],""modification_abundance"":false}","{'k': [1, 2], 'modification_abundance': False}",MLP,"{""dropout"":0,""hidden_dims"":[64]}","{'dropout': 0, 'hidden_dims': [64]}",random,gpu,gpu,0.762,measured
corrm_31d062a7ad59439b,corrective,3286c8de678635dc,immune_modulation_TLR7,TLR7,S,KMersCounts,"{""k"":[1,2],""modification_abundance"":false}","{'k': [1, 2], 'modification_abundance': False}",MLP,"{""dropout"":0.25,""hidden_dims"":[64]}","{'dropout': 0.25, 'hidden_dims': [64]}",random,gpu,gpu,0.762,measured
corrm_31d062a7ad59439b,corrective,d9e9c5351614041c,immune_modulation_TLR7,TLR7,S,KMersCounts,"{""k"":[1,2],""modification_abundance"":false}","{'k': [1, 2], 'modification_abundance': False}",MLP,"{""dropout"":0,""hidden_dims"":[64,64]}","{'dropout': 0, 'hidden_dims': [64, 64]}",random,gpu,gpu,0.762,measured
corrm_31d062a7ad59439b,corrective,07562c46e1bc6588,immune_modulation_TLR7,TLR7,S,KMersCounts,"{""k"":[1,2],""modification_abundance"":false}","{'k': [1, 2], 'modification_abundance': False}",MLP,"{""dropout"":0.25,""hidden_dims"":[64,64]}","{'dropout': 0.25, 'hidden_dims': [64, 64]}",random,gpu,gpu,0.762,measured
corrm_31d062a7ad59439b,corrective,8ba58af44238b844,immune_modulation_TLR7,TLR7,S,KMersCounts,"{""k"":[1,2],""modification_abundance"":false}","{'k': [1, 2], 'modification_abundance': False}",MLP,"{""dropout"":0,""hidden_dims"":[128]}","{'dropout': 0, 'hidden_dims': [128]}",random,gpu,gpu,0.762,measured
corrm_31d062a7ad59439b,corrective,301959c41fbb4b21,immune_modulation_TLR7,TLR7,S,KMersCounts,"{""k"":[1,2],""modification_abundance"":false}","{'k': [1, 2], 'modification_abundance': False}",MLP,"{""dropout"":0.25,""hidden_dims"":[128]}","{'dropout': 0.25, 'hidden_dims': [128]}",random,gpu,gpu,0.762,measured
corrm_31d062a7ad59439b,corrective,35fe34cf08fbffe6,immune_modulation_TLR7,TLR7,S,KMersCounts,"{""k"":[1,2],""modification_abundance"":false}","{'k': [1, 2], 'modification_abundance': False}",MLP,"{""dropout"":0,""hidden_dims"":[128,128]}","{'dropout': 0, 'hidden_dims': [128, 128]}",random,gpu,gpu,0.762,measured
corrm_31d062a7ad59439b,corrective,cc2f2c52a5a2b289,immune_modulation_TLR7,TLR7,S,KMersCounts,"{""k"":[1,2],""modification_abundance"":false}","{'k': [1, 2], 'modification_abundance': False}",MLP,"{""dropout"":0.25,""hidden_dims"":[128,128]}","{'dropout': 0.25, 'hidden_dims': [128, 128]}",random,gpu,gpu,0.762,measured
corrm_c67ce893ef412d16,corrective,689ef991055d6ab4,immune_modulation_TLR7,TLR7,S,KMersCounts,"{""k"":[1,2],""modification_abundance"":true}","{'k': [1, 2], 'modification_abundance': True}",RandomForestModel,"{""max_depth"":20,""n_estimators"":1000}","{'max_depth': 20, 'n_estimators': 1000}",nucleobase,cpu,cpu,0.463,measured
corrm_c67ce893ef412d16,corrective,a5ba03ee42a99b74,immune_modulation_TLR7,TLR7,S,KMersCounts,"{""k"":[1,2],""modification_abundance"":true}","{'k': [1, 2], 'modification_abundance': True}",RandomForestModel,"{""max_depth"":10,""n_estimators"":100}","{'max_depth': 10, 'n_estimators': 100}",nucleobase,cpu,cpu,0.463,measured
corrm_c67ce893ef412d16,corrective,809c806b4fd133de,immune_modulation_TLR7,TLR7,S,KMersCounts,"{""k"":[1,2],""modification_abundance"":true}","{'k': [1, 2], 'modification_abundance': True}",RandomForestModel,"{""max_depth"":20,""n_estimators"":100}","{'max_depth': 20, 'n_estimators': 100}",nucleobase,cpu,cpu,0.463,measured
corrm_c67ce893ef412d16,corrective,a20946b5c08c8a54,immune_modulation_TLR7,TLR7,S,KMersCounts,"{""k"":[1,2],""modification_abundance"":true}","{'k': [1, 2], 'modification_abundance': True}",RandomForestModel,"{""max_depth"":30,""n_estimators"":100}","{'max_depth': 30, 'n_estimators': 100}",nucleobase,cpu,cpu,0.463,measured
corrm_c67ce893ef412d16,corrective,6ed242550c157dfa,immune_modulation_TLR7,TLR7,S,KMersCounts,"{""k"":[1,2],""modification_abundance"":true}","{'k': [1, 2], 'modification_abundance': True}",RandomForestModel,"{""max_depth"":10,""n_estimators"":500}","{'max_depth': 10, 'n_estimators': 500}",nucleobase,cpu,cpu,0.463,measured
corrm_c67ce893ef412d16,corrective,484af2f22f542757,immune_modulation_TLR7,TLR7,S,KMersCounts,"{""k"":[1,2],""modification_abundance"":true}","{'k': [1, 2], 'modification_abundance': True}",RandomForestModel,"{""max_depth"":20,""n_estimators"":500}","{'max_depth': 20, 'n_estimators': 500}",nucleobase,cpu,cpu,0.463,measured
corrm_c67ce893ef412d16,corrective,37544f8d58e58a6a,immune_modulation_TLR7,TLR7,S,KMersCounts,"{""k"":[1,2],""modification_abundance"":true}","{'k': [1, 2], 'modification_abundance': True}",RandomForestModel,"{""max_depth"":30,""n_estimators"":500}","{'max_depth': 30, 'n_estimators': 500}",nucleobase,cpu,cpu,0.463,measured
corrm_c67ce893ef412d16,corrective,379ed280e4ffe89f,immune_modulation_TLR7,TLR7,S,KMersCounts,"{""k"":[1,2],""modification_abundance"":true}","{'k': [1, 2], 'modification_abundance': True}",RandomForestModel,"{""max_depth"":10,""n_estimators"":1000}","{'max_depth': 10, 'n_estimators': 1000}",nucleobase,cpu,cpu,0.463,measured
corrm_c67ce893ef412d16,corrective,dd73b9a1c4a3b820,immune_modulation_TLR7,TLR7,S,KMersCounts,"{""k"":[1,2],""modification_abundance"":true}","{'k': [1, 2], 'modification_abundance': True}",RandomForestModel,"{""max_depth"":30,""n_estimators"":1000}","{'max_depth': 30, 'n_estimators': 1000}",nucleobase,cpu,cpu,0.463,measured
corrm_c67ce893ef412d16,corrective,0f2c1e410cd12652,immune_modulation_TLR7,TLR7,S,KMersCounts,"{""k"":[1,2],""modification_abundance"":true}","{'k': [1, 2], 'modification_abundance': True}",XGBoostModel,"{""max_depth"":30,""n_estimators"":500}","{'max_depth': 30, 'n_estimators': 500}",nucleobase,cpu,cpu,0.047,measured
corrm_c67ce893ef412d16,corrective,97b664c1e9ca7dd3,immune_modulation_TLR7,TLR7,S,KMersCounts,"{""k"":[1,2],""modification_abundance"":true}","{'k': [1, 2], 'modification_abundance': True}",XGBoostModel,"{""max_depth"":30,""n_estimators"":100}","{'max_depth': 30, 'n_estimators': 100}",nucleobase,cpu,cpu,0.047,measured
corrm_c67ce893ef412d16,corrective,3cb812fdd2495f94,immune_modulation_TLR7,TLR7,S,KMersCounts,"{""k"":[1,2],""modification_abundance"":true}","{'k': [1, 2], 'modification_abundance': True}",XGBoostModel,"{""max_depth"":20,""n_estimators"":100}","{'max_depth': 20, 'n_estimators': 100}",nucleobase,cpu,cpu,0.047,measured
corrm_c67ce893ef412d16,corrective,755c44d96afaa2de,immune_modulation_TLR7,TLR7,S,KMersCounts,"{""k"":[1,2],""modification_abundance"":true}","{'k': [1, 2], 'modification_abundance': True}",XGBoostModel,"{""max_depth"":10,""n_estimators"":100}","{'max_depth': 10, 'n_estimators': 100}",nucleobase,cpu,cpu,0.047,measured
corrm_c67ce893ef412d16,corrective,f1cd25f248fcae4c,immune_modulation_TLR7,TLR7,S,KMersCounts,"{""k"":[1,2],""modification_abundance"":true}","{'k': [1, 2], 'modification_abundance': True}",XGBoostModel,"{""max_depth"":30,""n_estimators"":1000}","{'max_depth': 30, 'n_estimators': 1000}",nucleobase,cpu,cpu,0.047,measured
corrm_c67ce893ef412d16,corrective,51ea541c81107db0,immune_modulation_TLR7,TLR7,S,KMersCounts,"{""k"":[1,2],""modification_abundance"":true}","{'k': [1, 2], 'modification_abundance': True}",XGBoostModel,"{""max_depth"":10,""n_estimators"":1000}","{'max_depth': 10, 'n_estimators': 1000}",nucleobase,cpu,cpu,0.047,measured
corrm_c67ce893ef412d16,corrective,d2d9b49c389b84d5,immune_modulation_TLR7,TLR7,S,KMersCounts,"{""k"":[1,2],""modification_abundance"":true}","{'k': [1, 2], 'modification_abundance': True}",XGBoostModel,"{""max_depth"":20,""n_estimators"":1000}","{'max_depth': 20, 'n_estimators': 1000}",nucleobase,cpu,cpu,0.047,measured
corrm_c67ce893ef412d16,corrective,fcc3c5784748ed4b,immune_modulation_TLR7,TLR7,S,KMersCounts,"{""k"":[1,2],""modification_abundance"":true}","{'k': [1, 2], 'modification_abundance': True}",XGBoostModel,"{""max_depth"":20,""n_estimators"":500}","{'max_depth': 20, 'n_estimators': 500}",nucleobase,cpu,cpu,0.047,measured
corrm_c67ce893ef412d16,corrective,fe5305e993483784,immune_modulation_TLR7,TLR7,S,KMersCounts,"{""k"":[1,2],""modification_abundance"":true}","{'k': [1, 2], 'modification_abundance': True}",XGBoostModel,"{""max_depth"":10,""n_estimators"":500}","{'max_depth': 10, 'n_estimators': 500}",nucleobase,cpu,cpu,0.047,measured
corrm_c67ce893ef412d16,corrective,27d06e245594e224,immune_modulation_TLR7,TLR7,S,KMersCounts,"{""k"":[1,2],""modification_abundance"":true}","{'k': [1, 2], 'modification_abundance': True}",NearestNeighborsModel,"{""n_neighbors"":5}",{'n_neighbors': 5},nucleobase,cpu,cpu,0.003,measured
corrm_c67ce893ef412d16,corrective,118dd6ba3d685020,immune_modulation_TLR7,TLR7,S,KMersCounts,"{""k"":[1,2],""modification_abundance"":true}","{'k': [1, 2], 'modification_abundance': True}",NearestNeighborsModel,"{""n_neighbors"":15}",{'n_neighbors': 15},nucleobase,cpu,cpu,0.003,measured
corrm_c67ce893ef412d16,corrective,8a7755a56d50536e,immune_modulation_TLR7,TLR7,S,KMersCounts,"{""k"":[1,2],""modification_abundance"":true}","{'k': [1, 2], 'modification_abundance': True}",NearestNeighborsModel,"{""n_neighbors"":10}",{'n_neighbors': 10},nucleobase,cpu,cpu,0.003,measured
corrm_c67ce893ef412d16,corrective,a15395952119e92d,immune_modulation_TLR7,TLR7,S,KMersCounts,"{""k"":[1,2],""modification_abundance"":true}","{'k': [1, 2], 'modification_abundance': True}",LinearModel,"{""type"":""ridge""}",{'type': 'ridge'},nucleobase,cpu,cpu,0.001,measured
corrm_c67ce893ef412d16,corrective,3e4b0199d371e947,immune_modulation_TLR7,TLR7,S,KMersCounts,"{""k"":[1,2],""modification_abundance"":true}","{'k': [1, 2], 'modification_abundance': True}",LinearModel,"{""type"":""standard""}",{'type': 'standard'},nucleobase,cpu,cpu,0.001,measured
corrm_31d062a7ad59439b,corrective,cb2b7dd3b695feba,immune_modulation_TLR7,TLR7,S,KMersCounts,"{""k"":[1,2],""modification_abundance"":true}","{'k': [1, 2], 'modification_abundance': True}",MLP,"{""dropout"":0,""hidden_dims"":[64]}","{'dropout': 0, 'hidden_dims': [64]}",nucleobase,gpu,gpu,0.762,measured
corrm_31d062a7ad59439b,corrective,60c9fd40c6d5089e,immune_modulation_TLR7,TLR7,S,KMersCounts,"{""k"":[1,2],""modification_abundance"":true}","{'k': [1, 2], 'modification_abundance': True}",MLP,"{""dropout"":0.25,""hidden_dims"":[64]}","{'dropout': 0.25, 'hidden_dims': [64]}",nucleobase,gpu,gpu,0.762,measured
corrm_31d062a7ad59439b,corrective,4700eddee0f80763,immune_modulation_TLR7,TLR7,S,KMersCounts,"{""k"":[1,2],""modification_abundance"":true}","{'k': [1, 2], 'modification_abundance': True}",MLP,"{""dropout"":0,""hidden_dims"":[64,64]}","{'dropout': 0, 'hidden_dims': [64, 64]}",nucleobase,gpu,gpu,0.762,measured
corrm_31d062a7ad59439b,corrective,22036b1d1e238857,immune_modulation_TLR7,TLR7,S,KMersCounts,"{""k"":[1,2],""modification_abundance"":true}","{'k': [1, 2], 'modification_abundance': True}",MLP,"{""dropout"":0.25,""hidden_dims"":[64,64]}","{'dropout': 0.25, 'hidden_dims': [64, 64]}",nucleobase,gpu,gpu,0.762,measured
corrm_31d062a7ad59439b,corrective,5382cc0de9972d8e,immune_modulation_TLR7,TLR7,S,KMersCounts,"{""k"":[1,2],""modification_abundance"":true}","{'k': [1, 2], 'modification_abundance': True}",MLP,"{""dropout"":0,""hidden_dims"":[128]}","{'dropout': 0, 'hidden_dims': [128]}",nucleobase,gpu,gpu,0.762,measured
corrm_31d062a7ad59439b,corrective,403f942bc488c9fd,immune_modulation_TLR7,TLR7,S,KMersCounts,"{""k"":[1,2],""modification_abundance"":true}","{'k': [1, 2], 'modification_abundance': True}",MLP,"{""dropout"":0.25,""hidden_dims"":[128]}","{'dropout': 0.25, 'hidden_dims': [128]}",nucleobase,gpu,gpu,0.762,measured
corrm_31d062a7ad59439b,corrective,79fbe9e492a9f412,immune_modulation_TLR7,TLR7,S,KMersCounts,"{""k"":[1,2],""modification_abundance"":true}","{'k': [1, 2], 'modification_abundance': True}",MLP,"{""dropout"":0,""hidden_dims"":[128,128]}","{'dropout': 0, 'hidden_dims': [128, 128]}",nucleobase,gpu,gpu,0.762,measured
corrm_31d062a7ad59439b,corrective,d422725c6a2c81bc,immune_modulation_TLR7,TLR7,S,KMersCounts,"{""k"":[1,2],""modification_abundance"":true}","{'k': [1, 2], 'modification_abundance': True}",MLP,"{""dropout"":0.25,""hidden_dims"":[128,128]}","{'dropout': 0.25, 'hidden_dims': [128, 128]}",nucleobase,gpu,gpu,0.762,measured
corrm_c67ce893ef412d16,corrective,6f4568e20db825b4,immune_modulation_TLR7,TLR7,S,KMersCounts,"{""k"":[1,2],""modification_abundance"":true}","{'k': [1, 2], 'modification_abundance': True}",RandomForestModel,"{""max_depth"":20,""n_estimators"":1000}","{'max_depth': 20, 'n_estimators': 1000}",random,cpu,cpu,0.463,measured
corrm_c67ce893ef412d16,corrective,c25dd9add55e6419,immune_modulation_TLR7,TLR7,S,KMersCounts,"{""k"":[1,2],""modification_abundance"":true}","{'k': [1, 2], 'modification_abundance': True}",RandomForestModel,"{""max_depth"":10,""n_estimators"":100}","{'max_depth': 10, 'n_estimators': 100}",random,cpu,cpu,0.463,measured
corrm_c67ce893ef412d16,corrective,16ff02c140e840c2,immune_modulation_TLR7,TLR7,S,KMersCounts,"{""k"":[1,2],""modification_abundance"":true}","{'k': [1, 2], 'modification_abundance': True}",RandomForestModel,"{""max_depth"":20,""n_estimators"":100}","{'max_depth': 20, 'n_estimators': 100}",random,cpu,cpu,0.463,measured
corrm_c67ce893ef412d16,corrective,a69d3e7a482a2166,immune_modulation_TLR7,TLR7,S,KMersCounts,"{""k"":[1,2],""modification_abundance"":true}","{'k': [1, 2], 'modification_abundance': True}",RandomForestModel,"{""max_depth"":30,""n_estimators"":100}","{'max_depth': 30, 'n_estimators': 100}",random,cpu,cpu,0.463,measured
corrm_c67ce893ef412d16,corrective,dce204b10a630f3e,immune_modulation_TLR7,TLR7,S,KMersCounts,"{""k"":[1,2],""modification_abundance"":true}","{'k': [1, 2], 'modification_abundance': True}",RandomForestModel,"{""max_depth"":10,""n_estimators"":500}","{'max_depth': 10, 'n_estimators': 500}",random,cpu,cpu,0.463,measured
corrm_c67ce893ef412d16,corrective,9696cac2db528e95,immune_modulation_TLR7,TLR7,S,KMersCounts,"{""k"":[1,2],""modification_abundance"":true}","{'k': [1, 2], 'modification_abundance': True}",RandomForestModel,"{""max_depth"":20,""n_estimators"":500}","{'max_depth': 20, 'n_estimators': 500}",random,cpu,cpu,0.463,measured
corrm_c67ce893ef412d16,corrective,6687dd66dcbb090f,immune_modulation_TLR7,TLR7,S,KMersCounts,"{""k"":[1,2],""modification_abundance"":true}","{'k': [1, 2], 'modification_abundance': True}",RandomForestModel,"{""max_depth"":30,""n_estimators"":500}","{'max_depth': 30, 'n_estimators': 500}",random,cpu,cpu,0.463,measured
corrm_c67ce893ef412d16,corrective,e43d86063f64b45d,immune_modulation_TLR7,TLR7,S,KMersCounts,"{""k"":[1,2],""modification_abundance"":true}","{'k': [1, 2], 'modification_abundance': True}",RandomForestModel,"{""max_depth"":10,""n_estimators"":1000}","{'max_depth': 10, 'n_estimators': 1000}",random,cpu,cpu,0.463,measured
corrm_c67ce893ef412d16,corrective,db44ea65084991f1,immune_modulation_TLR7,TLR7,S,KMersCounts,"{""k"":[1,2],""modification_abundance"":true}","{'k': [1, 2], 'modification_abundance': True}",RandomForestModel,"{""max_depth"":30,""n_estimators"":1000}","{'max_depth': 30, 'n_estimators': 1000}",random,cpu,cpu,0.463,measured
corrm_c67ce893ef412d16,corrective,55c755e512c8b169,immune_modulation_TLR7,TLR7,S,KMersCounts,"{""k"":[1,2],""modification_abundance"":true}","{'k': [1, 2], 'modification_abundance': True}",XGBoostModel,"{""max_depth"":30,""n_estimators"":500}","{'max_depth': 30, 'n_estimators': 500}",random,cpu,cpu,0.047,measured
corrm_c67ce893ef412d16,corrective,18468e2ce5fee232,immune_modulation_TLR7,TLR7,S,KMersCounts,"{""k"":[1,2],""modification_abundance"":true}","{'k': [1, 2], 'modification_abundance': True}",XGBoostModel,"{""max_depth"":30,""n_estimators"":100}","{'max_depth': 30, 'n_estimators': 100}",random,cpu,cpu,0.047,measured
corrm_c67ce893ef412d16,corrective,e2abc1f27dafd437,immune_modulation_TLR7,TLR7,S,KMersCounts,"{""k"":[1,2],""modification_abundance"":true}","{'k': [1, 2], 'modification_abundance': True}",XGBoostModel,"{""max_depth"":20,""n_estimators"":100}","{'max_depth': 20, 'n_estimators': 100}",random,cpu,cpu,0.047,measured
corrm_c67ce893ef412d16,corrective,8687a058a4a4c48f,immune_modulation_TLR7,TLR7,S,KMersCounts,"{""k"":[1,2],""modification_abundance"":true}","{'k': [1, 2], 'modification_abundance': True}",XGBoostModel,"{""max_depth"":10,""n_estimators"":100}","{'max_depth': 10, 'n_estimators': 100}",random,cpu,cpu,0.047,measured
corrm_c67ce893ef412d16,corrective,086306d93d119e43,immune_modulation_TLR7,TLR7,S,KMersCounts,"{""k"":[1,2],""modification_abundance"":true}","{'k': [1, 2], 'modification_abundance': True}",XGBoostModel,"{""max_depth"":30,""n_estimators"":1000}","{'max_depth': 30, 'n_estimators': 1000}",random,cpu,cpu,0.047,measured
corrm_c67ce893ef412d16,corrective,4b74ef823da5f333,immune_modulation_TLR7,TLR7,S,KMersCounts,"{""k"":[1,2],""modification_abundance"":true}","{'k': [1, 2], 'modification_abundance': True}",XGBoostModel,"{""max_depth"":10,""n_estimators"":1000}","{'max_depth': 10, 'n_estimators': 1000}",random,cpu,cpu,0.047,measured
corrm_c67ce893ef412d16,corrective,dcf312542c12a824,immune_modulation_TLR7,TLR7,S,KMersCounts,"{""k"":[1,2],""modification_abundance"":true}","{'k': [1, 2], 'modification_abundance': True}",XGBoostModel,"{""max_depth"":20,""n_estimators"":1000}","{'max_depth': 20, 'n_estimators': 1000}",random,cpu,cpu,0.047,measured
corrm_c67ce893ef412d16,corrective,ad600e31635983d1,immune_modulation_TLR7,TLR7,S,KMersCounts,"{""k"":[1,2],""modification_abundance"":true}","{'k': [1, 2], 'modification_abundance': True}",XGBoostModel,"{""max_depth"":20,""n_estimators"":500}","{'max_depth': 20, 'n_estimators': 500}",random,cpu,cpu,0.047,measured
corrm_c67ce893ef412d16,corrective,4caf476dd2014721,immune_modulation_TLR7,TLR7,S,KMersCounts,"{""k"":[1,2],""modification_abundance"":true}","{'k': [1, 2], 'modification_abundance': True}",XGBoostModel,"{""max_depth"":10,""n_estimators"":500}","{'max_depth': 10, 'n_estimators': 500}",random,cpu,cpu,0.047,measured
corrm_c67ce893ef412d16,corrective,2be1cb5ec5b13a13,immune_modulation_TLR7,TLR7,S,KMersCounts,"{""k"":[1,2],""modification_abundance"":true}","{'k': [1, 2], 'modification_abundance': True}",NearestNeighborsModel,"{""n_neighbors"":5}",{'n_neighbors': 5},random,cpu,cpu,0.003,measured
corrm_c67ce893ef412d16,corrective,7d19086d988c2ced,immune_modulation_TLR7,TLR7,S,KMersCounts,"{""k"":[1,2],""modification_abundance"":true}","{'k': [1, 2], 'modification_abundance': True}",NearestNeighborsModel,"{""n_neighbors"":15}",{'n_neighbors': 15},random,cpu,cpu,0.003,measured
corrm_c67ce893ef412d16,corrective,12e0505c3492e065,immune_modulation_TLR7,TLR7,S,KMersCounts,"{""k"":[1,2],""modification_abundance"":true}","{'k': [1, 2], 'modification_abundance': True}",NearestNeighborsModel,"{""n_neighbors"":10}",{'n_neighbors': 10},random,cpu,cpu,0.003,measured
corrm_c67ce893ef412d16,corrective,2b1b5b4c6a285010,immune_modulation_TLR7,TLR7,S,KMersCounts,"{""k"":[1,2],""modification_abundance"":true}","{'k': [1, 2], 'modification_abundance': True}",LinearModel,"{""type"":""ridge""}",{'type': 'ridge'},random,cpu,cpu,0.001,measured
corrm_c67ce893ef412d16,corrective,71d9b698ee8d770c,immune_modulation_TLR7,TLR7,S,KMersCounts,"{""k"":[1,2],""modification_abundance"":true}","{'k': [1, 2], 'modification_abundance': True}",LinearModel,"{""type"":""standard""}",{'type': 'standard'},random,cpu,cpu,0.001,measured
corrm_31d062a7ad59439b,corrective,a504f74c70f5aafe,immune_modulation_TLR7,TLR7,S,KMersCounts,"{""k"":[1,2],""modification_abundance"":true}","{'k': [1, 2], 'modification_abundance': True}",MLP,"{""dropout"":0,""hidden_dims"":[64]}","{'dropout': 0, 'hidden_dims': [64]}",random,gpu,gpu,0.762,measured
corrm_31d062a7ad59439b,corrective,78109e4e58aca7d0,immune_modulation_TLR7,TLR7,S,KMersCounts,"{""k"":[1,2],""modification_abundance"":true}","{'k': [1, 2], 'modification_abundance': True}",MLP,"{""dropout"":0.25,""hidden_dims"":[64]}","{'dropout': 0.25, 'hidden_dims': [64]}",random,gpu,gpu,0.762,measured
corrm_31d062a7ad59439b,corrective,9afeb4f6c5f4fb0c,immune_modulation_TLR7,TLR7,S,KMersCounts,"{""k"":[1,2],""modification_abundance"":true}","{'k': [1, 2], 'modification_abundance': True}",MLP,"{""dropout"":0,""hidden_dims"":[64,64]}","{'dropout': 0, 'hidden_dims': [64, 64]}",random,gpu,gpu,0.762,measured
corrm_31d062a7ad59439b,corrective,969987fc2d838c22,immune_modulation_TLR7,TLR7,S,KMersCounts,"{""k"":[1,2],""modification_abundance"":true}","{'k': [1, 2], 'modification_abundance': True}",MLP,"{""dropout"":0.25,""hidden_dims"":[64,64]}","{'dropout': 0.25, 'hidden_dims': [64, 64]}",random,gpu,gpu,0.762,measured
corrm_31d062a7ad59439b,corrective,c861ab513dcd3cd3,immune_modulation_TLR7,TLR7,S,KMersCounts,"{""k"":[1,2],""modification_abundance"":true}","{'k': [1, 2], 'modification_abundance': True}",MLP,"{""dropout"":0,""hidden_dims"":[128]}","{'dropout': 0, 'hidden_dims': [128]}",random,gpu,gpu,0.762,measured
corrm_31d062a7ad59439b,corrective,33895c8279296aca,immune_modulation_TLR7,TLR7,S,KMersCounts,"{""k"":[1,2],""modification_abundance"":true}","{'k': [1, 2], 'modification_abundance': True}",MLP,"{""dropout"":0.25,""hidden_dims"":[128]}","{'dropout': 0.25, 'hidden_dims': [128]}",random,gpu,gpu,0.762,measured
corrm_31d062a7ad59439b,corrective,d4527c940f1ea0aa,immune_modulation_TLR7,TLR7,S,KMersCounts,"{""k"":[1,2],""modification_abundance"":true}","{'k': [1, 2], 'modification_abundance': True}",MLP,"{""dropout"":0,""hidden_dims"":[128,128]}","{'dropout': 0, 'hidden_dims': [128, 128]}",random,gpu,gpu,0.762,measured
corrm_31d062a7ad59439b,corrective,bb0f73b720798ab0,immune_modulation_TLR7,TLR7,S,KMersCounts,"{""k"":[1,2],""modification_abundance"":true}","{'k': [1, 2], 'modification_abundance': True}",MLP,"{""dropout"":0.25,""hidden_dims"":[128,128]}","{'dropout': 0.25, 'hidden_dims': [128, 128]}",random,gpu,gpu,0.762,measured
corrm_c67ce893ef412d16,corrective,7a2df4f4a9791eed,immune_modulation_TLR7,TLR7,S,KMersCounts,"{""k"":[1],""modification_abundance"":false}","{'k': [1], 'modification_abundance': False}",RandomForestModel,"{""max_depth"":20,""n_estimators"":1000}","{'max_depth': 20, 'n_estimators': 1000}",nucleobase,cpu,cpu,0.463,measured
corrm_c67ce893ef412d16,corrective,b1b08b53baabf45d,immune_modulation_TLR7,TLR7,S,KMersCounts,"{""k"":[1],""modification_abundance"":false}","{'k': [1], 'modification_abundance': False}",RandomForestModel,"{""max_depth"":10,""n_estimators"":100}","{'max_depth': 10, 'n_estimators': 100}",nucleobase,cpu,cpu,0.463,measured
corrm_c67ce893ef412d16,corrective,868230f9ee9e26a4,immune_modulation_TLR7,TLR7,S,KMersCounts,"{""k"":[1],""modification_abundance"":false}","{'k': [1], 'modification_abundance': False}",RandomForestModel,"{""max_depth"":20,""n_estimators"":100}","{'max_depth': 20, 'n_estimators': 100}",nucleobase,cpu,cpu,0.463,measured
corrm_c67ce893ef412d16,corrective,ce9cffa0af190338,immune_modulation_TLR7,TLR7,S,KMersCounts,"{""k"":[1],""modification_abundance"":false}","{'k': [1], 'modification_abundance': False}",RandomForestModel,"{""max_depth"":30,""n_estimators"":100}","{'max_depth': 30, 'n_estimators': 100}",nucleobase,cpu,cpu,0.463,measured
corrm_c67ce893ef412d16,corrective,2814e70625fb1470,immune_modulation_TLR7,TLR7,S,KMersCounts,"{""k"":[1],""modification_abundance"":false}","{'k': [1], 'modification_abundance': False}",RandomForestModel,"{""max_depth"":10,""n_estimators"":500}","{'max_depth': 10, 'n_estimators': 500}",nucleobase,cpu,cpu,0.463,measured
corrm_c67ce893ef412d16,corrective,8ea04b531bec80b7,immune_modulation_TLR7,TLR7,S,KMersCounts,"{""k"":[1],""modification_abundance"":false}","{'k': [1], 'modification_abundance': False}",RandomForestModel,"{""max_depth"":20,""n_estimators"":500}","{'max_depth': 20, 'n_estimators': 500}",nucleobase,cpu,cpu,0.463,measured
corrm_c67ce893ef412d16,corrective,71f9737e3bccac6e,immune_modulation_TLR7,TLR7,S,KMersCounts,"{""k"":[1],""modification_abundance"":false}","{'k': [1], 'modification_abundance': False}",RandomForestModel,"{""max_depth"":30,""n_estimators"":500}","{'max_depth': 30, 'n_estimators': 500}",nucleobase,cpu,cpu,0.463,measured
corrm_c67ce893ef412d16,corrective,b966fbd741a9755b,immune_modulation_TLR7,TLR7,S,KMersCounts,"{""k"":[1],""modification_abundance"":false}","{'k': [1], 'modification_abundance': False}",RandomForestModel,"{""max_depth"":10,""n_estimators"":1000}","{'max_depth': 10, 'n_estimators': 1000}",nucleobase,cpu,cpu,0.463,measured
corrm_c67ce893ef412d16,corrective,045733852ef14f1c,immune_modulation_TLR7,TLR7,S,KMersCounts,"{""k"":[1],""modification_abundance"":false}","{'k': [1], 'modification_abundance': False}",RandomForestModel,"{""max_depth"":30,""n_estimators"":1000}","{'max_depth': 30, 'n_estimators': 1000}",nucleobase,cpu,cpu,0.463,measured
corrm_c67ce893ef412d16,corrective,4aca041d52e52d80,immune_modulation_TLR7,TLR7,S,KMersCounts,"{""k"":[1],""modification_abundance"":false}","{'k': [1], 'modification_abundance': False}",XGBoostModel,"{""max_depth"":30,""n_estimators"":500}","{'max_depth': 30, 'n_estimators': 500}",nucleobase,cpu,cpu,0.047,measured
corrm_c67ce893ef412d16,corrective,1dff5e58497992b3,immune_modulation_TLR7,TLR7,S,KMersCounts,"{""k"":[1],""modification_abundance"":false}","{'k': [1], 'modification_abundance': False}",XGBoostModel,"{""max_depth"":30,""n_estimators"":100}","{'max_depth': 30, 'n_estimators': 100}",nucleobase,cpu,cpu,0.047,measured
corrm_c67ce893ef412d16,corrective,6baf62e3ef69dc49,immune_modulation_TLR7,TLR7,S,KMersCounts,"{""k"":[1],""modification_abundance"":false}","{'k': [1], 'modification_abundance': False}",XGBoostModel,"{""max_depth"":20,""n_estimators"":100}","{'max_depth': 20, 'n_estimators': 100}",nucleobase,cpu,cpu,0.047,measured
corrm_c67ce893ef412d16,corrective,f1f0e278e1a9662e,immune_modulation_TLR7,TLR7,S,KMersCounts,"{""k"":[1],""modification_abundance"":false}","{'k': [1], 'modification_abundance': False}",XGBoostModel,"{""max_depth"":10,""n_estimators"":100}","{'max_depth': 10, 'n_estimators': 100}",nucleobase,cpu,cpu,0.047,measured
corrm_c67ce893ef412d16,corrective,ba508e66db5e4eee,immune_modulation_TLR7,TLR7,S,KMersCounts,"{""k"":[1],""modification_abundance"":false}","{'k': [1], 'modification_abundance': False}",XGBoostModel,"{""max_depth"":30,""n_estimators"":1000}","{'max_depth': 30, 'n_estimators': 1000}",nucleobase,cpu,cpu,0.047,measured
corrm_c67ce893ef412d16,corrective,79cfb0f09b80722b,immune_modulation_TLR7,TLR7,S,KMersCounts,"{""k"":[1],""modification_abundance"":false}","{'k': [1], 'modification_abundance': False}",XGBoostModel,"{""max_depth"":10,""n_estimators"":1000}","{'max_depth': 10, 'n_estimators': 1000}",nucleobase,cpu,cpu,0.047,measured
corrm_c67ce893ef412d16,corrective,ac3d54a747e82988,immune_modulation_TLR7,TLR7,S,KMersCounts,"{""k"":[1],""modification_abundance"":false}","{'k': [1], 'modification_abundance': False}",XGBoostModel,"{""max_depth"":20,""n_estimators"":1000}","{'max_depth': 20, 'n_estimators': 1000}",nucleobase,cpu,cpu,0.047,measured
corrm_c67ce893ef412d16,corrective,0401c00ee91ec88e,immune_modulation_TLR7,TLR7,S,KMersCounts,"{""k"":[1],""modification_abundance"":false}","{'k': [1], 'modification_abundance': False}",XGBoostModel,"{""max_depth"":20,""n_estimators"":500}","{'max_depth': 20, 'n_estimators': 500}",nucleobase,cpu,cpu,0.047,measured
corrm_c67ce893ef412d16,corrective,2d604b9125672ef3,immune_modulation_TLR7,TLR7,S,KMersCounts,"{""k"":[1],""modification_abundance"":false}","{'k': [1], 'modification_abundance': False}",XGBoostModel,"{""max_depth"":10,""n_estimators"":500}","{'max_depth': 10, 'n_estimators': 500}",nucleobase,cpu,cpu,0.047,measured
corrm_c67ce893ef412d16,corrective,5c860d2ec5dcae0a,immune_modulation_TLR7,TLR7,S,KMersCounts,"{""k"":[1],""modification_abundance"":false}","{'k': [1], 'modification_abundance': False}",NearestNeighborsModel,"{""n_neighbors"":5}",{'n_neighbors': 5},nucleobase,cpu,cpu,0.003,measured
corrm_c67ce893ef412d16,corrective,58e7fdc7b9635921,immune_modulation_TLR7,TLR7,S,KMersCounts,"{""k"":[1],""modification_abundance"":false}","{'k': [1], 'modification_abundance': False}",NearestNeighborsModel,"{""n_neighbors"":15}",{'n_neighbors': 15},nucleobase,cpu,cpu,0.003,measured
corrm_c67ce893ef412d16,corrective,d7a7b884af61fe5d,immune_modulation_TLR7,TLR7,S,KMersCounts,"{""k"":[1],""modification_abundance"":false}","{'k': [1], 'modification_abundance': False}",NearestNeighborsModel,"{""n_neighbors"":10}",{'n_neighbors': 10},nucleobase,cpu,cpu,0.003,measured
corrm_c67ce893ef412d16,corrective,abb422fc8475d032,immune_modulation_TLR7,TLR7,S,KMersCounts,"{""k"":[1],""modification_abundance"":false}","{'k': [1], 'modification_abundance': False}",LinearModel,"{""type"":""ridge""}",{'type': 'ridge'},nucleobase,cpu,cpu,0.001,measured
corrm_c67ce893ef412d16,corrective,c595e5a441893637,immune_modulation_TLR7,TLR7,S,KMersCounts,"{""k"":[1],""modification_abundance"":false}","{'k': [1], 'modification_abundance': False}",LinearModel,"{""type"":""standard""}",{'type': 'standard'},nucleobase,cpu,cpu,0.001,measured
corrm_31d062a7ad59439b,corrective,720756d4e437ee47,immune_modulation_TLR7,TLR7,S,KMersCounts,"{""k"":[1],""modification_abundance"":false}","{'k': [1], 'modification_abundance': False}",MLP,"{""dropout"":0,""hidden_dims"":[64]}","{'dropout': 0, 'hidden_dims': [64]}",nucleobase,gpu,gpu,0.762,measured
corrm_31d062a7ad59439b,corrective,4d93f88f12a465fc,immune_modulation_TLR7,TLR7,S,KMersCounts,"{""k"":[1],""modification_abundance"":false}","{'k': [1], 'modification_abundance': False}",MLP,"{""dropout"":0.25,""hidden_dims"":[64]}","{'dropout': 0.25, 'hidden_dims': [64]}",nucleobase,gpu,gpu,0.762,measured
corrm_31d062a7ad59439b,corrective,903ebed45589b618,immune_modulation_TLR7,TLR7,S,KMersCounts,"{""k"":[1],""modification_abundance"":false}","{'k': [1], 'modification_abundance': False}",MLP,"{""dropout"":0,""hidden_dims"":[64,64]}","{'dropout': 0, 'hidden_dims': [64, 64]}",nucleobase,gpu,gpu,0.762,measured
corrm_31d062a7ad59439b,corrective,e50cb82c4fe744a0,immune_modulation_TLR7,TLR7,S,KMersCounts,"{""k"":[1],""modification_abundance"":false}","{'k': [1], 'modification_abundance': False}",MLP,"{""dropout"":0.25,""hidden_dims"":[64,64]}","{'dropout': 0.25, 'hidden_dims': [64, 64]}",nucleobase,gpu,gpu,0.762,measured
corrm_31d062a7ad59439b,corrective,0737bf958bbdb934,immune_modulation_TLR7,TLR7,S,KMersCounts,"{""k"":[1],""modification_abundance"":false}","{'k': [1], 'modification_abundance': False}",MLP,"{""dropout"":0,""hidden_dims"":[128]}","{'dropout': 0, 'hidden_dims': [128]}",nucleobase,gpu,gpu,0.762,measured
corrm_31d062a7ad59439b,corrective,f20977b4a385e83a,immune_modulation_TLR7,TLR7,S,KMersCounts,"{""k"":[1],""modification_abundance"":false}","{'k': [1], 'modification_abundance': False}",MLP,"{""dropout"":0.25,""hidden_dims"":[128]}","{'dropout': 0.25, 'hidden_dims': [128]}",nucleobase,gpu,gpu,0.762,measured
corrm_31d062a7ad59439b,corrective,086d6a669d0ca52a,immune_modulation_TLR7,TLR7,S,KMersCounts,"{""k"":[1],""modification_abundance"":false}","{'k': [1], 'modification_abundance': False}",MLP,"{""dropout"":0,""hidden_dims"":[128,128]}","{'dropout': 0, 'hidden_dims': [128, 128]}",nucleobase,gpu,gpu,0.762,measured
corrm_31d062a7ad59439b,corrective,76258991622d52ee,immune_modulation_TLR7,TLR7,S,KMersCounts,"{""k"":[1],""modification_abundance"":false}","{'k': [1], 'modification_abundance': False}",MLP,"{""dropout"":0.25,""hidden_dims"":[128,128]}","{'dropout': 0.25, 'hidden_dims': [128, 128]}",nucleobase,gpu,gpu,0.762,measured
corrm_c67ce893ef412d16,corrective,733a4771795caf88,immune_modulation_TLR7,TLR7,S,KMersCounts,"{""k"":[1],""modification_abundance"":false}","{'k': [1], 'modification_abundance': False}",RandomForestModel,"{""max_depth"":20,""n_estimators"":1000}","{'max_depth': 20, 'n_estimators': 1000}",random,cpu,cpu,0.463,measured
corrm_c67ce893ef412d16,corrective,2f9b620be5de8386,immune_modulation_TLR7,TLR7,S,KMersCounts,"{""k"":[1],""modification_abundance"":false}","{'k': [1], 'modification_abundance': False}",RandomForestModel,"{""max_depth"":10,""n_estimators"":100}","{'max_depth': 10, 'n_estimators': 100}",random,cpu,cpu,0.463,measured
corrm_c67ce893ef412d16,corrective,e84e6dfb65a7ce55,immune_modulation_TLR7,TLR7,S,KMersCounts,"{""k"":[1],""modification_abundance"":false}","{'k': [1], 'modification_abundance': False}",RandomForestModel,"{""max_depth"":20,""n_estimators"":100}","{'max_depth': 20, 'n_estimators': 100}",random,cpu,cpu,0.463,measured
corrm_c67ce893ef412d16,corrective,8b5a59b847193c48,immune_modulation_TLR7,TLR7,S,KMersCounts,"{""k"":[1],""modification_abundance"":false}","{'k': [1], 'modification_abundance': False}",RandomForestModel,"{""max_depth"":30,""n_estimators"":100}","{'max_depth': 30, 'n_estimators': 100}",random,cpu,cpu,0.463,measured
corrm_c67ce893ef412d16,corrective,0bb695d622148ce2,immune_modulation_TLR7,TLR7,S,KMersCounts,"{""k"":[1],""modification_abundance"":false}","{'k': [1], 'modification_abundance': False}",RandomForestModel,"{""max_depth"":10,""n_estimators"":500}","{'max_depth': 10, 'n_estimators': 500}",random,cpu,cpu,0.463,measured
corrm_c67ce893ef412d16,corrective,1a76b7ebf5a24245,immune_modulation_TLR7,TLR7,S,KMersCounts,"{""k"":[1],""modification_abundance"":false}","{'k': [1], 'modification_abundance': False}",RandomForestModel,"{""max_depth"":20,""n_estimators"":500}","{'max_depth': 20, 'n_estimators': 500}",random,cpu,cpu,0.463,measured
corrm_c67ce893ef412d16,corrective,842cea9e080de10c,immune_modulation_TLR7,TLR7,S,KMersCounts,"{""k"":[1],""modification_abundance"":false}","{'k': [1], 'modification_abundance': False}",RandomForestModel,"{""max_depth"":30,""n_estimators"":500}","{'max_depth': 30, 'n_estimators': 500}",random,cpu,cpu,0.463,measured
corrm_c67ce893ef412d16,corrective,90facf4aca9efed0,immune_modulation_TLR7,TLR7,S,KMersCounts,"{""k"":[1],""modification_abundance"":false}","{'k': [1], 'modification_abundance': False}",RandomForestModel,"{""max_depth"":10,""n_estimators"":1000}","{'max_depth': 10, 'n_estimators': 1000}",random,cpu,cpu,0.463,measured
corrm_c67ce893ef412d16,corrective,928848f9f341d7cd,immune_modulation_TLR7,TLR7,S,KMersCounts,"{""k"":[1],""modification_abundance"":false}","{'k': [1], 'modification_abundance': False}",RandomForestModel,"{""max_depth"":30,""n_estimators"":1000}","{'max_depth': 30, 'n_estimators': 1000}",random,cpu,cpu,0.463,measured
corrm_c67ce893ef412d16,corrective,043ee0a6f75888bd,immune_modulation_TLR7,TLR7,S,KMersCounts,"{""k"":[1],""modification_abundance"":false}","{'k': [1], 'modification_abundance': False}",XGBoostModel,"{""max_depth"":30,""n_estimators"":500}","{'max_depth': 30, 'n_estimators': 500}",random,cpu,cpu,0.047,measured
corrm_c67ce893ef412d16,corrective,9e7c2380c90a2271,immune_modulation_TLR7,TLR7,S,KMersCounts,"{""k"":[1],""modification_abundance"":false}","{'k': [1], 'modification_abundance': False}",XGBoostModel,"{""max_depth"":30,""n_estimators"":100}","{'max_depth': 30, 'n_estimators': 100}",random,cpu,cpu,0.047,measured
corrm_c67ce893ef412d16,corrective,eb0e06e943b2495b,immune_modulation_TLR7,TLR7,S,KMersCounts,"{""k"":[1],""modification_abundance"":false}","{'k': [1], 'modification_abundance': False}",XGBoostModel,"{""max_depth"":20,""n_estimators"":100}","{'max_depth': 20, 'n_estimators': 100}",random,cpu,cpu,0.047,measured
corrm_c67ce893ef412d16,corrective,bb35486d27d42fb2,immune_modulation_TLR7,TLR7,S,KMersCounts,"{""k"":[1],""modification_abundance"":false}","{'k': [1], 'modification_abundance': False}",XGBoostModel,"{""max_depth"":10,""n_estimators"":100}","{'max_depth': 10, 'n_estimators': 100}",random,cpu,cpu,0.047,measured
corrm_c67ce893ef412d16,corrective,731e3c9bf74f77a7,immune_modulation_TLR7,TLR7,S,KMersCounts,"{""k"":[1],""modification_abundance"":false}","{'k': [1], 'modification_abundance': False}",XGBoostModel,"{""max_depth"":30,""n_estimators"":1000}","{'max_depth': 30, 'n_estimators': 1000}",random,cpu,cpu,0.047,measured
corrm_c67ce893ef412d16,corrective,58df0559914ebbaa,immune_modulation_TLR7,TLR7,S,KMersCounts,"{""k"":[1],""modification_abundance"":false}","{'k': [1], 'modification_abundance': False}",XGBoostModel,"{""max_depth"":10,""n_estimators"":1000}","{'max_depth': 10, 'n_estimators': 1000}",random,cpu,cpu,0.047,measured
corrm_c67ce893ef412d16,corrective,2e3fdc57c9a3c98e,immune_modulation_TLR7,TLR7,S,KMersCounts,"{""k"":[1],""modification_abundance"":false}","{'k': [1], 'modification_abundance': False}",XGBoostModel,"{""max_depth"":20,""n_estimators"":1000}","{'max_depth': 20, 'n_estimators': 1000}",random,cpu,cpu,0.047,measured
corrm_c67ce893ef412d16,corrective,687b91e7dec52a97,immune_modulation_TLR7,TLR7,S,KMersCounts,"{""k"":[1],""modification_abundance"":false}","{'k': [1], 'modification_abundance': False}",XGBoostModel,"{""max_depth"":20,""n_estimators"":500}","{'max_depth': 20, 'n_estimators': 500}",random,cpu,cpu,0.047,measured
corrm_c67ce893ef412d16,corrective,7bb8032e1fc3382b,immune_modulation_TLR7,TLR7,S,KMersCounts,"{""k"":[1],""modification_abundance"":false}","{'k': [1], 'modification_abundance': False}",XGBoostModel,"{""max_depth"":10,""n_estimators"":500}","{'max_depth': 10, 'n_estimators': 500}",random,cpu,cpu,0.047,measured
corrm_c67ce893ef412d16,corrective,02d4eeafb5ef1436,immune_modulation_TLR7,TLR7,S,KMersCounts,"{""k"":[1],""modification_abundance"":false}","{'k': [1], 'modification_abundance': False}",NearestNeighborsModel,"{""n_neighbors"":5}",{'n_neighbors': 5},random,cpu,cpu,0.003,measured
corrm_c67ce893ef412d16,corrective,9f15dc29d741a0a4,immune_modulation_TLR7,TLR7,S,KMersCounts,"{""k"":[1],""modification_abundance"":false}","{'k': [1], 'modification_abundance': False}",NearestNeighborsModel,"{""n_neighbors"":15}",{'n_neighbors': 15},random,cpu,cpu,0.003,measured
corrm_c67ce893ef412d16,corrective,798de71b9401aaa6,immune_modulation_TLR7,TLR7,S,KMersCounts,"{""k"":[1],""modification_abundance"":false}","{'k': [1], 'modification_abundance': False}",NearestNeighborsModel,"{""n_neighbors"":10}",{'n_neighbors': 10},random,cpu,cpu,0.003,measured
corrm_c67ce893ef412d16,corrective,5539968497d4f5c2,immune_modulation_TLR7,TLR7,S,KMersCounts,"{""k"":[1],""modification_abundance"":false}","{'k': [1], 'modification_abundance': False}",LinearModel,"{""type"":""ridge""}",{'type': 'ridge'},random,cpu,cpu,0.001,measured
corrm_c67ce893ef412d16,corrective,1532f81c4ca9d84d,immune_modulation_TLR7,TLR7,S,KMersCounts,"{""k"":[1],""modification_abundance"":false}","{'k': [1], 'modification_abundance': False}",LinearModel,"{""type"":""standard""}",{'type': 'standard'},random,cpu,cpu,0.001,measured
corrm_31d062a7ad59439b,corrective,366878cd9dac7725,immune_modulation_TLR7,TLR7,S,KMersCounts,"{""k"":[1],""modification_abundance"":false}","{'k': [1], 'modification_abundance': False}",MLP,"{""dropout"":0,""hidden_dims"":[64]}","{'dropout': 0, 'hidden_dims': [64]}",random,gpu,gpu,0.762,measured
corrm_31d062a7ad59439b,corrective,fb39ba7b387091cf,immune_modulation_TLR7,TLR7,S,KMersCounts,"{""k"":[1],""modification_abundance"":false}","{'k': [1], 'modification_abundance': False}",MLP,"{""dropout"":0.25,""hidden_dims"":[64]}","{'dropout': 0.25, 'hidden_dims': [64]}",random,gpu,gpu,0.762,measured
corrm_31d062a7ad59439b,corrective,f6cc0128008cedda,immune_modulation_TLR7,TLR7,S,KMersCounts,"{""k"":[1],""modification_abundance"":false}","{'k': [1], 'modification_abundance': False}",MLP,"{""dropout"":0,""hidden_dims"":[64,64]}","{'dropout': 0, 'hidden_dims': [64, 64]}",random,gpu,gpu,0.762,measured
corrm_31d062a7ad59439b,corrective,aaedca7d2baaf4e0,immune_modulation_TLR7,TLR7,S,KMersCounts,"{""k"":[1],""modification_abundance"":false}","{'k': [1], 'modification_abundance': False}",MLP,"{""dropout"":0.25,""hidden_dims"":[64,64]}","{'dropout': 0.25, 'hidden_dims': [64, 64]}",random,gpu,gpu,0.762,measured
corrm_31d062a7ad59439b,corrective,80d38b5d8e4f23e0,immune_modulation_TLR7,TLR7,S,KMersCounts,"{""k"":[1],""modification_abundance"":false}","{'k': [1], 'modification_abundance': False}",MLP,"{""dropout"":0,""hidden_dims"":[128]}","{'dropout': 0, 'hidden_dims': [128]}",random,gpu,gpu,0.762,measured
corrm_31d062a7ad59439b,corrective,7ab200b87fa4b51b,immune_modulation_TLR7,TLR7,S,KMersCounts,"{""k"":[1],""modification_abundance"":false}","{'k': [1], 'modification_abundance': False}",MLP,"{""dropout"":0.25,""hidden_dims"":[128]}","{'dropout': 0.25, 'hidden_dims': [128]}",random,gpu,gpu,0.762,measured
corrm_31d062a7ad59439b,corrective,c73936a1452a5b9e,immune_modulation_TLR7,TLR7,S,KMersCounts,"{""k"":[1],""modification_abundance"":false}","{'k': [1], 'modification_abundance': False}",MLP,"{""dropout"":0,""hidden_dims"":[128,128]}","{'dropout': 0, 'hidden_dims': [128, 128]}",random,gpu,gpu,0.762,measured
corrm_31d062a7ad59439b,corrective,8660aac41b586206,immune_modulation_TLR7,TLR7,S,KMersCounts,"{""k"":[1],""modification_abundance"":false}","{'k': [1], 'modification_abundance': False}",MLP,"{""dropout"":0.25,""hidden_dims"":[128,128]}","{'dropout': 0.25, 'hidden_dims': [128, 128]}",random,gpu,gpu,0.762,measured
corrm_c67ce893ef412d16,corrective,e88447944c4ef1d0,immune_modulation_TLR7,TLR7,S,KMersCounts,"{""k"":[1],""modification_abundance"":true}","{'k': [1], 'modification_abundance': True}",RandomForestModel,"{""max_depth"":20,""n_estimators"":1000}","{'max_depth': 20, 'n_estimators': 1000}",nucleobase,cpu,cpu,0.463,measured
corrm_c67ce893ef412d16,corrective,e3249c0d45f962b2,immune_modulation_TLR7,TLR7,S,KMersCounts,"{""k"":[1],""modification_abundance"":true}","{'k': [1], 'modification_abundance': True}",RandomForestModel,"{""max_depth"":10,""n_estimators"":100}","{'max_depth': 10, 'n_estimators': 100}",nucleobase,cpu,cpu,0.463,measured
corrm_c67ce893ef412d16,corrective,48243dda16a71e51,immune_modulation_TLR7,TLR7,S,KMersCounts,"{""k"":[1],""modification_abundance"":true}","{'k': [1], 'modification_abundance': True}",RandomForestModel,"{""max_depth"":20,""n_estimators"":100}","{'max_depth': 20, 'n_estimators': 100}",nucleobase,cpu,cpu,0.463,measured
corrm_c67ce893ef412d16,corrective,bd24b6d04494c902,immune_modulation_TLR7,TLR7,S,KMersCounts,"{""k"":[1],""modification_abundance"":true}","{'k': [1], 'modification_abundance': True}",RandomForestModel,"{""max_depth"":30,""n_estimators"":100}","{'max_depth': 30, 'n_estimators': 100}",nucleobase,cpu,cpu,0.463,measured
corrm_c67ce893ef412d16,corrective,cf38688018b1f3d4,immune_modulation_TLR7,TLR7,S,KMersCounts,"{""k"":[1],""modification_abundance"":true}","{'k': [1], 'modification_abundance': True}",RandomForestModel,"{""max_depth"":10,""n_estimators"":500}","{'max_depth': 10, 'n_estimators': 500}",nucleobase,cpu,cpu,0.463,measured
corrm_c67ce893ef412d16,corrective,ec205b706177e1b0,immune_modulation_TLR7,TLR7,S,KMersCounts,"{""k"":[1],""modification_abundance"":true}","{'k': [1], 'modification_abundance': True}",RandomForestModel,"{""max_depth"":20,""n_estimators"":500}","{'max_depth': 20, 'n_estimators': 500}",nucleobase,cpu,cpu,0.463,measured
corrm_c67ce893ef412d16,corrective,265a16b365618400,immune_modulation_TLR7,TLR7,S,KMersCounts,"{""k"":[1],""modification_abundance"":true}","{'k': [1], 'modification_abundance': True}",RandomForestModel,"{""max_depth"":30,""n_estimators"":500}","{'max_depth': 30, 'n_estimators': 500}",nucleobase,cpu,cpu,0.463,measured
corrm_c67ce893ef412d16,corrective,94e7a271e782a8fd,immune_modulation_TLR7,TLR7,S,KMersCounts,"{""k"":[1],""modification_abundance"":true}","{'k': [1], 'modification_abundance': True}",RandomForestModel,"{""max_depth"":10,""n_estimators"":1000}","{'max_depth': 10, 'n_estimators': 1000}",nucleobase,cpu,cpu,0.463,measured
corrm_c67ce893ef412d16,corrective,e59ecf5d35825af5,immune_modulation_TLR7,TLR7,S,KMersCounts,"{""k"":[1],""modification_abundance"":true}","{'k': [1], 'modification_abundance': True}",RandomForestModel,"{""max_depth"":30,""n_estimators"":1000}","{'max_depth': 30, 'n_estimators': 1000}",nucleobase,cpu,cpu,0.463,measured
corrm_c67ce893ef412d16,corrective,5b980932ed012f8d,immune_modulation_TLR7,TLR7,S,KMersCounts,"{""k"":[1],""modification_abundance"":true}","{'k': [1], 'modification_abundance': True}",XGBoostModel,"{""max_depth"":30,""n_estimators"":500}","{'max_depth': 30, 'n_estimators': 500}",nucleobase,cpu,cpu,0.047,measured
corrm_c67ce893ef412d16,corrective,381083f415b476f1,immune_modulation_TLR7,TLR7,S,KMersCounts,"{""k"":[1],""modification_abundance"":true}","{'k': [1], 'modification_abundance': True}",XGBoostModel,"{""max_depth"":30,""n_estimators"":100}","{'max_depth': 30, 'n_estimators': 100}",nucleobase,cpu,cpu,0.047,measured
corrm_c67ce893ef412d16,corrective,823f97c59d858c37,immune_modulation_TLR7,TLR7,S,KMersCounts,"{""k"":[1],""modification_abundance"":true}","{'k': [1], 'modification_abundance': True}",XGBoostModel,"{""max_depth"":20,""n_estimators"":100}","{'max_depth': 20, 'n_estimators': 100}",nucleobase,cpu,cpu,0.047,measured
corrm_c67ce893ef412d16,corrective,9cd29235fcd03e57,immune_modulation_TLR7,TLR7,S,KMersCounts,"{""k"":[1],""modification_abundance"":true}","{'k': [1], 'modification_abundance': True}",XGBoostModel,"{""max_depth"":10,""n_estimators"":100}","{'max_depth': 10, 'n_estimators': 100}",nucleobase,cpu,cpu,0.047,measured
corrm_c67ce893ef412d16,corrective,bf0cccafced9064b,immune_modulation_TLR7,TLR7,S,KMersCounts,"{""k"":[1],""modification_abundance"":true}","{'k': [1], 'modification_abundance': True}",XGBoostModel,"{""max_depth"":30,""n_estimators"":1000}","{'max_depth': 30, 'n_estimators': 1000}",nucleobase,cpu,cpu,0.047,measured
corrm_c67ce893ef412d16,corrective,0b5311e1012ea9dc,immune_modulation_TLR7,TLR7,S,KMersCounts,"{""k"":[1],""modification_abundance"":true}","{'k': [1], 'modification_abundance': True}",XGBoostModel,"{""max_depth"":10,""n_estimators"":1000}","{'max_depth': 10, 'n_estimators': 1000}",nucleobase,cpu,cpu,0.047,measured
corrm_c67ce893ef412d16,corrective,d6e6fdf0442bb087,immune_modulation_TLR7,TLR7,S,KMersCounts,"{""k"":[1],""modification_abundance"":true}","{'k': [1], 'modification_abundance': True}",XGBoostModel,"{""max_depth"":20,""n_estimators"":1000}","{'max_depth': 20, 'n_estimators': 1000}",nucleobase,cpu,cpu,0.047,measured
corrm_c67ce893ef412d16,corrective,944fed760e867453,immune_modulation_TLR7,TLR7,S,KMersCounts,"{""k"":[1],""modification_abundance"":true}","{'k': [1], 'modification_abundance': True}",XGBoostModel,"{""max_depth"":20,""n_estimators"":500}","{'max_depth': 20, 'n_estimators': 500}",nucleobase,cpu,cpu,0.047,measured
corrm_c67ce893ef412d16,corrective,87477e4f4d733557,immune_modulation_TLR7,TLR7,S,KMersCounts,"{""k"":[1],""modification_abundance"":true}","{'k': [1], 'modification_abundance': True}",XGBoostModel,"{""max_depth"":10,""n_estimators"":500}","{'max_depth': 10, 'n_estimators': 500}",nucleobase,cpu,cpu,0.047,measured
corrm_c67ce893ef412d16,corrective,7d5cdc9f81450fd9,immune_modulation_TLR7,TLR7,S,KMersCounts,"{""k"":[1],""modification_abundance"":true}","{'k': [1], 'modification_abundance': True}",NearestNeighborsModel,"{""n_neighbors"":5}",{'n_neighbors': 5},nucleobase,cpu,cpu,0.003,measured
corrm_c67ce893ef412d16,corrective,14568cc5945aecc8,immune_modulation_TLR7,TLR7,S,KMersCounts,"{""k"":[1],""modification_abundance"":true}","{'k': [1], 'modification_abundance': True}",NearestNeighborsModel,"{""n_neighbors"":15}",{'n_neighbors': 15},nucleobase,cpu,cpu,0.003,measured
corrm_c67ce893ef412d16,corrective,1e6bde631f017a74,immune_modulation_TLR7,TLR7,S,KMersCounts,"{""k"":[1],""modification_abundance"":true}","{'k': [1], 'modification_abundance': True}",NearestNeighborsModel,"{""n_neighbors"":10}",{'n_neighbors': 10},nucleobase,cpu,cpu,0.003,measured
corrm_c67ce893ef412d16,corrective,7488c2d07c1ac285,immune_modulation_TLR7,TLR7,S,KMersCounts,"{""k"":[1],""modification_abundance"":true}","{'k': [1], 'modification_abundance': True}",LinearModel,"{""type"":""ridge""}",{'type': 'ridge'},nucleobase,cpu,cpu,0.001,measured
corrm_c67ce893ef412d16,corrective,9dd35d4ddaf445fe,immune_modulation_TLR7,TLR7,S,KMersCounts,"{""k"":[1],""modification_abundance"":true}","{'k': [1], 'modification_abundance': True}",LinearModel,"{""type"":""standard""}",{'type': 'standard'},nucleobase,cpu,cpu,0.001,measured
corrm_31d062a7ad59439b,corrective,b2cf66796d6c4e1a,immune_modulation_TLR7,TLR7,S,KMersCounts,"{""k"":[1],""modification_abundance"":true}","{'k': [1], 'modification_abundance': True}",MLP,"{""dropout"":0,""hidden_dims"":[64]}","{'dropout': 0, 'hidden_dims': [64]}",nucleobase,gpu,gpu,0.762,measured
corrm_31d062a7ad59439b,corrective,f77f17d7ff95af70,immune_modulation_TLR7,TLR7,S,KMersCounts,"{""k"":[1],""modification_abundance"":true}","{'k': [1], 'modification_abundance': True}",MLP,"{""dropout"":0.25,""hidden_dims"":[64]}","{'dropout': 0.25, 'hidden_dims': [64]}",nucleobase,gpu,gpu,0.762,measured
corrm_31d062a7ad59439b,corrective,1d5a7ed111a5c92e,immune_modulation_TLR7,TLR7,S,KMersCounts,"{""k"":[1],""modification_abundance"":true}","{'k': [1], 'modification_abundance': True}",MLP,"{""dropout"":0,""hidden_dims"":[64,64]}","{'dropout': 0, 'hidden_dims': [64, 64]}",nucleobase,gpu,gpu,0.762,measured
corrm_31d062a7ad59439b,corrective,e98597e26befe78c,immune_modulation_TLR7,TLR7,S,KMersCounts,"{""k"":[1],""modification_abundance"":true}","{'k': [1], 'modification_abundance': True}",MLP,"{""dropout"":0.25,""hidden_dims"":[64,64]}","{'dropout': 0.25, 'hidden_dims': [64, 64]}",nucleobase,gpu,gpu,0.762,measured
corrm_31d062a7ad59439b,corrective,66c790805305f871,immune_modulation_TLR7,TLR7,S,KMersCounts,"{""k"":[1],""modification_abundance"":true}","{'k': [1], 'modification_abundance': True}",MLP,"{""dropout"":0,""hidden_dims"":[128]}","{'dropout': 0, 'hidden_dims': [128]}",nucleobase,gpu,gpu,0.762,measured
corrm_31d062a7ad59439b,corrective,f5437c1fb2e62825,immune_modulation_TLR7,TLR7,S,KMersCounts,"{""k"":[1],""modification_abundance"":true}","{'k': [1], 'modification_abundance': True}",MLP,"{""dropout"":0.25,""hidden_dims"":[128]}","{'dropout': 0.25, 'hidden_dims': [128]}",nucleobase,gpu,gpu,0.762,measured
corrm_31d062a7ad59439b,corrective,88899121dbfb88d2,immune_modulation_TLR7,TLR7,S,KMersCounts,"{""k"":[1],""modification_abundance"":true}","{'k': [1], 'modification_abundance': True}",MLP,"{""dropout"":0,""hidden_dims"":[128,128]}","{'dropout': 0, 'hidden_dims': [128, 128]}",nucleobase,gpu,gpu,0.762,measured
corrm_31d062a7ad59439b,corrective,a0e94dc06ec2091d,immune_modulation_TLR7,TLR7,S,KMersCounts,"{""k"":[1],""modification_abundance"":true}","{'k': [1], 'modification_abundance': True}",MLP,"{""dropout"":0.25,""hidden_dims"":[128,128]}","{'dropout': 0.25, 'hidden_dims': [128, 128]}",nucleobase,gpu,gpu,0.762,measured
corrm_c67ce893ef412d16,corrective,295c520c4c379d09,immune_modulation_TLR7,TLR7,S,KMersCounts,"{""k"":[1],""modification_abundance"":true}","{'k': [1], 'modification_abundance': True}",RandomForestModel,"{""max_depth"":20,""n_estimators"":1000}","{'max_depth': 20, 'n_estimators': 1000}",random,cpu,cpu,0.463,measured
corrm_c67ce893ef412d16,corrective,43d0c42daf38ce78,immune_modulation_TLR7,TLR7,S,KMersCounts,"{""k"":[1],""modification_abundance"":true}","{'k': [1], 'modification_abundance': True}",RandomForestModel,"{""max_depth"":10,""n_estimators"":100}","{'max_depth': 10, 'n_estimators': 100}",random,cpu,cpu,0.463,measured
corrm_c67ce893ef412d16,corrective,d5f6d6b23899b240,immune_modulation_TLR7,TLR7,S,KMersCounts,"{""k"":[1],""modification_abundance"":true}","{'k': [1], 'modification_abundance': True}",RandomForestModel,"{""max_depth"":20,""n_estimators"":100}","{'max_depth': 20, 'n_estimators': 100}",random,cpu,cpu,0.463,measured
corrm_c67ce893ef412d16,corrective,157dbaa098aaadc3,immune_modulation_TLR7,TLR7,S,KMersCounts,"{""k"":[1],""modification_abundance"":true}","{'k': [1], 'modification_abundance': True}",RandomForestModel,"{""max_depth"":30,""n_estimators"":100}","{'max_depth': 30, 'n_estimators': 100}",random,cpu,cpu,0.463,measured
corrm_c67ce893ef412d16,corrective,fbf40d887d8af8bc,immune_modulation_TLR7,TLR7,S,KMersCounts,"{""k"":[1],""modification_abundance"":true}","{'k': [1], 'modification_abundance': True}",RandomForestModel,"{""max_depth"":10,""n_estimators"":500}","{'max_depth': 10, 'n_estimators': 500}",random,cpu,cpu,0.463,measured
corrm_c67ce893ef412d16,corrective,df6d0ada9a0cb278,immune_modulation_TLR7,TLR7,S,KMersCounts,"{""k"":[1],""modification_abundance"":true}","{'k': [1], 'modification_abundance': True}",RandomForestModel,"{""max_depth"":20,""n_estimators"":500}","{'max_depth': 20, 'n_estimators': 500}",random,cpu,cpu,0.463,measured
corrm_c67ce893ef412d16,corrective,8a6a425829f26d4a,immune_modulation_TLR7,TLR7,S,KMersCounts,"{""k"":[1],""modification_abundance"":true}","{'k': [1], 'modification_abundance': True}",RandomForestModel,"{""max_depth"":30,""n_estimators"":500}","{'max_depth': 30, 'n_estimators': 500}",random,cpu,cpu,0.463,measured
corrm_c67ce893ef412d16,corrective,cc44cc9c55d1bc30,immune_modulation_TLR7,TLR7,S,KMersCounts,"{""k"":[1],""modification_abundance"":true}","{'k': [1], 'modification_abundance': True}",RandomForestModel,"{""max_depth"":10,""n_estimators"":1000}","{'max_depth': 10, 'n_estimators': 1000}",random,cpu,cpu,0.463,measured
corrm_c67ce893ef412d16,corrective,feaefb6c8259fb8a,immune_modulation_TLR7,TLR7,S,KMersCounts,"{""k"":[1],""modification_abundance"":true}","{'k': [1], 'modification_abundance': True}",RandomForestModel,"{""max_depth"":30,""n_estimators"":1000}","{'max_depth': 30, 'n_estimators': 1000}",random,cpu,cpu,0.463,measured
corrm_c67ce893ef412d16,corrective,8768d3f8b9aea9a8,immune_modulation_TLR7,TLR7,S,KMersCounts,"{""k"":[1],""modification_abundance"":true}","{'k': [1], 'modification_abundance': True}",XGBoostModel,"{""max_depth"":30,""n_estimators"":500}","{'max_depth': 30, 'n_estimators': 500}",random,cpu,cpu,0.047,measured
corrm_c67ce893ef412d16,corrective,42e411a69a6e49ff,immune_modulation_TLR7,TLR7,S,KMersCounts,"{""k"":[1],""modification_abundance"":true}","{'k': [1], 'modification_abundance': True}",XGBoostModel,"{""max_depth"":30,""n_estimators"":100}","{'max_depth': 30, 'n_estimators': 100}",random,cpu,cpu,0.047,measured
corrm_c67ce893ef412d16,corrective,41943d3b1faaaaeb,immune_modulation_TLR7,TLR7,S,KMersCounts,"{""k"":[1],""modification_abundance"":true}","{'k': [1], 'modification_abundance': True}",XGBoostModel,"{""max_depth"":20,""n_estimators"":100}","{'max_depth': 20, 'n_estimators': 100}",random,cpu,cpu,0.047,measured
corrm_c67ce893ef412d16,corrective,9d15dd9dced0a990,immune_modulation_TLR7,TLR7,S,KMersCounts,"{""k"":[1],""modification_abundance"":true}","{'k': [1], 'modification_abundance': True}",XGBoostModel,"{""max_depth"":10,""n_estimators"":100}","{'max_depth': 10, 'n_estimators': 100}",random,cpu,cpu,0.047,measured
corrm_c67ce893ef412d16,corrective,f6ec0f2d7bf5671b,immune_modulation_TLR7,TLR7,S,KMersCounts,"{""k"":[1],""modification_abundance"":true}","{'k': [1], 'modification_abundance': True}",XGBoostModel,"{""max_depth"":30,""n_estimators"":1000}","{'max_depth': 30, 'n_estimators': 1000}",random,cpu,cpu,0.047,measured
corrm_c67ce893ef412d16,corrective,5ca4b966e2936875,immune_modulation_TLR7,TLR7,S,KMersCounts,"{""k"":[1],""modification_abundance"":true}","{'k': [1], 'modification_abundance': True}",XGBoostModel,"{""max_depth"":10,""n_estimators"":1000}","{'max_depth': 10, 'n_estimators': 1000}",random,cpu,cpu,0.047,measured
corrm_c67ce893ef412d16,corrective,4bd4714130339f98,immune_modulation_TLR7,TLR7,S,KMersCounts,"{""k"":[1],""modification_abundance"":true}","{'k': [1], 'modification_abundance': True}",XGBoostModel,"{""max_depth"":20,""n_estimators"":1000}","{'max_depth': 20, 'n_estimators': 1000}",random,cpu,cpu,0.047,measured
corrm_c67ce893ef412d16,corrective,183c1b1ca387f82f,immune_modulation_TLR7,TLR7,S,KMersCounts,"{""k"":[1],""modification_abundance"":true}","{'k': [1], 'modification_abundance': True}",XGBoostModel,"{""max_depth"":20,""n_estimators"":500}","{'max_depth': 20, 'n_estimators': 500}",random,cpu,cpu,0.047,measured
corrm_c67ce893ef412d16,corrective,3e8c773f515b2e37,immune_modulation_TLR7,TLR7,S,KMersCounts,"{""k"":[1],""modification_abundance"":true}","{'k': [1], 'modification_abundance': True}",XGBoostModel,"{""max_depth"":10,""n_estimators"":500}","{'max_depth': 10, 'n_estimators': 500}",random,cpu,cpu,0.047,measured
corrm_c67ce893ef412d16,corrective,7f84773eac5e6035,immune_modulation_TLR7,TLR7,S,KMersCounts,"{""k"":[1],""modification_abundance"":true}","{'k': [1], 'modification_abundance': True}",NearestNeighborsModel,"{""n_neighbors"":5}",{'n_neighbors': 5},random,cpu,cpu,0.003,measured
corrm_c67ce893ef412d16,corrective,301e3091ef0384a5,immune_modulation_TLR7,TLR7,S,KMersCounts,"{""k"":[1],""modification_abundance"":true}","{'k': [1], 'modification_abundance': True}",NearestNeighborsModel,"{""n_neighbors"":15}",{'n_neighbors': 15},random,cpu,cpu,0.003,measured
corrm_c67ce893ef412d16,corrective,df97fefb7f1c21df,immune_modulation_TLR7,TLR7,S,KMersCounts,"{""k"":[1],""modification_abundance"":true}","{'k': [1], 'modification_abundance': True}",NearestNeighborsModel,"{""n_neighbors"":10}",{'n_neighbors': 10},random,cpu,cpu,0.003,measured
corrm_c67ce893ef412d16,corrective,9baeb9e240cd6942,immune_modulation_TLR7,TLR7,S,KMersCounts,"{""k"":[1],""modification_abundance"":true}","{'k': [1], 'modification_abundance': True}",LinearModel,"{""type"":""ridge""}",{'type': 'ridge'},random,cpu,cpu,0.001,measured
corrm_c67ce893ef412d16,corrective,5575cb3f497bd8ad,immune_modulation_TLR7,TLR7,S,KMersCounts,"{""k"":[1],""modification_abundance"":true}","{'k': [1], 'modification_abundance': True}",LinearModel,"{""type"":""standard""}",{'type': 'standard'},random,cpu,cpu,0.001,measured
corrm_31d062a7ad59439b,corrective,232c4ae0b0847139,immune_modulation_TLR7,TLR7,S,KMersCounts,"{""k"":[1],""modification_abundance"":true}","{'k': [1], 'modification_abundance': True}",MLP,"{""dropout"":0,""hidden_dims"":[64]}","{'dropout': 0, 'hidden_dims': [64]}",random,gpu,gpu,0.762,measured
corrm_31d062a7ad59439b,corrective,8b401d8a9c048744,immune_modulation_TLR7,TLR7,S,KMersCounts,"{""k"":[1],""modification_abundance"":true}","{'k': [1], 'modification_abundance': True}",MLP,"{""dropout"":0.25,""hidden_dims"":[64]}","{'dropout': 0.25, 'hidden_dims': [64]}",random,gpu,gpu,0.762,measured
corrm_31d062a7ad59439b,corrective,c768f761baf064dd,immune_modulation_TLR7,TLR7,S,KMersCounts,"{""k"":[1],""modification_abundance"":true}","{'k': [1], 'modification_abundance': True}",MLP,"{""dropout"":0,""hidden_dims"":[64,64]}","{'dropout': 0, 'hidden_dims': [64, 64]}",random,gpu,gpu,0.762,measured
corrm_31d062a7ad59439b,corrective,2a28c78c209b49ae,immune_modulation_TLR7,TLR7,S,KMersCounts,"{""k"":[1],""modification_abundance"":true}","{'k': [1], 'modification_abundance': True}",MLP,"{""dropout"":0.25,""hidden_dims"":[64,64]}","{'dropout': 0.25, 'hidden_dims': [64, 64]}",random,gpu,gpu,0.762,measured
corrm_31d062a7ad59439b,corrective,1d478341a8d7274d,immune_modulation_TLR7,TLR7,S,KMersCounts,"{""k"":[1],""modification_abundance"":true}","{'k': [1], 'modification_abundance': True}",MLP,"{""dropout"":0,""hidden_dims"":[128]}","{'dropout': 0, 'hidden_dims': [128]}",random,gpu,gpu,0.762,measured
corrm_31d062a7ad59439b,corrective,2cb81caab3736935,immune_modulation_TLR7,TLR7,S,KMersCounts,"{""k"":[1],""modification_abundance"":true}","{'k': [1], 'modification_abundance': True}",MLP,"{""dropout"":0.25,""hidden_dims"":[128]}","{'dropout': 0.25, 'hidden_dims': [128]}",random,gpu,gpu,0.762,measured
corrm_31d062a7ad59439b,corrective,eea54342d4c66545,immune_modulation_TLR7,TLR7,S,KMersCounts,"{""k"":[1],""modification_abundance"":true}","{'k': [1], 'modification_abundance': True}",MLP,"{""dropout"":0,""hidden_dims"":[128,128]}","{'dropout': 0, 'hidden_dims': [128, 128]}",random,gpu,gpu,0.762,measured
corrm_31d062a7ad59439b,corrective,39cc198b6074217d,immune_modulation_TLR7,TLR7,S,KMersCounts,"{""k"":[1],""modification_abundance"":true}","{'k': [1], 'modification_abundance': True}",MLP,"{""dropout"":0.25,""hidden_dims"":[128,128]}","{'dropout': 0.25, 'hidden_dims': [128, 128]}",random,gpu,gpu,0.762,measured
corrm_c67ce893ef412d16,corrective,564f6e5204e4b5ac,immune_modulation_TLR7,TLR7,S,OneHotEncoder,"{""encode_components"":[""base"",""sugar"",""phosphate""]}","{'encode_components': ['base', 'sugar', 'phosphate']}",RandomForestModel,"{""max_depth"":20,""n_estimators"":1000}","{'max_depth': 20, 'n_estimators': 1000}",nucleobase,cpu,cpu,0.463,measured
corrm_c67ce893ef412d16,corrective,ff028eb3bd20a3ec,immune_modulation_TLR7,TLR7,S,OneHotEncoder,"{""encode_components"":[""base"",""sugar"",""phosphate""]}","{'encode_components': ['base', 'sugar', 'phosphate']}",RandomForestModel,"{""max_depth"":10,""n_estimators"":100}","{'max_depth': 10, 'n_estimators': 100}",nucleobase,cpu,cpu,0.463,measured
corrm_c67ce893ef412d16,corrective,3d1da882d5878f67,immune_modulation_TLR7,TLR7,S,OneHotEncoder,"{""encode_components"":[""base"",""sugar"",""phosphate""]}","{'encode_components': ['base', 'sugar', 'phosphate']}",RandomForestModel,"{""max_depth"":20,""n_estimators"":100}","{'max_depth': 20, 'n_estimators': 100}",nucleobase,cpu,cpu,0.463,measured
corrm_c67ce893ef412d16,corrective,07581d8e361c317e,immune_modulation_TLR7,TLR7,S,OneHotEncoder,"{""encode_components"":[""base"",""sugar"",""phosphate""]}","{'encode_components': ['base', 'sugar', 'phosphate']}",RandomForestModel,"{""max_depth"":30,""n_estimators"":100}","{'max_depth': 30, 'n_estimators': 100}",nucleobase,cpu,cpu,0.463,measured
corrm_c67ce893ef412d16,corrective,a5fbbe6a8805b827,immune_modulation_TLR7,TLR7,S,OneHotEncoder,"{""encode_components"":[""base"",""sugar"",""phosphate""]}","{'encode_components': ['base', 'sugar', 'phosphate']}",RandomForestModel,"{""max_depth"":10,""n_estimators"":500}","{'max_depth': 10, 'n_estimators': 500}",nucleobase,cpu,cpu,0.463,measured
corrm_c67ce893ef412d16,corrective,066ab88e7d14d751,immune_modulation_TLR7,TLR7,S,OneHotEncoder,"{""encode_components"":[""base"",""sugar"",""phosphate""]}","{'encode_components': ['base', 'sugar', 'phosphate']}",RandomForestModel,"{""max_depth"":20,""n_estimators"":500}","{'max_depth': 20, 'n_estimators': 500}",nucleobase,cpu,cpu,0.463,measured
corrm_c67ce893ef412d16,corrective,584a29129559eebe,immune_modulation_TLR7,TLR7,S,OneHotEncoder,"{""encode_components"":[""base"",""sugar"",""phosphate""]}","{'encode_components': ['base', 'sugar', 'phosphate']}",RandomForestModel,"{""max_depth"":30,""n_estimators"":500}","{'max_depth': 30, 'n_estimators': 500}",nucleobase,cpu,cpu,0.463,measured
corrm_c67ce893ef412d16,corrective,940ce05ae23bc2bd,immune_modulation_TLR7,TLR7,S,OneHotEncoder,"{""encode_components"":[""base"",""sugar"",""phosphate""]}","{'encode_components': ['base', 'sugar', 'phosphate']}",RandomForestModel,"{""max_depth"":10,""n_estimators"":1000}","{'max_depth': 10, 'n_estimators': 1000}",nucleobase,cpu,cpu,0.463,measured
corrm_c67ce893ef412d16,corrective,8da88a68b7d24a5d,immune_modulation_TLR7,TLR7,S,OneHotEncoder,"{""encode_components"":[""base"",""sugar"",""phosphate""]}","{'encode_components': ['base', 'sugar', 'phosphate']}",RandomForestModel,"{""max_depth"":30,""n_estimators"":1000}","{'max_depth': 30, 'n_estimators': 1000}",nucleobase,cpu,cpu,0.463,measured
corrm_c67ce893ef412d16,corrective,221186bebc81ba4f,immune_modulation_TLR7,TLR7,S,OneHotEncoder,"{""encode_components"":[""base"",""sugar"",""phosphate""]}","{'encode_components': ['base', 'sugar', 'phosphate']}",XGBoostModel,"{""max_depth"":30,""n_estimators"":500}","{'max_depth': 30, 'n_estimators': 500}",nucleobase,cpu,cpu,0.047,measured
corrm_c67ce893ef412d16,corrective,f909326f8ae8a2a3,immune_modulation_TLR7,TLR7,S,OneHotEncoder,"{""encode_components"":[""base"",""sugar"",""phosphate""]}","{'encode_components': ['base', 'sugar', 'phosphate']}",XGBoostModel,"{""max_depth"":30,""n_estimators"":100}","{'max_depth': 30, 'n_estimators': 100}",nucleobase,cpu,cpu,0.047,measured
corrm_c67ce893ef412d16,corrective,3785a17c48634ce5,immune_modulation_TLR7,TLR7,S,OneHotEncoder,"{""encode_components"":[""base"",""sugar"",""phosphate""]}","{'encode_components': ['base', 'sugar', 'phosphate']}",XGBoostModel,"{""max_depth"":20,""n_estimators"":100}","{'max_depth': 20, 'n_estimators': 100}",nucleobase,cpu,cpu,0.047,measured
corrm_c67ce893ef412d16,corrective,dca137e0adf61abd,immune_modulation_TLR7,TLR7,S,OneHotEncoder,"{""encode_components"":[""base"",""sugar"",""phosphate""]}","{'encode_components': ['base', 'sugar', 'phosphate']}",XGBoostModel,"{""max_depth"":10,""n_estimators"":100}","{'max_depth': 10, 'n_estimators': 100}",nucleobase,cpu,cpu,0.047,measured
corrm_c67ce893ef412d16,corrective,d931f32a66a1063e,immune_modulation_TLR7,TLR7,S,OneHotEncoder,"{""encode_components"":[""base"",""sugar"",""phosphate""]}","{'encode_components': ['base', 'sugar', 'phosphate']}",XGBoostModel,"{""max_depth"":30,""n_estimators"":1000}","{'max_depth': 30, 'n_estimators': 1000}",nucleobase,cpu,cpu,0.047,measured
corrm_c67ce893ef412d16,corrective,9804bc74b14bbdc2,immune_modulation_TLR7,TLR7,S,OneHotEncoder,"{""encode_components"":[""base"",""sugar"",""phosphate""]}","{'encode_components': ['base', 'sugar', 'phosphate']}",XGBoostModel,"{""max_depth"":10,""n_estimators"":1000}","{'max_depth': 10, 'n_estimators': 1000}",nucleobase,cpu,cpu,0.047,measured
corrm_c67ce893ef412d16,corrective,a9f3e1cc9080005f,immune_modulation_TLR7,TLR7,S,OneHotEncoder,"{""encode_components"":[""base"",""sugar"",""phosphate""]}","{'encode_components': ['base', 'sugar', 'phosphate']}",XGBoostModel,"{""max_depth"":20,""n_estimators"":1000}","{'max_depth': 20, 'n_estimators': 1000}",nucleobase,cpu,cpu,0.047,measured
corrm_c67ce893ef412d16,corrective,632ae8bfd85775ca,immune_modulation_TLR7,TLR7,S,OneHotEncoder,"{""encode_components"":[""base"",""sugar"",""phosphate""]}","{'encode_components': ['base', 'sugar', 'phosphate']}",XGBoostModel,"{""max_depth"":20,""n_estimators"":500}","{'max_depth': 20, 'n_estimators': 500}",nucleobase,cpu,cpu,0.047,measured
corrm_c67ce893ef412d16,corrective,3e2e0b66864f5d5a,immune_modulation_TLR7,TLR7,S,OneHotEncoder,"{""encode_components"":[""base"",""sugar"",""phosphate""]}","{'encode_components': ['base', 'sugar', 'phosphate']}",XGBoostModel,"{""max_depth"":10,""n_estimators"":500}","{'max_depth': 10, 'n_estimators': 500}",nucleobase,cpu,cpu,0.047,measured
corrm_c67ce893ef412d16,corrective,8af7f1779d3ca87f,immune_modulation_TLR7,TLR7,S,OneHotEncoder,"{""encode_components"":[""base"",""sugar"",""phosphate""]}","{'encode_components': ['base', 'sugar', 'phosphate']}",NearestNeighborsModel,"{""n_neighbors"":5}",{'n_neighbors': 5},nucleobase,cpu,cpu,0.003,measured
corrm_c67ce893ef412d16,corrective,04e4ae478015c66f,immune_modulation_TLR7,TLR7,S,OneHotEncoder,"{""encode_components"":[""base"",""sugar"",""phosphate""]}","{'encode_components': ['base', 'sugar', 'phosphate']}",NearestNeighborsModel,"{""n_neighbors"":15}",{'n_neighbors': 15},nucleobase,cpu,cpu,0.003,measured
corrm_c67ce893ef412d16,corrective,de47f1a2545410a6,immune_modulation_TLR7,TLR7,S,OneHotEncoder,"{""encode_components"":[""base"",""sugar"",""phosphate""]}","{'encode_components': ['base', 'sugar', 'phosphate']}",NearestNeighborsModel,"{""n_neighbors"":10}",{'n_neighbors': 10},nucleobase,cpu,cpu,0.003,measured
corrm_c67ce893ef412d16,corrective,259e2444642d2d11,immune_modulation_TLR7,TLR7,S,OneHotEncoder,"{""encode_components"":[""base"",""sugar"",""phosphate""]}","{'encode_components': ['base', 'sugar', 'phosphate']}",LinearModel,"{""type"":""ridge""}",{'type': 'ridge'},nucleobase,cpu,cpu,0.001,measured
corrm_c67ce893ef412d16,corrective,97dee4011dfdcf48,immune_modulation_TLR7,TLR7,S,OneHotEncoder,"{""encode_components"":[""base"",""sugar"",""phosphate""]}","{'encode_components': ['base', 'sugar', 'phosphate']}",LinearModel,"{""type"":""standard""}",{'type': 'standard'},nucleobase,cpu,cpu,0.001,measured
corrm_31d062a7ad59439b,corrective,907c80c135d3c7ac,immune_modulation_TLR7,TLR7,S,OneHotEncoder,"{""encode_components"":[""base"",""sugar"",""phosphate""]}","{'encode_components': ['base', 'sugar', 'phosphate']}",CNN,"{""depth"":1,""hidden_dim"":32,""kernel_size"":3,""pooling_operation"":""max""}","{'depth': 1, 'hidden_dim': 32, 'kernel_size': 3, 'pooling_operation': 'max'}",nucleobase,gpu,gpu,1.522,measured
corrm_31d062a7ad59439b,corrective,893139efafb9fc09,immune_modulation_TLR7,TLR7,S,OneHotEncoder,"{""encode_components"":[""base"",""sugar"",""phosphate""]}","{'encode_components': ['base', 'sugar', 'phosphate']}",CNN,"{""depth"":1,""hidden_dim"":64,""kernel_size"":7,""pooling_operation"":""avg""}","{'depth': 1, 'hidden_dim': 64, 'kernel_size': 7, 'pooling_operation': 'avg'}",nucleobase,gpu,gpu,1.522,measured
corrm_31d062a7ad59439b,corrective,c50e7fe39b6844ba,immune_modulation_TLR7,TLR7,S,OneHotEncoder,"{""encode_components"":[""base"",""sugar"",""phosphate""]}","{'encode_components': ['base', 'sugar', 'phosphate']}",CNN,"{""depth"":1,""hidden_dim"":32,""kernel_size"":3,""pooling_operation"":""avg""}","{'depth': 1, 'hidden_dim': 32, 'kernel_size': 3, 'pooling_operation': 'avg'}",nucleobase,gpu,gpu,1.522,measured
corrm_31d062a7ad59439b,corrective,4650f3bf0a3560c3,immune_modulation_TLR7,TLR7,S,OneHotEncoder,"{""encode_components"":[""base"",""sugar"",""phosphate""]}","{'encode_components': ['base', 'sugar', 'phosphate']}",CNN,"{""depth"":2,""hidden_dim"":64,""kernel_size"":5,""pooling_operation"":""avg""}","{'depth': 2, 'hidden_dim': 64, 'kernel_size': 5, 'pooling_operation': 'avg'}",nucleobase,gpu,gpu,1.522,measured
corrm_31d062a7ad59439b,corrective,44844f3be5131c1c,immune_modulation_TLR7,TLR7,S,OneHotEncoder,"{""encode_components"":[""base"",""sugar"",""phosphate""]}","{'encode_components': ['base', 'sugar', 'phosphate']}",CNN,"{""depth"":2,""hidden_dim"":64,""kernel_size"":5,""pooling_operation"":""max""}","{'depth': 2, 'hidden_dim': 64, 'kernel_size': 5, 'pooling_operation': 'max'}",nucleobase,gpu,gpu,1.522,measured
corrm_31d062a7ad59439b,corrective,5af93b5c1bee3ac0,immune_modulation_TLR7,TLR7,S,OneHotEncoder,"{""encode_components"":[""base"",""sugar"",""phosphate""]}","{'encode_components': ['base', 'sugar', 'phosphate']}",CNN,"{""depth"":2,""hidden_dim"":64,""kernel_size"":3,""pooling_operation"":""avg""}","{'depth': 2, 'hidden_dim': 64, 'kernel_size': 3, 'pooling_operation': 'avg'}",nucleobase,gpu,gpu,1.522,measured
corrm_31d062a7ad59439b,corrective,ce9125af7f5b254f,immune_modulation_TLR7,TLR7,S,OneHotEncoder,"{""encode_components"":[""base"",""sugar"",""phosphate""]}","{'encode_components': ['base', 'sugar', 'phosphate']}",CNN,"{""depth"":2,""hidden_dim"":64,""kernel_size"":3,""pooling_operation"":""max""}","{'depth': 2, 'hidden_dim': 64, 'kernel_size': 3, 'pooling_operation': 'max'}",nucleobase,gpu,gpu,1.522,measured
corrm_31d062a7ad59439b,corrective,29b99df76fed45df,immune_modulation_TLR7,TLR7,S,OneHotEncoder,"{""encode_components"":[""base"",""sugar"",""phosphate""]}","{'encode_components': ['base', 'sugar', 'phosphate']}",CNN,"{""depth"":2,""hidden_dim"":32,""kernel_size"":5,""pooling_operation"":""avg""}","{'depth': 2, 'hidden_dim': 32, 'kernel_size': 5, 'pooling_operation': 'avg'}",nucleobase,gpu,gpu,1.522,measured
corrm_31d062a7ad59439b,corrective,d1c95aa4bb1f84b3,immune_modulation_TLR7,TLR7,S,OneHotEncoder,"{""encode_components"":[""base"",""sugar"",""phosphate""]}","{'encode_components': ['base', 'sugar', 'phosphate']}",CNN,"{""depth"":2,""hidden_dim"":32,""kernel_size"":3,""pooling_operation"":""avg""}","{'depth': 2, 'hidden_dim': 32, 'kernel_size': 3, 'pooling_operation': 'avg'}",nucleobase,gpu,gpu,1.522,measured
corrm_31d062a7ad59439b,corrective,2e3b9445054dfa66,immune_modulation_TLR7,TLR7,S,OneHotEncoder,"{""encode_components"":[""base"",""sugar"",""phosphate""]}","{'encode_components': ['base', 'sugar', 'phosphate']}",CNN,"{""depth"":2,""hidden_dim"":32,""kernel_size"":3,""pooling_operation"":""max""}","{'depth': 2, 'hidden_dim': 32, 'kernel_size': 3, 'pooling_operation': 'max'}",nucleobase,gpu,gpu,1.522,measured
corrm_31d062a7ad59439b,corrective,2b04a259b8d6f8ea,immune_modulation_TLR7,TLR7,S,OneHotEncoder,"{""encode_components"":[""base"",""sugar"",""phosphate""]}","{'encode_components': ['base', 'sugar', 'phosphate']}",CNN,"{""depth"":2,""hidden_dim"":32,""kernel_size"":5,""pooling_operation"":""max""}","{'depth': 2, 'hidden_dim': 32, 'kernel_size': 5, 'pooling_operation': 'max'}",nucleobase,gpu,gpu,1.522,measured
corrm_31d062a7ad59439b,corrective,19778e32742f152b,immune_modulation_TLR7,TLR7,S,OneHotEncoder,"{""encode_components"":[""base"",""sugar"",""phosphate""]}","{'encode_components': ['base', 'sugar', 'phosphate']}",CNN,"{""depth"":1,""hidden_dim"":64,""kernel_size"":7,""pooling_operation"":""max""}","{'depth': 1, 'hidden_dim': 64, 'kernel_size': 7, 'pooling_operation': 'max'}",nucleobase,gpu,gpu,1.522,measured
corrm_31d062a7ad59439b,corrective,3c32a0c9804900a8,immune_modulation_TLR7,TLR7,S,OneHotEncoder,"{""encode_components"":[""base"",""sugar"",""phosphate""]}","{'encode_components': ['base', 'sugar', 'phosphate']}",CNN,"{""depth"":1,""hidden_dim"":64,""kernel_size"":5,""pooling_operation"":""max""}","{'depth': 1, 'hidden_dim': 64, 'kernel_size': 5, 'pooling_operation': 'max'}",nucleobase,gpu,gpu,1.522,measured
corrm_31d062a7ad59439b,corrective,a264133a9e5aa4fe,immune_modulation_TLR7,TLR7,S,OneHotEncoder,"{""encode_components"":[""base"",""sugar"",""phosphate""]}","{'encode_components': ['base', 'sugar', 'phosphate']}",CNN,"{""depth"":1,""hidden_dim"":32,""kernel_size"":5,""pooling_operation"":""max""}","{'depth': 1, 'hidden_dim': 32, 'kernel_size': 5, 'pooling_operation': 'max'}",nucleobase,gpu,gpu,1.522,measured
corrm_31d062a7ad59439b,corrective,3584824149e20bf3,immune_modulation_TLR7,TLR7,S,OneHotEncoder,"{""encode_components"":[""base"",""sugar"",""phosphate""]}","{'encode_components': ['base', 'sugar', 'phosphate']}",CNN,"{""depth"":1,""hidden_dim"":64,""kernel_size"":3,""pooling_operation"":""avg""}","{'depth': 1, 'hidden_dim': 64, 'kernel_size': 3, 'pooling_operation': 'avg'}",nucleobase,gpu,gpu,1.522,measured
corrm_31d062a7ad59439b,corrective,e94684f4f9515e6f,immune_modulation_TLR7,TLR7,S,OneHotEncoder,"{""encode_components"":[""base"",""sugar"",""phosphate""]}","{'encode_components': ['base', 'sugar', 'phosphate']}",CNN,"{""depth"":1,""hidden_dim"":64,""kernel_size"":3,""pooling_operation"":""max""}","{'depth': 1, 'hidden_dim': 64, 'kernel_size': 3, 'pooling_operation': 'max'}",nucleobase,gpu,gpu,1.522,measured
corrm_31d062a7ad59439b,corrective,9c2133464f506842,immune_modulation_TLR7,TLR7,S,OneHotEncoder,"{""encode_components"":[""base"",""sugar"",""phosphate""]}","{'encode_components': ['base', 'sugar', 'phosphate']}",CNN,"{""depth"":1,""hidden_dim"":32,""kernel_size"":7,""pooling_operation"":""avg""}","{'depth': 1, 'hidden_dim': 32, 'kernel_size': 7, 'pooling_operation': 'avg'}",nucleobase,gpu,gpu,1.522,measured
corrm_31d062a7ad59439b,corrective,9cddedb437d1d203,immune_modulation_TLR7,TLR7,S,OneHotEncoder,"{""encode_components"":[""base"",""sugar"",""phosphate""]}","{'encode_components': ['base', 'sugar', 'phosphate']}",CNN,"{""depth"":1,""hidden_dim"":32,""kernel_size"":7,""pooling_operation"":""max""}","{'depth': 1, 'hidden_dim': 32, 'kernel_size': 7, 'pooling_operation': 'max'}",nucleobase,gpu,gpu,1.522,measured
corrm_31d062a7ad59439b,corrective,fed13b0cd1299818,immune_modulation_TLR7,TLR7,S,OneHotEncoder,"{""encode_components"":[""base"",""sugar"",""phosphate""]}","{'encode_components': ['base', 'sugar', 'phosphate']}",CNN,"{""depth"":1,""hidden_dim"":32,""kernel_size"":5,""pooling_operation"":""avg""}","{'depth': 1, 'hidden_dim': 32, 'kernel_size': 5, 'pooling_operation': 'avg'}",nucleobase,gpu,gpu,1.522,measured
corrm_31d062a7ad59439b,corrective,129a46cd58537616,immune_modulation_TLR7,TLR7,S,OneHotEncoder,"{""encode_components"":[""base"",""sugar"",""phosphate""]}","{'encode_components': ['base', 'sugar', 'phosphate']}",CNN,"{""depth"":1,""hidden_dim"":64,""kernel_size"":5,""pooling_operation"":""avg""}","{'depth': 1, 'hidden_dim': 64, 'kernel_size': 5, 'pooling_operation': 'avg'}",nucleobase,gpu,gpu,1.522,measured
corrm_31d062a7ad59439b,corrective,34f24c9867954d9f,immune_modulation_TLR7,TLR7,S,OneHotEncoder,"{""encode_components"":[""base"",""sugar"",""phosphate""]}","{'encode_components': ['base', 'sugar', 'phosphate']}",Transformer,"{""d_model"":128,""dim_feedforward"":64,""dropout"":0,""nhead"":2,""num_layers"":1}","{'d_model': 128, 'dim_feedforward': 64, 'dropout': 0, 'nhead': 2, 'num_layers': 1}",nucleobase,gpu,gpu,1.371,measured
corrm_31d062a7ad59439b,corrective,7159c5a6d32d7863,immune_modulation_TLR7,TLR7,S,OneHotEncoder,"{""encode_components"":[""base"",""sugar"",""phosphate""]}","{'encode_components': ['base', 'sugar', 'phosphate']}",Transformer,"{""d_model"":128,""dim_feedforward"":64,""dropout"":0,""nhead"":2,""num_layers"":2}","{'d_model': 128, 'dim_feedforward': 64, 'dropout': 0, 'nhead': 2, 'num_layers': 2}",nucleobase,gpu,gpu,1.371,measured
corrm_31d062a7ad59439b,corrective,f54d5b9033a68e59,immune_modulation_TLR7,TLR7,S,OneHotEncoder,"{""encode_components"":[""base"",""sugar"",""phosphate""]}","{'encode_components': ['base', 'sugar', 'phosphate']}",Transformer,"{""d_model"":128,""dim_feedforward"":64,""dropout"":0.25,""nhead"":2,""num_layers"":1}","{'d_model': 128, 'dim_feedforward': 64, 'dropout': 0.25, 'nhead': 2, 'num_layers': 1}",nucleobase,gpu,gpu,1.371,measured
corrm_31d062a7ad59439b,corrective,5316ae61b9e0dffe,immune_modulation_TLR7,TLR7,S,OneHotEncoder,"{""encode_components"":[""base"",""sugar"",""phosphate""]}","{'encode_components': ['base', 'sugar', 'phosphate']}",Transformer,"{""d_model"":64,""dim_feedforward"":128,""dropout"":0,""nhead"":4,""num_layers"":1}","{'d_model': 64, 'dim_feedforward': 128, 'dropout': 0, 'nhead': 4, 'num_layers': 1}",nucleobase,gpu,gpu,1.371,measured
corrm_31d062a7ad59439b,corrective,fbe57d4957c6ab8c,immune_modulation_TLR7,TLR7,S,OneHotEncoder,"{""encode_components"":[""base"",""sugar"",""phosphate""]}","{'encode_components': ['base', 'sugar', 'phosphate']}",Transformer,"{""d_model"":64,""dim_feedforward"":128,""dropout"":0.25,""nhead"":4,""num_layers"":2}","{'d_model': 64, 'dim_feedforward': 128, 'dropout': 0.25, 'nhead': 4, 'num_layers': 2}",nucleobase,gpu,gpu,1.371,measured
corrm_31d062a7ad59439b,corrective,dec3cd76d4f34e60,immune_modulation_TLR7,TLR7,S,OneHotEncoder,"{""encode_components"":[""base"",""sugar"",""phosphate""]}","{'encode_components': ['base', 'sugar', 'phosphate']}",Transformer,"{""d_model"":64,""dim_feedforward"":128,""dropout"":0,""nhead"":4,""num_layers"":2}","{'d_model': 64, 'dim_feedforward': 128, 'dropout': 0, 'nhead': 4, 'num_layers': 2}",nucleobase,gpu,gpu,1.371,measured
corrm_31d062a7ad59439b,corrective,cf595a82725dee40,immune_modulation_TLR7,TLR7,S,OneHotEncoder,"{""encode_components"":[""base"",""sugar"",""phosphate""]}","{'encode_components': ['base', 'sugar', 'phosphate']}",Transformer,"{""d_model"":64,""dim_feedforward"":128,""dropout"":0.25,""nhead"":4,""num_layers"":1}","{'d_model': 64, 'dim_feedforward': 128, 'dropout': 0.25, 'nhead': 4, 'num_layers': 1}",nucleobase,gpu,gpu,1.371,measured
corrm_31d062a7ad59439b,corrective,ffcfa394812126c8,immune_modulation_TLR7,TLR7,S,OneHotEncoder,"{""encode_components"":[""base"",""sugar"",""phosphate""]}","{'encode_components': ['base', 'sugar', 'phosphate']}",Transformer,"{""d_model"":128,""dim_feedforward"":128,""dropout"":0,""nhead"":2,""num_layers"":1}","{'d_model': 128, 'dim_feedforward': 128, 'dropout': 0, 'nhead': 2, 'num_layers': 1}",nucleobase,gpu,gpu,1.371,measured
corrm_31d062a7ad59439b,corrective,400ac1f38067300a,immune_modulation_TLR7,TLR7,S,OneHotEncoder,"{""encode_components"":[""base"",""sugar"",""phosphate""]}","{'encode_components': ['base', 'sugar', 'phosphate']}",Transformer,"{""d_model"":128,""dim_feedforward"":64,""dropout"":0.25,""nhead"":2,""num_layers"":2}","{'d_model': 128, 'dim_feedforward': 64, 'dropout': 0.25, 'nhead': 2, 'num_layers': 2}",nucleobase,gpu,gpu,1.371,measured
corrm_31d062a7ad59439b,corrective,1bf2708e78c0a638,immune_modulation_TLR7,TLR7,S,OneHotEncoder,"{""encode_components"":[""base"",""sugar"",""phosphate""]}","{'encode_components': ['base', 'sugar', 'phosphate']}",Transformer,"{""d_model"":128,""dim_feedforward"":128,""dropout"":0,""nhead"":4,""num_layers"":2}","{'d_model': 128, 'dim_feedforward': 128, 'dropout': 0, 'nhead': 4, 'num_layers': 2}",nucleobase,gpu,gpu,1.371,measured
corrm_31d062a7ad59439b,corrective,a03f859970fba51e,immune_modulation_TLR7,TLR7,S,OneHotEncoder,"{""encode_components"":[""base"",""sugar"",""phosphate""]}","{'encode_components': ['base', 'sugar', 'phosphate']}",Transformer,"{""d_model"":128,""dim_feedforward"":128,""dropout"":0.25,""nhead"":2,""num_layers"":1}","{'d_model': 128, 'dim_feedforward': 128, 'dropout': 0.25, 'nhead': 2, 'num_layers': 1}",nucleobase,gpu,gpu,1.371,measured
corrm_31d062a7ad59439b,corrective,b37f47c030b2b59c,immune_modulation_TLR7,TLR7,S,OneHotEncoder,"{""encode_components"":[""base"",""sugar"",""phosphate""]}","{'encode_components': ['base', 'sugar', 'phosphate']}",Transformer,"{""d_model"":128,""dim_feedforward"":128,""dropout"":0,""nhead"":2,""num_layers"":2}","{'d_model': 128, 'dim_feedforward': 128, 'dropout': 0, 'nhead': 2, 'num_layers': 2}",nucleobase,gpu,gpu,1.371,measured
corrm_31d062a7ad59439b,corrective,5f261aecbbd8805d,immune_modulation_TLR7,TLR7,S,OneHotEncoder,"{""encode_components"":[""base"",""sugar"",""phosphate""]}","{'encode_components': ['base', 'sugar', 'phosphate']}",Transformer,"{""d_model"":128,""dim_feedforward"":128,""dropout"":0.25,""nhead"":2,""num_layers"":2}","{'d_model': 128, 'dim_feedforward': 128, 'dropout': 0.25, 'nhead': 2, 'num_layers': 2}",nucleobase,gpu,gpu,1.371,measured
corrm_31d062a7ad59439b,corrective,f1c48a81212bf1f3,immune_modulation_TLR7,TLR7,S,OneHotEncoder,"{""encode_components"":[""base"",""sugar"",""phosphate""]}","{'encode_components': ['base', 'sugar', 'phosphate']}",Transformer,"{""d_model"":128,""dim_feedforward"":64,""dropout"":0,""nhead"":4,""num_layers"":1}","{'d_model': 128, 'dim_feedforward': 64, 'dropout': 0, 'nhead': 4, 'num_layers': 1}",nucleobase,gpu,gpu,1.371,measured
corrm_31d062a7ad59439b,corrective,fa6c9473ccfeeb30,immune_modulation_TLR7,TLR7,S,OneHotEncoder,"{""encode_components"":[""base"",""sugar"",""phosphate""]}","{'encode_components': ['base', 'sugar', 'phosphate']}",Transformer,"{""d_model"":128,""dim_feedforward"":64,""dropout"":0.25,""nhead"":4,""num_layers"":1}","{'d_model': 128, 'dim_feedforward': 64, 'dropout': 0.25, 'nhead': 4, 'num_layers': 1}",nucleobase,gpu,gpu,1.371,measured
corrm_31d062a7ad59439b,corrective,b4ff4c7cc5b138bb,immune_modulation_TLR7,TLR7,S,OneHotEncoder,"{""encode_components"":[""base"",""sugar"",""phosphate""]}","{'encode_components': ['base', 'sugar', 'phosphate']}",Transformer,"{""d_model"":128,""dim_feedforward"":64,""dropout"":0,""nhead"":4,""num_layers"":2}","{'d_model': 128, 'dim_feedforward': 64, 'dropout': 0, 'nhead': 4, 'num_layers': 2}",nucleobase,gpu,gpu,1.371,measured
corrm_31d062a7ad59439b,corrective,1a84d6ae1aaedfc2,immune_modulation_TLR7,TLR7,S,OneHotEncoder,"{""encode_components"":[""base"",""sugar"",""phosphate""]}","{'encode_components': ['base', 'sugar', 'phosphate']}",Transformer,"{""d_model"":128,""dim_feedforward"":64,""dropout"":0.25,""nhead"":4,""num_layers"":2}","{'d_model': 128, 'dim_feedforward': 64, 'dropout': 0.25, 'nhead': 4, 'num_layers': 2}",nucleobase,gpu,gpu,1.371,measured
corrm_31d062a7ad59439b,corrective,591abdd9bafc5cc0,immune_modulation_TLR7,TLR7,S,OneHotEncoder,"{""encode_components"":[""base"",""sugar"",""phosphate""]}","{'encode_components': ['base', 'sugar', 'phosphate']}",Transformer,"{""d_model"":128,""dim_feedforward"":128,""dropout"":0,""nhead"":4,""num_layers"":1}","{'d_model': 128, 'dim_feedforward': 128, 'dropout': 0, 'nhead': 4, 'num_layers': 1}",nucleobase,gpu,gpu,1.371,measured
corrm_31d062a7ad59439b,corrective,c14b67a187b12d0a,immune_modulation_TLR7,TLR7,S,OneHotEncoder,"{""encode_components"":[""base"",""sugar"",""phosphate""]}","{'encode_components': ['base', 'sugar', 'phosphate']}",Transformer,"{""d_model"":128,""dim_feedforward"":128,""dropout"":0.25,""nhead"":4,""num_layers"":1}","{'d_model': 128, 'dim_feedforward': 128, 'dropout': 0.25, 'nhead': 4, 'num_layers': 1}",nucleobase,gpu,gpu,1.371,measured
corrm_31d062a7ad59439b,corrective,befa46db33f2e0f1,immune_modulation_TLR7,TLR7,S,OneHotEncoder,"{""encode_components"":[""base"",""sugar"",""phosphate""]}","{'encode_components': ['base', 'sugar', 'phosphate']}",Transformer,"{""d_model"":64,""dim_feedforward"":64,""dropout"":0,""nhead"":4,""num_layers"":2}","{'d_model': 64, 'dim_feedforward': 64, 'dropout': 0, 'nhead': 4, 'num_layers': 2}",nucleobase,gpu,gpu,1.371,measured
corrm_31d062a7ad59439b,corrective,b35a9ea382528bcb,immune_modulation_TLR7,TLR7,S,OneHotEncoder,"{""encode_components"":[""base"",""sugar"",""phosphate""]}","{'encode_components': ['base', 'sugar', 'phosphate']}",Transformer,"{""d_model"":64,""dim_feedforward"":64,""dropout"":0.25,""nhead"":4,""num_layers"":2}","{'d_model': 64, 'dim_feedforward': 64, 'dropout': 0.25, 'nhead': 4, 'num_layers': 2}",nucleobase,gpu,gpu,1.371,measured
corrm_31d062a7ad59439b,corrective,192acf3b0a63063b,immune_modulation_TLR7,TLR7,S,OneHotEncoder,"{""encode_components"":[""base"",""sugar"",""phosphate""]}","{'encode_components': ['base', 'sugar', 'phosphate']}",Transformer,"{""d_model"":64,""dim_feedforward"":64,""dropout"":0,""nhead"":2,""num_layers"":1}","{'d_model': 64, 'dim_feedforward': 64, 'dropout': 0, 'nhead': 2, 'num_layers': 1}",nucleobase,gpu,gpu,1.371,measured
corrm_31d062a7ad59439b,corrective,1d92004302eb3f83,immune_modulation_TLR7,TLR7,S,OneHotEncoder,"{""encode_components"":[""base"",""sugar"",""phosphate""]}","{'encode_components': ['base', 'sugar', 'phosphate']}",Transformer,"{""d_model"":64,""dim_feedforward"":64,""dropout"":0.25,""nhead"":4,""num_layers"":1}","{'d_model': 64, 'dim_feedforward': 64, 'dropout': 0.25, 'nhead': 4, 'num_layers': 1}",nucleobase,gpu,gpu,1.371,measured
corrm_31d062a7ad59439b,corrective,67bb56a8e8c2f088,immune_modulation_TLR7,TLR7,S,OneHotEncoder,"{""encode_components"":[""base"",""sugar"",""phosphate""]}","{'encode_components': ['base', 'sugar', 'phosphate']}",Transformer,"{""d_model"":64,""dim_feedforward"":64,""dropout"":0.25,""nhead"":2,""num_layers"":2}","{'d_model': 64, 'dim_feedforward': 64, 'dropout': 0.25, 'nhead': 2, 'num_layers': 2}",nucleobase,gpu,gpu,1.371,measured
corrm_31d062a7ad59439b,corrective,53fe47e0a2af044a,immune_modulation_TLR7,TLR7,S,OneHotEncoder,"{""encode_components"":[""base"",""sugar"",""phosphate""]}","{'encode_components': ['base', 'sugar', 'phosphate']}",Transformer,"{""d_model"":64,""dim_feedforward"":64,""dropout"":0,""nhead"":4,""num_layers"":1}","{'d_model': 64, 'dim_feedforward': 64, 'dropout': 0, 'nhead': 4, 'num_layers': 1}",nucleobase,gpu,gpu,1.371,measured
corrm_31d062a7ad59439b,corrective,b54239fd0a12a26f,immune_modulation_TLR7,TLR7,S,OneHotEncoder,"{""encode_components"":[""base"",""sugar"",""phosphate""]}","{'encode_components': ['base', 'sugar', 'phosphate']}",Transformer,"{""d_model"":64,""dim_feedforward"":64,""dropout"":0.25,""nhead"":2,""num_layers"":1}","{'d_model': 64, 'dim_feedforward': 64, 'dropout': 0.25, 'nhead': 2, 'num_layers': 1}",nucleobase,gpu,gpu,1.371,measured
corrm_31d062a7ad59439b,corrective,d6fc0c54a7b804e8,immune_modulation_TLR7,TLR7,S,OneHotEncoder,"{""encode_components"":[""base"",""sugar"",""phosphate""]}","{'encode_components': ['base', 'sugar', 'phosphate']}",Transformer,"{""d_model"":64,""dim_feedforward"":64,""dropout"":0,""nhead"":2,""num_layers"":2}","{'d_model': 64, 'dim_feedforward': 64, 'dropout': 0, 'nhead': 2, 'num_layers': 2}",nucleobase,gpu,gpu,1.371,measured
corrm_31d062a7ad59439b,corrective,33f271d3ac58ee81,immune_modulation_TLR7,TLR7,S,OneHotEncoder,"{""encode_components"":[""base"",""sugar"",""phosphate""]}","{'encode_components': ['base', 'sugar', 'phosphate']}",Transformer,"{""d_model"":128,""dim_feedforward"":128,""dropout"":0.25,""nhead"":4,""num_layers"":2}","{'d_model': 128, 'dim_feedforward': 128, 'dropout': 0.25, 'nhead': 4, 'num_layers': 2}",nucleobase,gpu,gpu,1.371,measured
corrm_31d062a7ad59439b,corrective,de0c72f0c71583a9,immune_modulation_TLR7,TLR7,S,OneHotEncoder,"{""encode_components"":[""base"",""sugar"",""phosphate""]}","{'encode_components': ['base', 'sugar', 'phosphate']}",Transformer,"{""d_model"":64,""dim_feedforward"":128,""dropout"":0,""nhead"":2,""num_layers"":1}","{'d_model': 64, 'dim_feedforward': 128, 'dropout': 0, 'nhead': 2, 'num_layers': 1}",nucleobase,gpu,gpu,1.371,measured
corrm_31d062a7ad59439b,corrective,b422600e9afb7f84,immune_modulation_TLR7,TLR7,S,OneHotEncoder,"{""encode_components"":[""base"",""sugar"",""phosphate""]}","{'encode_components': ['base', 'sugar', 'phosphate']}",Transformer,"{""d_model"":64,""dim_feedforward"":128,""dropout"":0.25,""nhead"":2,""num_layers"":1}","{'d_model': 64, 'dim_feedforward': 128, 'dropout': 0.25, 'nhead': 2, 'num_layers': 1}",nucleobase,gpu,gpu,1.371,measured
corrm_31d062a7ad59439b,corrective,b725883b6c246265,immune_modulation_TLR7,TLR7,S,OneHotEncoder,"{""encode_components"":[""base"",""sugar"",""phosphate""]}","{'encode_components': ['base', 'sugar', 'phosphate']}",Transformer,"{""d_model"":64,""dim_feedforward"":128,""dropout"":0,""nhead"":2,""num_layers"":2}","{'d_model': 64, 'dim_feedforward': 128, 'dropout': 0, 'nhead': 2, 'num_layers': 2}",nucleobase,gpu,gpu,1.371,measured
corrm_31d062a7ad59439b,corrective,376229efc84fa785,immune_modulation_TLR7,TLR7,S,OneHotEncoder,"{""encode_components"":[""base"",""sugar"",""phosphate""]}","{'encode_components': ['base', 'sugar', 'phosphate']}",Transformer,"{""d_model"":64,""dim_feedforward"":128,""dropout"":0.25,""nhead"":2,""num_layers"":2}","{'d_model': 64, 'dim_feedforward': 128, 'dropout': 0.25, 'nhead': 2, 'num_layers': 2}",nucleobase,gpu,gpu,1.371,measured
corrm_31d062a7ad59439b,corrective,eb8f1255cc40c887,immune_modulation_TLR7,TLR7,S,OneHotEncoder,"{""encode_components"":[""base"",""sugar"",""phosphate""]}","{'encode_components': ['base', 'sugar', 'phosphate']}",GRU,"{""hidden_dim"":64,""num_layers"":2}","{'hidden_dim': 64, 'num_layers': 2}",nucleobase,gpu,gpu,0.853,measured
corrm_31d062a7ad59439b,corrective,04facdf2b4bfeb78,immune_modulation_TLR7,TLR7,S,OneHotEncoder,"{""encode_components"":[""base"",""sugar"",""phosphate""]}","{'encode_components': ['base', 'sugar', 'phosphate']}",GRU,"{""hidden_dim"":64,""num_layers"":1}","{'hidden_dim': 64, 'num_layers': 1}",nucleobase,gpu,gpu,0.853,measured
corrm_31d062a7ad59439b,corrective,29ce7b8611ad4ad9,immune_modulation_TLR7,TLR7,S,OneHotEncoder,"{""encode_components"":[""base"",""sugar"",""phosphate""]}","{'encode_components': ['base', 'sugar', 'phosphate']}",GRU,"{""hidden_dim"":32,""num_layers"":1}","{'hidden_dim': 32, 'num_layers': 1}",nucleobase,gpu,gpu,0.853,measured
corrm_31d062a7ad59439b,corrective,612bc5c9f61fcb0f,immune_modulation_TLR7,TLR7,S,OneHotEncoder,"{""encode_components"":[""base"",""sugar"",""phosphate""]}","{'encode_components': ['base', 'sugar', 'phosphate']}",GRU,"{""hidden_dim"":32,""num_layers"":2}","{'hidden_dim': 32, 'num_layers': 2}",nucleobase,gpu,gpu,0.853,measured
corrm_31d062a7ad59439b,corrective,c5b22483dae2ee4b,immune_modulation_TLR7,TLR7,S,OneHotEncoder,"{""encode_components"":[""base"",""sugar"",""phosphate""]}","{'encode_components': ['base', 'sugar', 'phosphate']}",MLP,"{""dropout"":0.25,""hidden_dims"":[128,128]}","{'dropout': 0.25, 'hidden_dims': [128, 128]}",nucleobase,gpu,gpu,0.762,measured
corrm_31d062a7ad59439b,corrective,5f0209da8a27bd26,immune_modulation_TLR7,TLR7,S,OneHotEncoder,"{""encode_components"":[""base"",""sugar"",""phosphate""]}","{'encode_components': ['base', 'sugar', 'phosphate']}",MLP,"{""dropout"":0,""hidden_dims"":[128,128]}","{'dropout': 0, 'hidden_dims': [128, 128]}",nucleobase,gpu,gpu,0.762,measured
corrm_31d062a7ad59439b,corrective,ff95e04584ca1fa8,immune_modulation_TLR7,TLR7,S,OneHotEncoder,"{""encode_components"":[""base"",""sugar"",""phosphate""]}","{'encode_components': ['base', 'sugar', 'phosphate']}",MLP,"{""dropout"":0.25,""hidden_dims"":[128]}","{'dropout': 0.25, 'hidden_dims': [128]}",nucleobase,gpu,gpu,0.762,measured
corrm_31d062a7ad59439b,corrective,cd695414898a4943,immune_modulation_TLR7,TLR7,S,OneHotEncoder,"{""encode_components"":[""base"",""sugar"",""phosphate""]}","{'encode_components': ['base', 'sugar', 'phosphate']}",MLP,"{""dropout"":0,""hidden_dims"":[128]}","{'dropout': 0, 'hidden_dims': [128]}",nucleobase,gpu,gpu,0.762,measured
corrm_31d062a7ad59439b,corrective,f10d5d72e0b124e8,immune_modulation_TLR7,TLR7,S,OneHotEncoder,"{""encode_components"":[""base"",""sugar"",""phosphate""]}","{'encode_components': ['base', 'sugar', 'phosphate']}",MLP,"{""dropout"":0.25,""hidden_dims"":[64,64]}","{'dropout': 0.25, 'hidden_dims': [64, 64]}",nucleobase,gpu,gpu,0.762,measured
corrm_31d062a7ad59439b,corrective,3ebf8425117b11d6,immune_modulation_TLR7,TLR7,S,OneHotEncoder,"{""encode_components"":[""base"",""sugar"",""phosphate""]}","{'encode_components': ['base', 'sugar', 'phosphate']}",MLP,"{""dropout"":0,""hidden_dims"":[64,64]}","{'dropout': 0, 'hidden_dims': [64, 64]}",nucleobase,gpu,gpu,0.762,measured
corrm_31d062a7ad59439b,corrective,05d804f8752585f1,immune_modulation_TLR7,TLR7,S,OneHotEncoder,"{""encode_components"":[""base"",""sugar"",""phosphate""]}","{'encode_components': ['base', 'sugar', 'phosphate']}",MLP,"{""dropout"":0.25,""hidden_dims"":[64]}","{'dropout': 0.25, 'hidden_dims': [64]}",nucleobase,gpu,gpu,0.762,measured
corrm_31d062a7ad59439b,corrective,b54d9de72b9c7cc7,immune_modulation_TLR7,TLR7,S,OneHotEncoder,"{""encode_components"":[""base"",""sugar"",""phosphate""]}","{'encode_components': ['base', 'sugar', 'phosphate']}",MLP,"{""dropout"":0,""hidden_dims"":[64]}","{'dropout': 0, 'hidden_dims': [64]}",nucleobase,gpu,gpu,0.762,measured
corrm_c67ce893ef412d16,corrective,ac9e8b765654701a,immune_modulation_TLR7,TLR7,S,OneHotEncoder,"{""encode_components"":[""base"",""sugar"",""phosphate""]}","{'encode_components': ['base', 'sugar', 'phosphate']}",RandomForestModel,"{""max_depth"":20,""n_estimators"":1000}","{'max_depth': 20, 'n_estimators': 1000}",random,cpu,cpu,0.463,measured
corrm_c67ce893ef412d16,corrective,127cef5676fc2299,immune_modulation_TLR7,TLR7,S,OneHotEncoder,"{""encode_components"":[""base"",""sugar"",""phosphate""]}","{'encode_components': ['base', 'sugar', 'phosphate']}",RandomForestModel,"{""max_depth"":10,""n_estimators"":100}","{'max_depth': 10, 'n_estimators': 100}",random,cpu,cpu,0.463,measured
corrm_c67ce893ef412d16,corrective,ec3c8fa128f6985a,immune_modulation_TLR7,TLR7,S,OneHotEncoder,"{""encode_components"":[""base"",""sugar"",""phosphate""]}","{'encode_components': ['base', 'sugar', 'phosphate']}",RandomForestModel,"{""max_depth"":20,""n_estimators"":100}","{'max_depth': 20, 'n_estimators': 100}",random,cpu,cpu,0.463,measured
corrm_c67ce893ef412d16,corrective,0efee9aef0f2161f,immune_modulation_TLR7,TLR7,S,OneHotEncoder,"{""encode_components"":[""base"",""sugar"",""phosphate""]}","{'encode_components': ['base', 'sugar', 'phosphate']}",RandomForestModel,"{""max_depth"":30,""n_estimators"":100}","{'max_depth': 30, 'n_estimators': 100}",random,cpu,cpu,0.463,measured
corrm_c67ce893ef412d16,corrective,7cf3948743cefcef,immune_modulation_TLR7,TLR7,S,OneHotEncoder,"{""encode_components"":[""base"",""sugar"",""phosphate""]}","{'encode_components': ['base', 'sugar', 'phosphate']}",RandomForestModel,"{""max_depth"":10,""n_estimators"":500}","{'max_depth': 10, 'n_estimators': 500}",random,cpu,cpu,0.463,measured
corrm_c67ce893ef412d16,corrective,cbf1dd53d6e19697,immune_modulation_TLR7,TLR7,S,OneHotEncoder,"{""encode_components"":[""base"",""sugar"",""phosphate""]}","{'encode_components': ['base', 'sugar', 'phosphate']}",RandomForestModel,"{""max_depth"":20,""n_estimators"":500}","{'max_depth': 20, 'n_estimators': 500}",random,cpu,cpu,0.463,measured
corrm_c67ce893ef412d16,corrective,7032d96c9802ff20,immune_modulation_TLR7,TLR7,S,OneHotEncoder,"{""encode_components"":[""base"",""sugar"",""phosphate""]}","{'encode_components': ['base', 'sugar', 'phosphate']}",RandomForestModel,"{""max_depth"":30,""n_estimators"":500}","{'max_depth': 30, 'n_estimators': 500}",random,cpu,cpu,0.463,measured
corrm_c67ce893ef412d16,corrective,bd7127190c796ccb,immune_modulation_TLR7,TLR7,S,OneHotEncoder,"{""encode_components"":[""base"",""sugar"",""phosphate""]}","{'encode_components': ['base', 'sugar', 'phosphate']}",RandomForestModel,"{""max_depth"":10,""n_estimators"":1000}","{'max_depth': 10, 'n_estimators': 1000}",random,cpu,cpu,0.463,measured
corrm_c67ce893ef412d16,corrective,55a1132a91fffd72,immune_modulation_TLR7,TLR7,S,OneHotEncoder,"{""encode_components"":[""base"",""sugar"",""phosphate""]}","{'encode_components': ['base', 'sugar', 'phosphate']}",RandomForestModel,"{""max_depth"":30,""n_estimators"":1000}","{'max_depth': 30, 'n_estimators': 1000}",random,cpu,cpu,0.463,measured
corrm_c67ce893ef412d16,corrective,002e2d82fb78e3eb,immune_modulation_TLR7,TLR7,S,OneHotEncoder,"{""encode_components"":[""base"",""sugar"",""phosphate""]}","{'encode_components': ['base', 'sugar', 'phosphate']}",XGBoostModel,"{""max_depth"":30,""n_estimators"":500}","{'max_depth': 30, 'n_estimators': 500}",random,cpu,cpu,0.047,measured
corrm_c67ce893ef412d16,corrective,3d204ca41f61a7fb,immune_modulation_TLR7,TLR7,S,OneHotEncoder,"{""encode_components"":[""base"",""sugar"",""phosphate""]}","{'encode_components': ['base', 'sugar', 'phosphate']}",XGBoostModel,"{""max_depth"":30,""n_estimators"":100}","{'max_depth': 30, 'n_estimators': 100}",random,cpu,cpu,0.047,measured
corrm_c67ce893ef412d16,corrective,96a733c06bf34981,immune_modulation_TLR7,TLR7,S,OneHotEncoder,"{""encode_components"":[""base"",""sugar"",""phosphate""]}","{'encode_components': ['base', 'sugar', 'phosphate']}",XGBoostModel,"{""max_depth"":20,""n_estimators"":100}","{'max_depth': 20, 'n_estimators': 100}",random,cpu,cpu,0.047,measured
corrm_c67ce893ef412d16,corrective,c7c0ef1741ecbed9,immune_modulation_TLR7,TLR7,S,OneHotEncoder,"{""encode_components"":[""base"",""sugar"",""phosphate""]}","{'encode_components': ['base', 'sugar', 'phosphate']}",XGBoostModel,"{""max_depth"":10,""n_estimators"":100}","{'max_depth': 10, 'n_estimators': 100}",random,cpu,cpu,0.047,measured
corrm_c67ce893ef412d16,corrective,ff723b00337999dc,immune_modulation_TLR7,TLR7,S,OneHotEncoder,"{""encode_components"":[""base"",""sugar"",""phosphate""]}","{'encode_components': ['base', 'sugar', 'phosphate']}",XGBoostModel,"{""max_depth"":30,""n_estimators"":1000}","{'max_depth': 30, 'n_estimators': 1000}",random,cpu,cpu,0.047,measured
corrm_c67ce893ef412d16,corrective,a324f62b2d374595,immune_modulation_TLR7,TLR7,S,OneHotEncoder,"{""encode_components"":[""base"",""sugar"",""phosphate""]}","{'encode_components': ['base', 'sugar', 'phosphate']}",XGBoostModel,"{""max_depth"":10,""n_estimators"":1000}","{'max_depth': 10, 'n_estimators': 1000}",random,cpu,cpu,0.047,measured
corrm_c67ce893ef412d16,corrective,c2d36ac80f977095,immune_modulation_TLR7,TLR7,S,OneHotEncoder,"{""encode_components"":[""base"",""sugar"",""phosphate""]}","{'encode_components': ['base', 'sugar', 'phosphate']}",XGBoostModel,"{""max_depth"":20,""n_estimators"":1000}","{'max_depth': 20, 'n_estimators': 1000}",random,cpu,cpu,0.047,measured
corrm_c67ce893ef412d16,corrective,afbb97df8c3bd2e2,immune_modulation_TLR7,TLR7,S,OneHotEncoder,"{""encode_components"":[""base"",""sugar"",""phosphate""]}","{'encode_components': ['base', 'sugar', 'phosphate']}",XGBoostModel,"{""max_depth"":20,""n_estimators"":500}","{'max_depth': 20, 'n_estimators': 500}",random,cpu,cpu,0.047,measured
corrm_c67ce893ef412d16,corrective,7ce0f2c4a93d3ae5,immune_modulation_TLR7,TLR7,S,OneHotEncoder,"{""encode_components"":[""base"",""sugar"",""phosphate""]}","{'encode_components': ['base', 'sugar', 'phosphate']}",XGBoostModel,"{""max_depth"":10,""n_estimators"":500}","{'max_depth': 10, 'n_estimators': 500}",random,cpu,cpu,0.047,measured
corrm_c67ce893ef412d16,corrective,d8222af0c29fd8e9,immune_modulation_TLR7,TLR7,S,OneHotEncoder,"{""encode_components"":[""base"",""sugar"",""phosphate""]}","{'encode_components': ['base', 'sugar', 'phosphate']}",NearestNeighborsModel,"{""n_neighbors"":5}",{'n_neighbors': 5},random,cpu,cpu,0.003,measured
corrm_c67ce893ef412d16,corrective,3d6610754ee91168,immune_modulation_TLR7,TLR7,S,OneHotEncoder,"{""encode_components"":[""base"",""sugar"",""phosphate""]}","{'encode_components': ['base', 'sugar', 'phosphate']}",NearestNeighborsModel,"{""n_neighbors"":15}",{'n_neighbors': 15},random,cpu,cpu,0.003,measured
corrm_c67ce893ef412d16,corrective,65a001e4030a3808,immune_modulation_TLR7,TLR7,S,OneHotEncoder,"{""encode_components"":[""base"",""sugar"",""phosphate""]}","{'encode_components': ['base', 'sugar', 'phosphate']}",NearestNeighborsModel,"{""n_neighbors"":10}",{'n_neighbors': 10},random,cpu,cpu,0.003,measured
corrm_c67ce893ef412d16,corrective,7b64a6028e3b084a,immune_modulation_TLR7,TLR7,S,OneHotEncoder,"{""encode_components"":[""base"",""sugar"",""phosphate""]}","{'encode_components': ['base', 'sugar', 'phosphate']}",LinearModel,"{""type"":""ridge""}",{'type': 'ridge'},random,cpu,cpu,0.001,measured
corrm_c67ce893ef412d16,corrective,43b5ef543b8d4c32,immune_modulation_TLR7,TLR7,S,OneHotEncoder,"{""encode_components"":[""base"",""sugar"",""phosphate""]}","{'encode_components': ['base', 'sugar', 'phosphate']}",LinearModel,"{""type"":""standard""}",{'type': 'standard'},random,cpu,cpu,0.001,measured
corrm_31d062a7ad59439b,corrective,51266ce9e54073b8,immune_modulation_TLR7,TLR7,S,OneHotEncoder,"{""encode_components"":[""base"",""sugar"",""phosphate""]}","{'encode_components': ['base', 'sugar', 'phosphate']}",CNN,"{""depth"":1,""hidden_dim"":32,""kernel_size"":3,""pooling_operation"":""max""}","{'depth': 1, 'hidden_dim': 32, 'kernel_size': 3, 'pooling_operation': 'max'}",random,gpu,gpu,1.522,measured
corrm_31d062a7ad59439b,corrective,ef676f5474bd5e1d,immune_modulation_TLR7,TLR7,S,OneHotEncoder,"{""encode_components"":[""base"",""sugar"",""phosphate""]}","{'encode_components': ['base', 'sugar', 'phosphate']}",CNN,"{""depth"":1,""hidden_dim"":64,""kernel_size"":7,""pooling_operation"":""avg""}","{'depth': 1, 'hidden_dim': 64, 'kernel_size': 7, 'pooling_operation': 'avg'}",random,gpu,gpu,1.522,measured
corrm_31d062a7ad59439b,corrective,2cf00a8c49a1925c,immune_modulation_TLR7,TLR7,S,OneHotEncoder,"{""encode_components"":[""base"",""sugar"",""phosphate""]}","{'encode_components': ['base', 'sugar', 'phosphate']}",CNN,"{""depth"":1,""hidden_dim"":32,""kernel_size"":3,""pooling_operation"":""avg""}","{'depth': 1, 'hidden_dim': 32, 'kernel_size': 3, 'pooling_operation': 'avg'}",random,gpu,gpu,1.522,measured
corrm_31d062a7ad59439b,corrective,a191430266043402,immune_modulation_TLR7,TLR7,S,OneHotEncoder,"{""encode_components"":[""base"",""sugar"",""phosphate""]}","{'encode_components': ['base', 'sugar', 'phosphate']}",CNN,"{""depth"":2,""hidden_dim"":64,""kernel_size"":5,""pooling_operation"":""avg""}","{'depth': 2, 'hidden_dim': 64, 'kernel_size': 5, 'pooling_operation': 'avg'}",random,gpu,gpu,1.522,measured
corrm_31d062a7ad59439b,corrective,71a2767f44daed83,immune_modulation_TLR7,TLR7,S,OneHotEncoder,"{""encode_components"":[""base"",""sugar"",""phosphate""]}","{'encode_components': ['base', 'sugar', 'phosphate']}",CNN,"{""depth"":2,""hidden_dim"":64,""kernel_size"":5,""pooling_operation"":""max""}","{'depth': 2, 'hidden_dim': 64, 'kernel_size': 5, 'pooling_operation': 'max'}",random,gpu,gpu,1.522,measured
corrm_31d062a7ad59439b,corrective,0e3ff5cd5bfb7bde,immune_modulation_TLR7,TLR7,S,OneHotEncoder,"{""encode_components"":[""base"",""sugar"",""phosphate""]}","{'encode_components': ['base', 'sugar', 'phosphate']}",CNN,"{""depth"":2,""hidden_dim"":64,""kernel_size"":3,""pooling_operation"":""avg""}","{'depth': 2, 'hidden_dim': 64, 'kernel_size': 3, 'pooling_operation': 'avg'}",random,gpu,gpu,1.522,measured
corrm_31d062a7ad59439b,corrective,5078eccb42bf77db,immune_modulation_TLR7,TLR7,S,OneHotEncoder,"{""encode_components"":[""base"",""sugar"",""phosphate""]}","{'encode_components': ['base', 'sugar', 'phosphate']}",CNN,"{""depth"":2,""hidden_dim"":64,""kernel_size"":3,""pooling_operation"":""max""}","{'depth': 2, 'hidden_dim': 64, 'kernel_size': 3, 'pooling_operation': 'max'}",random,gpu,gpu,1.522,measured
corrm_31d062a7ad59439b,corrective,358bb08f052d82f4,immune_modulation_TLR7,TLR7,S,OneHotEncoder,"{""encode_components"":[""base"",""sugar"",""phosphate""]}","{'encode_components': ['base', 'sugar', 'phosphate']}",CNN,"{""depth"":2,""hidden_dim"":32,""kernel_size"":5,""pooling_operation"":""avg""}","{'depth': 2, 'hidden_dim': 32, 'kernel_size': 5, 'pooling_operation': 'avg'}",random,gpu,gpu,1.522,measured
corrm_31d062a7ad59439b,corrective,d13e3936f6f586d8,immune_modulation_TLR7,TLR7,S,OneHotEncoder,"{""encode_components"":[""base"",""sugar"",""phosphate""]}","{'encode_components': ['base', 'sugar', 'phosphate']}",CNN,"{""depth"":2,""hidden_dim"":32,""kernel_size"":3,""pooling_operation"":""avg""}","{'depth': 2, 'hidden_dim': 32, 'kernel_size': 3, 'pooling_operation': 'avg'}",random,gpu,gpu,1.522,measured
corrm_31d062a7ad59439b,corrective,442c5b7e2c530dd0,immune_modulation_TLR7,TLR7,S,OneHotEncoder,"{""encode_components"":[""base"",""sugar"",""phosphate""]}","{'encode_components': ['base', 'sugar', 'phosphate']}",CNN,"{""depth"":2,""hidden_dim"":32,""kernel_size"":3,""pooling_operation"":""max""}","{'depth': 2, 'hidden_dim': 32, 'kernel_size': 3, 'pooling_operation': 'max'}",random,gpu,gpu,1.522,measured
corrm_31d062a7ad59439b,corrective,372424c465c504e0,immune_modulation_TLR7,TLR7,S,OneHotEncoder,"{""encode_components"":[""base"",""sugar"",""phosphate""]}","{'encode_components': ['base', 'sugar', 'phosphate']}",CNN,"{""depth"":2,""hidden_dim"":32,""kernel_size"":5,""pooling_operation"":""max""}","{'depth': 2, 'hidden_dim': 32, 'kernel_size': 5, 'pooling_operation': 'max'}",random,gpu,gpu,1.522,measured
corrm_31d062a7ad59439b,corrective,f588fa6698ff76b9,immune_modulation_TLR7,TLR7,S,OneHotEncoder,"{""encode_components"":[""base"",""sugar"",""phosphate""]}","{'encode_components': ['base', 'sugar', 'phosphate']}",CNN,"{""depth"":1,""hidden_dim"":64,""kernel_size"":7,""pooling_operation"":""max""}","{'depth': 1, 'hidden_dim': 64, 'kernel_size': 7, 'pooling_operation': 'max'}",random,gpu,gpu,1.522,measured
corrm_31d062a7ad59439b,corrective,48b87d9e370bd3fb,immune_modulation_TLR7,TLR7,S,OneHotEncoder,"{""encode_components"":[""base"",""sugar"",""phosphate""]}","{'encode_components': ['base', 'sugar', 'phosphate']}",CNN,"{""depth"":1,""hidden_dim"":64,""kernel_size"":5,""pooling_operation"":""max""}","{'depth': 1, 'hidden_dim': 64, 'kernel_size': 5, 'pooling_operation': 'max'}",random,gpu,gpu,1.522,measured
corrm_31d062a7ad59439b,corrective,2df2cb99391e547e,immune_modulation_TLR7,TLR7,S,OneHotEncoder,"{""encode_components"":[""base"",""sugar"",""phosphate""]}","{'encode_components': ['base', 'sugar', 'phosphate']}",CNN,"{""depth"":1,""hidden_dim"":32,""kernel_size"":5,""pooling_operation"":""max""}","{'depth': 1, 'hidden_dim': 32, 'kernel_size': 5, 'pooling_operation': 'max'}",random,gpu,gpu,1.522,measured
corrm_31d062a7ad59439b,corrective,d135273aef496e8a,immune_modulation_TLR7,TLR7,S,OneHotEncoder,"{""encode_components"":[""base"",""sugar"",""phosphate""]}","{'encode_components': ['base', 'sugar', 'phosphate']}",CNN,"{""depth"":1,""hidden_dim"":64,""kernel_size"":3,""pooling_operation"":""avg""}","{'depth': 1, 'hidden_dim': 64, 'kernel_size': 3, 'pooling_operation': 'avg'}",random,gpu,gpu,1.522,measured
corrm_31d062a7ad59439b,corrective,fd0ca1d40d07d2c2,immune_modulation_TLR7,TLR7,S,OneHotEncoder,"{""encode_components"":[""base"",""sugar"",""phosphate""]}","{'encode_components': ['base', 'sugar', 'phosphate']}",CNN,"{""depth"":1,""hidden_dim"":64,""kernel_size"":3,""pooling_operation"":""max""}","{'depth': 1, 'hidden_dim': 64, 'kernel_size': 3, 'pooling_operation': 'max'}",random,gpu,gpu,1.522,measured
corrm_31d062a7ad59439b,corrective,8c6c5be2727a486e,immune_modulation_TLR7,TLR7,S,OneHotEncoder,"{""encode_components"":[""base"",""sugar"",""phosphate""]}","{'encode_components': ['base', 'sugar', 'phosphate']}",CNN,"{""depth"":1,""hidden_dim"":32,""kernel_size"":7,""pooling_operation"":""avg""}","{'depth': 1, 'hidden_dim': 32, 'kernel_size': 7, 'pooling_operation': 'avg'}",random,gpu,gpu,1.522,measured
corrm_31d062a7ad59439b,corrective,118f3a9ca99bfe15,immune_modulation_TLR7,TLR7,S,OneHotEncoder,"{""encode_components"":[""base"",""sugar"",""phosphate""]}","{'encode_components': ['base', 'sugar', 'phosphate']}",CNN,"{""depth"":1,""hidden_dim"":32,""kernel_size"":7,""pooling_operation"":""max""}","{'depth': 1, 'hidden_dim': 32, 'kernel_size': 7, 'pooling_operation': 'max'}",random,gpu,gpu,1.522,measured
corrm_31d062a7ad59439b,corrective,22684325a357977e,immune_modulation_TLR7,TLR7,S,OneHotEncoder,"{""encode_components"":[""base"",""sugar"",""phosphate""]}","{'encode_components': ['base', 'sugar', 'phosphate']}",CNN,"{""depth"":1,""hidden_dim"":32,""kernel_size"":5,""pooling_operation"":""avg""}","{'depth': 1, 'hidden_dim': 32, 'kernel_size': 5, 'pooling_operation': 'avg'}",random,gpu,gpu,1.522,measured
corrm_31d062a7ad59439b,corrective,ad8c23ef105659c8,immune_modulation_TLR7,TLR7,S,OneHotEncoder,"{""encode_components"":[""base"",""sugar"",""phosphate""]}","{'encode_components': ['base', 'sugar', 'phosphate']}",CNN,"{""depth"":1,""hidden_dim"":64,""kernel_size"":5,""pooling_operation"":""avg""}","{'depth': 1, 'hidden_dim': 64, 'kernel_size': 5, 'pooling_operation': 'avg'}",random,gpu,gpu,1.522,measured
corrm_31d062a7ad59439b,corrective,6312caa318831977,immune_modulation_TLR7,TLR7,S,OneHotEncoder,"{""encode_components"":[""base"",""sugar"",""phosphate""]}","{'encode_components': ['base', 'sugar', 'phosphate']}",Transformer,"{""d_model"":128,""dim_feedforward"":64,""dropout"":0,""nhead"":2,""num_layers"":1}","{'d_model': 128, 'dim_feedforward': 64, 'dropout': 0, 'nhead': 2, 'num_layers': 1}",random,gpu,gpu,1.371,measured
corrm_31d062a7ad59439b,corrective,1fa2305c7bec1d97,immune_modulation_TLR7,TLR7,S,OneHotEncoder,"{""encode_components"":[""base"",""sugar"",""phosphate""]}","{'encode_components': ['base', 'sugar', 'phosphate']}",Transformer,"{""d_model"":128,""dim_feedforward"":64,""dropout"":0,""nhead"":2,""num_layers"":2}","{'d_model': 128, 'dim_feedforward': 64, 'dropout': 0, 'nhead': 2, 'num_layers': 2}",random,gpu,gpu,1.371,measured
corrm_31d062a7ad59439b,corrective,11841c73ece51e32,immune_modulation_TLR7,TLR7,S,OneHotEncoder,"{""encode_components"":[""base"",""sugar"",""phosphate""]}","{'encode_components': ['base', 'sugar', 'phosphate']}",Transformer,"{""d_model"":128,""dim_feedforward"":64,""dropout"":0.25,""nhead"":2,""num_layers"":1}","{'d_model': 128, 'dim_feedforward': 64, 'dropout': 0.25, 'nhead': 2, 'num_layers': 1}",random,gpu,gpu,1.371,measured
corrm_31d062a7ad59439b,corrective,be23282f59a51890,immune_modulation_TLR7,TLR7,S,OneHotEncoder,"{""encode_components"":[""base"",""sugar"",""phosphate""]}","{'encode_components': ['base', 'sugar', 'phosphate']}",Transformer,"{""d_model"":64,""dim_feedforward"":128,""dropout"":0,""nhead"":4,""num_layers"":1}","{'d_model': 64, 'dim_feedforward': 128, 'dropout': 0, 'nhead': 4, 'num_layers': 1}",random,gpu,gpu,1.371,measured
corrm_31d062a7ad59439b,corrective,e0af1e0c45f6c103,immune_modulation_TLR7,TLR7,S,OneHotEncoder,"{""encode_components"":[""base"",""sugar"",""phosphate""]}","{'encode_components': ['base', 'sugar', 'phosphate']}",Transformer,"{""d_model"":64,""dim_feedforward"":128,""dropout"":0.25,""nhead"":4,""num_layers"":2}","{'d_model': 64, 'dim_feedforward': 128, 'dropout': 0.25, 'nhead': 4, 'num_layers': 2}",random,gpu,gpu,1.371,measured
corrm_31d062a7ad59439b,corrective,c3b511b0f79c3630,immune_modulation_TLR7,TLR7,S,OneHotEncoder,"{""encode_components"":[""base"",""sugar"",""phosphate""]}","{'encode_components': ['base', 'sugar', 'phosphate']}",Transformer,"{""d_model"":64,""dim_feedforward"":128,""dropout"":0,""nhead"":4,""num_layers"":2}","{'d_model': 64, 'dim_feedforward': 128, 'dropout': 0, 'nhead': 4, 'num_layers': 2}",random,gpu,gpu,1.371,measured
corrm_31d062a7ad59439b,corrective,b5282bbef5fb0d1a,immune_modulation_TLR7,TLR7,S,OneHotEncoder,"{""encode_components"":[""base"",""sugar"",""phosphate""]}","{'encode_components': ['base', 'sugar', 'phosphate']}",Transformer,"{""d_model"":64,""dim_feedforward"":128,""dropout"":0.25,""nhead"":4,""num_layers"":1}","{'d_model': 64, 'dim_feedforward': 128, 'dropout': 0.25, 'nhead': 4, 'num_layers': 1}",random,gpu,gpu,1.371,measured
corrm_31d062a7ad59439b,corrective,7e849b062025a856,immune_modulation_TLR7,TLR7,S,OneHotEncoder,"{""encode_components"":[""base"",""sugar"",""phosphate""]}","{'encode_components': ['base', 'sugar', 'phosphate']}",Transformer,"{""d_model"":128,""dim_feedforward"":128,""dropout"":0,""nhead"":2,""num_layers"":1}","{'d_model': 128, 'dim_feedforward': 128, 'dropout': 0, 'nhead': 2, 'num_layers': 1}",random,gpu,gpu,1.371,measured
corrm_31d062a7ad59439b,corrective,555cef75c57d7618,immune_modulation_TLR7,TLR7,S,OneHotEncoder,"{""encode_components"":[""base"",""sugar"",""phosphate""]}","{'encode_components': ['base', 'sugar', 'phosphate']}",Transformer,"{""d_model"":128,""dim_feedforward"":64,""dropout"":0.25,""nhead"":2,""num_layers"":2}","{'d_model': 128, 'dim_feedforward': 64, 'dropout': 0.25, 'nhead': 2, 'num_layers': 2}",random,gpu,gpu,1.371,measured
corrm_31d062a7ad59439b,corrective,48a192ae1a78f9e6,immune_modulation_TLR7,TLR7,S,OneHotEncoder,"{""encode_components"":[""base"",""sugar"",""phosphate""]}","{'encode_components': ['base', 'sugar', 'phosphate']}",Transformer,"{""d_model"":128,""dim_feedforward"":128,""dropout"":0,""nhead"":4,""num_layers"":2}","{'d_model': 128, 'dim_feedforward': 128, 'dropout': 0, 'nhead': 4, 'num_layers': 2}",random,gpu,gpu,1.371,measured
corrm_31d062a7ad59439b,corrective,7e57d4af4914aa60,immune_modulation_TLR7,TLR7,S,OneHotEncoder,"{""encode_components"":[""base"",""sugar"",""phosphate""]}","{'encode_components': ['base', 'sugar', 'phosphate']}",Transformer,"{""d_model"":128,""dim_feedforward"":128,""dropout"":0.25,""nhead"":2,""num_layers"":1}","{'d_model': 128, 'dim_feedforward': 128, 'dropout': 0.25, 'nhead': 2, 'num_layers': 1}",random,gpu,gpu,1.371,measured
corrm_31d062a7ad59439b,corrective,6ff7e20a492db626,immune_modulation_TLR7,TLR7,S,OneHotEncoder,"{""encode_components"":[""base"",""sugar"",""phosphate""]}","{'encode_components': ['base', 'sugar', 'phosphate']}",Transformer,"{""d_model"":128,""dim_feedforward"":128,""dropout"":0,""nhead"":2,""num_layers"":2}","{'d_model': 128, 'dim_feedforward': 128, 'dropout': 0, 'nhead': 2, 'num_layers': 2}",random,gpu,gpu,1.371,measured
corrm_31d062a7ad59439b,corrective,e505179b14cfb731,immune_modulation_TLR7,TLR7,S,OneHotEncoder,"{""encode_components"":[""base"",""sugar"",""phosphate""]}","{'encode_components': ['base', 'sugar', 'phosphate']}",Transformer,"{""d_model"":128,""dim_feedforward"":128,""dropout"":0.25,""nhead"":2,""num_layers"":2}","{'d_model': 128, 'dim_feedforward': 128, 'dropout': 0.25, 'nhead': 2, 'num_layers': 2}",random,gpu,gpu,1.371,measured
corrm_31d062a7ad59439b,corrective,a917a43ff7a86afb,immune_modulation_TLR7,TLR7,S,OneHotEncoder,"{""encode_components"":[""base"",""sugar"",""phosphate""]}","{'encode_components': ['base', 'sugar', 'phosphate']}",Transformer,"{""d_model"":128,""dim_feedforward"":64,""dropout"":0,""nhead"":4,""num_layers"":1}","{'d_model': 128, 'dim_feedforward': 64, 'dropout': 0, 'nhead': 4, 'num_layers': 1}",random,gpu,gpu,1.371,measured
corrm_31d062a7ad59439b,corrective,1748ee361f52b857,immune_modulation_TLR7,TLR7,S,OneHotEncoder,"{""encode_components"":[""base"",""sugar"",""phosphate""]}","{'encode_components': ['base', 'sugar', 'phosphate']}",Transformer,"{""d_model"":128,""dim_feedforward"":64,""dropout"":0.25,""nhead"":4,""num_layers"":1}","{'d_model': 128, 'dim_feedforward': 64, 'dropout': 0.25, 'nhead': 4, 'num_layers': 1}",random,gpu,gpu,1.371,measured
corrm_31d062a7ad59439b,corrective,c0db4bd490f25eee,immune_modulation_TLR7,TLR7,S,OneHotEncoder,"{""encode_components"":[""base"",""sugar"",""phosphate""]}","{'encode_components': ['base', 'sugar', 'phosphate']}",Transformer,"{""d_model"":128,""dim_feedforward"":64,""dropout"":0,""nhead"":4,""num_layers"":2}","{'d_model': 128, 'dim_feedforward': 64, 'dropout': 0, 'nhead': 4, 'num_layers': 2}",random,gpu,gpu,1.371,measured
corrm_31d062a7ad59439b,corrective,7123ebc2452e35f5,immune_modulation_TLR7,TLR7,S,OneHotEncoder,"{""encode_components"":[""base"",""sugar"",""phosphate""]}","{'encode_components': ['base', 'sugar', 'phosphate']}",Transformer,"{""d_model"":128,""dim_feedforward"":64,""dropout"":0.25,""nhead"":4,""num_layers"":2}","{'d_model': 128, 'dim_feedforward': 64, 'dropout': 0.25, 'nhead': 4, 'num_layers': 2}",random,gpu,gpu,1.371,measured
corrm_31d062a7ad59439b,corrective,29bae2c527193c6e,immune_modulation_TLR7,TLR7,S,OneHotEncoder,"{""encode_components"":[""base"",""sugar"",""phosphate""]}","{'encode_components': ['base', 'sugar', 'phosphate']}",Transformer,"{""d_model"":128,""dim_feedforward"":128,""dropout"":0,""nhead"":4,""num_layers"":1}","{'d_model': 128, 'dim_feedforward': 128, 'dropout': 0, 'nhead': 4, 'num_layers': 1}",random,gpu,gpu,1.371,measured
corrm_31d062a7ad59439b,corrective,8b75921666eaa468,immune_modulation_TLR7,TLR7,S,OneHotEncoder,"{""encode_components"":[""base"",""sugar"",""phosphate""]}","{'encode_components': ['base', 'sugar', 'phosphate']}",Transformer,"{""d_model"":128,""dim_feedforward"":128,""dropout"":0.25,""nhead"":4,""num_layers"":1}","{'d_model': 128, 'dim_feedforward': 128, 'dropout': 0.25, 'nhead': 4, 'num_layers': 1}",random,gpu,gpu,1.371,measured
corrm_31d062a7ad59439b,corrective,b8eb1c758c96e9d8,immune_modulation_TLR7,TLR7,S,OneHotEncoder,"{""encode_components"":[""base"",""sugar"",""phosphate""]}","{'encode_components': ['base', 'sugar', 'phosphate']}",Transformer,"{""d_model"":64,""dim_feedforward"":64,""dropout"":0,""nhead"":4,""num_layers"":2}","{'d_model': 64, 'dim_feedforward': 64, 'dropout': 0, 'nhead': 4, 'num_layers': 2}",random,gpu,gpu,1.371,measured
corrm_31d062a7ad59439b,corrective,b91db23366a3e3f8,immune_modulation_TLR7,TLR7,S,OneHotEncoder,"{""encode_components"":[""base"",""sugar"",""phosphate""]}","{'encode_components': ['base', 'sugar', 'phosphate']}",Transformer,"{""d_model"":64,""dim_feedforward"":64,""dropout"":0.25,""nhead"":4,""num_layers"":2}","{'d_model': 64, 'dim_feedforward': 64, 'dropout': 0.25, 'nhead': 4, 'num_layers': 2}",random,gpu,gpu,1.371,measured
corrm_31d062a7ad59439b,corrective,f8f034fa6dd50b87,immune_modulation_TLR7,TLR7,S,OneHotEncoder,"{""encode_components"":[""base"",""sugar"",""phosphate""]}","{'encode_components': ['base', 'sugar', 'phosphate']}",Transformer,"{""d_model"":64,""dim_feedforward"":64,""dropout"":0,""nhead"":2,""num_layers"":1}","{'d_model': 64, 'dim_feedforward': 64, 'dropout': 0, 'nhead': 2, 'num_layers': 1}",random,gpu,gpu,1.371,measured
corrm_31d062a7ad59439b,corrective,a18e45d4185ce1d5,immune_modulation_TLR7,TLR7,S,OneHotEncoder,"{""encode_components"":[""base"",""sugar"",""phosphate""]}","{'encode_components': ['base', 'sugar', 'phosphate']}",Transformer,"{""d_model"":64,""dim_feedforward"":64,""dropout"":0.25,""nhead"":4,""num_layers"":1}","{'d_model': 64, 'dim_feedforward': 64, 'dropout': 0.25, 'nhead': 4, 'num_layers': 1}",random,gpu,gpu,1.371,measured
corrm_31d062a7ad59439b,corrective,767b4f0f25bea8e6,immune_modulation_TLR7,TLR7,S,OneHotEncoder,"{""encode_components"":[""base"",""sugar"",""phosphate""]}","{'encode_components': ['base', 'sugar', 'phosphate']}",Transformer,"{""d_model"":64,""dim_feedforward"":64,""dropout"":0.25,""nhead"":2,""num_layers"":2}","{'d_model': 64, 'dim_feedforward': 64, 'dropout': 0.25, 'nhead': 2, 'num_layers': 2}",random,gpu,gpu,1.371,measured
corrm_31d062a7ad59439b,corrective,38922b0e5ed2421c,immune_modulation_TLR7,TLR7,S,OneHotEncoder,"{""encode_components"":[""base"",""sugar"",""phosphate""]}","{'encode_components': ['base', 'sugar', 'phosphate']}",Transformer,"{""d_model"":64,""dim_feedforward"":64,""dropout"":0,""nhead"":4,""num_layers"":1}","{'d_model': 64, 'dim_feedforward': 64, 'dropout': 0, 'nhead': 4, 'num_layers': 1}",random,gpu,gpu,1.371,measured
corrm_31d062a7ad59439b,corrective,02810ee4d7487db6,immune_modulation_TLR7,TLR7,S,OneHotEncoder,"{""encode_components"":[""base"",""sugar"",""phosphate""]}","{'encode_components': ['base', 'sugar', 'phosphate']}",Transformer,"{""d_model"":64,""dim_feedforward"":64,""dropout"":0.25,""nhead"":2,""num_layers"":1}","{'d_model': 64, 'dim_feedforward': 64, 'dropout': 0.25, 'nhead': 2, 'num_layers': 1}",random,gpu,gpu,1.371,measured
corrm_31d062a7ad59439b,corrective,c7bdc532125112ce,immune_modulation_TLR7,TLR7,S,OneHotEncoder,"{""encode_components"":[""base"",""sugar"",""phosphate""]}","{'encode_components': ['base', 'sugar', 'phosphate']}",Transformer,"{""d_model"":64,""dim_feedforward"":64,""dropout"":0,""nhead"":2,""num_layers"":2}","{'d_model': 64, 'dim_feedforward': 64, 'dropout': 0, 'nhead': 2, 'num_layers': 2}",random,gpu,gpu,1.371,measured
corrm_31d062a7ad59439b,corrective,845332a0bf02fa6e,immune_modulation_TLR7,TLR7,S,OneHotEncoder,"{""encode_components"":[""base"",""sugar"",""phosphate""]}","{'encode_components': ['base', 'sugar', 'phosphate']}",Transformer,"{""d_model"":128,""dim_feedforward"":128,""dropout"":0.25,""nhead"":4,""num_layers"":2}","{'d_model': 128, 'dim_feedforward': 128, 'dropout': 0.25, 'nhead': 4, 'num_layers': 2}",random,gpu,gpu,1.371,measured
corrm_31d062a7ad59439b,corrective,5e1ea070a52d397b,immune_modulation_TLR7,TLR7,S,OneHotEncoder,"{""encode_components"":[""base"",""sugar"",""phosphate""]}","{'encode_components': ['base', 'sugar', 'phosphate']}",Transformer,"{""d_model"":64,""dim_feedforward"":128,""dropout"":0,""nhead"":2,""num_layers"":1}","{'d_model': 64, 'dim_feedforward': 128, 'dropout': 0, 'nhead': 2, 'num_layers': 1}",random,gpu,gpu,1.371,measured
corrm_31d062a7ad59439b,corrective,508cafc91d7652eb,immune_modulation_TLR7,TLR7,S,OneHotEncoder,"{""encode_components"":[""base"",""sugar"",""phosphate""]}","{'encode_components': ['base', 'sugar', 'phosphate']}",Transformer,"{""d_model"":64,""dim_feedforward"":128,""dropout"":0.25,""nhead"":2,""num_layers"":1}","{'d_model': 64, 'dim_feedforward': 128, 'dropout': 0.25, 'nhead': 2, 'num_layers': 1}",random,gpu,gpu,1.371,measured
corrm_31d062a7ad59439b,corrective,4454e545f465258b,immune_modulation_TLR7,TLR7,S,OneHotEncoder,"{""encode_components"":[""base"",""sugar"",""phosphate""]}","{'encode_components': ['base', 'sugar', 'phosphate']}",Transformer,"{""d_model"":64,""dim_feedforward"":128,""dropout"":0,""nhead"":2,""num_layers"":2}","{'d_model': 64, 'dim_feedforward': 128, 'dropout': 0, 'nhead': 2, 'num_layers': 2}",random,gpu,gpu,1.371,measured
corrm_31d062a7ad59439b,corrective,d83a927d7c2e2f74,immune_modulation_TLR7,TLR7,S,OneHotEncoder,"{""encode_components"":[""base"",""sugar"",""phosphate""]}","{'encode_components': ['base', 'sugar', 'phosphate']}",Transformer,"{""d_model"":64,""dim_feedforward"":128,""dropout"":0.25,""nhead"":2,""num_layers"":2}","{'d_model': 64, 'dim_feedforward': 128, 'dropout': 0.25, 'nhead': 2, 'num_layers': 2}",random,gpu,gpu,1.371,measured
corrm_31d062a7ad59439b,corrective,2fedfee7ce82a797,immune_modulation_TLR7,TLR7,S,OneHotEncoder,"{""encode_components"":[""base"",""sugar"",""phosphate""]}","{'encode_components': ['base', 'sugar', 'phosphate']}",GRU,"{""hidden_dim"":64,""num_layers"":2}","{'hidden_dim': 64, 'num_layers': 2}",random,gpu,gpu,0.853,measured
corrm_31d062a7ad59439b,corrective,178c2abbe491042f,immune_modulation_TLR7,TLR7,S,OneHotEncoder,"{""encode_components"":[""base"",""sugar"",""phosphate""]}","{'encode_components': ['base', 'sugar', 'phosphate']}",GRU,"{""hidden_dim"":64,""num_layers"":1}","{'hidden_dim': 64, 'num_layers': 1}",random,gpu,gpu,0.853,measured
corrm_31d062a7ad59439b,corrective,c34e0c2ddc0bd71d,immune_modulation_TLR7,TLR7,S,OneHotEncoder,"{""encode_components"":[""base"",""sugar"",""phosphate""]}","{'encode_components': ['base', 'sugar', 'phosphate']}",GRU,"{""hidden_dim"":32,""num_layers"":1}","{'hidden_dim': 32, 'num_layers': 1}",random,gpu,gpu,0.853,measured
corrm_31d062a7ad59439b,corrective,578b3ff5d0074c20,immune_modulation_TLR7,TLR7,S,OneHotEncoder,"{""encode_components"":[""base"",""sugar"",""phosphate""]}","{'encode_components': ['base', 'sugar', 'phosphate']}",GRU,"{""hidden_dim"":32,""num_layers"":2}","{'hidden_dim': 32, 'num_layers': 2}",random,gpu,gpu,0.853,measured
corrm_31d062a7ad59439b,corrective,1d2e76f74906b8f8,immune_modulation_TLR7,TLR7,S,OneHotEncoder,"{""encode_components"":[""base"",""sugar"",""phosphate""]}","{'encode_components': ['base', 'sugar', 'phosphate']}",MLP,"{""dropout"":0.25,""hidden_dims"":[128,128]}","{'dropout': 0.25, 'hidden_dims': [128, 128]}",random,gpu,gpu,0.762,measured
corrm_31d062a7ad59439b,corrective,9e42d8513a12e879,immune_modulation_TLR7,TLR7,S,OneHotEncoder,"{""encode_components"":[""base"",""sugar"",""phosphate""]}","{'encode_components': ['base', 'sugar', 'phosphate']}",MLP,"{""dropout"":0,""hidden_dims"":[128,128]}","{'dropout': 0, 'hidden_dims': [128, 128]}",random,gpu,gpu,0.762,measured
corrm_31d062a7ad59439b,corrective,ed04ab57a5fe1353,immune_modulation_TLR7,TLR7,S,OneHotEncoder,"{""encode_components"":[""base"",""sugar"",""phosphate""]}","{'encode_components': ['base', 'sugar', 'phosphate']}",MLP,"{""dropout"":0.25,""hidden_dims"":[128]}","{'dropout': 0.25, 'hidden_dims': [128]}",random,gpu,gpu,0.762,measured
corrm_31d062a7ad59439b,corrective,3034b3688589f592,immune_modulation_TLR7,TLR7,S,OneHotEncoder,"{""encode_components"":[""base"",""sugar"",""phosphate""]}","{'encode_components': ['base', 'sugar', 'phosphate']}",MLP,"{""dropout"":0,""hidden_dims"":[128]}","{'dropout': 0, 'hidden_dims': [128]}",random,gpu,gpu,0.762,measured
corrm_31d062a7ad59439b,corrective,10dc8e3123cf8c70,immune_modulation_TLR7,TLR7,S,OneHotEncoder,"{""encode_components"":[""base"",""sugar"",""phosphate""]}","{'encode_components': ['base', 'sugar', 'phosphate']}",MLP,"{""dropout"":0.25,""hidden_dims"":[64,64]}","{'dropout': 0.25, 'hidden_dims': [64, 64]}",random,gpu,gpu,0.762,measured
corrm_31d062a7ad59439b,corrective,d974f6b0c2d52d67,immune_modulation_TLR7,TLR7,S,OneHotEncoder,"{""encode_components"":[""base"",""sugar"",""phosphate""]}","{'encode_components': ['base', 'sugar', 'phosphate']}",MLP,"{""dropout"":0,""hidden_dims"":[64,64]}","{'dropout': 0, 'hidden_dims': [64, 64]}",random,gpu,gpu,0.762,measured
corrm_31d062a7ad59439b,corrective,d3035d1e89a7edb4,immune_modulation_TLR7,TLR7,S,OneHotEncoder,"{""encode_components"":[""base"",""sugar"",""phosphate""]}","{'encode_components': ['base', 'sugar', 'phosphate']}",MLP,"{""dropout"":0.25,""hidden_dims"":[64]}","{'dropout': 0.25, 'hidden_dims': [64]}",random,gpu,gpu,0.762,measured
corrm_31d062a7ad59439b,corrective,346abf20f5c8be24,immune_modulation_TLR7,TLR7,S,OneHotEncoder,"{""encode_components"":[""base"",""sugar"",""phosphate""]}","{'encode_components': ['base', 'sugar', 'phosphate']}",MLP,"{""dropout"":0,""hidden_dims"":[64]}","{'dropout': 0, 'hidden_dims': [64]}",random,gpu,gpu,0.762,measured
corrm_c67ce893ef412d16,corrective,bbe8e365496f56fa,immune_modulation_TLR7,TLR7,S,OneHotEncoder,"{""encode_components"":[""base""]}",{'encode_components': ['base']},RandomForestModel,"{""max_depth"":20,""n_estimators"":1000}","{'max_depth': 20, 'n_estimators': 1000}",nucleobase,cpu,cpu,0.463,measured
corrm_c67ce893ef412d16,corrective,7418b84579cf117a,immune_modulation_TLR7,TLR7,S,OneHotEncoder,"{""encode_components"":[""base""]}",{'encode_components': ['base']},RandomForestModel,"{""max_depth"":10,""n_estimators"":100}","{'max_depth': 10, 'n_estimators': 100}",nucleobase,cpu,cpu,0.463,measured
corrm_c67ce893ef412d16,corrective,4114b12e3dc83170,immune_modulation_TLR7,TLR7,S,OneHotEncoder,"{""encode_components"":[""base""]}",{'encode_components': ['base']},RandomForestModel,"{""max_depth"":20,""n_estimators"":100}","{'max_depth': 20, 'n_estimators': 100}",nucleobase,cpu,cpu,0.463,measured
corrm_c67ce893ef412d16,corrective,b82d1f41fef7dc6e,immune_modulation_TLR7,TLR7,S,OneHotEncoder,"{""encode_components"":[""base""]}",{'encode_components': ['base']},RandomForestModel,"{""max_depth"":30,""n_estimators"":100}","{'max_depth': 30, 'n_estimators': 100}",nucleobase,cpu,cpu,0.463,measured
corrm_c67ce893ef412d16,corrective,aa7fca359ec99354,immune_modulation_TLR7,TLR7,S,OneHotEncoder,"{""encode_components"":[""base""]}",{'encode_components': ['base']},RandomForestModel,"{""max_depth"":10,""n_estimators"":500}","{'max_depth': 10, 'n_estimators': 500}",nucleobase,cpu,cpu,0.463,measured
corrm_c67ce893ef412d16,corrective,fa6734483c1e54da,immune_modulation_TLR7,TLR7,S,OneHotEncoder,"{""encode_components"":[""base""]}",{'encode_components': ['base']},RandomForestModel,"{""max_depth"":20,""n_estimators"":500}","{'max_depth': 20, 'n_estimators': 500}",nucleobase,cpu,cpu,0.463,measured
corrm_c67ce893ef412d16,corrective,e7f114be69acebe6,immune_modulation_TLR7,TLR7,S,OneHotEncoder,"{""encode_components"":[""base""]}",{'encode_components': ['base']},RandomForestModel,"{""max_depth"":30,""n_estimators"":500}","{'max_depth': 30, 'n_estimators': 500}",nucleobase,cpu,cpu,0.463,measured
corrm_c67ce893ef412d16,corrective,02e3eff94d02f723,immune_modulation_TLR7,TLR7,S,OneHotEncoder,"{""encode_components"":[""base""]}",{'encode_components': ['base']},RandomForestModel,"{""max_depth"":10,""n_estimators"":1000}","{'max_depth': 10, 'n_estimators': 1000}",nucleobase,cpu,cpu,0.463,measured
corrm_c67ce893ef412d16,corrective,61dd7ecb4796fe98,immune_modulation_TLR7,TLR7,S,OneHotEncoder,"{""encode_components"":[""base""]}",{'encode_components': ['base']},RandomForestModel,"{""max_depth"":30,""n_estimators"":1000}","{'max_depth': 30, 'n_estimators': 1000}",nucleobase,cpu,cpu,0.463,measured
corrm_c67ce893ef412d16,corrective,d19e54ce593211a6,immune_modulation_TLR7,TLR7,S,OneHotEncoder,"{""encode_components"":[""base""]}",{'encode_components': ['base']},XGBoostModel,"{""max_depth"":30,""n_estimators"":500}","{'max_depth': 30, 'n_estimators': 500}",nucleobase,cpu,cpu,0.047,measured
corrm_c67ce893ef412d16,corrective,ba2023186bf87437,immune_modulation_TLR7,TLR7,S,OneHotEncoder,"{""encode_components"":[""base""]}",{'encode_components': ['base']},XGBoostModel,"{""max_depth"":30,""n_estimators"":100}","{'max_depth': 30, 'n_estimators': 100}",nucleobase,cpu,cpu,0.047,measured
corrm_c67ce893ef412d16,corrective,0649381cc6b83deb,immune_modulation_TLR7,TLR7,S,OneHotEncoder,"{""encode_components"":[""base""]}",{'encode_components': ['base']},XGBoostModel,"{""max_depth"":20,""n_estimators"":100}","{'max_depth': 20, 'n_estimators': 100}",nucleobase,cpu,cpu,0.047,measured
corrm_c67ce893ef412d16,corrective,638779028c6f9819,immune_modulation_TLR7,TLR7,S,OneHotEncoder,"{""encode_components"":[""base""]}",{'encode_components': ['base']},XGBoostModel,"{""max_depth"":10,""n_estimators"":100}","{'max_depth': 10, 'n_estimators': 100}",nucleobase,cpu,cpu,0.047,measured
corrm_c67ce893ef412d16,corrective,97fac3a2ce112510,immune_modulation_TLR7,TLR7,S,OneHotEncoder,"{""encode_components"":[""base""]}",{'encode_components': ['base']},XGBoostModel,"{""max_depth"":30,""n_estimators"":1000}","{'max_depth': 30, 'n_estimators': 1000}",nucleobase,cpu,cpu,0.047,measured
corrm_c67ce893ef412d16,corrective,1fb5561bf9977734,immune_modulation_TLR7,TLR7,S,OneHotEncoder,"{""encode_components"":[""base""]}",{'encode_components': ['base']},XGBoostModel,"{""max_depth"":10,""n_estimators"":1000}","{'max_depth': 10, 'n_estimators': 1000}",nucleobase,cpu,cpu,0.047,measured
corrm_c67ce893ef412d16,corrective,e74f149f94809fe2,immune_modulation_TLR7,TLR7,S,OneHotEncoder,"{""encode_components"":[""base""]}",{'encode_components': ['base']},XGBoostModel,"{""max_depth"":20,""n_estimators"":1000}","{'max_depth': 20, 'n_estimators': 1000}",nucleobase,cpu,cpu,0.047,measured
corrm_c67ce893ef412d16,corrective,35e4116dae3429c1,immune_modulation_TLR7,TLR7,S,OneHotEncoder,"{""encode_components"":[""base""]}",{'encode_components': ['base']},XGBoostModel,"{""max_depth"":20,""n_estimators"":500}","{'max_depth': 20, 'n_estimators': 500}",nucleobase,cpu,cpu,0.047,measured
corrm_c67ce893ef412d16,corrective,c5d9548017f9ddbe,immune_modulation_TLR7,TLR7,S,OneHotEncoder,"{""encode_components"":[""base""]}",{'encode_components': ['base']},XGBoostModel,"{""max_depth"":10,""n_estimators"":500}","{'max_depth': 10, 'n_estimators': 500}",nucleobase,cpu,cpu,0.047,measured
corrm_c67ce893ef412d16,corrective,0648725d965fd98c,immune_modulation_TLR7,TLR7,S,OneHotEncoder,"{""encode_components"":[""base""]}",{'encode_components': ['base']},NearestNeighborsModel,"{""n_neighbors"":5}",{'n_neighbors': 5},nucleobase,cpu,cpu,0.003,measured
corrm_c67ce893ef412d16,corrective,9cb38faefa77b216,immune_modulation_TLR7,TLR7,S,OneHotEncoder,"{""encode_components"":[""base""]}",{'encode_components': ['base']},NearestNeighborsModel,"{""n_neighbors"":15}",{'n_neighbors': 15},nucleobase,cpu,cpu,0.003,measured
corrm_c67ce893ef412d16,corrective,db33f5a259dbf0d5,immune_modulation_TLR7,TLR7,S,OneHotEncoder,"{""encode_components"":[""base""]}",{'encode_components': ['base']},NearestNeighborsModel,"{""n_neighbors"":10}",{'n_neighbors': 10},nucleobase,cpu,cpu,0.003,measured
corrm_c67ce893ef412d16,corrective,1d0d403bdd02047c,immune_modulation_TLR7,TLR7,S,OneHotEncoder,"{""encode_components"":[""base""]}",{'encode_components': ['base']},LinearModel,"{""type"":""ridge""}",{'type': 'ridge'},nucleobase,cpu,cpu,0.001,measured
corrm_c67ce893ef412d16,corrective,2fbe01a0fde10ced,immune_modulation_TLR7,TLR7,S,OneHotEncoder,"{""encode_components"":[""base""]}",{'encode_components': ['base']},LinearModel,"{""type"":""standard""}",{'type': 'standard'},nucleobase,cpu,cpu,0.001,measured
corrm_31d062a7ad59439b,corrective,70b1f6ac86befb52,immune_modulation_TLR7,TLR7,S,OneHotEncoder,"{""encode_components"":[""base""]}",{'encode_components': ['base']},CNN,"{""depth"":1,""hidden_dim"":32,""kernel_size"":3,""pooling_operation"":""max""}","{'depth': 1, 'hidden_dim': 32, 'kernel_size': 3, 'pooling_operation': 'max'}",nucleobase,gpu,gpu,1.522,measured
corrm_31d062a7ad59439b,corrective,707f4028561493cf,immune_modulation_TLR7,TLR7,S,OneHotEncoder,"{""encode_components"":[""base""]}",{'encode_components': ['base']},CNN,"{""depth"":1,""hidden_dim"":64,""kernel_size"":7,""pooling_operation"":""avg""}","{'depth': 1, 'hidden_dim': 64, 'kernel_size': 7, 'pooling_operation': 'avg'}",nucleobase,gpu,gpu,1.522,measured
corrm_31d062a7ad59439b,corrective,0e3c5bd45213a11d,immune_modulation_TLR7,TLR7,S,OneHotEncoder,"{""encode_components"":[""base""]}",{'encode_components': ['base']},CNN,"{""depth"":1,""hidden_dim"":32,""kernel_size"":3,""pooling_operation"":""avg""}","{'depth': 1, 'hidden_dim': 32, 'kernel_size': 3, 'pooling_operation': 'avg'}",nucleobase,gpu,gpu,1.522,measured
corrm_31d062a7ad59439b,corrective,42b14ef4a7acda59,immune_modulation_TLR7,TLR7,S,OneHotEncoder,"{""encode_components"":[""base""]}",{'encode_components': ['base']},CNN,"{""depth"":2,""hidden_dim"":64,""kernel_size"":5,""pooling_operation"":""avg""}","{'depth': 2, 'hidden_dim': 64, 'kernel_size': 5, 'pooling_operation': 'avg'}",nucleobase,gpu,gpu,1.522,measured
corrm_31d062a7ad59439b,corrective,e87aa86aeeb0e46e,immune_modulation_TLR7,TLR7,S,OneHotEncoder,"{""encode_components"":[""base""]}",{'encode_components': ['base']},CNN,"{""depth"":2,""hidden_dim"":64,""kernel_size"":5,""pooling_operation"":""max""}","{'depth': 2, 'hidden_dim': 64, 'kernel_size': 5, 'pooling_operation': 'max'}",nucleobase,gpu,gpu,1.522,measured
corrm_31d062a7ad59439b,corrective,c1a0a70a813f9090,immune_modulation_TLR7,TLR7,S,OneHotEncoder,"{""encode_components"":[""base""]}",{'encode_components': ['base']},CNN,"{""depth"":2,""hidden_dim"":64,""kernel_size"":3,""pooling_operation"":""avg""}","{'depth': 2, 'hidden_dim': 64, 'kernel_size': 3, 'pooling_operation': 'avg'}",nucleobase,gpu,gpu,1.522,measured
corrm_31d062a7ad59439b,corrective,c8b213a461ffb005,immune_modulation_TLR7,TLR7,S,OneHotEncoder,"{""encode_components"":[""base""]}",{'encode_components': ['base']},CNN,"{""depth"":2,""hidden_dim"":64,""kernel_size"":3,""pooling_operation"":""max""}","{'depth': 2, 'hidden_dim': 64, 'kernel_size': 3, 'pooling_operation': 'max'}",nucleobase,gpu,gpu,1.522,measured
corrm_31d062a7ad59439b,corrective,8cce57dcb105d995,immune_modulation_TLR7,TLR7,S,OneHotEncoder,"{""encode_components"":[""base""]}",{'encode_components': ['base']},CNN,"{""depth"":2,""hidden_dim"":32,""kernel_size"":5,""pooling_operation"":""avg""}","{'depth': 2, 'hidden_dim': 32, 'kernel_size': 5, 'pooling_operation': 'avg'}",nucleobase,gpu,gpu,1.522,measured
corrm_31d062a7ad59439b,corrective,bdbb9ecba0a4b0e9,immune_modulation_TLR7,TLR7,S,OneHotEncoder,"{""encode_components"":[""base""]}",{'encode_components': ['base']},CNN,"{""depth"":2,""hidden_dim"":32,""kernel_size"":3,""pooling_operation"":""avg""}","{'depth': 2, 'hidden_dim': 32, 'kernel_size': 3, 'pooling_operation': 'avg'}",nucleobase,gpu,gpu,1.522,measured
corrm_31d062a7ad59439b,corrective,45b328810b4f1ff5,immune_modulation_TLR7,TLR7,S,OneHotEncoder,"{""encode_components"":[""base""]}",{'encode_components': ['base']},CNN,"{""depth"":2,""hidden_dim"":32,""kernel_size"":3,""pooling_operation"":""max""}","{'depth': 2, 'hidden_dim': 32, 'kernel_size': 3, 'pooling_operation': 'max'}",nucleobase,gpu,gpu,1.522,measured
corrm_31d062a7ad59439b,corrective,68a57570f093a83e,immune_modulation_TLR7,TLR7,S,OneHotEncoder,"{""encode_components"":[""base""]}",{'encode_components': ['base']},CNN,"{""depth"":2,""hidden_dim"":32,""kernel_size"":5,""pooling_operation"":""max""}","{'depth': 2, 'hidden_dim': 32, 'kernel_size': 5, 'pooling_operation': 'max'}",nucleobase,gpu,gpu,1.522,measured
corrm_31d062a7ad59439b,corrective,45fbc9587db61c42,immune_modulation_TLR7,TLR7,S,OneHotEncoder,"{""encode_components"":[""base""]}",{'encode_components': ['base']},CNN,"{""depth"":1,""hidden_dim"":64,""kernel_size"":7,""pooling_operation"":""max""}","{'depth': 1, 'hidden_dim': 64, 'kernel_size': 7, 'pooling_operation': 'max'}",nucleobase,gpu,gpu,1.522,measured
corrm_31d062a7ad59439b,corrective,bc40a8615c75eda1,immune_modulation_TLR7,TLR7,S,OneHotEncoder,"{""encode_components"":[""base""]}",{'encode_components': ['base']},CNN,"{""depth"":1,""hidden_dim"":64,""kernel_size"":5,""pooling_operation"":""max""}","{'depth': 1, 'hidden_dim': 64, 'kernel_size': 5, 'pooling_operation': 'max'}",nucleobase,gpu,gpu,1.522,measured
corrm_31d062a7ad59439b,corrective,d2eaa56500fcc402,immune_modulation_TLR7,TLR7,S,OneHotEncoder,"{""encode_components"":[""base""]}",{'encode_components': ['base']},CNN,"{""depth"":1,""hidden_dim"":32,""kernel_size"":5,""pooling_operation"":""max""}","{'depth': 1, 'hidden_dim': 32, 'kernel_size': 5, 'pooling_operation': 'max'}",nucleobase,gpu,gpu,1.522,measured
corrm_31d062a7ad59439b,corrective,9a01f67ff2756e10,immune_modulation_TLR7,TLR7,S,OneHotEncoder,"{""encode_components"":[""base""]}",{'encode_components': ['base']},CNN,"{""depth"":1,""hidden_dim"":64,""kernel_size"":3,""pooling_operation"":""avg""}","{'depth': 1, 'hidden_dim': 64, 'kernel_size': 3, 'pooling_operation': 'avg'}",nucleobase,gpu,gpu,1.522,measured
corrm_31d062a7ad59439b,corrective,43a8f796dcc06438,immune_modulation_TLR7,TLR7,S,OneHotEncoder,"{""encode_components"":[""base""]}",{'encode_components': ['base']},CNN,"{""depth"":1,""hidden_dim"":64,""kernel_size"":3,""pooling_operation"":""max""}","{'depth': 1, 'hidden_dim': 64, 'kernel_size': 3, 'pooling_operation': 'max'}",nucleobase,gpu,gpu,1.522,measured
corrm_31d062a7ad59439b,corrective,c723ca2611a7ee8c,immune_modulation_TLR7,TLR7,S,OneHotEncoder,"{""encode_components"":[""base""]}",{'encode_components': ['base']},CNN,"{""depth"":1,""hidden_dim"":32,""kernel_size"":7,""pooling_operation"":""avg""}","{'depth': 1, 'hidden_dim': 32, 'kernel_size': 7, 'pooling_operation': 'avg'}",nucleobase,gpu,gpu,1.522,measured
corrm_31d062a7ad59439b,corrective,dd9d27736a2c8627,immune_modulation_TLR7,TLR7,S,OneHotEncoder,"{""encode_components"":[""base""]}",{'encode_components': ['base']},CNN,"{""depth"":1,""hidden_dim"":32,""kernel_size"":7,""pooling_operation"":""max""}","{'depth': 1, 'hidden_dim': 32, 'kernel_size': 7, 'pooling_operation': 'max'}",nucleobase,gpu,gpu,1.522,measured
corrm_31d062a7ad59439b,corrective,3b50523f6700d5ee,immune_modulation_TLR7,TLR7,S,OneHotEncoder,"{""encode_components"":[""base""]}",{'encode_components': ['base']},CNN,"{""depth"":1,""hidden_dim"":32,""kernel_size"":5,""pooling_operation"":""avg""}","{'depth': 1, 'hidden_dim': 32, 'kernel_size': 5, 'pooling_operation': 'avg'}",nucleobase,gpu,gpu,1.522,measured
corrm_31d062a7ad59439b,corrective,00be3795137f13e3,immune_modulation_TLR7,TLR7,S,OneHotEncoder,"{""encode_components"":[""base""]}",{'encode_components': ['base']},CNN,"{""depth"":1,""hidden_dim"":64,""kernel_size"":5,""pooling_operation"":""avg""}","{'depth': 1, 'hidden_dim': 64, 'kernel_size': 5, 'pooling_operation': 'avg'}",nucleobase,gpu,gpu,1.522,measured
corrm_31d062a7ad59439b,corrective,f662edff8e9bec26,immune_modulation_TLR7,TLR7,S,OneHotEncoder,"{""encode_components"":[""base""]}",{'encode_components': ['base']},Transformer,"{""d_model"":128,""dim_feedforward"":64,""dropout"":0,""nhead"":2,""num_layers"":1}","{'d_model': 128, 'dim_feedforward': 64, 'dropout': 0, 'nhead': 2, 'num_layers': 1}",nucleobase,gpu,gpu,1.371,measured
corrm_31d062a7ad59439b,corrective,5ade79e0e46f87eb,immune_modulation_TLR7,TLR7,S,OneHotEncoder,"{""encode_components"":[""base""]}",{'encode_components': ['base']},Transformer,"{""d_model"":128,""dim_feedforward"":64,""dropout"":0,""nhead"":2,""num_layers"":2}","{'d_model': 128, 'dim_feedforward': 64, 'dropout': 0, 'nhead': 2, 'num_layers': 2}",nucleobase,gpu,gpu,1.371,measured
corrm_31d062a7ad59439b,corrective,a7c8f2c78be35e9e,immune_modulation_TLR7,TLR7,S,OneHotEncoder,"{""encode_components"":[""base""]}",{'encode_components': ['base']},Transformer,"{""d_model"":128,""dim_feedforward"":64,""dropout"":0.25,""nhead"":2,""num_layers"":1}","{'d_model': 128, 'dim_feedforward': 64, 'dropout': 0.25, 'nhead': 2, 'num_layers': 1}",nucleobase,gpu,gpu,1.371,measured
corrm_31d062a7ad59439b,corrective,ca5c134ccb966deb,immune_modulation_TLR7,TLR7,S,OneHotEncoder,"{""encode_components"":[""base""]}",{'encode_components': ['base']},Transformer,"{""d_model"":64,""dim_feedforward"":128,""dropout"":0,""nhead"":4,""num_layers"":1}","{'d_model': 64, 'dim_feedforward': 128, 'dropout': 0, 'nhead': 4, 'num_layers': 1}",nucleobase,gpu,gpu,1.371,measured
corrm_31d062a7ad59439b,corrective,95941eca65ad750e,immune_modulation_TLR7,TLR7,S,OneHotEncoder,"{""encode_components"":[""base""]}",{'encode_components': ['base']},Transformer,"{""d_model"":64,""dim_feedforward"":128,""dropout"":0.25,""nhead"":4,""num_layers"":2}","{'d_model': 64, 'dim_feedforward': 128, 'dropout': 0.25, 'nhead': 4, 'num_layers': 2}",nucleobase,gpu,gpu,1.371,measured
corrm_31d062a7ad59439b,corrective,f78e672040d2e24b,immune_modulation_TLR7,TLR7,S,OneHotEncoder,"{""encode_components"":[""base""]}",{'encode_components': ['base']},Transformer,"{""d_model"":64,""dim_feedforward"":128,""dropout"":0,""nhead"":4,""num_layers"":2}","{'d_model': 64, 'dim_feedforward': 128, 'dropout': 0, 'nhead': 4, 'num_layers': 2}",nucleobase,gpu,gpu,1.371,measured
corrm_31d062a7ad59439b,corrective,145f5624d35cb066,immune_modulation_TLR7,TLR7,S,OneHotEncoder,"{""encode_components"":[""base""]}",{'encode_components': ['base']},Transformer,"{""d_model"":64,""dim_feedforward"":128,""dropout"":0.25,""nhead"":4,""num_layers"":1}","{'d_model': 64, 'dim_feedforward': 128, 'dropout': 0.25, 'nhead': 4, 'num_layers': 1}",nucleobase,gpu,gpu,1.371,measured
corrm_31d062a7ad59439b,corrective,5cdba15182f91fb1,immune_modulation_TLR7,TLR7,S,OneHotEncoder,"{""encode_components"":[""base""]}",{'encode_components': ['base']},Transformer,"{""d_model"":128,""dim_feedforward"":128,""dropout"":0,""nhead"":2,""num_layers"":1}","{'d_model': 128, 'dim_feedforward': 128, 'dropout': 0, 'nhead': 2, 'num_layers': 1}",nucleobase,gpu,gpu,1.371,measured
corrm_31d062a7ad59439b,corrective,4a678b6d0af4c317,immune_modulation_TLR7,TLR7,S,OneHotEncoder,"{""encode_components"":[""base""]}",{'encode_components': ['base']},Transformer,"{""d_model"":128,""dim_feedforward"":64,""dropout"":0.25,""nhead"":2,""num_layers"":2}","{'d_model': 128, 'dim_feedforward': 64, 'dropout': 0.25, 'nhead': 2, 'num_layers': 2}",nucleobase,gpu,gpu,1.371,measured
corrm_31d062a7ad59439b,corrective,1660e8f28897505e,immune_modulation_TLR7,TLR7,S,OneHotEncoder,"{""encode_components"":[""base""]}",{'encode_components': ['base']},Transformer,"{""d_model"":128,""dim_feedforward"":128,""dropout"":0,""nhead"":4,""num_layers"":2}","{'d_model': 128, 'dim_feedforward': 128, 'dropout': 0, 'nhead': 4, 'num_layers': 2}",nucleobase,gpu,gpu,1.371,measured
corrm_31d062a7ad59439b,corrective,8755429d87e486ee,immune_modulation_TLR7,TLR7,S,OneHotEncoder,"{""encode_components"":[""base""]}",{'encode_components': ['base']},Transformer,"{""d_model"":128,""dim_feedforward"":128,""dropout"":0.25,""nhead"":2,""num_layers"":1}","{'d_model': 128, 'dim_feedforward': 128, 'dropout': 0.25, 'nhead': 2, 'num_layers': 1}",nucleobase,gpu,gpu,1.371,measured
corrm_31d062a7ad59439b,corrective,acde8b6352b37d45,immune_modulation_TLR7,TLR7,S,OneHotEncoder,"{""encode_components"":[""base""]}",{'encode_components': ['base']},Transformer,"{""d_model"":128,""dim_feedforward"":128,""dropout"":0,""nhead"":2,""num_layers"":2}","{'d_model': 128, 'dim_feedforward': 128, 'dropout': 0, 'nhead': 2, 'num_layers': 2}",nucleobase,gpu,gpu,1.371,measured
corrm_31d062a7ad59439b,corrective,8e4d9f0529394085,immune_modulation_TLR7,TLR7,S,OneHotEncoder,"{""encode_components"":[""base""]}",{'encode_components': ['base']},Transformer,"{""d_model"":128,""dim_feedforward"":128,""dropout"":0.25,""nhead"":2,""num_layers"":2}","{'d_model': 128, 'dim_feedforward': 128, 'dropout': 0.25, 'nhead': 2, 'num_layers': 2}",nucleobase,gpu,gpu,1.371,measured
corrm_31d062a7ad59439b,corrective,c4ef45551579cd0f,immune_modulation_TLR7,TLR7,S,OneHotEncoder,"{""encode_components"":[""base""]}",{'encode_components': ['base']},Transformer,"{""d_model"":128,""dim_feedforward"":64,""dropout"":0,""nhead"":4,""num_layers"":1}","{'d_model': 128, 'dim_feedforward': 64, 'dropout': 0, 'nhead': 4, 'num_layers': 1}",nucleobase,gpu,gpu,1.371,measured
corrm_31d062a7ad59439b,corrective,7254822a7d14f8cd,immune_modulation_TLR7,TLR7,S,OneHotEncoder,"{""encode_components"":[""base""]}",{'encode_components': ['base']},Transformer,"{""d_model"":128,""dim_feedforward"":64,""dropout"":0.25,""nhead"":4,""num_layers"":1}","{'d_model': 128, 'dim_feedforward': 64, 'dropout': 0.25, 'nhead': 4, 'num_layers': 1}",nucleobase,gpu,gpu,1.371,measured
corrm_31d062a7ad59439b,corrective,e3f3a8d64442d371,immune_modulation_TLR7,TLR7,S,OneHotEncoder,"{""encode_components"":[""base""]}",{'encode_components': ['base']},Transformer,"{""d_model"":128,""dim_feedforward"":64,""dropout"":0,""nhead"":4,""num_layers"":2}","{'d_model': 128, 'dim_feedforward': 64, 'dropout': 0, 'nhead': 4, 'num_layers': 2}",nucleobase,gpu,gpu,1.371,measured
corrm_31d062a7ad59439b,corrective,93d0a522dcd28eb4,immune_modulation_TLR7,TLR7,S,OneHotEncoder,"{""encode_components"":[""base""]}",{'encode_components': ['base']},Transformer,"{""d_model"":128,""dim_feedforward"":64,""dropout"":0.25,""nhead"":4,""num_layers"":2}","{'d_model': 128, 'dim_feedforward': 64, 'dropout': 0.25, 'nhead': 4, 'num_layers': 2}",nucleobase,gpu,gpu,1.371,measured
corrm_31d062a7ad59439b,corrective,f13bec73e6f7b9e4,immune_modulation_TLR7,TLR7,S,OneHotEncoder,"{""encode_components"":[""base""]}",{'encode_components': ['base']},Transformer,"{""d_model"":128,""dim_feedforward"":128,""dropout"":0,""nhead"":4,""num_layers"":1}","{'d_model': 128, 'dim_feedforward': 128, 'dropout': 0, 'nhead': 4, 'num_layers': 1}",nucleobase,gpu,gpu,1.371,measured
corrm_31d062a7ad59439b,corrective,16e5a0dca9265779,immune_modulation_TLR7,TLR7,S,OneHotEncoder,"{""encode_components"":[""base""]}",{'encode_components': ['base']},Transformer,"{""d_model"":128,""dim_feedforward"":128,""dropout"":0.25,""nhead"":4,""num_layers"":1}","{'d_model': 128, 'dim_feedforward': 128, 'dropout': 0.25, 'nhead': 4, 'num_layers': 1}",nucleobase,gpu,gpu,1.371,measured
corrm_31d062a7ad59439b,corrective,bbfbeda645a90301,immune_modulation_TLR7,TLR7,S,OneHotEncoder,"{""encode_components"":[""base""]}",{'encode_components': ['base']},Transformer,"{""d_model"":64,""dim_feedforward"":64,""dropout"":0,""nhead"":4,""num_layers"":2}","{'d_model': 64, 'dim_feedforward': 64, 'dropout': 0, 'nhead': 4, 'num_layers': 2}",nucleobase,gpu,gpu,1.371,measured
corrm_31d062a7ad59439b,corrective,71269167c25ac6c4,immune_modulation_TLR7,TLR7,S,OneHotEncoder,"{""encode_components"":[""base""]}",{'encode_components': ['base']},Transformer,"{""d_model"":64,""dim_feedforward"":64,""dropout"":0.25,""nhead"":4,""num_layers"":2}","{'d_model': 64, 'dim_feedforward': 64, 'dropout': 0.25, 'nhead': 4, 'num_layers': 2}",nucleobase,gpu,gpu,1.371,measured
corrm_31d062a7ad59439b,corrective,09b95306ee5e4973,immune_modulation_TLR7,TLR7,S,OneHotEncoder,"{""encode_components"":[""base""]}",{'encode_components': ['base']},Transformer,"{""d_model"":64,""dim_feedforward"":64,""dropout"":0,""nhead"":2,""num_layers"":1}","{'d_model': 64, 'dim_feedforward': 64, 'dropout': 0, 'nhead': 2, 'num_layers': 1}",nucleobase,gpu,gpu,1.371,measured
corrm_31d062a7ad59439b,corrective,fb67f22d490d7b77,immune_modulation_TLR7,TLR7,S,OneHotEncoder,"{""encode_components"":[""base""]}",{'encode_components': ['base']},Transformer,"{""d_model"":64,""dim_feedforward"":64,""dropout"":0.25,""nhead"":4,""num_layers"":1}","{'d_model': 64, 'dim_feedforward': 64, 'dropout': 0.25, 'nhead': 4, 'num_layers': 1}",nucleobase,gpu,gpu,1.371,measured
corrm_31d062a7ad59439b,corrective,20e776d111c9589f,immune_modulation_TLR7,TLR7,S,OneHotEncoder,"{""encode_components"":[""base""]}",{'encode_components': ['base']},Transformer,"{""d_model"":64,""dim_feedforward"":64,""dropout"":0.25,""nhead"":2,""num_layers"":2}","{'d_model': 64, 'dim_feedforward': 64, 'dropout': 0.25, 'nhead': 2, 'num_layers': 2}",nucleobase,gpu,gpu,1.371,measured
corrm_31d062a7ad59439b,corrective,13a844c81a90977b,immune_modulation_TLR7,TLR7,S,OneHotEncoder,"{""encode_components"":[""base""]}",{'encode_components': ['base']},Transformer,"{""d_model"":64,""dim_feedforward"":64,""dropout"":0,""nhead"":4,""num_layers"":1}","{'d_model': 64, 'dim_feedforward': 64, 'dropout': 0, 'nhead': 4, 'num_layers': 1}",nucleobase,gpu,gpu,1.371,measured
corrm_31d062a7ad59439b,corrective,567afc0cbe61f3a9,immune_modulation_TLR7,TLR7,S,OneHotEncoder,"{""encode_components"":[""base""]}",{'encode_components': ['base']},Transformer,"{""d_model"":64,""dim_feedforward"":64,""dropout"":0.25,""nhead"":2,""num_layers"":1}","{'d_model': 64, 'dim_feedforward': 64, 'dropout': 0.25, 'nhead': 2, 'num_layers': 1}",nucleobase,gpu,gpu,1.371,measured
corrm_31d062a7ad59439b,corrective,3c6969749f7d83fc,immune_modulation_TLR7,TLR7,S,OneHotEncoder,"{""encode_components"":[""base""]}",{'encode_components': ['base']},Transformer,"{""d_model"":64,""dim_feedforward"":64,""dropout"":0,""nhead"":2,""num_layers"":2}","{'d_model': 64, 'dim_feedforward': 64, 'dropout': 0, 'nhead': 2, 'num_layers': 2}",nucleobase,gpu,gpu,1.371,measured
corrm_31d062a7ad59439b,corrective,1020dfd11e7bda1b,immune_modulation_TLR7,TLR7,S,OneHotEncoder,"{""encode_components"":[""base""]}",{'encode_components': ['base']},Transformer,"{""d_model"":128,""dim_feedforward"":128,""dropout"":0.25,""nhead"":4,""num_layers"":2}","{'d_model': 128, 'dim_feedforward': 128, 'dropout': 0.25, 'nhead': 4, 'num_layers': 2}",nucleobase,gpu,gpu,1.371,measured
corrm_31d062a7ad59439b,corrective,f242e11790b8a592,immune_modulation_TLR7,TLR7,S,OneHotEncoder,"{""encode_components"":[""base""]}",{'encode_components': ['base']},Transformer,"{""d_model"":64,""dim_feedforward"":128,""dropout"":0,""nhead"":2,""num_layers"":1}","{'d_model': 64, 'dim_feedforward': 128, 'dropout': 0, 'nhead': 2, 'num_layers': 1}",nucleobase,gpu,gpu,1.371,measured
corrm_31d062a7ad59439b,corrective,6c30e189909d97fd,immune_modulation_TLR7,TLR7,S,OneHotEncoder,"{""encode_components"":[""base""]}",{'encode_components': ['base']},Transformer,"{""d_model"":64,""dim_feedforward"":128,""dropout"":0.25,""nhead"":2,""num_layers"":1}","{'d_model': 64, 'dim_feedforward': 128, 'dropout': 0.25, 'nhead': 2, 'num_layers': 1}",nucleobase,gpu,gpu,1.371,measured
corrm_31d062a7ad59439b,corrective,a15e5be5175ec46b,immune_modulation_TLR7,TLR7,S,OneHotEncoder,"{""encode_components"":[""base""]}",{'encode_components': ['base']},Transformer,"{""d_model"":64,""dim_feedforward"":128,""dropout"":0,""nhead"":2,""num_layers"":2}","{'d_model': 64, 'dim_feedforward': 128, 'dropout': 0, 'nhead': 2, 'num_layers': 2}",nucleobase,gpu,gpu,1.371,measured
corrm_31d062a7ad59439b,corrective,77e28f79a7725984,immune_modulation_TLR7,TLR7,S,OneHotEncoder,"{""encode_components"":[""base""]}",{'encode_components': ['base']},Transformer,"{""d_model"":64,""dim_feedforward"":128,""dropout"":0.25,""nhead"":2,""num_layers"":2}","{'d_model': 64, 'dim_feedforward': 128, 'dropout': 0.25, 'nhead': 2, 'num_layers': 2}",nucleobase,gpu,gpu,1.371,measured
corrm_31d062a7ad59439b,corrective,8df307c1a4be848c,immune_modulation_TLR7,TLR7,S,OneHotEncoder,"{""encode_components"":[""base""]}",{'encode_components': ['base']},GRU,"{""hidden_dim"":64,""num_layers"":2}","{'hidden_dim': 64, 'num_layers': 2}",nucleobase,gpu,gpu,0.853,measured
corrm_31d062a7ad59439b,corrective,0002593fea56662a,immune_modulation_TLR7,TLR7,S,OneHotEncoder,"{""encode_components"":[""base""]}",{'encode_components': ['base']},GRU,"{""hidden_dim"":64,""num_layers"":1}","{'hidden_dim': 64, 'num_layers': 1}",nucleobase,gpu,gpu,0.853,measured
corrm_31d062a7ad59439b,corrective,51435569f3353c47,immune_modulation_TLR7,TLR7,S,OneHotEncoder,"{""encode_components"":[""base""]}",{'encode_components': ['base']},GRU,"{""hidden_dim"":32,""num_layers"":1}","{'hidden_dim': 32, 'num_layers': 1}",nucleobase,gpu,gpu,0.853,measured
corrm_31d062a7ad59439b,corrective,18914162a5683a3e,immune_modulation_TLR7,TLR7,S,OneHotEncoder,"{""encode_components"":[""base""]}",{'encode_components': ['base']},GRU,"{""hidden_dim"":32,""num_layers"":2}","{'hidden_dim': 32, 'num_layers': 2}",nucleobase,gpu,gpu,0.853,measured
corrm_31d062a7ad59439b,corrective,a2b2379645cc533f,immune_modulation_TLR7,TLR7,S,OneHotEncoder,"{""encode_components"":[""base""]}",{'encode_components': ['base']},MLP,"{""dropout"":0.25,""hidden_dims"":[128,128]}","{'dropout': 0.25, 'hidden_dims': [128, 128]}",nucleobase,gpu,gpu,0.762,measured
corrm_31d062a7ad59439b,corrective,1a7f7cc37ff6b5a7,immune_modulation_TLR7,TLR7,S,OneHotEncoder,"{""encode_components"":[""base""]}",{'encode_components': ['base']},MLP,"{""dropout"":0,""hidden_dims"":[128,128]}","{'dropout': 0, 'hidden_dims': [128, 128]}",nucleobase,gpu,gpu,0.762,measured
corrm_31d062a7ad59439b,corrective,59ef5ca3431af8fa,immune_modulation_TLR7,TLR7,S,OneHotEncoder,"{""encode_components"":[""base""]}",{'encode_components': ['base']},MLP,"{""dropout"":0.25,""hidden_dims"":[128]}","{'dropout': 0.25, 'hidden_dims': [128]}",nucleobase,gpu,gpu,0.762,measured
corrm_31d062a7ad59439b,corrective,ef35c258afe84305,immune_modulation_TLR7,TLR7,S,OneHotEncoder,"{""encode_components"":[""base""]}",{'encode_components': ['base']},MLP,"{""dropout"":0,""hidden_dims"":[128]}","{'dropout': 0, 'hidden_dims': [128]}",nucleobase,gpu,gpu,0.762,measured
corrm_31d062a7ad59439b,corrective,d00fbca9ff958435,immune_modulation_TLR7,TLR7,S,OneHotEncoder,"{""encode_components"":[""base""]}",{'encode_components': ['base']},MLP,"{""dropout"":0.25,""hidden_dims"":[64,64]}","{'dropout': 0.25, 'hidden_dims': [64, 64]}",nucleobase,gpu,gpu,0.762,measured
corrm_31d062a7ad59439b,corrective,2c9c2049584b66f4,immune_modulation_TLR7,TLR7,S,OneHotEncoder,"{""encode_components"":[""base""]}",{'encode_components': ['base']},MLP,"{""dropout"":0,""hidden_dims"":[64,64]}","{'dropout': 0, 'hidden_dims': [64, 64]}",nucleobase,gpu,gpu,0.762,measured
corrm_31d062a7ad59439b,corrective,20d6bb19634c497a,immune_modulation_TLR7,TLR7,S,OneHotEncoder,"{""encode_components"":[""base""]}",{'encode_components': ['base']},MLP,"{""dropout"":0.25,""hidden_dims"":[64]}","{'dropout': 0.25, 'hidden_dims': [64]}",nucleobase,gpu,gpu,0.762,measured
corrm_31d062a7ad59439b,corrective,a9bb5fb41b3ff372,immune_modulation_TLR7,TLR7,S,OneHotEncoder,"{""encode_components"":[""base""]}",{'encode_components': ['base']},MLP,"{""dropout"":0,""hidden_dims"":[64]}","{'dropout': 0, 'hidden_dims': [64]}",nucleobase,gpu,gpu,0.762,measured
corrm_c67ce893ef412d16,corrective,ff61f7ef25e675ba,immune_modulation_TLR7,TLR7,S,OneHotEncoder,"{""encode_components"":[""base""]}",{'encode_components': ['base']},RandomForestModel,"{""max_depth"":20,""n_estimators"":1000}","{'max_depth': 20, 'n_estimators': 1000}",random,cpu,cpu,0.463,measured
corrm_c67ce893ef412d16,corrective,fae8b9377e2e226d,immune_modulation_TLR7,TLR7,S,OneHotEncoder,"{""encode_components"":[""base""]}",{'encode_components': ['base']},RandomForestModel,"{""max_depth"":10,""n_estimators"":100}","{'max_depth': 10, 'n_estimators': 100}",random,cpu,cpu,0.463,measured
corrm_c67ce893ef412d16,corrective,6121b9b653f5e6f2,immune_modulation_TLR7,TLR7,S,OneHotEncoder,"{""encode_components"":[""base""]}",{'encode_components': ['base']},RandomForestModel,"{""max_depth"":20,""n_estimators"":100}","{'max_depth': 20, 'n_estimators': 100}",random,cpu,cpu,0.463,measured
corrm_c67ce893ef412d16,corrective,11f9dbef2fd1e581,immune_modulation_TLR7,TLR7,S,OneHotEncoder,"{""encode_components"":[""base""]}",{'encode_components': ['base']},RandomForestModel,"{""max_depth"":30,""n_estimators"":100}","{'max_depth': 30, 'n_estimators': 100}",random,cpu,cpu,0.463,measured
corrm_c67ce893ef412d16,corrective,aebff74a9c00abbb,immune_modulation_TLR7,TLR7,S,OneHotEncoder,"{""encode_components"":[""base""]}",{'encode_components': ['base']},RandomForestModel,"{""max_depth"":10,""n_estimators"":500}","{'max_depth': 10, 'n_estimators': 500}",random,cpu,cpu,0.463,measured
corrm_c67ce893ef412d16,corrective,e8e69d4b4d7efe2a,immune_modulation_TLR7,TLR7,S,OneHotEncoder,"{""encode_components"":[""base""]}",{'encode_components': ['base']},RandomForestModel,"{""max_depth"":20,""n_estimators"":500}","{'max_depth': 20, 'n_estimators': 500}",random,cpu,cpu,0.463,measured
corrm_c67ce893ef412d16,corrective,f886aa694fc62c21,immune_modulation_TLR7,TLR7,S,OneHotEncoder,"{""encode_components"":[""base""]}",{'encode_components': ['base']},RandomForestModel,"{""max_depth"":30,""n_estimators"":500}","{'max_depth': 30, 'n_estimators': 500}",random,cpu,cpu,0.463,measured
corrm_c67ce893ef412d16,corrective,bc3805159cf42f28,immune_modulation_TLR7,TLR7,S,OneHotEncoder,"{""encode_components"":[""base""]}",{'encode_components': ['base']},RandomForestModel,"{""max_depth"":10,""n_estimators"":1000}","{'max_depth': 10, 'n_estimators': 1000}",random,cpu,cpu,0.463,measured
corrm_c67ce893ef412d16,corrective,2e48e631ef06ad7d,immune_modulation_TLR7,TLR7,S,OneHotEncoder,"{""encode_components"":[""base""]}",{'encode_components': ['base']},RandomForestModel,"{""max_depth"":30,""n_estimators"":1000}","{'max_depth': 30, 'n_estimators': 1000}",random,cpu,cpu,0.463,measured
corrm_c67ce893ef412d16,corrective,8dbd6da567397177,immune_modulation_TLR7,TLR7,S,OneHotEncoder,"{""encode_components"":[""base""]}",{'encode_components': ['base']},XGBoostModel,"{""max_depth"":30,""n_estimators"":500}","{'max_depth': 30, 'n_estimators': 500}",random,cpu,cpu,0.047,measured
corrm_c67ce893ef412d16,corrective,ee2419c95bab37f6,immune_modulation_TLR7,TLR7,S,OneHotEncoder,"{""encode_components"":[""base""]}",{'encode_components': ['base']},XGBoostModel,"{""max_depth"":30,""n_estimators"":100}","{'max_depth': 30, 'n_estimators': 100}",random,cpu,cpu,0.047,measured
corrm_c67ce893ef412d16,corrective,310ec1947333c36b,immune_modulation_TLR7,TLR7,S,OneHotEncoder,"{""encode_components"":[""base""]}",{'encode_components': ['base']},XGBoostModel,"{""max_depth"":20,""n_estimators"":100}","{'max_depth': 20, 'n_estimators': 100}",random,cpu,cpu,0.047,measured
corrm_c67ce893ef412d16,corrective,9d7e231e146c8adf,immune_modulation_TLR7,TLR7,S,OneHotEncoder,"{""encode_components"":[""base""]}",{'encode_components': ['base']},XGBoostModel,"{""max_depth"":10,""n_estimators"":100}","{'max_depth': 10, 'n_estimators': 100}",random,cpu,cpu,0.047,measured
corrm_c67ce893ef412d16,corrective,4b8476d97f491fb8,immune_modulation_TLR7,TLR7,S,OneHotEncoder,"{""encode_components"":[""base""]}",{'encode_components': ['base']},XGBoostModel,"{""max_depth"":30,""n_estimators"":1000}","{'max_depth': 30, 'n_estimators': 1000}",random,cpu,cpu,0.047,measured
corrm_c67ce893ef412d16,corrective,968aa68e11a52d09,immune_modulation_TLR7,TLR7,S,OneHotEncoder,"{""encode_components"":[""base""]}",{'encode_components': ['base']},XGBoostModel,"{""max_depth"":10,""n_estimators"":1000}","{'max_depth': 10, 'n_estimators': 1000}",random,cpu,cpu,0.047,measured
corrm_c67ce893ef412d16,corrective,07543f19b6f6fa34,immune_modulation_TLR7,TLR7,S,OneHotEncoder,"{""encode_components"":[""base""]}",{'encode_components': ['base']},XGBoostModel,"{""max_depth"":20,""n_estimators"":1000}","{'max_depth': 20, 'n_estimators': 1000}",random,cpu,cpu,0.047,measured
corrm_c67ce893ef412d16,corrective,b495cc8905d0d8a8,immune_modulation_TLR7,TLR7,S,OneHotEncoder,"{""encode_components"":[""base""]}",{'encode_components': ['base']},XGBoostModel,"{""max_depth"":20,""n_estimators"":500}","{'max_depth': 20, 'n_estimators': 500}",random,cpu,cpu,0.047,measured
corrm_c67ce893ef412d16,corrective,b8dfeedfd306ecc3,immune_modulation_TLR7,TLR7,S,OneHotEncoder,"{""encode_components"":[""base""]}",{'encode_components': ['base']},XGBoostModel,"{""max_depth"":10,""n_estimators"":500}","{'max_depth': 10, 'n_estimators': 500}",random,cpu,cpu,0.047,measured
corrm_c67ce893ef412d16,corrective,cd0f6915a6bb8e19,immune_modulation_TLR7,TLR7,S,OneHotEncoder,"{""encode_components"":[""base""]}",{'encode_components': ['base']},NearestNeighborsModel,"{""n_neighbors"":5}",{'n_neighbors': 5},random,cpu,cpu,0.003,measured
corrm_c67ce893ef412d16,corrective,452a58be240e8877,immune_modulation_TLR7,TLR7,S,OneHotEncoder,"{""encode_components"":[""base""]}",{'encode_components': ['base']},NearestNeighborsModel,"{""n_neighbors"":15}",{'n_neighbors': 15},random,cpu,cpu,0.003,measured
corrm_c67ce893ef412d16,corrective,71e0d8b4fd657c91,immune_modulation_TLR7,TLR7,S,OneHotEncoder,"{""encode_components"":[""base""]}",{'encode_components': ['base']},NearestNeighborsModel,"{""n_neighbors"":10}",{'n_neighbors': 10},random,cpu,cpu,0.003,measured
corrm_c67ce893ef412d16,corrective,d7327ae6b03e6d71,immune_modulation_TLR7,TLR7,S,OneHotEncoder,"{""encode_components"":[""base""]}",{'encode_components': ['base']},LinearModel,"{""type"":""ridge""}",{'type': 'ridge'},random,cpu,cpu,0.001,measured
corrm_c67ce893ef412d16,corrective,7838d164a860c735,immune_modulation_TLR7,TLR7,S,OneHotEncoder,"{""encode_components"":[""base""]}",{'encode_components': ['base']},LinearModel,"{""type"":""standard""}",{'type': 'standard'},random,cpu,cpu,0.001,measured
corrm_31d062a7ad59439b,corrective,e2cd1254b42e0ef8,immune_modulation_TLR7,TLR7,S,OneHotEncoder,"{""encode_components"":[""base""]}",{'encode_components': ['base']},CNN,"{""depth"":1,""hidden_dim"":32,""kernel_size"":3,""pooling_operation"":""max""}","{'depth': 1, 'hidden_dim': 32, 'kernel_size': 3, 'pooling_operation': 'max'}",random,gpu,gpu,1.522,measured
corrm_31d062a7ad59439b,corrective,a16d3325cd175d7d,immune_modulation_TLR7,TLR7,S,OneHotEncoder,"{""encode_components"":[""base""]}",{'encode_components': ['base']},CNN,"{""depth"":1,""hidden_dim"":64,""kernel_size"":7,""pooling_operation"":""avg""}","{'depth': 1, 'hidden_dim': 64, 'kernel_size': 7, 'pooling_operation': 'avg'}",random,gpu,gpu,1.522,measured
corrm_31d062a7ad59439b,corrective,87738dc3ab65ba30,immune_modulation_TLR7,TLR7,S,OneHotEncoder,"{""encode_components"":[""base""]}",{'encode_components': ['base']},CNN,"{""depth"":1,""hidden_dim"":32,""kernel_size"":3,""pooling_operation"":""avg""}","{'depth': 1, 'hidden_dim': 32, 'kernel_size': 3, 'pooling_operation': 'avg'}",random,gpu,gpu,1.522,measured
corrm_31d062a7ad59439b,corrective,2f94f6166be2997f,immune_modulation_TLR7,TLR7,S,OneHotEncoder,"{""encode_components"":[""base""]}",{'encode_components': ['base']},CNN,"{""depth"":2,""hidden_dim"":64,""kernel_size"":5,""pooling_operation"":""avg""}","{'depth': 2, 'hidden_dim': 64, 'kernel_size': 5, 'pooling_operation': 'avg'}",random,gpu,gpu,1.522,measured
corrm_31d062a7ad59439b,corrective,43a972c4df3206b9,immune_modulation_TLR7,TLR7,S,OneHotEncoder,"{""encode_components"":[""base""]}",{'encode_components': ['base']},CNN,"{""depth"":2,""hidden_dim"":64,""kernel_size"":5,""pooling_operation"":""max""}","{'depth': 2, 'hidden_dim': 64, 'kernel_size': 5, 'pooling_operation': 'max'}",random,gpu,gpu,1.522,measured
corrm_31d062a7ad59439b,corrective,e09beea975adb669,immune_modulation_TLR7,TLR7,S,OneHotEncoder,"{""encode_components"":[""base""]}",{'encode_components': ['base']},CNN,"{""depth"":2,""hidden_dim"":64,""kernel_size"":3,""pooling_operation"":""avg""}","{'depth': 2, 'hidden_dim': 64, 'kernel_size': 3, 'pooling_operation': 'avg'}",random,gpu,gpu,1.522,measured
corrm_31d062a7ad59439b,corrective,789fcb391e0e150d,immune_modulation_TLR7,TLR7,S,OneHotEncoder,"{""encode_components"":[""base""]}",{'encode_components': ['base']},CNN,"{""depth"":2,""hidden_dim"":64,""kernel_size"":3,""pooling_operation"":""max""}","{'depth': 2, 'hidden_dim': 64, 'kernel_size': 3, 'pooling_operation': 'max'}",random,gpu,gpu,1.522,measured
corrm_31d062a7ad59439b,corrective,47bc06bb3c0edb35,immune_modulation_TLR7,TLR7,S,OneHotEncoder,"{""encode_components"":[""base""]}",{'encode_components': ['base']},CNN,"{""depth"":2,""hidden_dim"":32,""kernel_size"":5,""pooling_operation"":""avg""}","{'depth': 2, 'hidden_dim': 32, 'kernel_size': 5, 'pooling_operation': 'avg'}",random,gpu,gpu,1.522,measured
corrm_31d062a7ad59439b,corrective,506eaffb738639af,immune_modulation_TLR7,TLR7,S,OneHotEncoder,"{""encode_components"":[""base""]}",{'encode_components': ['base']},CNN,"{""depth"":2,""hidden_dim"":32,""kernel_size"":3,""pooling_operation"":""avg""}","{'depth': 2, 'hidden_dim': 32, 'kernel_size': 3, 'pooling_operation': 'avg'}",random,gpu,gpu,1.522,measured
corrm_31d062a7ad59439b,corrective,d87a399cef7234cd,immune_modulation_TLR7,TLR7,S,OneHotEncoder,"{""encode_components"":[""base""]}",{'encode_components': ['base']},CNN,"{""depth"":2,""hidden_dim"":32,""kernel_size"":3,""pooling_operation"":""max""}","{'depth': 2, 'hidden_dim': 32, 'kernel_size': 3, 'pooling_operation': 'max'}",random,gpu,gpu,1.522,measured
corrm_31d062a7ad59439b,corrective,60636204ff67b018,immune_modulation_TLR7,TLR7,S,OneHotEncoder,"{""encode_components"":[""base""]}",{'encode_components': ['base']},CNN,"{""depth"":2,""hidden_dim"":32,""kernel_size"":5,""pooling_operation"":""max""}","{'depth': 2, 'hidden_dim': 32, 'kernel_size': 5, 'pooling_operation': 'max'}",random,gpu,gpu,1.522,measured
corrm_31d062a7ad59439b,corrective,bcd1c0041f1ce2fe,immune_modulation_TLR7,TLR7,S,OneHotEncoder,"{""encode_components"":[""base""]}",{'encode_components': ['base']},CNN,"{""depth"":1,""hidden_dim"":64,""kernel_size"":7,""pooling_operation"":""max""}","{'depth': 1, 'hidden_dim': 64, 'kernel_size': 7, 'pooling_operation': 'max'}",random,gpu,gpu,1.522,measured
corrm_31d062a7ad59439b,corrective,4e32a022d9ba8e65,immune_modulation_TLR7,TLR7,S,OneHotEncoder,"{""encode_components"":[""base""]}",{'encode_components': ['base']},CNN,"{""depth"":1,""hidden_dim"":64,""kernel_size"":5,""pooling_operation"":""max""}","{'depth': 1, 'hidden_dim': 64, 'kernel_size': 5, 'pooling_operation': 'max'}",random,gpu,gpu,1.522,measured
corrm_31d062a7ad59439b,corrective,9ce7cb8759430f09,immune_modulation_TLR7,TLR7,S,OneHotEncoder,"{""encode_components"":[""base""]}",{'encode_components': ['base']},CNN,"{""depth"":1,""hidden_dim"":32,""kernel_size"":5,""pooling_operation"":""max""}","{'depth': 1, 'hidden_dim': 32, 'kernel_size': 5, 'pooling_operation': 'max'}",random,gpu,gpu,1.522,measured
corrm_31d062a7ad59439b,corrective,21c402f67772db41,immune_modulation_TLR7,TLR7,S,OneHotEncoder,"{""encode_components"":[""base""]}",{'encode_components': ['base']},CNN,"{""depth"":1,""hidden_dim"":64,""kernel_size"":3,""pooling_operation"":""avg""}","{'depth': 1, 'hidden_dim': 64, 'kernel_size': 3, 'pooling_operation': 'avg'}",random,gpu,gpu,1.522,measured
corrm_31d062a7ad59439b,corrective,dda8bc30fec307ea,immune_modulation_TLR7,TLR7,S,OneHotEncoder,"{""encode_components"":[""base""]}",{'encode_components': ['base']},CNN,"{""depth"":1,""hidden_dim"":64,""kernel_size"":3,""pooling_operation"":""max""}","{'depth': 1, 'hidden_dim': 64, 'kernel_size': 3, 'pooling_operation': 'max'}",random,gpu,gpu,1.522,measured
corrm_31d062a7ad59439b,corrective,257b2f72af1bd13f,immune_modulation_TLR7,TLR7,S,OneHotEncoder,"{""encode_components"":[""base""]}",{'encode_components': ['base']},CNN,"{""depth"":1,""hidden_dim"":32,""kernel_size"":7,""pooling_operation"":""avg""}","{'depth': 1, 'hidden_dim': 32, 'kernel_size': 7, 'pooling_operation': 'avg'}",random,gpu,gpu,1.522,measured
corrm_31d062a7ad59439b,corrective,627194cc7f02b298,immune_modulation_TLR7,TLR7,S,OneHotEncoder,"{""encode_components"":[""base""]}",{'encode_components': ['base']},CNN,"{""depth"":1,""hidden_dim"":32,""kernel_size"":7,""pooling_operation"":""max""}","{'depth': 1, 'hidden_dim': 32, 'kernel_size': 7, 'pooling_operation': 'max'}",random,gpu,gpu,1.522,measured
corrm_31d062a7ad59439b,corrective,42a46f0d94ab910e,immune_modulation_TLR7,TLR7,S,OneHotEncoder,"{""encode_components"":[""base""]}",{'encode_components': ['base']},CNN,"{""depth"":1,""hidden_dim"":32,""kernel_size"":5,""pooling_operation"":""avg""}","{'depth': 1, 'hidden_dim': 32, 'kernel_size': 5, 'pooling_operation': 'avg'}",random,gpu,gpu,1.522,measured
corrm_31d062a7ad59439b,corrective,6e27d6df6c739898,immune_modulation_TLR7,TLR7,S,OneHotEncoder,"{""encode_components"":[""base""]}",{'encode_components': ['base']},CNN,"{""depth"":1,""hidden_dim"":64,""kernel_size"":5,""pooling_operation"":""avg""}","{'depth': 1, 'hidden_dim': 64, 'kernel_size': 5, 'pooling_operation': 'avg'}",random,gpu,gpu,1.522,measured
corrm_31d062a7ad59439b,corrective,f8aaa1228b3f80ee,immune_modulation_TLR7,TLR7,S,OneHotEncoder,"{""encode_components"":[""base""]}",{'encode_components': ['base']},Transformer,"{""d_model"":128,""dim_feedforward"":64,""dropout"":0,""nhead"":2,""num_layers"":1}","{'d_model': 128, 'dim_feedforward': 64, 'dropout': 0, 'nhead': 2, 'num_layers': 1}",random,gpu,gpu,1.371,measured
corrm_31d062a7ad59439b,corrective,96be7cc233fd777b,immune_modulation_TLR7,TLR7,S,OneHotEncoder,"{""encode_components"":[""base""]}",{'encode_components': ['base']},Transformer,"{""d_model"":128,""dim_feedforward"":64,""dropout"":0,""nhead"":2,""num_layers"":2}","{'d_model': 128, 'dim_feedforward': 64, 'dropout': 0, 'nhead': 2, 'num_layers': 2}",random,gpu,gpu,1.371,measured
corrm_31d062a7ad59439b,corrective,e406e3dfdf53d6bf,immune_modulation_TLR7,TLR7,S,OneHotEncoder,"{""encode_components"":[""base""]}",{'encode_components': ['base']},Transformer,"{""d_model"":128,""dim_feedforward"":64,""dropout"":0.25,""nhead"":2,""num_layers"":1}","{'d_model': 128, 'dim_feedforward': 64, 'dropout': 0.25, 'nhead': 2, 'num_layers': 1}",random,gpu,gpu,1.371,measured
corrm_31d062a7ad59439b,corrective,11bf5f5792b14f09,immune_modulation_TLR7,TLR7,S,OneHotEncoder,"{""encode_components"":[""base""]}",{'encode_components': ['base']},Transformer,"{""d_model"":64,""dim_feedforward"":128,""dropout"":0,""nhead"":4,""num_layers"":1}","{'d_model': 64, 'dim_feedforward': 128, 'dropout': 0, 'nhead': 4, 'num_layers': 1}",random,gpu,gpu,1.371,measured
corrm_31d062a7ad59439b,corrective,0321832c33aeddaf,immune_modulation_TLR7,TLR7,S,OneHotEncoder,"{""encode_components"":[""base""]}",{'encode_components': ['base']},Transformer,"{""d_model"":64,""dim_feedforward"":128,""dropout"":0.25,""nhead"":4,""num_layers"":2}","{'d_model': 64, 'dim_feedforward': 128, 'dropout': 0.25, 'nhead': 4, 'num_layers': 2}",random,gpu,gpu,1.371,measured
corrm_31d062a7ad59439b,corrective,dba3db9cccff7890,immune_modulation_TLR7,TLR7,S,OneHotEncoder,"{""encode_components"":[""base""]}",{'encode_components': ['base']},Transformer,"{""d_model"":64,""dim_feedforward"":128,""dropout"":0,""nhead"":4,""num_layers"":2}","{'d_model': 64, 'dim_feedforward': 128, 'dropout': 0, 'nhead': 4, 'num_layers': 2}",random,gpu,gpu,1.371,measured
corrm_31d062a7ad59439b,corrective,0b1d3e05501bd82a,immune_modulation_TLR7,TLR7,S,OneHotEncoder,"{""encode_components"":[""base""]}",{'encode_components': ['base']},Transformer,"{""d_model"":64,""dim_feedforward"":128,""dropout"":0.25,""nhead"":4,""num_layers"":1}","{'d_model': 64, 'dim_feedforward': 128, 'dropout': 0.25, 'nhead': 4, 'num_layers': 1}",random,gpu,gpu,1.371,measured
corrm_31d062a7ad59439b,corrective,ebf4576d8eb19ff7,immune_modulation_TLR7,TLR7,S,OneHotEncoder,"{""encode_components"":[""base""]}",{'encode_components': ['base']},Transformer,"{""d_model"":128,""dim_feedforward"":128,""dropout"":0,""nhead"":2,""num_layers"":1}","{'d_model': 128, 'dim_feedforward': 128, 'dropout': 0, 'nhead': 2, 'num_layers': 1}",random,gpu,gpu,1.371,measured
corrm_31d062a7ad59439b,corrective,a2eb041988e7e413,immune_modulation_TLR7,TLR7,S,OneHotEncoder,"{""encode_components"":[""base""]}",{'encode_components': ['base']},Transformer,"{""d_model"":128,""dim_feedforward"":64,""dropout"":0.25,""nhead"":2,""num_layers"":2}","{'d_model': 128, 'dim_feedforward': 64, 'dropout': 0.25, 'nhead': 2, 'num_layers': 2}",random,gpu,gpu,1.371,measured
corrm_31d062a7ad59439b,corrective,8a324f9f2c503c9b,immune_modulation_TLR7,TLR7,S,OneHotEncoder,"{""encode_components"":[""base""]}",{'encode_components': ['base']},Transformer,"{""d_model"":128,""dim_feedforward"":128,""dropout"":0,""nhead"":4,""num_layers"":2}","{'d_model': 128, 'dim_feedforward': 128, 'dropout': 0, 'nhead': 4, 'num_layers': 2}",random,gpu,gpu,1.371,measured
corrm_31d062a7ad59439b,corrective,c46250a2fcdea5e9,immune_modulation_TLR7,TLR7,S,OneHotEncoder,"{""encode_components"":[""base""]}",{'encode_components': ['base']},Transformer,"{""d_model"":128,""dim_feedforward"":128,""dropout"":0.25,""nhead"":2,""num_layers"":1}","{'d_model': 128, 'dim_feedforward': 128, 'dropout': 0.25, 'nhead': 2, 'num_layers': 1}",random,gpu,gpu,1.371,measured
corrm_31d062a7ad59439b,corrective,47e52b087f7b8d6b,immune_modulation_TLR7,TLR7,S,OneHotEncoder,"{""encode_components"":[""base""]}",{'encode_components': ['base']},Transformer,"{""d_model"":128,""dim_feedforward"":128,""dropout"":0,""nhead"":2,""num_layers"":2}","{'d_model': 128, 'dim_feedforward': 128, 'dropout': 0, 'nhead': 2, 'num_layers': 2}",random,gpu,gpu,1.371,measured
corrm_31d062a7ad59439b,corrective,f710ef9f29061c4e,immune_modulation_TLR7,TLR7,S,OneHotEncoder,"{""encode_components"":[""base""]}",{'encode_components': ['base']},Transformer,"{""d_model"":128,""dim_feedforward"":128,""dropout"":0.25,""nhead"":2,""num_layers"":2}","{'d_model': 128, 'dim_feedforward': 128, 'dropout': 0.25, 'nhead': 2, 'num_layers': 2}",random,gpu,gpu,1.371,measured
corrm_31d062a7ad59439b,corrective,a8d51ed54f5303a9,immune_modulation_TLR7,TLR7,S,OneHotEncoder,"{""encode_components"":[""base""]}",{'encode_components': ['base']},Transformer,"{""d_model"":128,""dim_feedforward"":64,""dropout"":0,""nhead"":4,""num_layers"":1}","{'d_model': 128, 'dim_feedforward': 64, 'dropout': 0, 'nhead': 4, 'num_layers': 1}",random,gpu,gpu,1.371,measured
corrm_31d062a7ad59439b,corrective,fa5ee09f1f111e49,immune_modulation_TLR7,TLR7,S,OneHotEncoder,"{""encode_components"":[""base""]}",{'encode_components': ['base']},Transformer,"{""d_model"":128,""dim_feedforward"":64,""dropout"":0.25,""nhead"":4,""num_layers"":1}","{'d_model': 128, 'dim_feedforward': 64, 'dropout': 0.25, 'nhead': 4, 'num_layers': 1}",random,gpu,gpu,1.371,measured
corrm_31d062a7ad59439b,corrective,17ea93a792f8bb00,immune_modulation_TLR7,TLR7,S,OneHotEncoder,"{""encode_components"":[""base""]}",{'encode_components': ['base']},Transformer,"{""d_model"":128,""dim_feedforward"":64,""dropout"":0,""nhead"":4,""num_layers"":2}","{'d_model': 128, 'dim_feedforward': 64, 'dropout': 0, 'nhead': 4, 'num_layers': 2}",random,gpu,gpu,1.371,measured
corrm_31d062a7ad59439b,corrective,0d8a3df9f2d04760,immune_modulation_TLR7,TLR7,S,OneHotEncoder,"{""encode_components"":[""base""]}",{'encode_components': ['base']},Transformer,"{""d_model"":128,""dim_feedforward"":64,""dropout"":0.25,""nhead"":4,""num_layers"":2}","{'d_model': 128, 'dim_feedforward': 64, 'dropout': 0.25, 'nhead': 4, 'num_layers': 2}",random,gpu,gpu,1.371,measured
corrm_31d062a7ad59439b,corrective,0b71214795913789,immune_modulation_TLR7,TLR7,S,OneHotEncoder,"{""encode_components"":[""base""]}",{'encode_components': ['base']},Transformer,"{""d_model"":128,""dim_feedforward"":128,""dropout"":0,""nhead"":4,""num_layers"":1}","{'d_model': 128, 'dim_feedforward': 128, 'dropout': 0, 'nhead': 4, 'num_layers': 1}",random,gpu,gpu,1.371,measured
corrm_31d062a7ad59439b,corrective,4aed6ad87f8baf69,immune_modulation_TLR7,TLR7,S,OneHotEncoder,"{""encode_components"":[""base""]}",{'encode_components': ['base']},Transformer,"{""d_model"":128,""dim_feedforward"":128,""dropout"":0.25,""nhead"":4,""num_layers"":1}","{'d_model': 128, 'dim_feedforward': 128, 'dropout': 0.25, 'nhead': 4, 'num_layers': 1}",random,gpu,gpu,1.371,measured
corrm_31d062a7ad59439b,corrective,72bac65efc12478b,immune_modulation_TLR7,TLR7,S,OneHotEncoder,"{""encode_components"":[""base""]}",{'encode_components': ['base']},Transformer,"{""d_model"":64,""dim_feedforward"":64,""dropout"":0,""nhead"":4,""num_layers"":2}","{'d_model': 64, 'dim_feedforward': 64, 'dropout': 0, 'nhead': 4, 'num_layers': 2}",random,gpu,gpu,1.371,measured
corrm_31d062a7ad59439b,corrective,0966a86884da712d,immune_modulation_TLR7,TLR7,S,OneHotEncoder,"{""encode_components"":[""base""]}",{'encode_components': ['base']},Transformer,"{""d_model"":64,""dim_feedforward"":64,""dropout"":0.25,""nhead"":4,""num_layers"":2}","{'d_model': 64, 'dim_feedforward': 64, 'dropout': 0.25, 'nhead': 4, 'num_layers': 2}",random,gpu,gpu,1.371,measured
corrm_31d062a7ad59439b,corrective,db47c7fc6e1270bd,immune_modulation_TLR7,TLR7,S,OneHotEncoder,"{""encode_components"":[""base""]}",{'encode_components': ['base']},Transformer,"{""d_model"":64,""dim_feedforward"":64,""dropout"":0,""nhead"":2,""num_layers"":1}","{'d_model': 64, 'dim_feedforward': 64, 'dropout': 0, 'nhead': 2, 'num_layers': 1}",random,gpu,gpu,1.371,measured
corrm_31d062a7ad59439b,corrective,83ec44da126633c6,immune_modulation_TLR7,TLR7,S,OneHotEncoder,"{""encode_components"":[""base""]}",{'encode_components': ['base']},Transformer,"{""d_model"":64,""dim_feedforward"":64,""dropout"":0.25,""nhead"":4,""num_layers"":1}","{'d_model': 64, 'dim_feedforward': 64, 'dropout': 0.25, 'nhead': 4, 'num_layers': 1}",random,gpu,gpu,1.371,measured
corrm_31d062a7ad59439b,corrective,50237592607da342,immune_modulation_TLR7,TLR7,S,OneHotEncoder,"{""encode_components"":[""base""]}",{'encode_components': ['base']},Transformer,"{""d_model"":64,""dim_feedforward"":64,""dropout"":0.25,""nhead"":2,""num_layers"":2}","{'d_model': 64, 'dim_feedforward': 64, 'dropout': 0.25, 'nhead': 2, 'num_layers': 2}",random,gpu,gpu,1.371,measured
corrm_31d062a7ad59439b,corrective,ec7fa8abc399d360,immune_modulation_TLR7,TLR7,S,OneHotEncoder,"{""encode_components"":[""base""]}",{'encode_components': ['base']},Transformer,"{""d_model"":64,""dim_feedforward"":64,""dropout"":0,""nhead"":4,""num_layers"":1}","{'d_model': 64, 'dim_feedforward': 64, 'dropout': 0, 'nhead': 4, 'num_layers': 1}",random,gpu,gpu,1.371,measured
corrm_31d062a7ad59439b,corrective,cf6f3a4b7f55b5f0,immune_modulation_TLR7,TLR7,S,OneHotEncoder,"{""encode_components"":[""base""]}",{'encode_components': ['base']},Transformer,"{""d_model"":64,""dim_feedforward"":64,""dropout"":0.25,""nhead"":2,""num_layers"":1}","{'d_model': 64, 'dim_feedforward': 64, 'dropout': 0.25, 'nhead': 2, 'num_layers': 1}",random,gpu,gpu,1.371,measured
corrm_31d062a7ad59439b,corrective,163252a29d42fd15,immune_modulation_TLR7,TLR7,S,OneHotEncoder,"{""encode_components"":[""base""]}",{'encode_components': ['base']},Transformer,"{""d_model"":64,""dim_feedforward"":64,""dropout"":0,""nhead"":2,""num_layers"":2}","{'d_model': 64, 'dim_feedforward': 64, 'dropout': 0, 'nhead': 2, 'num_layers': 2}",random,gpu,gpu,1.371,measured
corrm_31d062a7ad59439b,corrective,8df7173848c1bab6,immune_modulation_TLR7,TLR7,S,OneHotEncoder,"{""encode_components"":[""base""]}",{'encode_components': ['base']},Transformer,"{""d_model"":128,""dim_feedforward"":128,""dropout"":0.25,""nhead"":4,""num_layers"":2}","{'d_model': 128, 'dim_feedforward': 128, 'dropout': 0.25, 'nhead': 4, 'num_layers': 2}",random,gpu,gpu,1.371,measured
corrm_31d062a7ad59439b,corrective,d88eff9befcab08e,immune_modulation_TLR7,TLR7,S,OneHotEncoder,"{""encode_components"":[""base""]}",{'encode_components': ['base']},Transformer,"{""d_model"":64,""dim_feedforward"":128,""dropout"":0,""nhead"":2,""num_layers"":1}","{'d_model': 64, 'dim_feedforward': 128, 'dropout': 0, 'nhead': 2, 'num_layers': 1}",random,gpu,gpu,1.371,measured
corrm_31d062a7ad59439b,corrective,2ebc8311ecf7c991,immune_modulation_TLR7,TLR7,S,OneHotEncoder,"{""encode_components"":[""base""]}",{'encode_components': ['base']},Transformer,"{""d_model"":64,""dim_feedforward"":128,""dropout"":0.25,""nhead"":2,""num_layers"":1}","{'d_model': 64, 'dim_feedforward': 128, 'dropout': 0.25, 'nhead': 2, 'num_layers': 1}",random,gpu,gpu,1.371,measured
corrm_31d062a7ad59439b,corrective,36818f813769c655,immune_modulation_TLR7,TLR7,S,OneHotEncoder,"{""encode_components"":[""base""]}",{'encode_components': ['base']},Transformer,"{""d_model"":64,""dim_feedforward"":128,""dropout"":0,""nhead"":2,""num_layers"":2}","{'d_model': 64, 'dim_feedforward': 128, 'dropout': 0, 'nhead': 2, 'num_layers': 2}",random,gpu,gpu,1.371,measured
corrm_31d062a7ad59439b,corrective,8e1093c1a8c92f88,immune_modulation_TLR7,TLR7,S,OneHotEncoder,"{""encode_components"":[""base""]}",{'encode_components': ['base']},Transformer,"{""d_model"":64,""dim_feedforward"":128,""dropout"":0.25,""nhead"":2,""num_layers"":2}","{'d_model': 64, 'dim_feedforward': 128, 'dropout': 0.25, 'nhead': 2, 'num_layers': 2}",random,gpu,gpu,1.371,measured
corrm_31d062a7ad59439b,corrective,7872bf7f80734cbd,immune_modulation_TLR7,TLR7,S,OneHotEncoder,"{""encode_components"":[""base""]}",{'encode_components': ['base']},GRU,"{""hidden_dim"":64,""num_layers"":2}","{'hidden_dim': 64, 'num_layers': 2}",random,gpu,gpu,0.853,measured
corrm_31d062a7ad59439b,corrective,32b1a28237aec21e,immune_modulation_TLR7,TLR7,S,OneHotEncoder,"{""encode_components"":[""base""]}",{'encode_components': ['base']},GRU,"{""hidden_dim"":64,""num_layers"":1}","{'hidden_dim': 64, 'num_layers': 1}",random,gpu,gpu,0.853,measured
corrm_31d062a7ad59439b,corrective,9c1e9f1a4722831f,immune_modulation_TLR7,TLR7,S,OneHotEncoder,"{""encode_components"":[""base""]}",{'encode_components': ['base']},GRU,"{""hidden_dim"":32,""num_layers"":1}","{'hidden_dim': 32, 'num_layers': 1}",random,gpu,gpu,0.853,measured
corrm_31d062a7ad59439b,corrective,d1394d72fdd5e5a7,immune_modulation_TLR7,TLR7,S,OneHotEncoder,"{""encode_components"":[""base""]}",{'encode_components': ['base']},GRU,"{""hidden_dim"":32,""num_layers"":2}","{'hidden_dim': 32, 'num_layers': 2}",random,gpu,gpu,0.853,measured
corrm_31d062a7ad59439b,corrective,0a4a32e671885084,immune_modulation_TLR7,TLR7,S,OneHotEncoder,"{""encode_components"":[""base""]}",{'encode_components': ['base']},MLP,"{""dropout"":0.25,""hidden_dims"":[128,128]}","{'dropout': 0.25, 'hidden_dims': [128, 128]}",random,gpu,gpu,0.762,measured
corrm_31d062a7ad59439b,corrective,03a8e5ee6c25929d,immune_modulation_TLR7,TLR7,S,OneHotEncoder,"{""encode_components"":[""base""]}",{'encode_components': ['base']},MLP,"{""dropout"":0,""hidden_dims"":[128,128]}","{'dropout': 0, 'hidden_dims': [128, 128]}",random,gpu,gpu,0.762,measured
corrm_31d062a7ad59439b,corrective,7058bf36746d6ffb,immune_modulation_TLR7,TLR7,S,OneHotEncoder,"{""encode_components"":[""base""]}",{'encode_components': ['base']},MLP,"{""dropout"":0.25,""hidden_dims"":[128]}","{'dropout': 0.25, 'hidden_dims': [128]}",random,gpu,gpu,0.762,measured
corrm_31d062a7ad59439b,corrective,fea1b5d32cf77ed5,immune_modulation_TLR7,TLR7,S,OneHotEncoder,"{""encode_components"":[""base""]}",{'encode_components': ['base']},MLP,"{""dropout"":0,""hidden_dims"":[128]}","{'dropout': 0, 'hidden_dims': [128]}",random,gpu,gpu,0.762,measured
corrm_31d062a7ad59439b,corrective,0f9941ee54913b03,immune_modulation_TLR7,TLR7,S,OneHotEncoder,"{""encode_components"":[""base""]}",{'encode_components': ['base']},MLP,"{""dropout"":0.25,""hidden_dims"":[64,64]}","{'dropout': 0.25, 'hidden_dims': [64, 64]}",random,gpu,gpu,0.762,measured
corrm_31d062a7ad59439b,corrective,cc74c8549f36dc4b,immune_modulation_TLR7,TLR7,S,OneHotEncoder,"{""encode_components"":[""base""]}",{'encode_components': ['base']},MLP,"{""dropout"":0,""hidden_dims"":[64,64]}","{'dropout': 0, 'hidden_dims': [64, 64]}",random,gpu,gpu,0.762,measured
corrm_31d062a7ad59439b,corrective,79b2505f787a5ed4,immune_modulation_TLR7,TLR7,S,OneHotEncoder,"{""encode_components"":[""base""]}",{'encode_components': ['base']},MLP,"{""dropout"":0.25,""hidden_dims"":[64]}","{'dropout': 0.25, 'hidden_dims': [64]}",random,gpu,gpu,0.762,measured
corrm_31d062a7ad59439b,corrective,f7bc204fc14d3845,immune_modulation_TLR7,TLR7,S,OneHotEncoder,"{""encode_components"":[""base""]}",{'encode_components': ['base']},MLP,"{""dropout"":0,""hidden_dims"":[64]}","{'dropout': 0, 'hidden_dims': [64]}",random,gpu,gpu,0.762,measured
corrm_82afade3aba4dd3e,corrective,4398be635fe90810,immune_modulation_TLR7,TLR7,S,RNAFMEmbeddings,"{""flatten"":false}",{'flatten': False},Transformer,"{""d_model"":128,""dim_feedforward"":128,""dropout"":0.25,""nhead"":4,""num_layers"":2}","{'d_model': 128, 'dim_feedforward': 128, 'dropout': 0.25, 'nhead': 4, 'num_layers': 2}",random,gpu,gpu,1.91,measured
corrm_82afade3aba4dd3e,corrective,599d39a167dbdf5c,immune_modulation_TLR7,TLR7,S,RNAFMEmbeddings,"{""flatten"":false}",{'flatten': False},Transformer,"{""d_model"":128,""dim_feedforward"":128,""dropout"":0,""nhead"":4,""num_layers"":2}","{'d_model': 128, 'dim_feedforward': 128, 'dropout': 0, 'nhead': 4, 'num_layers': 2}",random,gpu,gpu,1.91,measured
corrm_82afade3aba4dd3e,corrective,fce272de1c9a39ab,immune_modulation_TLR7,TLR7,S,RNAFMEmbeddings,"{""flatten"":false}",{'flatten': False},Transformer,"{""d_model"":64,""dim_feedforward"":64,""dropout"":0.25,""nhead"":2,""num_layers"":1}","{'d_model': 64, 'dim_feedforward': 64, 'dropout': 0.25, 'nhead': 2, 'num_layers': 1}",random,gpu,gpu,1.91,measured
corrm_82afade3aba4dd3e,corrective,90a417db00492b58,immune_modulation_TLR7,TLR7,S,RNAFMEmbeddings,"{""flatten"":false}",{'flatten': False},Transformer,"{""d_model"":64,""dim_feedforward"":64,""dropout"":0,""nhead"":2,""num_layers"":2}","{'d_model': 64, 'dim_feedforward': 64, 'dropout': 0, 'nhead': 2, 'num_layers': 2}",random,gpu,gpu,1.91,measured
corrm_82afade3aba4dd3e,corrective,55f6f30e3972f8de,immune_modulation_TLR7,TLR7,S,RNAFMEmbeddings,"{""flatten"":false}",{'flatten': False},Transformer,"{""d_model"":64,""dim_feedforward"":64,""dropout"":0.25,""nhead"":2,""num_layers"":2}","{'d_model': 64, 'dim_feedforward': 64, 'dropout': 0.25, 'nhead': 2, 'num_layers': 2}",random,gpu,gpu,1.91,measured
corrm_82afade3aba4dd3e,corrective,867009ab55fb5175,immune_modulation_TLR7,TLR7,S,RNAFMEmbeddings,"{""flatten"":false}",{'flatten': False},Transformer,"{""d_model"":64,""dim_feedforward"":128,""dropout"":0,""nhead"":2,""num_layers"":1}","{'d_model': 64, 'dim_feedforward': 128, 'dropout': 0, 'nhead': 2, 'num_layers': 1}",random,gpu,gpu,1.91,measured
corrm_82afade3aba4dd3e,corrective,2fce3a8accccf19a,immune_modulation_TLR7,TLR7,S,RNAFMEmbeddings,"{""flatten"":false}",{'flatten': False},Transformer,"{""d_model"":64,""dim_feedforward"":128,""dropout"":0.25,""nhead"":2,""num_layers"":1}","{'d_model': 64, 'dim_feedforward': 128, 'dropout': 0.25, 'nhead': 2, 'num_layers': 1}",random,gpu,gpu,1.91,measured
corrm_82afade3aba4dd3e,corrective,83794d363f1e9370,immune_modulation_TLR7,TLR7,S,RNAFMEmbeddings,"{""flatten"":false}",{'flatten': False},Transformer,"{""d_model"":64,""dim_feedforward"":128,""dropout"":0,""nhead"":2,""num_layers"":2}","{'d_model': 64, 'dim_feedforward': 128, 'dropout': 0, 'nhead': 2, 'num_layers': 2}",random,gpu,gpu,1.91,measured
corrm_82afade3aba4dd3e,corrective,f9824a00b639ba01,immune_modulation_TLR7,TLR7,S,RNAFMEmbeddings,"{""flatten"":false}",{'flatten': False},Transformer,"{""d_model"":64,""dim_feedforward"":128,""dropout"":0.25,""nhead"":2,""num_layers"":2}","{'d_model': 64, 'dim_feedforward': 128, 'dropout': 0.25, 'nhead': 2, 'num_layers': 2}",random,gpu,gpu,1.91,measured
corrm_82afade3aba4dd3e,corrective,c065242febab1b19,immune_modulation_TLR7,TLR7,S,RNAFMEmbeddings,"{""flatten"":false}",{'flatten': False},Transformer,"{""d_model"":64,""dim_feedforward"":64,""dropout"":0,""nhead"":4,""num_layers"":1}","{'d_model': 64, 'dim_feedforward': 64, 'dropout': 0, 'nhead': 4, 'num_layers': 1}",random,gpu,gpu,1.91,measured
corrm_82afade3aba4dd3e,corrective,b8a16e915c75c776,immune_modulation_TLR7,TLR7,S,RNAFMEmbeddings,"{""flatten"":false}",{'flatten': False},Transformer,"{""d_model"":64,""dim_feedforward"":64,""dropout"":0.25,""nhead"":4,""num_layers"":1}","{'d_model': 64, 'dim_feedforward': 64, 'dropout': 0.25, 'nhead': 4, 'num_layers': 1}",random,gpu,gpu,1.91,measured
corrm_82afade3aba4dd3e,corrective,8cb1bdbdfbf733bd,immune_modulation_TLR7,TLR7,S,RNAFMEmbeddings,"{""flatten"":false}",{'flatten': False},Transformer,"{""d_model"":64,""dim_feedforward"":64,""dropout"":0,""nhead"":4,""num_layers"":2}","{'d_model': 64, 'dim_feedforward': 64, 'dropout': 0, 'nhead': 4, 'num_layers': 2}",random,gpu,gpu,1.91,measured
corrm_82afade3aba4dd3e,corrective,ae3ec7b7693868d2,immune_modulation_TLR7,TLR7,S,RNAFMEmbeddings,"{""flatten"":false}",{'flatten': False},Transformer,"{""d_model"":64,""dim_feedforward"":64,""dropout"":0.25,""nhead"":4,""num_layers"":2}","{'d_model': 64, 'dim_feedforward': 64, 'dropout': 0.25, 'nhead': 4, 'num_layers': 2}",random,gpu,gpu,1.91,measured
corrm_82afade3aba4dd3e,corrective,a2ddf32942b0de6b,immune_modulation_TLR7,TLR7,S,RNAFMEmbeddings,"{""flatten"":false}",{'flatten': False},Transformer,"{""d_model"":64,""dim_feedforward"":128,""dropout"":0,""nhead"":4,""num_layers"":1}","{'d_model': 64, 'dim_feedforward': 128, 'dropout': 0, 'nhead': 4, 'num_layers': 1}",random,gpu,gpu,1.91,measured
corrm_82afade3aba4dd3e,corrective,cad0e810e1f15374,immune_modulation_TLR7,TLR7,S,RNAFMEmbeddings,"{""flatten"":false}",{'flatten': False},Transformer,"{""d_model"":64,""dim_feedforward"":128,""dropout"":0.25,""nhead"":4,""num_layers"":1}","{'d_model': 64, 'dim_feedforward': 128, 'dropout': 0.25, 'nhead': 4, 'num_layers': 1}",random,gpu,gpu,1.91,measured
corrm_82afade3aba4dd3e,corrective,4ca527714c05c266,immune_modulation_TLR7,TLR7,S,RNAFMEmbeddings,"{""flatten"":false}",{'flatten': False},Transformer,"{""d_model"":64,""dim_feedforward"":128,""dropout"":0,""nhead"":4,""num_layers"":2}","{'d_model': 64, 'dim_feedforward': 128, 'dropout': 0, 'nhead': 4, 'num_layers': 2}",random,gpu,gpu,1.91,measured
corrm_82afade3aba4dd3e,corrective,325430f1c59f6895,immune_modulation_TLR7,TLR7,S,RNAFMEmbeddings,"{""flatten"":false}",{'flatten': False},Transformer,"{""d_model"":64,""dim_feedforward"":128,""dropout"":0.25,""nhead"":4,""num_layers"":2}","{'d_model': 64, 'dim_feedforward': 128, 'dropout': 0.25, 'nhead': 4, 'num_layers': 2}",random,gpu,gpu,1.91,measured
corrm_82afade3aba4dd3e,corrective,4b6727b469b81fd6,immune_modulation_TLR7,TLR7,S,RNAFMEmbeddings,"{""flatten"":false}",{'flatten': False},Transformer,"{""d_model"":128,""dim_feedforward"":64,""dropout"":0,""nhead"":2,""num_layers"":1}","{'d_model': 128, 'dim_feedforward': 64, 'dropout': 0, 'nhead': 2, 'num_layers': 1}",random,gpu,gpu,1.91,measured
corrm_82afade3aba4dd3e,corrective,4bfd62bcac02de87,immune_modulation_TLR7,TLR7,S,RNAFMEmbeddings,"{""flatten"":false}",{'flatten': False},Transformer,"{""d_model"":128,""dim_feedforward"":64,""dropout"":0.25,""nhead"":2,""num_layers"":1}","{'d_model': 128, 'dim_feedforward': 64, 'dropout': 0.25, 'nhead': 2, 'num_layers': 1}",random,gpu,gpu,1.91,measured
corrm_82afade3aba4dd3e,corrective,5fc13411497cf60f,immune_modulation_TLR7,TLR7,S,RNAFMEmbeddings,"{""flatten"":false}",{'flatten': False},Transformer,"{""d_model"":128,""dim_feedforward"":64,""dropout"":0,""nhead"":2,""num_layers"":2}","{'d_model': 128, 'dim_feedforward': 64, 'dropout': 0, 'nhead': 2, 'num_layers': 2}",random,gpu,gpu,1.91,measured
corrm_82afade3aba4dd3e,corrective,aab823349c357532,immune_modulation_TLR7,TLR7,S,RNAFMEmbeddings,"{""flatten"":false}",{'flatten': False},Transformer,"{""d_model"":128,""dim_feedforward"":64,""dropout"":0.25,""nhead"":2,""num_layers"":2}","{'d_model': 128, 'dim_feedforward': 64, 'dropout': 0.25, 'nhead': 2, 'num_layers': 2}",random,gpu,gpu,1.91,measured
corrm_82afade3aba4dd3e,corrective,1c00ce95e8397514,immune_modulation_TLR7,TLR7,S,RNAFMEmbeddings,"{""flatten"":false}",{'flatten': False},Transformer,"{""d_model"":128,""dim_feedforward"":128,""dropout"":0,""nhead"":2,""num_layers"":1}","{'d_model': 128, 'dim_feedforward': 128, 'dropout': 0, 'nhead': 2, 'num_layers': 1}",random,gpu,gpu,1.91,measured
corrm_82afade3aba4dd3e,corrective,2d75ffdf00e14e91,immune_modulation_TLR7,TLR7,S,RNAFMEmbeddings,"{""flatten"":false}",{'flatten': False},Transformer,"{""d_model"":128,""dim_feedforward"":128,""dropout"":0.25,""nhead"":2,""num_layers"":1}","{'d_model': 128, 'dim_feedforward': 128, 'dropout': 0.25, 'nhead': 2, 'num_layers': 1}",random,gpu,gpu,1.91,measured
corrm_82afade3aba4dd3e,corrective,d30b4ed292e68fd8,immune_modulation_TLR7,TLR7,S,RNAFMEmbeddings,"{""flatten"":false}",{'flatten': False},Transformer,"{""d_model"":128,""dim_feedforward"":128,""dropout"":0,""nhead"":2,""num_layers"":2}","{'d_model': 128, 'dim_feedforward': 128, 'dropout': 0, 'nhead': 2, 'num_layers': 2}",random,gpu,gpu,1.91,measured
corrm_82afade3aba4dd3e,corrective,0ce55965870922a4,immune_modulation_TLR7,TLR7,S,RNAFMEmbeddings,"{""flatten"":false}",{'flatten': False},Transformer,"{""d_model"":128,""dim_feedforward"":128,""dropout"":0.25,""nhead"":2,""num_layers"":2}","{'d_model': 128, 'dim_feedforward': 128, 'dropout': 0.25, 'nhead': 2, 'num_layers': 2}",random,gpu,gpu,1.91,measured
corrm_82afade3aba4dd3e,corrective,e29de44946059721,immune_modulation_TLR7,TLR7,S,RNAFMEmbeddings,"{""flatten"":false}",{'flatten': False},Transformer,"{""d_model"":128,""dim_feedforward"":64,""dropout"":0,""nhead"":4,""num_layers"":1}","{'d_model': 128, 'dim_feedforward': 64, 'dropout': 0, 'nhead': 4, 'num_layers': 1}",random,gpu,gpu,1.91,measured
corrm_82afade3aba4dd3e,corrective,ecb9cd2aceb47006,immune_modulation_TLR7,TLR7,S,RNAFMEmbeddings,"{""flatten"":false}",{'flatten': False},Transformer,"{""d_model"":128,""dim_feedforward"":64,""dropout"":0.25,""nhead"":4,""num_layers"":1}","{'d_model': 128, 'dim_feedforward': 64, 'dropout': 0.25, 'nhead': 4, 'num_layers': 1}",random,gpu,gpu,1.91,measured
corrm_82afade3aba4dd3e,corrective,9b077ba55ff443be,immune_modulation_TLR7,TLR7,S,RNAFMEmbeddings,"{""flatten"":false}",{'flatten': False},Transformer,"{""d_model"":128,""dim_feedforward"":64,""dropout"":0,""nhead"":4,""num_layers"":2}","{'d_model': 128, 'dim_feedforward': 64, 'dropout': 0, 'nhead': 4, 'num_layers': 2}",random,gpu,gpu,1.91,measured
corrm_82afade3aba4dd3e,corrective,f3b64114ddaa9aac,immune_modulation_TLR7,TLR7,S,RNAFMEmbeddings,"{""flatten"":false}",{'flatten': False},Transformer,"{""d_model"":128,""dim_feedforward"":64,""dropout"":0.25,""nhead"":4,""num_layers"":2}","{'d_model': 128, 'dim_feedforward': 64, 'dropout': 0.25, 'nhead': 4, 'num_layers': 2}",random,gpu,gpu,1.91,measured
corrm_82afade3aba4dd3e,corrective,8276f46b46d9c761,immune_modulation_TLR7,TLR7,S,RNAFMEmbeddings,"{""flatten"":false}",{'flatten': False},Transformer,"{""d_model"":128,""dim_feedforward"":128,""dropout"":0,""nhead"":4,""num_layers"":1}","{'d_model': 128, 'dim_feedforward': 128, 'dropout': 0, 'nhead': 4, 'num_layers': 1}",random,gpu,gpu,1.91,measured
corrm_82afade3aba4dd3e,corrective,56e34016962b6d81,immune_modulation_TLR7,TLR7,S,RNAFMEmbeddings,"{""flatten"":false}",{'flatten': False},Transformer,"{""d_model"":128,""dim_feedforward"":128,""dropout"":0.25,""nhead"":4,""num_layers"":1}","{'d_model': 128, 'dim_feedforward': 128, 'dropout': 0.25, 'nhead': 4, 'num_layers': 1}",random,gpu,gpu,1.91,measured
corrm_82afade3aba4dd3e,corrective,2e655d2a4b7d59b3,immune_modulation_TLR7,TLR7,S,RNAFMEmbeddings,"{""flatten"":false}",{'flatten': False},Transformer,"{""d_model"":64,""dim_feedforward"":64,""dropout"":0,""nhead"":2,""num_layers"":1}","{'d_model': 64, 'dim_feedforward': 64, 'dropout': 0, 'nhead': 2, 'num_layers': 1}",random,gpu,gpu,1.91,measured
corrm_82afade3aba4dd3e,corrective,e9037b3173813001,immune_modulation_TLR7,TLR7,S,RNAFMEmbeddings,{},{},CNN,"{""depth"":2,""hidden_dim"":64,""kernel_size"":5,""pooling_operation"":""max""}","{'depth': 2, 'hidden_dim': 64, 'kernel_size': 5, 'pooling_operation': 'max'}",random,gpu,gpu,0.927,measured
corrm_82afade3aba4dd3e,corrective,24b87ede6837715f,immune_modulation_TLR7,TLR7,S,RNAFMEmbeddings,{},{},LinearModel,"{""type"":""ridge""}",{'type': 'ridge'},random,cpu,gpu,0.01,measured
corrm_31d062a7ad59439b,corrective,268b720fa81404d1,immune_modulation_TLR8,TLR8,S,HELMGraph,{},{},GNN,"{""hidden_dim"":32,""num_layers"":1,""pooling_operation"":""max""}","{'hidden_dim': 32, 'num_layers': 1, 'pooling_operation': 'max'}",nucleobase,gpu,gpu,1.782,measured
corrm_31d062a7ad59439b,corrective,6ded3a5c3c2bd31c,immune_modulation_TLR8,TLR8,S,HELMGraph,{},{},GNN,"{""hidden_dim"":32,""num_layers"":1,""pooling_operation"":""avg""}","{'hidden_dim': 32, 'num_layers': 1, 'pooling_operation': 'avg'}",nucleobase,gpu,gpu,1.782,measured
corrm_31d062a7ad59439b,corrective,64b14acc3e9c58d3,immune_modulation_TLR8,TLR8,S,HELMGraph,{},{},GNN,"{""hidden_dim"":32,""num_layers"":1,""pooling_operation"":""sum""}","{'hidden_dim': 32, 'num_layers': 1, 'pooling_operation': 'sum'}",nucleobase,gpu,gpu,1.782,measured
corrm_31d062a7ad59439b,corrective,53468af7474cdd27,immune_modulation_TLR8,TLR8,S,HELMGraph,{},{},GNN,"{""hidden_dim"":32,""num_layers"":2,""pooling_operation"":""max""}","{'hidden_dim': 32, 'num_layers': 2, 'pooling_operation': 'max'}",nucleobase,gpu,gpu,1.782,measured
corrm_31d062a7ad59439b,corrective,d4ebf5290de144af,immune_modulation_TLR8,TLR8,S,HELMGraph,{},{},GNN,"{""hidden_dim"":32,""num_layers"":2,""pooling_operation"":""avg""}","{'hidden_dim': 32, 'num_layers': 2, 'pooling_operation': 'avg'}",nucleobase,gpu,gpu,1.782,measured
corrm_31d062a7ad59439b,corrective,497db67f177489df,immune_modulation_TLR8,TLR8,S,HELMGraph,{},{},GNN,"{""hidden_dim"":32,""num_layers"":2,""pooling_operation"":""sum""}","{'hidden_dim': 32, 'num_layers': 2, 'pooling_operation': 'sum'}",nucleobase,gpu,gpu,1.782,measured
corrm_31d062a7ad59439b,corrective,c843f00020035f79,immune_modulation_TLR8,TLR8,S,HELMGraph,{},{},GNN,"{""hidden_dim"":64,""num_layers"":1,""pooling_operation"":""max""}","{'hidden_dim': 64, 'num_layers': 1, 'pooling_operation': 'max'}",nucleobase,gpu,gpu,1.782,measured
corrm_31d062a7ad59439b,corrective,e1a03569544719e2,immune_modulation_TLR8,TLR8,S,HELMGraph,{},{},GNN,"{""hidden_dim"":64,""num_layers"":1,""pooling_operation"":""avg""}","{'hidden_dim': 64, 'num_layers': 1, 'pooling_operation': 'avg'}",nucleobase,gpu,gpu,1.782,measured
corrm_31d062a7ad59439b,corrective,f25b9d7f68b2f8ae,immune_modulation_TLR8,TLR8,S,HELMGraph,{},{},GNN,"{""hidden_dim"":64,""num_layers"":1,""pooling_operation"":""sum""}","{'hidden_dim': 64, 'num_layers': 1, 'pooling_operation': 'sum'}",nucleobase,gpu,gpu,1.782,measured
corrm_31d062a7ad59439b,corrective,ec000e27a9780707,immune_modulation_TLR8,TLR8,S,HELMGraph,{},{},GNN,"{""hidden_dim"":64,""num_layers"":2,""pooling_operation"":""max""}","{'hidden_dim': 64, 'num_layers': 2, 'pooling_operation': 'max'}",nucleobase,gpu,gpu,1.782,measured
corrm_31d062a7ad59439b,corrective,dde4aed5cd4a4036,immune_modulation_TLR8,TLR8,S,HELMGraph,{},{},GNN,"{""hidden_dim"":64,""num_layers"":2,""pooling_operation"":""avg""}","{'hidden_dim': 64, 'num_layers': 2, 'pooling_operation': 'avg'}",nucleobase,gpu,gpu,1.782,measured
corrm_31d062a7ad59439b,corrective,b276e1285276803f,immune_modulation_TLR8,TLR8,S,HELMGraph,{},{},GNN,"{""hidden_dim"":64,""num_layers"":2,""pooling_operation"":""sum""}","{'hidden_dim': 64, 'num_layers': 2, 'pooling_operation': 'sum'}",nucleobase,gpu,gpu,1.782,measured
corrm_31d062a7ad59439b,corrective,7d4ea74ab12e4b86,immune_modulation_TLR8,TLR8,S,HELMGraph,{},{},GNN,"{""hidden_dim"":32,""num_layers"":1,""pooling_operation"":""max""}","{'hidden_dim': 32, 'num_layers': 1, 'pooling_operation': 'max'}",random,gpu,gpu,1.782,measured
corrm_31d062a7ad59439b,corrective,b4f73cef8f8bcf6a,immune_modulation_TLR8,TLR8,S,HELMGraph,{},{},GNN,"{""hidden_dim"":32,""num_layers"":1,""pooling_operation"":""avg""}","{'hidden_dim': 32, 'num_layers': 1, 'pooling_operation': 'avg'}",random,gpu,gpu,1.782,measured
corrm_31d062a7ad59439b,corrective,8093ee142cb2487c,immune_modulation_TLR8,TLR8,S,HELMGraph,{},{},GNN,"{""hidden_dim"":32,""num_layers"":1,""pooling_operation"":""sum""}","{'hidden_dim': 32, 'num_layers': 1, 'pooling_operation': 'sum'}",random,gpu,gpu,1.782,measured
corrm_31d062a7ad59439b,corrective,549dcb4422c052a9,immune_modulation_TLR8,TLR8,S,HELMGraph,{},{},GNN,"{""hidden_dim"":32,""num_layers"":2,""pooling_operation"":""max""}","{'hidden_dim': 32, 'num_layers': 2, 'pooling_operation': 'max'}",random,gpu,gpu,1.782,measured
corrm_31d062a7ad59439b,corrective,d05c82e0a1617ee3,immune_modulation_TLR8,TLR8,S,HELMGraph,{},{},GNN,"{""hidden_dim"":32,""num_layers"":2,""pooling_operation"":""avg""}","{'hidden_dim': 32, 'num_layers': 2, 'pooling_operation': 'avg'}",random,gpu,gpu,1.782,measured
corrm_31d062a7ad59439b,corrective,dadab480d02698db,immune_modulation_TLR8,TLR8,S,HELMGraph,{},{},GNN,"{""hidden_dim"":32,""num_layers"":2,""pooling_operation"":""sum""}","{'hidden_dim': 32, 'num_layers': 2, 'pooling_operation': 'sum'}",random,gpu,gpu,1.782,measured
corrm_31d062a7ad59439b,corrective,22c26d577fdeb614,immune_modulation_TLR8,TLR8,S,HELMGraph,{},{},GNN,"{""hidden_dim"":64,""num_layers"":1,""pooling_operation"":""max""}","{'hidden_dim': 64, 'num_layers': 1, 'pooling_operation': 'max'}",random,gpu,gpu,1.782,measured
corrm_31d062a7ad59439b,corrective,b20e4679c129c4c9,immune_modulation_TLR8,TLR8,S,HELMGraph,{},{},GNN,"{""hidden_dim"":64,""num_layers"":1,""pooling_operation"":""avg""}","{'hidden_dim': 64, 'num_layers': 1, 'pooling_operation': 'avg'}",random,gpu,gpu,1.782,measured
corrm_31d062a7ad59439b,corrective,f5cbc2deff3681d8,immune_modulation_TLR8,TLR8,S,HELMGraph,{},{},GNN,"{""hidden_dim"":64,""num_layers"":1,""pooling_operation"":""sum""}","{'hidden_dim': 64, 'num_layers': 1, 'pooling_operation': 'sum'}",random,gpu,gpu,1.782,measured
corrm_31d062a7ad59439b,corrective,6b81487baf04354c,immune_modulation_TLR8,TLR8,S,HELMGraph,{},{},GNN,"{""hidden_dim"":64,""num_layers"":2,""pooling_operation"":""max""}","{'hidden_dim': 64, 'num_layers': 2, 'pooling_operation': 'max'}",random,gpu,gpu,1.782,measured
corrm_31d062a7ad59439b,corrective,a2267325144b389e,immune_modulation_TLR8,TLR8,S,HELMGraph,{},{},GNN,"{""hidden_dim"":64,""num_layers"":2,""pooling_operation"":""avg""}","{'hidden_dim': 64, 'num_layers': 2, 'pooling_operation': 'avg'}",random,gpu,gpu,1.782,measured
corrm_31d062a7ad59439b,corrective,a8bd8dbc221cf871,immune_modulation_TLR8,TLR8,S,HELMGraph,{},{},GNN,"{""hidden_dim"":64,""num_layers"":2,""pooling_operation"":""sum""}","{'hidden_dim': 64, 'num_layers': 2, 'pooling_operation': 'sum'}",random,gpu,gpu,1.782,measured
corrm_c67ce893ef412d16,corrective,d56533304ad8a647,immune_modulation_TLR8,TLR8,S,KMersCounts,"{""k"":[1,2,3],""modification_abundance"":false}","{'k': [1, 2, 3], 'modification_abundance': False}",RandomForestModel,"{""max_depth"":20,""n_estimators"":1000}","{'max_depth': 20, 'n_estimators': 1000}",nucleobase,cpu,cpu,0.463,measured
corrm_c67ce893ef412d16,corrective,332d74999ea4e7a2,immune_modulation_TLR8,TLR8,S,KMersCounts,"{""k"":[1,2,3],""modification_abundance"":false}","{'k': [1, 2, 3], 'modification_abundance': False}",RandomForestModel,"{""max_depth"":10,""n_estimators"":100}","{'max_depth': 10, 'n_estimators': 100}",nucleobase,cpu,cpu,0.463,measured
corrm_c67ce893ef412d16,corrective,3874f98ecdba3953,immune_modulation_TLR8,TLR8,S,KMersCounts,"{""k"":[1,2,3],""modification_abundance"":false}","{'k': [1, 2, 3], 'modification_abundance': False}",RandomForestModel,"{""max_depth"":20,""n_estimators"":100}","{'max_depth': 20, 'n_estimators': 100}",nucleobase,cpu,cpu,0.463,measured
corrm_c67ce893ef412d16,corrective,cfeb7298235186e1,immune_modulation_TLR8,TLR8,S,KMersCounts,"{""k"":[1,2,3],""modification_abundance"":false}","{'k': [1, 2, 3], 'modification_abundance': False}",RandomForestModel,"{""max_depth"":30,""n_estimators"":100}","{'max_depth': 30, 'n_estimators': 100}",nucleobase,cpu,cpu,0.463,measured
corrm_c67ce893ef412d16,corrective,8787aeeb6e25935c,immune_modulation_TLR8,TLR8,S,KMersCounts,"{""k"":[1,2,3],""modification_abundance"":false}","{'k': [1, 2, 3], 'modification_abundance': False}",RandomForestModel,"{""max_depth"":10,""n_estimators"":500}","{'max_depth': 10, 'n_estimators': 500}",nucleobase,cpu,cpu,0.463,measured
corrm_c67ce893ef412d16,corrective,ec9efaa21f5e8e0b,immune_modulation_TLR8,TLR8,S,KMersCounts,"{""k"":[1,2,3],""modification_abundance"":false}","{'k': [1, 2, 3], 'modification_abundance': False}",RandomForestModel,"{""max_depth"":20,""n_estimators"":500}","{'max_depth': 20, 'n_estimators': 500}",nucleobase,cpu,cpu,0.463,measured
corrm_c67ce893ef412d16,corrective,dc03657e929bbfce,immune_modulation_TLR8,TLR8,S,KMersCounts,"{""k"":[1,2,3],""modification_abundance"":false}","{'k': [1, 2, 3], 'modification_abundance': False}",RandomForestModel,"{""max_depth"":30,""n_estimators"":500}","{'max_depth': 30, 'n_estimators': 500}",nucleobase,cpu,cpu,0.463,measured
corrm_c67ce893ef412d16,corrective,2db0ec225dda0664,immune_modulation_TLR8,TLR8,S,KMersCounts,"{""k"":[1,2,3],""modification_abundance"":false}","{'k': [1, 2, 3], 'modification_abundance': False}",RandomForestModel,"{""max_depth"":10,""n_estimators"":1000}","{'max_depth': 10, 'n_estimators': 1000}",nucleobase,cpu,cpu,0.463,measured
corrm_c67ce893ef412d16,corrective,5ba2cff02e383f04,immune_modulation_TLR8,TLR8,S,KMersCounts,"{""k"":[1,2,3],""modification_abundance"":false}","{'k': [1, 2, 3], 'modification_abundance': False}",RandomForestModel,"{""max_depth"":30,""n_estimators"":1000}","{'max_depth': 30, 'n_estimators': 1000}",nucleobase,cpu,cpu,0.463,measured
corrm_c67ce893ef412d16,corrective,5fa8316ae5a8491c,immune_modulation_TLR8,TLR8,S,KMersCounts,"{""k"":[1,2,3],""modification_abundance"":false}","{'k': [1, 2, 3], 'modification_abundance': False}",XGBoostModel,"{""max_depth"":30,""n_estimators"":500}","{'max_depth': 30, 'n_estimators': 500}",nucleobase,cpu,cpu,0.047,measured
corrm_c67ce893ef412d16,corrective,5971c6fb2528e515,immune_modulation_TLR8,TLR8,S,KMersCounts,"{""k"":[1,2,3],""modification_abundance"":false}","{'k': [1, 2, 3], 'modification_abundance': False}",XGBoostModel,"{""max_depth"":30,""n_estimators"":100}","{'max_depth': 30, 'n_estimators': 100}",nucleobase,cpu,cpu,0.047,measured
corrm_c67ce893ef412d16,corrective,dcab60cb9fc6fb81,immune_modulation_TLR8,TLR8,S,KMersCounts,"{""k"":[1,2,3],""modification_abundance"":false}","{'k': [1, 2, 3], 'modification_abundance': False}",XGBoostModel,"{""max_depth"":20,""n_estimators"":100}","{'max_depth': 20, 'n_estimators': 100}",nucleobase,cpu,cpu,0.047,measured
corrm_c67ce893ef412d16,corrective,4266916f92b28f4f,immune_modulation_TLR8,TLR8,S,KMersCounts,"{""k"":[1,2,3],""modification_abundance"":false}","{'k': [1, 2, 3], 'modification_abundance': False}",XGBoostModel,"{""max_depth"":10,""n_estimators"":100}","{'max_depth': 10, 'n_estimators': 100}",nucleobase,cpu,cpu,0.047,measured
corrm_c67ce893ef412d16,corrective,b63cd08c1ce11a68,immune_modulation_TLR8,TLR8,S,KMersCounts,"{""k"":[1,2,3],""modification_abundance"":false}","{'k': [1, 2, 3], 'modification_abundance': False}",XGBoostModel,"{""max_depth"":30,""n_estimators"":1000}","{'max_depth': 30, 'n_estimators': 1000}",nucleobase,cpu,cpu,0.047,measured
corrm_c67ce893ef412d16,corrective,8952dcb92ef8267f,immune_modulation_TLR8,TLR8,S,KMersCounts,"{""k"":[1,2,3],""modification_abundance"":false}","{'k': [1, 2, 3], 'modification_abundance': False}",XGBoostModel,"{""max_depth"":10,""n_estimators"":1000}","{'max_depth': 10, 'n_estimators': 1000}",nucleobase,cpu,cpu,0.047,measured
corrm_c67ce893ef412d16,corrective,9f6c16fcff5d721a,immune_modulation_TLR8,TLR8,S,KMersCounts,"{""k"":[1,2,3],""modification_abundance"":false}","{'k': [1, 2, 3], 'modification_abundance': False}",XGBoostModel,"{""max_depth"":20,""n_estimators"":1000}","{'max_depth': 20, 'n_estimators': 1000}",nucleobase,cpu,cpu,0.047,measured
corrm_c67ce893ef412d16,corrective,b5a7ce10e181d289,immune_modulation_TLR8,TLR8,S,KMersCounts,"{""k"":[1,2,3],""modification_abundance"":false}","{'k': [1, 2, 3], 'modification_abundance': False}",XGBoostModel,"{""max_depth"":20,""n_estimators"":500}","{'max_depth': 20, 'n_estimators': 500}",nucleobase,cpu,cpu,0.047,measured
corrm_c67ce893ef412d16,corrective,23f03c1f8f0de5e0,immune_modulation_TLR8,TLR8,S,KMersCounts,"{""k"":[1,2,3],""modification_abundance"":false}","{'k': [1, 2, 3], 'modification_abundance': False}",XGBoostModel,"{""max_depth"":10,""n_estimators"":500}","{'max_depth': 10, 'n_estimators': 500}",nucleobase,cpu,cpu,0.047,measured
corrm_c67ce893ef412d16,corrective,5cc35dfaa2b831ba,immune_modulation_TLR8,TLR8,S,KMersCounts,"{""k"":[1,2,3],""modification_abundance"":false}","{'k': [1, 2, 3], 'modification_abundance': False}",NearestNeighborsModel,"{""n_neighbors"":5}",{'n_neighbors': 5},nucleobase,cpu,cpu,0.003,measured
corrm_c67ce893ef412d16,corrective,e7f04eb601eab16a,immune_modulation_TLR8,TLR8,S,KMersCounts,"{""k"":[1,2,3],""modification_abundance"":false}","{'k': [1, 2, 3], 'modification_abundance': False}",NearestNeighborsModel,"{""n_neighbors"":15}",{'n_neighbors': 15},nucleobase,cpu,cpu,0.003,measured
corrm_c67ce893ef412d16,corrective,7cc5f6908c7696a2,immune_modulation_TLR8,TLR8,S,KMersCounts,"{""k"":[1,2,3],""modification_abundance"":false}","{'k': [1, 2, 3], 'modification_abundance': False}",NearestNeighborsModel,"{""n_neighbors"":10}",{'n_neighbors': 10},nucleobase,cpu,cpu,0.003,measured
corrm_c67ce893ef412d16,corrective,9bd533d66217103c,immune_modulation_TLR8,TLR8,S,KMersCounts,"{""k"":[1,2,3],""modification_abundance"":false}","{'k': [1, 2, 3], 'modification_abundance': False}",LinearModel,"{""type"":""ridge""}",{'type': 'ridge'},nucleobase,cpu,cpu,0.001,measured
corrm_c67ce893ef412d16,corrective,35e622b5aae1bede,immune_modulation_TLR8,TLR8,S,KMersCounts,"{""k"":[1,2,3],""modification_abundance"":false}","{'k': [1, 2, 3], 'modification_abundance': False}",LinearModel,"{""type"":""standard""}",{'type': 'standard'},nucleobase,cpu,cpu,0.001,measured
corrm_31d062a7ad59439b,corrective,c003df81f0d3d785,immune_modulation_TLR8,TLR8,S,KMersCounts,"{""k"":[1,2,3],""modification_abundance"":false}","{'k': [1, 2, 3], 'modification_abundance': False}",MLP,"{""dropout"":0,""hidden_dims"":[64]}","{'dropout': 0, 'hidden_dims': [64]}",nucleobase,gpu,gpu,0.762,measured
corrm_31d062a7ad59439b,corrective,fec11316a1515209,immune_modulation_TLR8,TLR8,S,KMersCounts,"{""k"":[1,2,3],""modification_abundance"":false}","{'k': [1, 2, 3], 'modification_abundance': False}",MLP,"{""dropout"":0.25,""hidden_dims"":[64]}","{'dropout': 0.25, 'hidden_dims': [64]}",nucleobase,gpu,gpu,0.762,measured
corrm_31d062a7ad59439b,corrective,192a279e28990d64,immune_modulation_TLR8,TLR8,S,KMersCounts,"{""k"":[1,2,3],""modification_abundance"":false}","{'k': [1, 2, 3], 'modification_abundance': False}",MLP,"{""dropout"":0,""hidden_dims"":[64,64]}","{'dropout': 0, 'hidden_dims': [64, 64]}",nucleobase,gpu,gpu,0.762,measured
corrm_31d062a7ad59439b,corrective,9be9e0c06abf5b13,immune_modulation_TLR8,TLR8,S,KMersCounts,"{""k"":[1,2,3],""modification_abundance"":false}","{'k': [1, 2, 3], 'modification_abundance': False}",MLP,"{""dropout"":0.25,""hidden_dims"":[64,64]}","{'dropout': 0.25, 'hidden_dims': [64, 64]}",nucleobase,gpu,gpu,0.762,measured
corrm_31d062a7ad59439b,corrective,aa793cbf6d9bed0c,immune_modulation_TLR8,TLR8,S,KMersCounts,"{""k"":[1,2,3],""modification_abundance"":false}","{'k': [1, 2, 3], 'modification_abundance': False}",MLP,"{""dropout"":0,""hidden_dims"":[128]}","{'dropout': 0, 'hidden_dims': [128]}",nucleobase,gpu,gpu,0.762,measured
corrm_31d062a7ad59439b,corrective,dabf5c4f406ff6dc,immune_modulation_TLR8,TLR8,S,KMersCounts,"{""k"":[1,2,3],""modification_abundance"":false}","{'k': [1, 2, 3], 'modification_abundance': False}",MLP,"{""dropout"":0.25,""hidden_dims"":[128]}","{'dropout': 0.25, 'hidden_dims': [128]}",nucleobase,gpu,gpu,0.762,measured
corrm_31d062a7ad59439b,corrective,0b7047364c1fd8cb,immune_modulation_TLR8,TLR8,S,KMersCounts,"{""k"":[1,2,3],""modification_abundance"":false}","{'k': [1, 2, 3], 'modification_abundance': False}",MLP,"{""dropout"":0,""hidden_dims"":[128,128]}","{'dropout': 0, 'hidden_dims': [128, 128]}",nucleobase,gpu,gpu,0.762,measured
corrm_31d062a7ad59439b,corrective,3c502a95f0b85288,immune_modulation_TLR8,TLR8,S,KMersCounts,"{""k"":[1,2,3],""modification_abundance"":false}","{'k': [1, 2, 3], 'modification_abundance': False}",MLP,"{""dropout"":0.25,""hidden_dims"":[128,128]}","{'dropout': 0.25, 'hidden_dims': [128, 128]}",nucleobase,gpu,gpu,0.762,measured
corrm_c67ce893ef412d16,corrective,8d863e5e03ebf237,immune_modulation_TLR8,TLR8,S,KMersCounts,"{""k"":[1,2,3],""modification_abundance"":false}","{'k': [1, 2, 3], 'modification_abundance': False}",RandomForestModel,"{""max_depth"":20,""n_estimators"":1000}","{'max_depth': 20, 'n_estimators': 1000}",random,cpu,cpu,0.463,measured
corrm_c67ce893ef412d16,corrective,5b8b489ca1e340f5,immune_modulation_TLR8,TLR8,S,KMersCounts,"{""k"":[1,2,3],""modification_abundance"":false}","{'k': [1, 2, 3], 'modification_abundance': False}",RandomForestModel,"{""max_depth"":10,""n_estimators"":100}","{'max_depth': 10, 'n_estimators': 100}",random,cpu,cpu,0.463,measured
corrm_c67ce893ef412d16,corrective,1ab82224e800b05d,immune_modulation_TLR8,TLR8,S,KMersCounts,"{""k"":[1,2,3],""modification_abundance"":false}","{'k': [1, 2, 3], 'modification_abundance': False}",RandomForestModel,"{""max_depth"":20,""n_estimators"":100}","{'max_depth': 20, 'n_estimators': 100}",random,cpu,cpu,0.463,measured
corrm_c67ce893ef412d16,corrective,71be56c0f2d7113b,immune_modulation_TLR8,TLR8,S,KMersCounts,"{""k"":[1,2,3],""modification_abundance"":false}","{'k': [1, 2, 3], 'modification_abundance': False}",RandomForestModel,"{""max_depth"":30,""n_estimators"":100}","{'max_depth': 30, 'n_estimators': 100}",random,cpu,cpu,0.463,measured
corrm_c67ce893ef412d16,corrective,3aac7f3dbd05d9e9,immune_modulation_TLR8,TLR8,S,KMersCounts,"{""k"":[1,2,3],""modification_abundance"":false}","{'k': [1, 2, 3], 'modification_abundance': False}",RandomForestModel,"{""max_depth"":10,""n_estimators"":500}","{'max_depth': 10, 'n_estimators': 500}",random,cpu,cpu,0.463,measured
corrm_c67ce893ef412d16,corrective,e12d5c8d89fe88e1,immune_modulation_TLR8,TLR8,S,KMersCounts,"{""k"":[1,2,3],""modification_abundance"":false}","{'k': [1, 2, 3], 'modification_abundance': False}",RandomForestModel,"{""max_depth"":20,""n_estimators"":500}","{'max_depth': 20, 'n_estimators': 500}",random,cpu,cpu,0.463,measured
corrm_c67ce893ef412d16,corrective,6b082674a81f49db,immune_modulation_TLR8,TLR8,S,KMersCounts,"{""k"":[1,2,3],""modification_abundance"":false}","{'k': [1, 2, 3], 'modification_abundance': False}",RandomForestModel,"{""max_depth"":30,""n_estimators"":500}","{'max_depth': 30, 'n_estimators': 500}",random,cpu,cpu,0.463,measured
corrm_c67ce893ef412d16,corrective,90bb2df9d435b34c,immune_modulation_TLR8,TLR8,S,KMersCounts,"{""k"":[1,2,3],""modification_abundance"":false}","{'k': [1, 2, 3], 'modification_abundance': False}",RandomForestModel,"{""max_depth"":10,""n_estimators"":1000}","{'max_depth': 10, 'n_estimators': 1000}",random,cpu,cpu,0.463,measured
corrm_c67ce893ef412d16,corrective,79802546c2dae590,immune_modulation_TLR8,TLR8,S,KMersCounts,"{""k"":[1,2,3],""modification_abundance"":false}","{'k': [1, 2, 3], 'modification_abundance': False}",RandomForestModel,"{""max_depth"":30,""n_estimators"":1000}","{'max_depth': 30, 'n_estimators': 1000}",random,cpu,cpu,0.463,measured
corrm_c67ce893ef412d16,corrective,2e40cc287e1882fd,immune_modulation_TLR8,TLR8,S,KMersCounts,"{""k"":[1,2,3],""modification_abundance"":false}","{'k': [1, 2, 3], 'modification_abundance': False}",XGBoostModel,"{""max_depth"":30,""n_estimators"":500}","{'max_depth': 30, 'n_estimators': 500}",random,cpu,cpu,0.047,measured
corrm_c67ce893ef412d16,corrective,e6decf32f8386a69,immune_modulation_TLR8,TLR8,S,KMersCounts,"{""k"":[1,2,3],""modification_abundance"":false}","{'k': [1, 2, 3], 'modification_abundance': False}",XGBoostModel,"{""max_depth"":30,""n_estimators"":100}","{'max_depth': 30, 'n_estimators': 100}",random,cpu,cpu,0.047,measured
corrm_c67ce893ef412d16,corrective,ce30651a61498fd3,immune_modulation_TLR8,TLR8,S,KMersCounts,"{""k"":[1,2,3],""modification_abundance"":false}","{'k': [1, 2, 3], 'modification_abundance': False}",XGBoostModel,"{""max_depth"":20,""n_estimators"":100}","{'max_depth': 20, 'n_estimators': 100}",random,cpu,cpu,0.047,measured
corrm_c67ce893ef412d16,corrective,4cecf5895836b9e2,immune_modulation_TLR8,TLR8,S,KMersCounts,"{""k"":[1,2,3],""modification_abundance"":false}","{'k': [1, 2, 3], 'modification_abundance': False}",XGBoostModel,"{""max_depth"":10,""n_estimators"":100}","{'max_depth': 10, 'n_estimators': 100}",random,cpu,cpu,0.047,measured
corrm_c67ce893ef412d16,corrective,8d27d90830329041,immune_modulation_TLR8,TLR8,S,KMersCounts,"{""k"":[1,2,3],""modification_abundance"":false}","{'k': [1, 2, 3], 'modification_abundance': False}",XGBoostModel,"{""max_depth"":30,""n_estimators"":1000}","{'max_depth': 30, 'n_estimators': 1000}",random,cpu,cpu,0.047,measured
corrm_c67ce893ef412d16,corrective,f80ab580bd6b8dd4,immune_modulation_TLR8,TLR8,S,KMersCounts,"{""k"":[1,2,3],""modification_abundance"":false}","{'k': [1, 2, 3], 'modification_abundance': False}",XGBoostModel,"{""max_depth"":10,""n_estimators"":1000}","{'max_depth': 10, 'n_estimators': 1000}",random,cpu,cpu,0.047,measured
corrm_c67ce893ef412d16,corrective,f3c7b5bdf21d951e,immune_modulation_TLR8,TLR8,S,KMersCounts,"{""k"":[1,2,3],""modification_abundance"":false}","{'k': [1, 2, 3], 'modification_abundance': False}",XGBoostModel,"{""max_depth"":20,""n_estimators"":1000}","{'max_depth': 20, 'n_estimators': 1000}",random,cpu,cpu,0.047,measured
corrm_c67ce893ef412d16,corrective,c872b894b8c908fc,immune_modulation_TLR8,TLR8,S,KMersCounts,"{""k"":[1,2,3],""modification_abundance"":false}","{'k': [1, 2, 3], 'modification_abundance': False}",XGBoostModel,"{""max_depth"":20,""n_estimators"":500}","{'max_depth': 20, 'n_estimators': 500}",random,cpu,cpu,0.047,measured
corrm_c67ce893ef412d16,corrective,ffa6476962a3bb02,immune_modulation_TLR8,TLR8,S,KMersCounts,"{""k"":[1,2,3],""modification_abundance"":false}","{'k': [1, 2, 3], 'modification_abundance': False}",XGBoostModel,"{""max_depth"":10,""n_estimators"":500}","{'max_depth': 10, 'n_estimators': 500}",random,cpu,cpu,0.047,measured
corrm_c67ce893ef412d16,corrective,0322f052bcf54171,immune_modulation_TLR8,TLR8,S,KMersCounts,"{""k"":[1,2,3],""modification_abundance"":false}","{'k': [1, 2, 3], 'modification_abundance': False}",NearestNeighborsModel,"{""n_neighbors"":5}",{'n_neighbors': 5},random,cpu,cpu,0.003,measured
corrm_c67ce893ef412d16,corrective,6f1925b7e01015c9,immune_modulation_TLR8,TLR8,S,KMersCounts,"{""k"":[1,2,3],""modification_abundance"":false}","{'k': [1, 2, 3], 'modification_abundance': False}",NearestNeighborsModel,"{""n_neighbors"":15}",{'n_neighbors': 15},random,cpu,cpu,0.003,measured
corrm_c67ce893ef412d16,corrective,89c1418acc812449,immune_modulation_TLR8,TLR8,S,KMersCounts,"{""k"":[1,2,3],""modification_abundance"":false}","{'k': [1, 2, 3], 'modification_abundance': False}",NearestNeighborsModel,"{""n_neighbors"":10}",{'n_neighbors': 10},random,cpu,cpu,0.003,measured
corrm_c67ce893ef412d16,corrective,cbd8089b7428a05e,immune_modulation_TLR8,TLR8,S,KMersCounts,"{""k"":[1,2,3],""modification_abundance"":false}","{'k': [1, 2, 3], 'modification_abundance': False}",LinearModel,"{""type"":""ridge""}",{'type': 'ridge'},random,cpu,cpu,0.001,measured
corrm_c67ce893ef412d16,corrective,34551649cd1b0a5b,immune_modulation_TLR8,TLR8,S,KMersCounts,"{""k"":[1,2,3],""modification_abundance"":false}","{'k': [1, 2, 3], 'modification_abundance': False}",LinearModel,"{""type"":""standard""}",{'type': 'standard'},random,cpu,cpu,0.001,measured
corrm_31d062a7ad59439b,corrective,a0cfc641a6408cae,immune_modulation_TLR8,TLR8,S,KMersCounts,"{""k"":[1,2,3],""modification_abundance"":false}","{'k': [1, 2, 3], 'modification_abundance': False}",MLP,"{""dropout"":0,""hidden_dims"":[64]}","{'dropout': 0, 'hidden_dims': [64]}",random,gpu,gpu,0.762,measured
corrm_31d062a7ad59439b,corrective,80377cfe09063fc2,immune_modulation_TLR8,TLR8,S,KMersCounts,"{""k"":[1,2,3],""modification_abundance"":false}","{'k': [1, 2, 3], 'modification_abundance': False}",MLP,"{""dropout"":0.25,""hidden_dims"":[64]}","{'dropout': 0.25, 'hidden_dims': [64]}",random,gpu,gpu,0.762,measured
corrm_31d062a7ad59439b,corrective,affe42acb44ee9e8,immune_modulation_TLR8,TLR8,S,KMersCounts,"{""k"":[1,2,3],""modification_abundance"":false}","{'k': [1, 2, 3], 'modification_abundance': False}",MLP,"{""dropout"":0,""hidden_dims"":[64,64]}","{'dropout': 0, 'hidden_dims': [64, 64]}",random,gpu,gpu,0.762,measured
corrm_31d062a7ad59439b,corrective,1f1d13fc2c263ce1,immune_modulation_TLR8,TLR8,S,KMersCounts,"{""k"":[1,2,3],""modification_abundance"":false}","{'k': [1, 2, 3], 'modification_abundance': False}",MLP,"{""dropout"":0.25,""hidden_dims"":[64,64]}","{'dropout': 0.25, 'hidden_dims': [64, 64]}",random,gpu,gpu,0.762,measured
corrm_31d062a7ad59439b,corrective,f6cc4570fe94d17e,immune_modulation_TLR8,TLR8,S,KMersCounts,"{""k"":[1,2,3],""modification_abundance"":false}","{'k': [1, 2, 3], 'modification_abundance': False}",MLP,"{""dropout"":0,""hidden_dims"":[128]}","{'dropout': 0, 'hidden_dims': [128]}",random,gpu,gpu,0.762,measured
corrm_31d062a7ad59439b,corrective,47295c5dcce96f8a,immune_modulation_TLR8,TLR8,S,KMersCounts,"{""k"":[1,2,3],""modification_abundance"":false}","{'k': [1, 2, 3], 'modification_abundance': False}",MLP,"{""dropout"":0.25,""hidden_dims"":[128]}","{'dropout': 0.25, 'hidden_dims': [128]}",random,gpu,gpu,0.762,measured
corrm_31d062a7ad59439b,corrective,ed434a78b0c7ba84,immune_modulation_TLR8,TLR8,S,KMersCounts,"{""k"":[1,2,3],""modification_abundance"":false}","{'k': [1, 2, 3], 'modification_abundance': False}",MLP,"{""dropout"":0,""hidden_dims"":[128,128]}","{'dropout': 0, 'hidden_dims': [128, 128]}",random,gpu,gpu,0.762,measured
corrm_31d062a7ad59439b,corrective,03c1c896b60570b4,immune_modulation_TLR8,TLR8,S,KMersCounts,"{""k"":[1,2,3],""modification_abundance"":false}","{'k': [1, 2, 3], 'modification_abundance': False}",MLP,"{""dropout"":0.25,""hidden_dims"":[128,128]}","{'dropout': 0.25, 'hidden_dims': [128, 128]}",random,gpu,gpu,0.762,measured
corrm_c67ce893ef412d16,corrective,d4aa44c852a01588,immune_modulation_TLR8,TLR8,S,KMersCounts,"{""k"":[1,2,3],""modification_abundance"":true}","{'k': [1, 2, 3], 'modification_abundance': True}",RandomForestModel,"{""max_depth"":20,""n_estimators"":1000}","{'max_depth': 20, 'n_estimators': 1000}",nucleobase,cpu,cpu,0.463,measured
corrm_c67ce893ef412d16,corrective,abda9aa78e46445b,immune_modulation_TLR8,TLR8,S,KMersCounts,"{""k"":[1,2,3],""modification_abundance"":true}","{'k': [1, 2, 3], 'modification_abundance': True}",RandomForestModel,"{""max_depth"":10,""n_estimators"":100}","{'max_depth': 10, 'n_estimators': 100}",nucleobase,cpu,cpu,0.463,measured
corrm_c67ce893ef412d16,corrective,ae9fe78a1e4c415a,immune_modulation_TLR8,TLR8,S,KMersCounts,"{""k"":[1,2,3],""modification_abundance"":true}","{'k': [1, 2, 3], 'modification_abundance': True}",RandomForestModel,"{""max_depth"":20,""n_estimators"":100}","{'max_depth': 20, 'n_estimators': 100}",nucleobase,cpu,cpu,0.463,measured
corrm_c67ce893ef412d16,corrective,8007b7a5538cf392,immune_modulation_TLR8,TLR8,S,KMersCounts,"{""k"":[1,2,3],""modification_abundance"":true}","{'k': [1, 2, 3], 'modification_abundance': True}",RandomForestModel,"{""max_depth"":30,""n_estimators"":100}","{'max_depth': 30, 'n_estimators': 100}",nucleobase,cpu,cpu,0.463,measured
corrm_c67ce893ef412d16,corrective,2baa48e668ecd7c6,immune_modulation_TLR8,TLR8,S,KMersCounts,"{""k"":[1,2,3],""modification_abundance"":true}","{'k': [1, 2, 3], 'modification_abundance': True}",RandomForestModel,"{""max_depth"":10,""n_estimators"":500}","{'max_depth': 10, 'n_estimators': 500}",nucleobase,cpu,cpu,0.463,measured
corrm_c67ce893ef412d16,corrective,0cc894424318bb77,immune_modulation_TLR8,TLR8,S,KMersCounts,"{""k"":[1,2,3],""modification_abundance"":true}","{'k': [1, 2, 3], 'modification_abundance': True}",RandomForestModel,"{""max_depth"":20,""n_estimators"":500}","{'max_depth': 20, 'n_estimators': 500}",nucleobase,cpu,cpu,0.463,measured
corrm_c67ce893ef412d16,corrective,0a23e77b811b0446,immune_modulation_TLR8,TLR8,S,KMersCounts,"{""k"":[1,2,3],""modification_abundance"":true}","{'k': [1, 2, 3], 'modification_abundance': True}",RandomForestModel,"{""max_depth"":30,""n_estimators"":500}","{'max_depth': 30, 'n_estimators': 500}",nucleobase,cpu,cpu,0.463,measured
corrm_c67ce893ef412d16,corrective,0743a5c0e0fbf238,immune_modulation_TLR8,TLR8,S,KMersCounts,"{""k"":[1,2,3],""modification_abundance"":true}","{'k': [1, 2, 3], 'modification_abundance': True}",RandomForestModel,"{""max_depth"":10,""n_estimators"":1000}","{'max_depth': 10, 'n_estimators': 1000}",nucleobase,cpu,cpu,0.463,measured
corrm_c67ce893ef412d16,corrective,23e797b46aafb9df,immune_modulation_TLR8,TLR8,S,KMersCounts,"{""k"":[1,2,3],""modification_abundance"":true}","{'k': [1, 2, 3], 'modification_abundance': True}",RandomForestModel,"{""max_depth"":30,""n_estimators"":1000}","{'max_depth': 30, 'n_estimators': 1000}",nucleobase,cpu,cpu,0.463,measured
corrm_c67ce893ef412d16,corrective,1e00eb53344b1e2a,immune_modulation_TLR8,TLR8,S,KMersCounts,"{""k"":[1,2,3],""modification_abundance"":true}","{'k': [1, 2, 3], 'modification_abundance': True}",XGBoostModel,"{""max_depth"":30,""n_estimators"":500}","{'max_depth': 30, 'n_estimators': 500}",nucleobase,cpu,cpu,0.047,measured
corrm_c67ce893ef412d16,corrective,dce337d5b2064569,immune_modulation_TLR8,TLR8,S,KMersCounts,"{""k"":[1,2,3],""modification_abundance"":true}","{'k': [1, 2, 3], 'modification_abundance': True}",XGBoostModel,"{""max_depth"":30,""n_estimators"":100}","{'max_depth': 30, 'n_estimators': 100}",nucleobase,cpu,cpu,0.047,measured
corrm_c67ce893ef412d16,corrective,00b8ae3c78b06ea6,immune_modulation_TLR8,TLR8,S,KMersCounts,"{""k"":[1,2,3],""modification_abundance"":true}","{'k': [1, 2, 3], 'modification_abundance': True}",XGBoostModel,"{""max_depth"":20,""n_estimators"":100}","{'max_depth': 20, 'n_estimators': 100}",nucleobase,cpu,cpu,0.047,measured
corrm_c67ce893ef412d16,corrective,1a02d948b946b056,immune_modulation_TLR8,TLR8,S,KMersCounts,"{""k"":[1,2,3],""modification_abundance"":true}","{'k': [1, 2, 3], 'modification_abundance': True}",XGBoostModel,"{""max_depth"":10,""n_estimators"":100}","{'max_depth': 10, 'n_estimators': 100}",nucleobase,cpu,cpu,0.047,measured
corrm_c67ce893ef412d16,corrective,9160c248ffc5a0e2,immune_modulation_TLR8,TLR8,S,KMersCounts,"{""k"":[1,2,3],""modification_abundance"":true}","{'k': [1, 2, 3], 'modification_abundance': True}",XGBoostModel,"{""max_depth"":30,""n_estimators"":1000}","{'max_depth': 30, 'n_estimators': 1000}",nucleobase,cpu,cpu,0.047,measured
corrm_c67ce893ef412d16,corrective,50310b68c8e9f5fb,immune_modulation_TLR8,TLR8,S,KMersCounts,"{""k"":[1,2,3],""modification_abundance"":true}","{'k': [1, 2, 3], 'modification_abundance': True}",XGBoostModel,"{""max_depth"":10,""n_estimators"":1000}","{'max_depth': 10, 'n_estimators': 1000}",nucleobase,cpu,cpu,0.047,measured
corrm_c67ce893ef412d16,corrective,7b6af7ddfb766611,immune_modulation_TLR8,TLR8,S,KMersCounts,"{""k"":[1,2,3],""modification_abundance"":true}","{'k': [1, 2, 3], 'modification_abundance': True}",XGBoostModel,"{""max_depth"":20,""n_estimators"":1000}","{'max_depth': 20, 'n_estimators': 1000}",nucleobase,cpu,cpu,0.047,measured
corrm_c67ce893ef412d16,corrective,e78bc934fc8038ef,immune_modulation_TLR8,TLR8,S,KMersCounts,"{""k"":[1,2,3],""modification_abundance"":true}","{'k': [1, 2, 3], 'modification_abundance': True}",XGBoostModel,"{""max_depth"":20,""n_estimators"":500}","{'max_depth': 20, 'n_estimators': 500}",nucleobase,cpu,cpu,0.047,measured
corrm_c67ce893ef412d16,corrective,c660837541711ddc,immune_modulation_TLR8,TLR8,S,KMersCounts,"{""k"":[1,2,3],""modification_abundance"":true}","{'k': [1, 2, 3], 'modification_abundance': True}",XGBoostModel,"{""max_depth"":10,""n_estimators"":500}","{'max_depth': 10, 'n_estimators': 500}",nucleobase,cpu,cpu,0.047,measured
corrm_c67ce893ef412d16,corrective,ce8a4c6b934cb47b,immune_modulation_TLR8,TLR8,S,KMersCounts,"{""k"":[1,2,3],""modification_abundance"":true}","{'k': [1, 2, 3], 'modification_abundance': True}",NearestNeighborsModel,"{""n_neighbors"":5}",{'n_neighbors': 5},nucleobase,cpu,cpu,0.003,measured
corrm_c67ce893ef412d16,corrective,e1070f4cde867d42,immune_modulation_TLR8,TLR8,S,KMersCounts,"{""k"":[1,2,3],""modification_abundance"":true}","{'k': [1, 2, 3], 'modification_abundance': True}",NearestNeighborsModel,"{""n_neighbors"":15}",{'n_neighbors': 15},nucleobase,cpu,cpu,0.003,measured
corrm_c67ce893ef412d16,corrective,f67f1c11145fcca6,immune_modulation_TLR8,TLR8,S,KMersCounts,"{""k"":[1,2,3],""modification_abundance"":true}","{'k': [1, 2, 3], 'modification_abundance': True}",NearestNeighborsModel,"{""n_neighbors"":10}",{'n_neighbors': 10},nucleobase,cpu,cpu,0.003,measured
corrm_c67ce893ef412d16,corrective,998e2fa0cce85c90,immune_modulation_TLR8,TLR8,S,KMersCounts,"{""k"":[1,2,3],""modification_abundance"":true}","{'k': [1, 2, 3], 'modification_abundance': True}",LinearModel,"{""type"":""ridge""}",{'type': 'ridge'},nucleobase,cpu,cpu,0.001,measured
corrm_c67ce893ef412d16,corrective,9ff7f84104574cdd,immune_modulation_TLR8,TLR8,S,KMersCounts,"{""k"":[1,2,3],""modification_abundance"":true}","{'k': [1, 2, 3], 'modification_abundance': True}",LinearModel,"{""type"":""standard""}",{'type': 'standard'},nucleobase,cpu,cpu,0.001,measured
corrm_31d062a7ad59439b,corrective,4dd2deb4f1cb3583,immune_modulation_TLR8,TLR8,S,KMersCounts,"{""k"":[1,2,3],""modification_abundance"":true}","{'k': [1, 2, 3], 'modification_abundance': True}",MLP,"{""dropout"":0,""hidden_dims"":[64]}","{'dropout': 0, 'hidden_dims': [64]}",nucleobase,gpu,gpu,0.762,measured
corrm_31d062a7ad59439b,corrective,964ddc8d14b40c39,immune_modulation_TLR8,TLR8,S,KMersCounts,"{""k"":[1,2,3],""modification_abundance"":true}","{'k': [1, 2, 3], 'modification_abundance': True}",MLP,"{""dropout"":0.25,""hidden_dims"":[64]}","{'dropout': 0.25, 'hidden_dims': [64]}",nucleobase,gpu,gpu,0.762,measured
corrm_31d062a7ad59439b,corrective,1d2d1d5d30612638,immune_modulation_TLR8,TLR8,S,KMersCounts,"{""k"":[1,2,3],""modification_abundance"":true}","{'k': [1, 2, 3], 'modification_abundance': True}",MLP,"{""dropout"":0,""hidden_dims"":[64,64]}","{'dropout': 0, 'hidden_dims': [64, 64]}",nucleobase,gpu,gpu,0.762,measured
corrm_31d062a7ad59439b,corrective,03d5360d44404bae,immune_modulation_TLR8,TLR8,S,KMersCounts,"{""k"":[1,2,3],""modification_abundance"":true}","{'k': [1, 2, 3], 'modification_abundance': True}",MLP,"{""dropout"":0.25,""hidden_dims"":[64,64]}","{'dropout': 0.25, 'hidden_dims': [64, 64]}",nucleobase,gpu,gpu,0.762,measured
corrm_31d062a7ad59439b,corrective,36608eecb520bf42,immune_modulation_TLR8,TLR8,S,KMersCounts,"{""k"":[1,2,3],""modification_abundance"":true}","{'k': [1, 2, 3], 'modification_abundance': True}",MLP,"{""dropout"":0,""hidden_dims"":[128]}","{'dropout': 0, 'hidden_dims': [128]}",nucleobase,gpu,gpu,0.762,measured
corrm_31d062a7ad59439b,corrective,9f7e796b146bf837,immune_modulation_TLR8,TLR8,S,KMersCounts,"{""k"":[1,2,3],""modification_abundance"":true}","{'k': [1, 2, 3], 'modification_abundance': True}",MLP,"{""dropout"":0.25,""hidden_dims"":[128]}","{'dropout': 0.25, 'hidden_dims': [128]}",nucleobase,gpu,gpu,0.762,measured
corrm_31d062a7ad59439b,corrective,97338f6d28f17cfa,immune_modulation_TLR8,TLR8,S,KMersCounts,"{""k"":[1,2,3],""modification_abundance"":true}","{'k': [1, 2, 3], 'modification_abundance': True}",MLP,"{""dropout"":0,""hidden_dims"":[128,128]}","{'dropout': 0, 'hidden_dims': [128, 128]}",nucleobase,gpu,gpu,0.762,measured
corrm_31d062a7ad59439b,corrective,9155e104c54b9d94,immune_modulation_TLR8,TLR8,S,KMersCounts,"{""k"":[1,2,3],""modification_abundance"":true}","{'k': [1, 2, 3], 'modification_abundance': True}",MLP,"{""dropout"":0.25,""hidden_dims"":[128,128]}","{'dropout': 0.25, 'hidden_dims': [128, 128]}",nucleobase,gpu,gpu,0.762,measured
corrm_c67ce893ef412d16,corrective,f97697c06062905a,immune_modulation_TLR8,TLR8,S,KMersCounts,"{""k"":[1,2,3],""modification_abundance"":true}","{'k': [1, 2, 3], 'modification_abundance': True}",RandomForestModel,"{""max_depth"":20,""n_estimators"":1000}","{'max_depth': 20, 'n_estimators': 1000}",random,cpu,cpu,0.463,measured
corrm_c67ce893ef412d16,corrective,2d7f1c9e51f6d99c,immune_modulation_TLR8,TLR8,S,KMersCounts,"{""k"":[1,2,3],""modification_abundance"":true}","{'k': [1, 2, 3], 'modification_abundance': True}",RandomForestModel,"{""max_depth"":10,""n_estimators"":100}","{'max_depth': 10, 'n_estimators': 100}",random,cpu,cpu,0.463,measured
corrm_c67ce893ef412d16,corrective,b07696c971a04418,immune_modulation_TLR8,TLR8,S,KMersCounts,"{""k"":[1,2,3],""modification_abundance"":true}","{'k': [1, 2, 3], 'modification_abundance': True}",RandomForestModel,"{""max_depth"":20,""n_estimators"":100}","{'max_depth': 20, 'n_estimators': 100}",random,cpu,cpu,0.463,measured
corrm_c67ce893ef412d16,corrective,d3e05462de4ccb41,immune_modulation_TLR8,TLR8,S,KMersCounts,"{""k"":[1,2,3],""modification_abundance"":true}","{'k': [1, 2, 3], 'modification_abundance': True}",RandomForestModel,"{""max_depth"":30,""n_estimators"":100}","{'max_depth': 30, 'n_estimators': 100}",random,cpu,cpu,0.463,measured
corrm_c67ce893ef412d16,corrective,d6b0e7b32be24fe1,immune_modulation_TLR8,TLR8,S,KMersCounts,"{""k"":[1,2,3],""modification_abundance"":true}","{'k': [1, 2, 3], 'modification_abundance': True}",RandomForestModel,"{""max_depth"":10,""n_estimators"":500}","{'max_depth': 10, 'n_estimators': 500}",random,cpu,cpu,0.463,measured
corrm_c67ce893ef412d16,corrective,3aa144dba012d99a,immune_modulation_TLR8,TLR8,S,KMersCounts,"{""k"":[1,2,3],""modification_abundance"":true}","{'k': [1, 2, 3], 'modification_abundance': True}",RandomForestModel,"{""max_depth"":20,""n_estimators"":500}","{'max_depth': 20, 'n_estimators': 500}",random,cpu,cpu,0.463,measured
corrm_c67ce893ef412d16,corrective,f2fac2bff5d4a4c7,immune_modulation_TLR8,TLR8,S,KMersCounts,"{""k"":[1,2,3],""modification_abundance"":true}","{'k': [1, 2, 3], 'modification_abundance': True}",RandomForestModel,"{""max_depth"":30,""n_estimators"":500}","{'max_depth': 30, 'n_estimators': 500}",random,cpu,cpu,0.463,measured
corrm_c67ce893ef412d16,corrective,31b58cfb09196e8c,immune_modulation_TLR8,TLR8,S,KMersCounts,"{""k"":[1,2,3],""modification_abundance"":true}","{'k': [1, 2, 3], 'modification_abundance': True}",RandomForestModel,"{""max_depth"":10,""n_estimators"":1000}","{'max_depth': 10, 'n_estimators': 1000}",random,cpu,cpu,0.463,measured
corrm_c67ce893ef412d16,corrective,941492967442d22b,immune_modulation_TLR8,TLR8,S,KMersCounts,"{""k"":[1,2,3],""modification_abundance"":true}","{'k': [1, 2, 3], 'modification_abundance': True}",RandomForestModel,"{""max_depth"":30,""n_estimators"":1000}","{'max_depth': 30, 'n_estimators': 1000}",random,cpu,cpu,0.463,measured
corrm_c67ce893ef412d16,corrective,e5226615d2565a43,immune_modulation_TLR8,TLR8,S,KMersCounts,"{""k"":[1,2,3],""modification_abundance"":true}","{'k': [1, 2, 3], 'modification_abundance': True}",XGBoostModel,"{""max_depth"":30,""n_estimators"":500}","{'max_depth': 30, 'n_estimators': 500}",random,cpu,cpu,0.047,measured
corrm_c67ce893ef412d16,corrective,d9bda7005f8d2c0d,immune_modulation_TLR8,TLR8,S,KMersCounts,"{""k"":[1,2,3],""modification_abundance"":true}","{'k': [1, 2, 3], 'modification_abundance': True}",XGBoostModel,"{""max_depth"":30,""n_estimators"":100}","{'max_depth': 30, 'n_estimators': 100}",random,cpu,cpu,0.047,measured
corrm_c67ce893ef412d16,corrective,44476b2933a05c7e,immune_modulation_TLR8,TLR8,S,KMersCounts,"{""k"":[1,2,3],""modification_abundance"":true}","{'k': [1, 2, 3], 'modification_abundance': True}",XGBoostModel,"{""max_depth"":20,""n_estimators"":100}","{'max_depth': 20, 'n_estimators': 100}",random,cpu,cpu,0.047,measured
corrm_c67ce893ef412d16,corrective,59af63ad1d335f49,immune_modulation_TLR8,TLR8,S,KMersCounts,"{""k"":[1,2,3],""modification_abundance"":true}","{'k': [1, 2, 3], 'modification_abundance': True}",XGBoostModel,"{""max_depth"":10,""n_estimators"":100}","{'max_depth': 10, 'n_estimators': 100}",random,cpu,cpu,0.047,measured
corrm_c67ce893ef412d16,corrective,24f704e1354bb845,immune_modulation_TLR8,TLR8,S,KMersCounts,"{""k"":[1,2,3],""modification_abundance"":true}","{'k': [1, 2, 3], 'modification_abundance': True}",XGBoostModel,"{""max_depth"":30,""n_estimators"":1000}","{'max_depth': 30, 'n_estimators': 1000}",random,cpu,cpu,0.047,measured
corrm_c67ce893ef412d16,corrective,c743c848b7c32ad2,immune_modulation_TLR8,TLR8,S,KMersCounts,"{""k"":[1,2,3],""modification_abundance"":true}","{'k': [1, 2, 3], 'modification_abundance': True}",XGBoostModel,"{""max_depth"":10,""n_estimators"":1000}","{'max_depth': 10, 'n_estimators': 1000}",random,cpu,cpu,0.047,measured
corrm_c67ce893ef412d16,corrective,4d5d0f6f611aa78a,immune_modulation_TLR8,TLR8,S,KMersCounts,"{""k"":[1,2,3],""modification_abundance"":true}","{'k': [1, 2, 3], 'modification_abundance': True}",XGBoostModel,"{""max_depth"":20,""n_estimators"":1000}","{'max_depth': 20, 'n_estimators': 1000}",random,cpu,cpu,0.047,measured
corrm_c67ce893ef412d16,corrective,85c0e6f23c2a267f,immune_modulation_TLR8,TLR8,S,KMersCounts,"{""k"":[1,2,3],""modification_abundance"":true}","{'k': [1, 2, 3], 'modification_abundance': True}",XGBoostModel,"{""max_depth"":20,""n_estimators"":500}","{'max_depth': 20, 'n_estimators': 500}",random,cpu,cpu,0.047,measured
corrm_c67ce893ef412d16,corrective,767a2f2067b83f46,immune_modulation_TLR8,TLR8,S,KMersCounts,"{""k"":[1,2,3],""modification_abundance"":true}","{'k': [1, 2, 3], 'modification_abundance': True}",XGBoostModel,"{""max_depth"":10,""n_estimators"":500}","{'max_depth': 10, 'n_estimators': 500}",random,cpu,cpu,0.047,measured
corrm_c67ce893ef412d16,corrective,033ea1d89c014308,immune_modulation_TLR8,TLR8,S,KMersCounts,"{""k"":[1,2,3],""modification_abundance"":true}","{'k': [1, 2, 3], 'modification_abundance': True}",NearestNeighborsModel,"{""n_neighbors"":5}",{'n_neighbors': 5},random,cpu,cpu,0.003,measured
corrm_c67ce893ef412d16,corrective,1a2449ca997bf0b7,immune_modulation_TLR8,TLR8,S,KMersCounts,"{""k"":[1,2,3],""modification_abundance"":true}","{'k': [1, 2, 3], 'modification_abundance': True}",NearestNeighborsModel,"{""n_neighbors"":15}",{'n_neighbors': 15},random,cpu,cpu,0.003,measured
corrm_c67ce893ef412d16,corrective,1a2cfb1ce659d9dd,immune_modulation_TLR8,TLR8,S,KMersCounts,"{""k"":[1,2,3],""modification_abundance"":true}","{'k': [1, 2, 3], 'modification_abundance': True}",NearestNeighborsModel,"{""n_neighbors"":10}",{'n_neighbors': 10},random,cpu,cpu,0.003,measured
corrm_c67ce893ef412d16,corrective,2fde57713b84c863,immune_modulation_TLR8,TLR8,S,KMersCounts,"{""k"":[1,2,3],""modification_abundance"":true}","{'k': [1, 2, 3], 'modification_abundance': True}",LinearModel,"{""type"":""ridge""}",{'type': 'ridge'},random,cpu,cpu,0.001,measured
corrm_c67ce893ef412d16,corrective,6ce05fa20b6e55f4,immune_modulation_TLR8,TLR8,S,KMersCounts,"{""k"":[1,2,3],""modification_abundance"":true}","{'k': [1, 2, 3], 'modification_abundance': True}",LinearModel,"{""type"":""standard""}",{'type': 'standard'},random,cpu,cpu,0.001,measured
corrm_31d062a7ad59439b,corrective,4bf1fd4f40291377,immune_modulation_TLR8,TLR8,S,KMersCounts,"{""k"":[1,2,3],""modification_abundance"":true}","{'k': [1, 2, 3], 'modification_abundance': True}",MLP,"{""dropout"":0,""hidden_dims"":[64]}","{'dropout': 0, 'hidden_dims': [64]}",random,gpu,gpu,0.762,measured
corrm_31d062a7ad59439b,corrective,32935818f57ec0f0,immune_modulation_TLR8,TLR8,S,KMersCounts,"{""k"":[1,2,3],""modification_abundance"":true}","{'k': [1, 2, 3], 'modification_abundance': True}",MLP,"{""dropout"":0.25,""hidden_dims"":[64]}","{'dropout': 0.25, 'hidden_dims': [64]}",random,gpu,gpu,0.762,measured
corrm_31d062a7ad59439b,corrective,58cb287ed3f1edb3,immune_modulation_TLR8,TLR8,S,KMersCounts,"{""k"":[1,2,3],""modification_abundance"":true}","{'k': [1, 2, 3], 'modification_abundance': True}",MLP,"{""dropout"":0,""hidden_dims"":[64,64]}","{'dropout': 0, 'hidden_dims': [64, 64]}",random,gpu,gpu,0.762,measured
corrm_31d062a7ad59439b,corrective,c65b686bd26a0c4d,immune_modulation_TLR8,TLR8,S,KMersCounts,"{""k"":[1,2,3],""modification_abundance"":true}","{'k': [1, 2, 3], 'modification_abundance': True}",MLP,"{""dropout"":0.25,""hidden_dims"":[64,64]}","{'dropout': 0.25, 'hidden_dims': [64, 64]}",random,gpu,gpu,0.762,measured
corrm_31d062a7ad59439b,corrective,2d6bc971fc208ee7,immune_modulation_TLR8,TLR8,S,KMersCounts,"{""k"":[1,2,3],""modification_abundance"":true}","{'k': [1, 2, 3], 'modification_abundance': True}",MLP,"{""dropout"":0,""hidden_dims"":[128]}","{'dropout': 0, 'hidden_dims': [128]}",random,gpu,gpu,0.762,measured
corrm_31d062a7ad59439b,corrective,63f0394b036af161,immune_modulation_TLR8,TLR8,S,KMersCounts,"{""k"":[1,2,3],""modification_abundance"":true}","{'k': [1, 2, 3], 'modification_abundance': True}",MLP,"{""dropout"":0.25,""hidden_dims"":[128]}","{'dropout': 0.25, 'hidden_dims': [128]}",random,gpu,gpu,0.762,measured
corrm_31d062a7ad59439b,corrective,befbe2c432871f8f,immune_modulation_TLR8,TLR8,S,KMersCounts,"{""k"":[1,2,3],""modification_abundance"":true}","{'k': [1, 2, 3], 'modification_abundance': True}",MLP,"{""dropout"":0,""hidden_dims"":[128,128]}","{'dropout': 0, 'hidden_dims': [128, 128]}",random,gpu,gpu,0.762,measured
corrm_31d062a7ad59439b,corrective,805e4e7be8e4c0cf,immune_modulation_TLR8,TLR8,S,KMersCounts,"{""k"":[1,2,3],""modification_abundance"":true}","{'k': [1, 2, 3], 'modification_abundance': True}",MLP,"{""dropout"":0.25,""hidden_dims"":[128,128]}","{'dropout': 0.25, 'hidden_dims': [128, 128]}",random,gpu,gpu,0.762,measured
corrm_c67ce893ef412d16,corrective,1f3545281bfe0b53,immune_modulation_TLR8,TLR8,S,KMersCounts,"{""k"":[1,2],""modification_abundance"":false}","{'k': [1, 2], 'modification_abundance': False}",RandomForestModel,"{""max_depth"":20,""n_estimators"":1000}","{'max_depth': 20, 'n_estimators': 1000}",nucleobase,cpu,cpu,0.463,measured
corrm_c67ce893ef412d16,corrective,5fc9213802464a16,immune_modulation_TLR8,TLR8,S,KMersCounts,"{""k"":[1,2],""modification_abundance"":false}","{'k': [1, 2], 'modification_abundance': False}",RandomForestModel,"{""max_depth"":10,""n_estimators"":100}","{'max_depth': 10, 'n_estimators': 100}",nucleobase,cpu,cpu,0.463,measured
corrm_c67ce893ef412d16,corrective,013bce3dc80c3679,immune_modulation_TLR8,TLR8,S,KMersCounts,"{""k"":[1,2],""modification_abundance"":false}","{'k': [1, 2], 'modification_abundance': False}",RandomForestModel,"{""max_depth"":20,""n_estimators"":100}","{'max_depth': 20, 'n_estimators': 100}",nucleobase,cpu,cpu,0.463,measured
corrm_c67ce893ef412d16,corrective,70ebe7e8420d36b3,immune_modulation_TLR8,TLR8,S,KMersCounts,"{""k"":[1,2],""modification_abundance"":false}","{'k': [1, 2], 'modification_abundance': False}",RandomForestModel,"{""max_depth"":30,""n_estimators"":100}","{'max_depth': 30, 'n_estimators': 100}",nucleobase,cpu,cpu,0.463,measured
corrm_c67ce893ef412d16,corrective,969e4f9b1bec8688,immune_modulation_TLR8,TLR8,S,KMersCounts,"{""k"":[1,2],""modification_abundance"":false}","{'k': [1, 2], 'modification_abundance': False}",RandomForestModel,"{""max_depth"":10,""n_estimators"":500}","{'max_depth': 10, 'n_estimators': 500}",nucleobase,cpu,cpu,0.463,measured
corrm_c67ce893ef412d16,corrective,b84e234bbc67db19,immune_modulation_TLR8,TLR8,S,KMersCounts,"{""k"":[1,2],""modification_abundance"":false}","{'k': [1, 2], 'modification_abundance': False}",RandomForestModel,"{""max_depth"":20,""n_estimators"":500}","{'max_depth': 20, 'n_estimators': 500}",nucleobase,cpu,cpu,0.463,measured
corrm_c67ce893ef412d16,corrective,41d5cda4f3ba233b,immune_modulation_TLR8,TLR8,S,KMersCounts,"{""k"":[1,2],""modification_abundance"":false}","{'k': [1, 2], 'modification_abundance': False}",RandomForestModel,"{""max_depth"":30,""n_estimators"":500}","{'max_depth': 30, 'n_estimators': 500}",nucleobase,cpu,cpu,0.463,measured
corrm_c67ce893ef412d16,corrective,ecb1c1ed506eb81f,immune_modulation_TLR8,TLR8,S,KMersCounts,"{""k"":[1,2],""modification_abundance"":false}","{'k': [1, 2], 'modification_abundance': False}",RandomForestModel,"{""max_depth"":10,""n_estimators"":1000}","{'max_depth': 10, 'n_estimators': 1000}",nucleobase,cpu,cpu,0.463,measured
corrm_c67ce893ef412d16,corrective,67b777cc0c5167a5,immune_modulation_TLR8,TLR8,S,KMersCounts,"{""k"":[1,2],""modification_abundance"":false}","{'k': [1, 2], 'modification_abundance': False}",RandomForestModel,"{""max_depth"":30,""n_estimators"":1000}","{'max_depth': 30, 'n_estimators': 1000}",nucleobase,cpu,cpu,0.463,measured
corrm_c67ce893ef412d16,corrective,c5e452ddf6e3dc03,immune_modulation_TLR8,TLR8,S,KMersCounts,"{""k"":[1,2],""modification_abundance"":false}","{'k': [1, 2], 'modification_abundance': False}",XGBoostModel,"{""max_depth"":30,""n_estimators"":500}","{'max_depth': 30, 'n_estimators': 500}",nucleobase,cpu,cpu,0.047,measured
corrm_c67ce893ef412d16,corrective,72249a0fb04a941f,immune_modulation_TLR8,TLR8,S,KMersCounts,"{""k"":[1,2],""modification_abundance"":false}","{'k': [1, 2], 'modification_abundance': False}",XGBoostModel,"{""max_depth"":30,""n_estimators"":100}","{'max_depth': 30, 'n_estimators': 100}",nucleobase,cpu,cpu,0.047,measured
corrm_c67ce893ef412d16,corrective,9c42955804e9ca62,immune_modulation_TLR8,TLR8,S,KMersCounts,"{""k"":[1,2],""modification_abundance"":false}","{'k': [1, 2], 'modification_abundance': False}",XGBoostModel,"{""max_depth"":20,""n_estimators"":100}","{'max_depth': 20, 'n_estimators': 100}",nucleobase,cpu,cpu,0.047,measured
corrm_c67ce893ef412d16,corrective,7cdf728c915da478,immune_modulation_TLR8,TLR8,S,KMersCounts,"{""k"":[1,2],""modification_abundance"":false}","{'k': [1, 2], 'modification_abundance': False}",XGBoostModel,"{""max_depth"":10,""n_estimators"":100}","{'max_depth': 10, 'n_estimators': 100}",nucleobase,cpu,cpu,0.047,measured
corrm_c67ce893ef412d16,corrective,157e4292e03e8748,immune_modulation_TLR8,TLR8,S,KMersCounts,"{""k"":[1,2],""modification_abundance"":false}","{'k': [1, 2], 'modification_abundance': False}",XGBoostModel,"{""max_depth"":30,""n_estimators"":1000}","{'max_depth': 30, 'n_estimators': 1000}",nucleobase,cpu,cpu,0.047,measured
corrm_c67ce893ef412d16,corrective,614cc9f47cf19f51,immune_modulation_TLR8,TLR8,S,KMersCounts,"{""k"":[1,2],""modification_abundance"":false}","{'k': [1, 2], 'modification_abundance': False}",XGBoostModel,"{""max_depth"":10,""n_estimators"":1000}","{'max_depth': 10, 'n_estimators': 1000}",nucleobase,cpu,cpu,0.047,measured
corrm_c67ce893ef412d16,corrective,71e2dc864d693d03,immune_modulation_TLR8,TLR8,S,KMersCounts,"{""k"":[1,2],""modification_abundance"":false}","{'k': [1, 2], 'modification_abundance': False}",XGBoostModel,"{""max_depth"":20,""n_estimators"":1000}","{'max_depth': 20, 'n_estimators': 1000}",nucleobase,cpu,cpu,0.047,measured
corrm_c67ce893ef412d16,corrective,98cfbdb62cd3b3de,immune_modulation_TLR8,TLR8,S,KMersCounts,"{""k"":[1,2],""modification_abundance"":false}","{'k': [1, 2], 'modification_abundance': False}",XGBoostModel,"{""max_depth"":20,""n_estimators"":500}","{'max_depth': 20, 'n_estimators': 500}",nucleobase,cpu,cpu,0.047,measured
corrm_c67ce893ef412d16,corrective,cdd70d1ad71f14d8,immune_modulation_TLR8,TLR8,S,KMersCounts,"{""k"":[1,2],""modification_abundance"":false}","{'k': [1, 2], 'modification_abundance': False}",XGBoostModel,"{""max_depth"":10,""n_estimators"":500}","{'max_depth': 10, 'n_estimators': 500}",nucleobase,cpu,cpu,0.047,measured
corrm_c67ce893ef412d16,corrective,c9795121a4222158,immune_modulation_TLR8,TLR8,S,KMersCounts,"{""k"":[1,2],""modification_abundance"":false}","{'k': [1, 2], 'modification_abundance': False}",NearestNeighborsModel,"{""n_neighbors"":5}",{'n_neighbors': 5},nucleobase,cpu,cpu,0.003,measured
corrm_c67ce893ef412d16,corrective,97efa16bc97c1f8e,immune_modulation_TLR8,TLR8,S,KMersCounts,"{""k"":[1,2],""modification_abundance"":false}","{'k': [1, 2], 'modification_abundance': False}",NearestNeighborsModel,"{""n_neighbors"":15}",{'n_neighbors': 15},nucleobase,cpu,cpu,0.003,measured
corrm_c67ce893ef412d16,corrective,9c2b5d24e5b3e39f,immune_modulation_TLR8,TLR8,S,KMersCounts,"{""k"":[1,2],""modification_abundance"":false}","{'k': [1, 2], 'modification_abundance': False}",NearestNeighborsModel,"{""n_neighbors"":10}",{'n_neighbors': 10},nucleobase,cpu,cpu,0.003,measured
corrm_c67ce893ef412d16,corrective,401db345a841c522,immune_modulation_TLR8,TLR8,S,KMersCounts,"{""k"":[1,2],""modification_abundance"":false}","{'k': [1, 2], 'modification_abundance': False}",LinearModel,"{""type"":""ridge""}",{'type': 'ridge'},nucleobase,cpu,cpu,0.001,measured
corrm_c67ce893ef412d16,corrective,8f498f652c194c3c,immune_modulation_TLR8,TLR8,S,KMersCounts,"{""k"":[1,2],""modification_abundance"":false}","{'k': [1, 2], 'modification_abundance': False}",LinearModel,"{""type"":""standard""}",{'type': 'standard'},nucleobase,cpu,cpu,0.001,measured
corrm_31d062a7ad59439b,corrective,97c20ce6c4adb52f,immune_modulation_TLR8,TLR8,S,KMersCounts,"{""k"":[1,2],""modification_abundance"":false}","{'k': [1, 2], 'modification_abundance': False}",MLP,"{""dropout"":0,""hidden_dims"":[64]}","{'dropout': 0, 'hidden_dims': [64]}",nucleobase,gpu,gpu,0.762,measured
corrm_31d062a7ad59439b,corrective,bf8d14d00004ee79,immune_modulation_TLR8,TLR8,S,KMersCounts,"{""k"":[1,2],""modification_abundance"":false}","{'k': [1, 2], 'modification_abundance': False}",MLP,"{""dropout"":0.25,""hidden_dims"":[64]}","{'dropout': 0.25, 'hidden_dims': [64]}",nucleobase,gpu,gpu,0.762,measured
corrm_31d062a7ad59439b,corrective,83bd353180054b93,immune_modulation_TLR8,TLR8,S,KMersCounts,"{""k"":[1,2],""modification_abundance"":false}","{'k': [1, 2], 'modification_abundance': False}",MLP,"{""dropout"":0,""hidden_dims"":[64,64]}","{'dropout': 0, 'hidden_dims': [64, 64]}",nucleobase,gpu,gpu,0.762,measured
corrm_31d062a7ad59439b,corrective,18dd6027bc79962b,immune_modulation_TLR8,TLR8,S,KMersCounts,"{""k"":[1,2],""modification_abundance"":false}","{'k': [1, 2], 'modification_abundance': False}",MLP,"{""dropout"":0.25,""hidden_dims"":[64,64]}","{'dropout': 0.25, 'hidden_dims': [64, 64]}",nucleobase,gpu,gpu,0.762,measured
corrm_31d062a7ad59439b,corrective,35a63f530213e6d4,immune_modulation_TLR8,TLR8,S,KMersCounts,"{""k"":[1,2],""modification_abundance"":false}","{'k': [1, 2], 'modification_abundance': False}",MLP,"{""dropout"":0,""hidden_dims"":[128]}","{'dropout': 0, 'hidden_dims': [128]}",nucleobase,gpu,gpu,0.762,measured
corrm_31d062a7ad59439b,corrective,596fbfc1632be718,immune_modulation_TLR8,TLR8,S,KMersCounts,"{""k"":[1,2],""modification_abundance"":false}","{'k': [1, 2], 'modification_abundance': False}",MLP,"{""dropout"":0.25,""hidden_dims"":[128]}","{'dropout': 0.25, 'hidden_dims': [128]}",nucleobase,gpu,gpu,0.762,measured
corrm_31d062a7ad59439b,corrective,99c65bf134f52949,immune_modulation_TLR8,TLR8,S,KMersCounts,"{""k"":[1,2],""modification_abundance"":false}","{'k': [1, 2], 'modification_abundance': False}",MLP,"{""dropout"":0,""hidden_dims"":[128,128]}","{'dropout': 0, 'hidden_dims': [128, 128]}",nucleobase,gpu,gpu,0.762,measured
corrm_31d062a7ad59439b,corrective,9b55919f7c6824e7,immune_modulation_TLR8,TLR8,S,KMersCounts,"{""k"":[1,2],""modification_abundance"":false}","{'k': [1, 2], 'modification_abundance': False}",MLP,"{""dropout"":0.25,""hidden_dims"":[128,128]}","{'dropout': 0.25, 'hidden_dims': [128, 128]}",nucleobase,gpu,gpu,0.762,measured
corrm_c67ce893ef412d16,corrective,a44778cf56968781,immune_modulation_TLR8,TLR8,S,KMersCounts,"{""k"":[1,2],""modification_abundance"":false}","{'k': [1, 2], 'modification_abundance': False}",RandomForestModel,"{""max_depth"":20,""n_estimators"":1000}","{'max_depth': 20, 'n_estimators': 1000}",random,cpu,cpu,0.463,measured
corrm_c67ce893ef412d16,corrective,c527f353d8a72199,immune_modulation_TLR8,TLR8,S,KMersCounts,"{""k"":[1,2],""modification_abundance"":false}","{'k': [1, 2], 'modification_abundance': False}",RandomForestModel,"{""max_depth"":10,""n_estimators"":100}","{'max_depth': 10, 'n_estimators': 100}",random,cpu,cpu,0.463,measured
corrm_c67ce893ef412d16,corrective,7bb4dfb76e821124,immune_modulation_TLR8,TLR8,S,KMersCounts,"{""k"":[1,2],""modification_abundance"":false}","{'k': [1, 2], 'modification_abundance': False}",RandomForestModel,"{""max_depth"":20,""n_estimators"":100}","{'max_depth': 20, 'n_estimators': 100}",random,cpu,cpu,0.463,measured
corrm_c67ce893ef412d16,corrective,6550d42e9127fa2c,immune_modulation_TLR8,TLR8,S,KMersCounts,"{""k"":[1,2],""modification_abundance"":false}","{'k': [1, 2], 'modification_abundance': False}",RandomForestModel,"{""max_depth"":30,""n_estimators"":100}","{'max_depth': 30, 'n_estimators': 100}",random,cpu,cpu,0.463,measured
corrm_c67ce893ef412d16,corrective,6686b1a0880f9c40,immune_modulation_TLR8,TLR8,S,KMersCounts,"{""k"":[1,2],""modification_abundance"":false}","{'k': [1, 2], 'modification_abundance': False}",RandomForestModel,"{""max_depth"":10,""n_estimators"":500}","{'max_depth': 10, 'n_estimators': 500}",random,cpu,cpu,0.463,measured
corrm_c67ce893ef412d16,corrective,3c08bfe1ba188183,immune_modulation_TLR8,TLR8,S,KMersCounts,"{""k"":[1,2],""modification_abundance"":false}","{'k': [1, 2], 'modification_abundance': False}",RandomForestModel,"{""max_depth"":20,""n_estimators"":500}","{'max_depth': 20, 'n_estimators': 500}",random,cpu,cpu,0.463,measured
corrm_c67ce893ef412d16,corrective,018ebe93df9f8d9f,immune_modulation_TLR8,TLR8,S,KMersCounts,"{""k"":[1,2],""modification_abundance"":false}","{'k': [1, 2], 'modification_abundance': False}",RandomForestModel,"{""max_depth"":30,""n_estimators"":500}","{'max_depth': 30, 'n_estimators': 500}",random,cpu,cpu,0.463,measured
corrm_c67ce893ef412d16,corrective,d0b800cf57f2bcc0,immune_modulation_TLR8,TLR8,S,KMersCounts,"{""k"":[1,2],""modification_abundance"":false}","{'k': [1, 2], 'modification_abundance': False}",RandomForestModel,"{""max_depth"":10,""n_estimators"":1000}","{'max_depth': 10, 'n_estimators': 1000}",random,cpu,cpu,0.463,measured
corrm_c67ce893ef412d16,corrective,ff250bd67425b4a0,immune_modulation_TLR8,TLR8,S,KMersCounts,"{""k"":[1,2],""modification_abundance"":false}","{'k': [1, 2], 'modification_abundance': False}",RandomForestModel,"{""max_depth"":30,""n_estimators"":1000}","{'max_depth': 30, 'n_estimators': 1000}",random,cpu,cpu,0.463,measured
corrm_c67ce893ef412d16,corrective,56d5cae2e8cd6647,immune_modulation_TLR8,TLR8,S,KMersCounts,"{""k"":[1,2],""modification_abundance"":false}","{'k': [1, 2], 'modification_abundance': False}",XGBoostModel,"{""max_depth"":30,""n_estimators"":500}","{'max_depth': 30, 'n_estimators': 500}",random,cpu,cpu,0.047,measured
corrm_c67ce893ef412d16,corrective,2bec0021f912cac9,immune_modulation_TLR8,TLR8,S,KMersCounts,"{""k"":[1,2],""modification_abundance"":false}","{'k': [1, 2], 'modification_abundance': False}",XGBoostModel,"{""max_depth"":30,""n_estimators"":100}","{'max_depth': 30, 'n_estimators': 100}",random,cpu,cpu,0.047,measured
corrm_c67ce893ef412d16,corrective,ba61d0da123af733,immune_modulation_TLR8,TLR8,S,KMersCounts,"{""k"":[1,2],""modification_abundance"":false}","{'k': [1, 2], 'modification_abundance': False}",XGBoostModel,"{""max_depth"":20,""n_estimators"":100}","{'max_depth': 20, 'n_estimators': 100}",random,cpu,cpu,0.047,measured
corrm_c67ce893ef412d16,corrective,b7d8de7dddf26c18,immune_modulation_TLR8,TLR8,S,KMersCounts,"{""k"":[1,2],""modification_abundance"":false}","{'k': [1, 2], 'modification_abundance': False}",XGBoostModel,"{""max_depth"":10,""n_estimators"":100}","{'max_depth': 10, 'n_estimators': 100}",random,cpu,cpu,0.047,measured
corrm_c67ce893ef412d16,corrective,d2e6b128cf4df2b8,immune_modulation_TLR8,TLR8,S,KMersCounts,"{""k"":[1,2],""modification_abundance"":false}","{'k': [1, 2], 'modification_abundance': False}",XGBoostModel,"{""max_depth"":30,""n_estimators"":1000}","{'max_depth': 30, 'n_estimators': 1000}",random,cpu,cpu,0.047,measured
corrm_c67ce893ef412d16,corrective,ab2ffce700cd6528,immune_modulation_TLR8,TLR8,S,KMersCounts,"{""k"":[1,2],""modification_abundance"":false}","{'k': [1, 2], 'modification_abundance': False}",XGBoostModel,"{""max_depth"":10,""n_estimators"":1000}","{'max_depth': 10, 'n_estimators': 1000}",random,cpu,cpu,0.047,measured
corrm_c67ce893ef412d16,corrective,fee00e745659b081,immune_modulation_TLR8,TLR8,S,KMersCounts,"{""k"":[1,2],""modification_abundance"":false}","{'k': [1, 2], 'modification_abundance': False}",XGBoostModel,"{""max_depth"":20,""n_estimators"":1000}","{'max_depth': 20, 'n_estimators': 1000}",random,cpu,cpu,0.047,measured
corrm_c67ce893ef412d16,corrective,d8c078c42d257a33,immune_modulation_TLR8,TLR8,S,KMersCounts,"{""k"":[1,2],""modification_abundance"":false}","{'k': [1, 2], 'modification_abundance': False}",XGBoostModel,"{""max_depth"":20,""n_estimators"":500}","{'max_depth': 20, 'n_estimators': 500}",random,cpu,cpu,0.047,measured
corrm_c67ce893ef412d16,corrective,663c656e0475e747,immune_modulation_TLR8,TLR8,S,KMersCounts,"{""k"":[1,2],""modification_abundance"":false}","{'k': [1, 2], 'modification_abundance': False}",XGBoostModel,"{""max_depth"":10,""n_estimators"":500}","{'max_depth': 10, 'n_estimators': 500}",random,cpu,cpu,0.047,measured
corrm_c67ce893ef412d16,corrective,6a66fc5180dbbfd1,immune_modulation_TLR8,TLR8,S,KMersCounts,"{""k"":[1,2],""modification_abundance"":false}","{'k': [1, 2], 'modification_abundance': False}",NearestNeighborsModel,"{""n_neighbors"":5}",{'n_neighbors': 5},random,cpu,cpu,0.003,measured
corrm_c67ce893ef412d16,corrective,b3cc0ab0127344af,immune_modulation_TLR8,TLR8,S,KMersCounts,"{""k"":[1,2],""modification_abundance"":false}","{'k': [1, 2], 'modification_abundance': False}",NearestNeighborsModel,"{""n_neighbors"":15}",{'n_neighbors': 15},random,cpu,cpu,0.003,measured
corrm_c67ce893ef412d16,corrective,dde8693efd3c5c5c,immune_modulation_TLR8,TLR8,S,KMersCounts,"{""k"":[1,2],""modification_abundance"":false}","{'k': [1, 2], 'modification_abundance': False}",NearestNeighborsModel,"{""n_neighbors"":10}",{'n_neighbors': 10},random,cpu,cpu,0.003,measured
corrm_c67ce893ef412d16,corrective,a8bde0ebd1966035,immune_modulation_TLR8,TLR8,S,KMersCounts,"{""k"":[1,2],""modification_abundance"":false}","{'k': [1, 2], 'modification_abundance': False}",LinearModel,"{""type"":""ridge""}",{'type': 'ridge'},random,cpu,cpu,0.001,measured
corrm_c67ce893ef412d16,corrective,b80d67b8fd39f6f5,immune_modulation_TLR8,TLR8,S,KMersCounts,"{""k"":[1,2],""modification_abundance"":false}","{'k': [1, 2], 'modification_abundance': False}",LinearModel,"{""type"":""standard""}",{'type': 'standard'},random,cpu,cpu,0.001,measured
corrm_31d062a7ad59439b,corrective,42554caee3805f08,immune_modulation_TLR8,TLR8,S,KMersCounts,"{""k"":[1,2],""modification_abundance"":false}","{'k': [1, 2], 'modification_abundance': False}",MLP,"{""dropout"":0,""hidden_dims"":[64]}","{'dropout': 0, 'hidden_dims': [64]}",random,gpu,gpu,0.762,measured
corrm_31d062a7ad59439b,corrective,88556939c21385c6,immune_modulation_TLR8,TLR8,S,KMersCounts,"{""k"":[1,2],""modification_abundance"":false}","{'k': [1, 2], 'modification_abundance': False}",MLP,"{""dropout"":0.25,""hidden_dims"":[64]}","{'dropout': 0.25, 'hidden_dims': [64]}",random,gpu,gpu,0.762,measured
corrm_31d062a7ad59439b,corrective,9e094870331f1c97,immune_modulation_TLR8,TLR8,S,KMersCounts,"{""k"":[1,2],""modification_abundance"":false}","{'k': [1, 2], 'modification_abundance': False}",MLP,"{""dropout"":0,""hidden_dims"":[64,64]}","{'dropout': 0, 'hidden_dims': [64, 64]}",random,gpu,gpu,0.762,measured
corrm_31d062a7ad59439b,corrective,7c8c2e8b4bad1847,immune_modulation_TLR8,TLR8,S,KMersCounts,"{""k"":[1,2],""modification_abundance"":false}","{'k': [1, 2], 'modification_abundance': False}",MLP,"{""dropout"":0.25,""hidden_dims"":[64,64]}","{'dropout': 0.25, 'hidden_dims': [64, 64]}",random,gpu,gpu,0.762,measured
corrm_31d062a7ad59439b,corrective,99272254b8a94d5f,immune_modulation_TLR8,TLR8,S,KMersCounts,"{""k"":[1,2],""modification_abundance"":false}","{'k': [1, 2], 'modification_abundance': False}",MLP,"{""dropout"":0,""hidden_dims"":[128]}","{'dropout': 0, 'hidden_dims': [128]}",random,gpu,gpu,0.762,measured
corrm_31d062a7ad59439b,corrective,c5a944795744e464,immune_modulation_TLR8,TLR8,S,KMersCounts,"{""k"":[1,2],""modification_abundance"":false}","{'k': [1, 2], 'modification_abundance': False}",MLP,"{""dropout"":0.25,""hidden_dims"":[128]}","{'dropout': 0.25, 'hidden_dims': [128]}",random,gpu,gpu,0.762,measured
corrm_31d062a7ad59439b,corrective,b4a8b6efab01f3a6,immune_modulation_TLR8,TLR8,S,KMersCounts,"{""k"":[1,2],""modification_abundance"":false}","{'k': [1, 2], 'modification_abundance': False}",MLP,"{""dropout"":0,""hidden_dims"":[128,128]}","{'dropout': 0, 'hidden_dims': [128, 128]}",random,gpu,gpu,0.762,measured
corrm_31d062a7ad59439b,corrective,64e95dfa452d1030,immune_modulation_TLR8,TLR8,S,KMersCounts,"{""k"":[1,2],""modification_abundance"":false}","{'k': [1, 2], 'modification_abundance': False}",MLP,"{""dropout"":0.25,""hidden_dims"":[128,128]}","{'dropout': 0.25, 'hidden_dims': [128, 128]}",random,gpu,gpu,0.762,measured
corrm_c67ce893ef412d16,corrective,b6ecd296f0a40b8f,immune_modulation_TLR8,TLR8,S,KMersCounts,"{""k"":[1,2],""modification_abundance"":true}","{'k': [1, 2], 'modification_abundance': True}",RandomForestModel,"{""max_depth"":20,""n_estimators"":1000}","{'max_depth': 20, 'n_estimators': 1000}",nucleobase,cpu,cpu,0.463,measured
corrm_c67ce893ef412d16,corrective,ae6d44bb120cd5b6,immune_modulation_TLR8,TLR8,S,KMersCounts,"{""k"":[1,2],""modification_abundance"":true}","{'k': [1, 2], 'modification_abundance': True}",RandomForestModel,"{""max_depth"":10,""n_estimators"":100}","{'max_depth': 10, 'n_estimators': 100}",nucleobase,cpu,cpu,0.463,measured
corrm_c67ce893ef412d16,corrective,7067a70c097a73a9,immune_modulation_TLR8,TLR8,S,KMersCounts,"{""k"":[1,2],""modification_abundance"":true}","{'k': [1, 2], 'modification_abundance': True}",RandomForestModel,"{""max_depth"":20,""n_estimators"":100}","{'max_depth': 20, 'n_estimators': 100}",nucleobase,cpu,cpu,0.463,measured
corrm_c67ce893ef412d16,corrective,133e9a438b13b6ca,immune_modulation_TLR8,TLR8,S,KMersCounts,"{""k"":[1,2],""modification_abundance"":true}","{'k': [1, 2], 'modification_abundance': True}",RandomForestModel,"{""max_depth"":30,""n_estimators"":100}","{'max_depth': 30, 'n_estimators': 100}",nucleobase,cpu,cpu,0.463,measured
corrm_c67ce893ef412d16,corrective,3bc480bb513db93e,immune_modulation_TLR8,TLR8,S,KMersCounts,"{""k"":[1,2],""modification_abundance"":true}","{'k': [1, 2], 'modification_abundance': True}",RandomForestModel,"{""max_depth"":10,""n_estimators"":500}","{'max_depth': 10, 'n_estimators': 500}",nucleobase,cpu,cpu,0.463,measured
corrm_c67ce893ef412d16,corrective,81f433c102a656e6,immune_modulation_TLR8,TLR8,S,KMersCounts,"{""k"":[1,2],""modification_abundance"":true}","{'k': [1, 2], 'modification_abundance': True}",RandomForestModel,"{""max_depth"":20,""n_estimators"":500}","{'max_depth': 20, 'n_estimators': 500}",nucleobase,cpu,cpu,0.463,measured
corrm_c67ce893ef412d16,corrective,5734f81240aa274a,immune_modulation_TLR8,TLR8,S,KMersCounts,"{""k"":[1,2],""modification_abundance"":true}","{'k': [1, 2], 'modification_abundance': True}",RandomForestModel,"{""max_depth"":30,""n_estimators"":500}","{'max_depth': 30, 'n_estimators': 500}",nucleobase,cpu,cpu,0.463,measured
corrm_c67ce893ef412d16,corrective,e3c723f068943182,immune_modulation_TLR8,TLR8,S,KMersCounts,"{""k"":[1,2],""modification_abundance"":true}","{'k': [1, 2], 'modification_abundance': True}",RandomForestModel,"{""max_depth"":10,""n_estimators"":1000}","{'max_depth': 10, 'n_estimators': 1000}",nucleobase,cpu,cpu,0.463,measured
corrm_c67ce893ef412d16,corrective,4d6677fd0042f0b9,immune_modulation_TLR8,TLR8,S,KMersCounts,"{""k"":[1,2],""modification_abundance"":true}","{'k': [1, 2], 'modification_abundance': True}",RandomForestModel,"{""max_depth"":30,""n_estimators"":1000}","{'max_depth': 30, 'n_estimators': 1000}",nucleobase,cpu,cpu,0.463,measured
corrm_c67ce893ef412d16,corrective,bcd0e45c1aa1e8a7,immune_modulation_TLR8,TLR8,S,KMersCounts,"{""k"":[1,2],""modification_abundance"":true}","{'k': [1, 2], 'modification_abundance': True}",XGBoostModel,"{""max_depth"":30,""n_estimators"":500}","{'max_depth': 30, 'n_estimators': 500}",nucleobase,cpu,cpu,0.047,measured
corrm_c67ce893ef412d16,corrective,78478cf324600d74,immune_modulation_TLR8,TLR8,S,KMersCounts,"{""k"":[1,2],""modification_abundance"":true}","{'k': [1, 2], 'modification_abundance': True}",XGBoostModel,"{""max_depth"":30,""n_estimators"":100}","{'max_depth': 30, 'n_estimators': 100}",nucleobase,cpu,cpu,0.047,measured
corrm_c67ce893ef412d16,corrective,f3e86c705773c727,immune_modulation_TLR8,TLR8,S,KMersCounts,"{""k"":[1,2],""modification_abundance"":true}","{'k': [1, 2], 'modification_abundance': True}",XGBoostModel,"{""max_depth"":20,""n_estimators"":100}","{'max_depth': 20, 'n_estimators': 100}",nucleobase,cpu,cpu,0.047,measured
corrm_c67ce893ef412d16,corrective,7ebb220b2f709634,immune_modulation_TLR8,TLR8,S,KMersCounts,"{""k"":[1,2],""modification_abundance"":true}","{'k': [1, 2], 'modification_abundance': True}",XGBoostModel,"{""max_depth"":10,""n_estimators"":100}","{'max_depth': 10, 'n_estimators': 100}",nucleobase,cpu,cpu,0.047,measured
corrm_c67ce893ef412d16,corrective,68f6302aa7a4e1d2,immune_modulation_TLR8,TLR8,S,KMersCounts,"{""k"":[1,2],""modification_abundance"":true}","{'k': [1, 2], 'modification_abundance': True}",XGBoostModel,"{""max_depth"":30,""n_estimators"":1000}","{'max_depth': 30, 'n_estimators': 1000}",nucleobase,cpu,cpu,0.047,measured
corrm_c67ce893ef412d16,corrective,947d8bd22c187625,immune_modulation_TLR8,TLR8,S,KMersCounts,"{""k"":[1,2],""modification_abundance"":true}","{'k': [1, 2], 'modification_abundance': True}",XGBoostModel,"{""max_depth"":10,""n_estimators"":1000}","{'max_depth': 10, 'n_estimators': 1000}",nucleobase,cpu,cpu,0.047,measured
corrm_c67ce893ef412d16,corrective,88fec530a44ede26,immune_modulation_TLR8,TLR8,S,KMersCounts,"{""k"":[1,2],""modification_abundance"":true}","{'k': [1, 2], 'modification_abundance': True}",XGBoostModel,"{""max_depth"":20,""n_estimators"":1000}","{'max_depth': 20, 'n_estimators': 1000}",nucleobase,cpu,cpu,0.047,measured
corrm_c67ce893ef412d16,corrective,30584b4b2c936978,immune_modulation_TLR8,TLR8,S,KMersCounts,"{""k"":[1,2],""modification_abundance"":true}","{'k': [1, 2], 'modification_abundance': True}",XGBoostModel,"{""max_depth"":20,""n_estimators"":500}","{'max_depth': 20, 'n_estimators': 500}",nucleobase,cpu,cpu,0.047,measured
corrm_c67ce893ef412d16,corrective,fb858827508243a2,immune_modulation_TLR8,TLR8,S,KMersCounts,"{""k"":[1,2],""modification_abundance"":true}","{'k': [1, 2], 'modification_abundance': True}",XGBoostModel,"{""max_depth"":10,""n_estimators"":500}","{'max_depth': 10, 'n_estimators': 500}",nucleobase,cpu,cpu,0.047,measured
corrm_c67ce893ef412d16,corrective,b3240268b6c4520d,immune_modulation_TLR8,TLR8,S,KMersCounts,"{""k"":[1,2],""modification_abundance"":true}","{'k': [1, 2], 'modification_abundance': True}",NearestNeighborsModel,"{""n_neighbors"":5}",{'n_neighbors': 5},nucleobase,cpu,cpu,0.003,measured
corrm_c67ce893ef412d16,corrective,67104f868fd1939d,immune_modulation_TLR8,TLR8,S,KMersCounts,"{""k"":[1,2],""modification_abundance"":true}","{'k': [1, 2], 'modification_abundance': True}",NearestNeighborsModel,"{""n_neighbors"":15}",{'n_neighbors': 15},nucleobase,cpu,cpu,0.003,measured
corrm_c67ce893ef412d16,corrective,e1d39307bcdf1b95,immune_modulation_TLR8,TLR8,S,KMersCounts,"{""k"":[1,2],""modification_abundance"":true}","{'k': [1, 2], 'modification_abundance': True}",NearestNeighborsModel,"{""n_neighbors"":10}",{'n_neighbors': 10},nucleobase,cpu,cpu,0.003,measured
corrm_c67ce893ef412d16,corrective,29ead59ed6f2b921,immune_modulation_TLR8,TLR8,S,KMersCounts,"{""k"":[1,2],""modification_abundance"":true}","{'k': [1, 2], 'modification_abundance': True}",LinearModel,"{""type"":""ridge""}",{'type': 'ridge'},nucleobase,cpu,cpu,0.001,measured
corrm_c67ce893ef412d16,corrective,210ba7db869d0dd1,immune_modulation_TLR8,TLR8,S,KMersCounts,"{""k"":[1,2],""modification_abundance"":true}","{'k': [1, 2], 'modification_abundance': True}",LinearModel,"{""type"":""standard""}",{'type': 'standard'},nucleobase,cpu,cpu,0.001,measured
corrm_31d062a7ad59439b,corrective,607f5d74e9c80f89,immune_modulation_TLR8,TLR8,S,KMersCounts,"{""k"":[1,2],""modification_abundance"":true}","{'k': [1, 2], 'modification_abundance': True}",MLP,"{""dropout"":0,""hidden_dims"":[64]}","{'dropout': 0, 'hidden_dims': [64]}",nucleobase,gpu,gpu,0.762,measured
corrm_31d062a7ad59439b,corrective,911ad39199eb5353,immune_modulation_TLR8,TLR8,S,KMersCounts,"{""k"":[1,2],""modification_abundance"":true}","{'k': [1, 2], 'modification_abundance': True}",MLP,"{""dropout"":0.25,""hidden_dims"":[64]}","{'dropout': 0.25, 'hidden_dims': [64]}",nucleobase,gpu,gpu,0.762,measured
corrm_31d062a7ad59439b,corrective,e66156f4e3db3ca1,immune_modulation_TLR8,TLR8,S,KMersCounts,"{""k"":[1,2],""modification_abundance"":true}","{'k': [1, 2], 'modification_abundance': True}",MLP,"{""dropout"":0,""hidden_dims"":[64,64]}","{'dropout': 0, 'hidden_dims': [64, 64]}",nucleobase,gpu,gpu,0.762,measured
corrm_31d062a7ad59439b,corrective,bc562c946a2b4417,immune_modulation_TLR8,TLR8,S,KMersCounts,"{""k"":[1,2],""modification_abundance"":true}","{'k': [1, 2], 'modification_abundance': True}",MLP,"{""dropout"":0.25,""hidden_dims"":[64,64]}","{'dropout': 0.25, 'hidden_dims': [64, 64]}",nucleobase,gpu,gpu,0.762,measured
corrm_31d062a7ad59439b,corrective,cc05b1c5c2d921d8,immune_modulation_TLR8,TLR8,S,KMersCounts,"{""k"":[1,2],""modification_abundance"":true}","{'k': [1, 2], 'modification_abundance': True}",MLP,"{""dropout"":0,""hidden_dims"":[128]}","{'dropout': 0, 'hidden_dims': [128]}",nucleobase,gpu,gpu,0.762,measured
corrm_31d062a7ad59439b,corrective,c8614f7f47f44812,immune_modulation_TLR8,TLR8,S,KMersCounts,"{""k"":[1,2],""modification_abundance"":true}","{'k': [1, 2], 'modification_abundance': True}",MLP,"{""dropout"":0.25,""hidden_dims"":[128]}","{'dropout': 0.25, 'hidden_dims': [128]}",nucleobase,gpu,gpu,0.762,measured
corrm_31d062a7ad59439b,corrective,0bd651ea7a48504d,immune_modulation_TLR8,TLR8,S,KMersCounts,"{""k"":[1,2],""modification_abundance"":true}","{'k': [1, 2], 'modification_abundance': True}",MLP,"{""dropout"":0,""hidden_dims"":[128,128]}","{'dropout': 0, 'hidden_dims': [128, 128]}",nucleobase,gpu,gpu,0.762,measured
corrm_31d062a7ad59439b,corrective,ca446cff4940b1ef,immune_modulation_TLR8,TLR8,S,KMersCounts,"{""k"":[1,2],""modification_abundance"":true}","{'k': [1, 2], 'modification_abundance': True}",MLP,"{""dropout"":0.25,""hidden_dims"":[128,128]}","{'dropout': 0.25, 'hidden_dims': [128, 128]}",nucleobase,gpu,gpu,0.762,measured
corrm_c67ce893ef412d16,corrective,9d1ed950215220d8,immune_modulation_TLR8,TLR8,S,KMersCounts,"{""k"":[1,2],""modification_abundance"":true}","{'k': [1, 2], 'modification_abundance': True}",RandomForestModel,"{""max_depth"":20,""n_estimators"":1000}","{'max_depth': 20, 'n_estimators': 1000}",random,cpu,cpu,0.463,measured
corrm_c67ce893ef412d16,corrective,a40013d320b3ad39,immune_modulation_TLR8,TLR8,S,KMersCounts,"{""k"":[1,2],""modification_abundance"":true}","{'k': [1, 2], 'modification_abundance': True}",RandomForestModel,"{""max_depth"":10,""n_estimators"":100}","{'max_depth': 10, 'n_estimators': 100}",random,cpu,cpu,0.463,measured
corrm_c67ce893ef412d16,corrective,4577ae1b83bb7da7,immune_modulation_TLR8,TLR8,S,KMersCounts,"{""k"":[1,2],""modification_abundance"":true}","{'k': [1, 2], 'modification_abundance': True}",RandomForestModel,"{""max_depth"":20,""n_estimators"":100}","{'max_depth': 20, 'n_estimators': 100}",random,cpu,cpu,0.463,measured
corrm_c67ce893ef412d16,corrective,d17e2d3a10487594,immune_modulation_TLR8,TLR8,S,KMersCounts,"{""k"":[1,2],""modification_abundance"":true}","{'k': [1, 2], 'modification_abundance': True}",RandomForestModel,"{""max_depth"":30,""n_estimators"":100}","{'max_depth': 30, 'n_estimators': 100}",random,cpu,cpu,0.463,measured
corrm_c67ce893ef412d16,corrective,755043a7eb6b6741,immune_modulation_TLR8,TLR8,S,KMersCounts,"{""k"":[1,2],""modification_abundance"":true}","{'k': [1, 2], 'modification_abundance': True}",RandomForestModel,"{""max_depth"":10,""n_estimators"":500}","{'max_depth': 10, 'n_estimators': 500}",random,cpu,cpu,0.463,measured
corrm_c67ce893ef412d16,corrective,5077c2862c72d1f5,immune_modulation_TLR8,TLR8,S,KMersCounts,"{""k"":[1,2],""modification_abundance"":true}","{'k': [1, 2], 'modification_abundance': True}",RandomForestModel,"{""max_depth"":20,""n_estimators"":500}","{'max_depth': 20, 'n_estimators': 500}",random,cpu,cpu,0.463,measured
corrm_c67ce893ef412d16,corrective,eacdf1c9b9318ba4,immune_modulation_TLR8,TLR8,S,KMersCounts,"{""k"":[1,2],""modification_abundance"":true}","{'k': [1, 2], 'modification_abundance': True}",RandomForestModel,"{""max_depth"":30,""n_estimators"":500}","{'max_depth': 30, 'n_estimators': 500}",random,cpu,cpu,0.463,measured
corrm_c67ce893ef412d16,corrective,e89bd153ed6b06ad,immune_modulation_TLR8,TLR8,S,KMersCounts,"{""k"":[1,2],""modification_abundance"":true}","{'k': [1, 2], 'modification_abundance': True}",RandomForestModel,"{""max_depth"":10,""n_estimators"":1000}","{'max_depth': 10, 'n_estimators': 1000}",random,cpu,cpu,0.463,measured
corrm_c67ce893ef412d16,corrective,5ccf774a48e9f0bd,immune_modulation_TLR8,TLR8,S,KMersCounts,"{""k"":[1,2],""modification_abundance"":true}","{'k': [1, 2], 'modification_abundance': True}",RandomForestModel,"{""max_depth"":30,""n_estimators"":1000}","{'max_depth': 30, 'n_estimators': 1000}",random,cpu,cpu,0.463,measured
corrm_c67ce893ef412d16,corrective,65892334dc39172b,immune_modulation_TLR8,TLR8,S,KMersCounts,"{""k"":[1,2],""modification_abundance"":true}","{'k': [1, 2], 'modification_abundance': True}",XGBoostModel,"{""max_depth"":30,""n_estimators"":500}","{'max_depth': 30, 'n_estimators': 500}",random,cpu,cpu,0.047,measured
corrm_c67ce893ef412d16,corrective,ce6b7fdf0df96872,immune_modulation_TLR8,TLR8,S,KMersCounts,"{""k"":[1,2],""modification_abundance"":true}","{'k': [1, 2], 'modification_abundance': True}",XGBoostModel,"{""max_depth"":30,""n_estimators"":100}","{'max_depth': 30, 'n_estimators': 100}",random,cpu,cpu,0.047,measured
corrm_c67ce893ef412d16,corrective,a1d59fdcb5ac9220,immune_modulation_TLR8,TLR8,S,KMersCounts,"{""k"":[1,2],""modification_abundance"":true}","{'k': [1, 2], 'modification_abundance': True}",XGBoostModel,"{""max_depth"":20,""n_estimators"":100}","{'max_depth': 20, 'n_estimators': 100}",random,cpu,cpu,0.047,measured
corrm_c67ce893ef412d16,corrective,1f30a809388255b3,immune_modulation_TLR8,TLR8,S,KMersCounts,"{""k"":[1,2],""modification_abundance"":true}","{'k': [1, 2], 'modification_abundance': True}",XGBoostModel,"{""max_depth"":10,""n_estimators"":100}","{'max_depth': 10, 'n_estimators': 100}",random,cpu,cpu,0.047,measured
corrm_c67ce893ef412d16,corrective,f0f8cc072c4f8486,immune_modulation_TLR8,TLR8,S,KMersCounts,"{""k"":[1,2],""modification_abundance"":true}","{'k': [1, 2], 'modification_abundance': True}",XGBoostModel,"{""max_depth"":30,""n_estimators"":1000}","{'max_depth': 30, 'n_estimators': 1000}",random,cpu,cpu,0.047,measured
corrm_c67ce893ef412d16,corrective,67cc57fce245a7d3,immune_modulation_TLR8,TLR8,S,KMersCounts,"{""k"":[1,2],""modification_abundance"":true}","{'k': [1, 2], 'modification_abundance': True}",XGBoostModel,"{""max_depth"":10,""n_estimators"":1000}","{'max_depth': 10, 'n_estimators': 1000}",random,cpu,cpu,0.047,measured
corrm_c67ce893ef412d16,corrective,7efa33fdc448d8c0,immune_modulation_TLR8,TLR8,S,KMersCounts,"{""k"":[1,2],""modification_abundance"":true}","{'k': [1, 2], 'modification_abundance': True}",XGBoostModel,"{""max_depth"":20,""n_estimators"":1000}","{'max_depth': 20, 'n_estimators': 1000}",random,cpu,cpu,0.047,measured
corrm_c67ce893ef412d16,corrective,425e2a7cb1def68e,immune_modulation_TLR8,TLR8,S,KMersCounts,"{""k"":[1,2],""modification_abundance"":true}","{'k': [1, 2], 'modification_abundance': True}",XGBoostModel,"{""max_depth"":20,""n_estimators"":500}","{'max_depth': 20, 'n_estimators': 500}",random,cpu,cpu,0.047,measured
corrm_c67ce893ef412d16,corrective,a8a55caa666cf591,immune_modulation_TLR8,TLR8,S,KMersCounts,"{""k"":[1,2],""modification_abundance"":true}","{'k': [1, 2], 'modification_abundance': True}",XGBoostModel,"{""max_depth"":10,""n_estimators"":500}","{'max_depth': 10, 'n_estimators': 500}",random,cpu,cpu,0.047,measured
corrm_c67ce893ef412d16,corrective,cde6d43dc5a3c77c,immune_modulation_TLR8,TLR8,S,KMersCounts,"{""k"":[1,2],""modification_abundance"":true}","{'k': [1, 2], 'modification_abundance': True}",NearestNeighborsModel,"{""n_neighbors"":5}",{'n_neighbors': 5},random,cpu,cpu,0.003,measured
corrm_c67ce893ef412d16,corrective,b24014d1a1b45ed9,immune_modulation_TLR8,TLR8,S,KMersCounts,"{""k"":[1,2],""modification_abundance"":true}","{'k': [1, 2], 'modification_abundance': True}",NearestNeighborsModel,"{""n_neighbors"":15}",{'n_neighbors': 15},random,cpu,cpu,0.003,measured
corrm_c67ce893ef412d16,corrective,c3de5054413c1a69,immune_modulation_TLR8,TLR8,S,KMersCounts,"{""k"":[1,2],""modification_abundance"":true}","{'k': [1, 2], 'modification_abundance': True}",NearestNeighborsModel,"{""n_neighbors"":10}",{'n_neighbors': 10},random,cpu,cpu,0.003,measured
corrm_c67ce893ef412d16,corrective,86986d148f581982,immune_modulation_TLR8,TLR8,S,KMersCounts,"{""k"":[1,2],""modification_abundance"":true}","{'k': [1, 2], 'modification_abundance': True}",LinearModel,"{""type"":""ridge""}",{'type': 'ridge'},random,cpu,cpu,0.001,measured
corrm_c67ce893ef412d16,corrective,f2b0a8231758ab2b,immune_modulation_TLR8,TLR8,S,KMersCounts,"{""k"":[1,2],""modification_abundance"":true}","{'k': [1, 2], 'modification_abundance': True}",LinearModel,"{""type"":""standard""}",{'type': 'standard'},random,cpu,cpu,0.001,measured
corrm_31d062a7ad59439b,corrective,09643eeb930ad0c0,immune_modulation_TLR8,TLR8,S,KMersCounts,"{""k"":[1,2],""modification_abundance"":true}","{'k': [1, 2], 'modification_abundance': True}",MLP,"{""dropout"":0,""hidden_dims"":[64]}","{'dropout': 0, 'hidden_dims': [64]}",random,gpu,gpu,0.762,measured
corrm_31d062a7ad59439b,corrective,67034224aaf472f5,immune_modulation_TLR8,TLR8,S,KMersCounts,"{""k"":[1,2],""modification_abundance"":true}","{'k': [1, 2], 'modification_abundance': True}",MLP,"{""dropout"":0.25,""hidden_dims"":[64]}","{'dropout': 0.25, 'hidden_dims': [64]}",random,gpu,gpu,0.762,measured
corrm_31d062a7ad59439b,corrective,2b708bb78d414ae1,immune_modulation_TLR8,TLR8,S,KMersCounts,"{""k"":[1,2],""modification_abundance"":true}","{'k': [1, 2], 'modification_abundance': True}",MLP,"{""dropout"":0,""hidden_dims"":[64,64]}","{'dropout': 0, 'hidden_dims': [64, 64]}",random,gpu,gpu,0.762,measured
corrm_31d062a7ad59439b,corrective,7fa159b24528d53f,immune_modulation_TLR8,TLR8,S,KMersCounts,"{""k"":[1,2],""modification_abundance"":true}","{'k': [1, 2], 'modification_abundance': True}",MLP,"{""dropout"":0.25,""hidden_dims"":[64,64]}","{'dropout': 0.25, 'hidden_dims': [64, 64]}",random,gpu,gpu,0.762,measured
corrm_31d062a7ad59439b,corrective,30b3e367097abd24,immune_modulation_TLR8,TLR8,S,KMersCounts,"{""k"":[1,2],""modification_abundance"":true}","{'k': [1, 2], 'modification_abundance': True}",MLP,"{""dropout"":0,""hidden_dims"":[128]}","{'dropout': 0, 'hidden_dims': [128]}",random,gpu,gpu,0.762,measured
corrm_31d062a7ad59439b,corrective,291795ab1d9542c3,immune_modulation_TLR8,TLR8,S,KMersCounts,"{""k"":[1,2],""modification_abundance"":true}","{'k': [1, 2], 'modification_abundance': True}",MLP,"{""dropout"":0.25,""hidden_dims"":[128]}","{'dropout': 0.25, 'hidden_dims': [128]}",random,gpu,gpu,0.762,measured
corrm_31d062a7ad59439b,corrective,e8cf6b8ea4038d27,immune_modulation_TLR8,TLR8,S,KMersCounts,"{""k"":[1,2],""modification_abundance"":true}","{'k': [1, 2], 'modification_abundance': True}",MLP,"{""dropout"":0,""hidden_dims"":[128,128]}","{'dropout': 0, 'hidden_dims': [128, 128]}",random,gpu,gpu,0.762,measured
corrm_31d062a7ad59439b,corrective,104cb3f22200b3b3,immune_modulation_TLR8,TLR8,S,KMersCounts,"{""k"":[1,2],""modification_abundance"":true}","{'k': [1, 2], 'modification_abundance': True}",MLP,"{""dropout"":0.25,""hidden_dims"":[128,128]}","{'dropout': 0.25, 'hidden_dims': [128, 128]}",random,gpu,gpu,0.762,measured
corrm_c67ce893ef412d16,corrective,39890c582576154d,immune_modulation_TLR8,TLR8,S,KMersCounts,"{""k"":[1],""modification_abundance"":false}","{'k': [1], 'modification_abundance': False}",RandomForestModel,"{""max_depth"":20,""n_estimators"":1000}","{'max_depth': 20, 'n_estimators': 1000}",nucleobase,cpu,cpu,0.463,measured
corrm_c67ce893ef412d16,corrective,4a48a78a263ba803,immune_modulation_TLR8,TLR8,S,KMersCounts,"{""k"":[1],""modification_abundance"":false}","{'k': [1], 'modification_abundance': False}",RandomForestModel,"{""max_depth"":10,""n_estimators"":100}","{'max_depth': 10, 'n_estimators': 100}",nucleobase,cpu,cpu,0.463,measured
corrm_c67ce893ef412d16,corrective,e9ad2f04559093a0,immune_modulation_TLR8,TLR8,S,KMersCounts,"{""k"":[1],""modification_abundance"":false}","{'k': [1], 'modification_abundance': False}",RandomForestModel,"{""max_depth"":20,""n_estimators"":100}","{'max_depth': 20, 'n_estimators': 100}",nucleobase,cpu,cpu,0.463,measured
corrm_c67ce893ef412d16,corrective,c6ac170389ec7b6b,immune_modulation_TLR8,TLR8,S,KMersCounts,"{""k"":[1],""modification_abundance"":false}","{'k': [1], 'modification_abundance': False}",RandomForestModel,"{""max_depth"":30,""n_estimators"":100}","{'max_depth': 30, 'n_estimators': 100}",nucleobase,cpu,cpu,0.463,measured
corrm_c67ce893ef412d16,corrective,9e73ac2c780fe538,immune_modulation_TLR8,TLR8,S,KMersCounts,"{""k"":[1],""modification_abundance"":false}","{'k': [1], 'modification_abundance': False}",RandomForestModel,"{""max_depth"":10,""n_estimators"":500}","{'max_depth': 10, 'n_estimators': 500}",nucleobase,cpu,cpu,0.463,measured
corrm_c67ce893ef412d16,corrective,8b61625e79488bc3,immune_modulation_TLR8,TLR8,S,KMersCounts,"{""k"":[1],""modification_abundance"":false}","{'k': [1], 'modification_abundance': False}",RandomForestModel,"{""max_depth"":20,""n_estimators"":500}","{'max_depth': 20, 'n_estimators': 500}",nucleobase,cpu,cpu,0.463,measured
corrm_c67ce893ef412d16,corrective,28c06f049453f079,immune_modulation_TLR8,TLR8,S,KMersCounts,"{""k"":[1],""modification_abundance"":false}","{'k': [1], 'modification_abundance': False}",RandomForestModel,"{""max_depth"":30,""n_estimators"":500}","{'max_depth': 30, 'n_estimators': 500}",nucleobase,cpu,cpu,0.463,measured
corrm_c67ce893ef412d16,corrective,0a406eb112cdfd19,immune_modulation_TLR8,TLR8,S,KMersCounts,"{""k"":[1],""modification_abundance"":false}","{'k': [1], 'modification_abundance': False}",RandomForestModel,"{""max_depth"":10,""n_estimators"":1000}","{'max_depth': 10, 'n_estimators': 1000}",nucleobase,cpu,cpu,0.463,measured
corrm_c67ce893ef412d16,corrective,a3d7192f1b09f81a,immune_modulation_TLR8,TLR8,S,KMersCounts,"{""k"":[1],""modification_abundance"":false}","{'k': [1], 'modification_abundance': False}",RandomForestModel,"{""max_depth"":30,""n_estimators"":1000}","{'max_depth': 30, 'n_estimators': 1000}",nucleobase,cpu,cpu,0.463,measured
corrm_c67ce893ef412d16,corrective,239d8cbc4425b379,immune_modulation_TLR8,TLR8,S,KMersCounts,"{""k"":[1],""modification_abundance"":false}","{'k': [1], 'modification_abundance': False}",XGBoostModel,"{""max_depth"":30,""n_estimators"":500}","{'max_depth': 30, 'n_estimators': 500}",nucleobase,cpu,cpu,0.047,measured
corrm_c67ce893ef412d16,corrective,d2c13cc490f0fe71,immune_modulation_TLR8,TLR8,S,KMersCounts,"{""k"":[1],""modification_abundance"":false}","{'k': [1], 'modification_abundance': False}",XGBoostModel,"{""max_depth"":30,""n_estimators"":100}","{'max_depth': 30, 'n_estimators': 100}",nucleobase,cpu,cpu,0.047,measured
corrm_c67ce893ef412d16,corrective,cdb79e6126e71c19,immune_modulation_TLR8,TLR8,S,KMersCounts,"{""k"":[1],""modification_abundance"":false}","{'k': [1], 'modification_abundance': False}",XGBoostModel,"{""max_depth"":20,""n_estimators"":100}","{'max_depth': 20, 'n_estimators': 100}",nucleobase,cpu,cpu,0.047,measured
corrm_c67ce893ef412d16,corrective,2aa95c6849e97b40,immune_modulation_TLR8,TLR8,S,KMersCounts,"{""k"":[1],""modification_abundance"":false}","{'k': [1], 'modification_abundance': False}",XGBoostModel,"{""max_depth"":10,""n_estimators"":100}","{'max_depth': 10, 'n_estimators': 100}",nucleobase,cpu,cpu,0.047,measured
corrm_c67ce893ef412d16,corrective,d5a26b7e5abb6f2b,immune_modulation_TLR8,TLR8,S,KMersCounts,"{""k"":[1],""modification_abundance"":false}","{'k': [1], 'modification_abundance': False}",XGBoostModel,"{""max_depth"":30,""n_estimators"":1000}","{'max_depth': 30, 'n_estimators': 1000}",nucleobase,cpu,cpu,0.047,measured
corrm_c67ce893ef412d16,corrective,957f01a240b8eb8b,immune_modulation_TLR8,TLR8,S,KMersCounts,"{""k"":[1],""modification_abundance"":false}","{'k': [1], 'modification_abundance': False}",XGBoostModel,"{""max_depth"":10,""n_estimators"":1000}","{'max_depth': 10, 'n_estimators': 1000}",nucleobase,cpu,cpu,0.047,measured
corrm_c67ce893ef412d16,corrective,6cf6b883e471599d,immune_modulation_TLR8,TLR8,S,KMersCounts,"{""k"":[1],""modification_abundance"":false}","{'k': [1], 'modification_abundance': False}",XGBoostModel,"{""max_depth"":20,""n_estimators"":1000}","{'max_depth': 20, 'n_estimators': 1000}",nucleobase,cpu,cpu,0.047,measured
corrm_c67ce893ef412d16,corrective,c73fa6f7fec13541,immune_modulation_TLR8,TLR8,S,KMersCounts,"{""k"":[1],""modification_abundance"":false}","{'k': [1], 'modification_abundance': False}",XGBoostModel,"{""max_depth"":20,""n_estimators"":500}","{'max_depth': 20, 'n_estimators': 500}",nucleobase,cpu,cpu,0.047,measured
corrm_c67ce893ef412d16,corrective,d3373ef166474b4b,immune_modulation_TLR8,TLR8,S,KMersCounts,"{""k"":[1],""modification_abundance"":false}","{'k': [1], 'modification_abundance': False}",XGBoostModel,"{""max_depth"":10,""n_estimators"":500}","{'max_depth': 10, 'n_estimators': 500}",nucleobase,cpu,cpu,0.047,measured
corrm_c67ce893ef412d16,corrective,93bd8844f383a1cf,immune_modulation_TLR8,TLR8,S,KMersCounts,"{""k"":[1],""modification_abundance"":false}","{'k': [1], 'modification_abundance': False}",NearestNeighborsModel,"{""n_neighbors"":5}",{'n_neighbors': 5},nucleobase,cpu,cpu,0.003,measured
corrm_c67ce893ef412d16,corrective,bcef9c86e5f5c5b7,immune_modulation_TLR8,TLR8,S,KMersCounts,"{""k"":[1],""modification_abundance"":false}","{'k': [1], 'modification_abundance': False}",NearestNeighborsModel,"{""n_neighbors"":15}",{'n_neighbors': 15},nucleobase,cpu,cpu,0.003,measured
corrm_c67ce893ef412d16,corrective,82e6d5f5e872a070,immune_modulation_TLR8,TLR8,S,KMersCounts,"{""k"":[1],""modification_abundance"":false}","{'k': [1], 'modification_abundance': False}",NearestNeighborsModel,"{""n_neighbors"":10}",{'n_neighbors': 10},nucleobase,cpu,cpu,0.003,measured
corrm_c67ce893ef412d16,corrective,70e2e3cf3e1fa1f9,immune_modulation_TLR8,TLR8,S,KMersCounts,"{""k"":[1],""modification_abundance"":false}","{'k': [1], 'modification_abundance': False}",LinearModel,"{""type"":""ridge""}",{'type': 'ridge'},nucleobase,cpu,cpu,0.001,measured
corrm_c67ce893ef412d16,corrective,a046ba33a085d838,immune_modulation_TLR8,TLR8,S,KMersCounts,"{""k"":[1],""modification_abundance"":false}","{'k': [1], 'modification_abundance': False}",LinearModel,"{""type"":""standard""}",{'type': 'standard'},nucleobase,cpu,cpu,0.001,measured
corrm_31d062a7ad59439b,corrective,0291d31f8d092a16,immune_modulation_TLR8,TLR8,S,KMersCounts,"{""k"":[1],""modification_abundance"":false}","{'k': [1], 'modification_abundance': False}",MLP,"{""dropout"":0,""hidden_dims"":[64]}","{'dropout': 0, 'hidden_dims': [64]}",nucleobase,gpu,gpu,0.762,measured
corrm_31d062a7ad59439b,corrective,58404c3635ef222d,immune_modulation_TLR8,TLR8,S,KMersCounts,"{""k"":[1],""modification_abundance"":false}","{'k': [1], 'modification_abundance': False}",MLP,"{""dropout"":0.25,""hidden_dims"":[64]}","{'dropout': 0.25, 'hidden_dims': [64]}",nucleobase,gpu,gpu,0.762,measured
corrm_31d062a7ad59439b,corrective,c7471d7639b6fc90,immune_modulation_TLR8,TLR8,S,KMersCounts,"{""k"":[1],""modification_abundance"":false}","{'k': [1], 'modification_abundance': False}",MLP,"{""dropout"":0,""hidden_dims"":[64,64]}","{'dropout': 0, 'hidden_dims': [64, 64]}",nucleobase,gpu,gpu,0.762,measured
corrm_31d062a7ad59439b,corrective,b8178f5d971c7ab9,immune_modulation_TLR8,TLR8,S,KMersCounts,"{""k"":[1],""modification_abundance"":false}","{'k': [1], 'modification_abundance': False}",MLP,"{""dropout"":0.25,""hidden_dims"":[64,64]}","{'dropout': 0.25, 'hidden_dims': [64, 64]}",nucleobase,gpu,gpu,0.762,measured
corrm_31d062a7ad59439b,corrective,68be71b81fe80284,immune_modulation_TLR8,TLR8,S,KMersCounts,"{""k"":[1],""modification_abundance"":false}","{'k': [1], 'modification_abundance': False}",MLP,"{""dropout"":0,""hidden_dims"":[128]}","{'dropout': 0, 'hidden_dims': [128]}",nucleobase,gpu,gpu,0.762,measured
corrm_31d062a7ad59439b,corrective,7f8cd561fab73be9,immune_modulation_TLR8,TLR8,S,KMersCounts,"{""k"":[1],""modification_abundance"":false}","{'k': [1], 'modification_abundance': False}",MLP,"{""dropout"":0.25,""hidden_dims"":[128]}","{'dropout': 0.25, 'hidden_dims': [128]}",nucleobase,gpu,gpu,0.762,measured
corrm_31d062a7ad59439b,corrective,76d4e50445a4a24a,immune_modulation_TLR8,TLR8,S,KMersCounts,"{""k"":[1],""modification_abundance"":false}","{'k': [1], 'modification_abundance': False}",MLP,"{""dropout"":0,""hidden_dims"":[128,128]}","{'dropout': 0, 'hidden_dims': [128, 128]}",nucleobase,gpu,gpu,0.762,measured
corrm_31d062a7ad59439b,corrective,5d53c26948cddddd,immune_modulation_TLR8,TLR8,S,KMersCounts,"{""k"":[1],""modification_abundance"":false}","{'k': [1], 'modification_abundance': False}",MLP,"{""dropout"":0.25,""hidden_dims"":[128,128]}","{'dropout': 0.25, 'hidden_dims': [128, 128]}",nucleobase,gpu,gpu,0.762,measured
corrm_c67ce893ef412d16,corrective,49772560d1be3ace,immune_modulation_TLR8,TLR8,S,KMersCounts,"{""k"":[1],""modification_abundance"":false}","{'k': [1], 'modification_abundance': False}",RandomForestModel,"{""max_depth"":20,""n_estimators"":1000}","{'max_depth': 20, 'n_estimators': 1000}",random,cpu,cpu,0.463,measured
corrm_c67ce893ef412d16,corrective,6a4bab16d52a6e45,immune_modulation_TLR8,TLR8,S,KMersCounts,"{""k"":[1],""modification_abundance"":false}","{'k': [1], 'modification_abundance': False}",RandomForestModel,"{""max_depth"":10,""n_estimators"":100}","{'max_depth': 10, 'n_estimators': 100}",random,cpu,cpu,0.463,measured
corrm_c67ce893ef412d16,corrective,e8b3b8c8f6c4ae40,immune_modulation_TLR8,TLR8,S,KMersCounts,"{""k"":[1],""modification_abundance"":false}","{'k': [1], 'modification_abundance': False}",RandomForestModel,"{""max_depth"":20,""n_estimators"":100}","{'max_depth': 20, 'n_estimators': 100}",random,cpu,cpu,0.463,measured
corrm_c67ce893ef412d16,corrective,9886c620ac596d02,immune_modulation_TLR8,TLR8,S,KMersCounts,"{""k"":[1],""modification_abundance"":false}","{'k': [1], 'modification_abundance': False}",RandomForestModel,"{""max_depth"":30,""n_estimators"":100}","{'max_depth': 30, 'n_estimators': 100}",random,cpu,cpu,0.463,measured
corrm_c67ce893ef412d16,corrective,309c485f79e44aa5,immune_modulation_TLR8,TLR8,S,KMersCounts,"{""k"":[1],""modification_abundance"":false}","{'k': [1], 'modification_abundance': False}",RandomForestModel,"{""max_depth"":10,""n_estimators"":500}","{'max_depth': 10, 'n_estimators': 500}",random,cpu,cpu,0.463,measured
corrm_c67ce893ef412d16,corrective,d63750cdf1a859c5,immune_modulation_TLR8,TLR8,S,KMersCounts,"{""k"":[1],""modification_abundance"":false}","{'k': [1], 'modification_abundance': False}",RandomForestModel,"{""max_depth"":20,""n_estimators"":500}","{'max_depth': 20, 'n_estimators': 500}",random,cpu,cpu,0.463,measured
corrm_c67ce893ef412d16,corrective,672cfdf4e5f01f87,immune_modulation_TLR8,TLR8,S,KMersCounts,"{""k"":[1],""modification_abundance"":false}","{'k': [1], 'modification_abundance': False}",RandomForestModel,"{""max_depth"":30,""n_estimators"":500}","{'max_depth': 30, 'n_estimators': 500}",random,cpu,cpu,0.463,measured
corrm_c67ce893ef412d16,corrective,00df08df987e45ff,immune_modulation_TLR8,TLR8,S,KMersCounts,"{""k"":[1],""modification_abundance"":false}","{'k': [1], 'modification_abundance': False}",RandomForestModel,"{""max_depth"":10,""n_estimators"":1000}","{'max_depth': 10, 'n_estimators': 1000}",random,cpu,cpu,0.463,measured
corrm_c67ce893ef412d16,corrective,7d97d9ff5809942b,immune_modulation_TLR8,TLR8,S,KMersCounts,"{""k"":[1],""modification_abundance"":false}","{'k': [1], 'modification_abundance': False}",RandomForestModel,"{""max_depth"":30,""n_estimators"":1000}","{'max_depth': 30, 'n_estimators': 1000}",random,cpu,cpu,0.463,measured
corrm_c67ce893ef412d16,corrective,e65f617c95e55d9f,immune_modulation_TLR8,TLR8,S,KMersCounts,"{""k"":[1],""modification_abundance"":false}","{'k': [1], 'modification_abundance': False}",XGBoostModel,"{""max_depth"":30,""n_estimators"":500}","{'max_depth': 30, 'n_estimators': 500}",random,cpu,cpu,0.047,measured
corrm_c67ce893ef412d16,corrective,2b673e7034beb09a,immune_modulation_TLR8,TLR8,S,KMersCounts,"{""k"":[1],""modification_abundance"":false}","{'k': [1], 'modification_abundance': False}",XGBoostModel,"{""max_depth"":30,""n_estimators"":100}","{'max_depth': 30, 'n_estimators': 100}",random,cpu,cpu,0.047,measured
corrm_c67ce893ef412d16,corrective,a78459e4551ecc72,immune_modulation_TLR8,TLR8,S,KMersCounts,"{""k"":[1],""modification_abundance"":false}","{'k': [1], 'modification_abundance': False}",XGBoostModel,"{""max_depth"":20,""n_estimators"":100}","{'max_depth': 20, 'n_estimators': 100}",random,cpu,cpu,0.047,measured
corrm_c67ce893ef412d16,corrective,649f5637f227c762,immune_modulation_TLR8,TLR8,S,KMersCounts,"{""k"":[1],""modification_abundance"":false}","{'k': [1], 'modification_abundance': False}",XGBoostModel,"{""max_depth"":10,""n_estimators"":100}","{'max_depth': 10, 'n_estimators': 100}",random,cpu,cpu,0.047,measured
corrm_c67ce893ef412d16,corrective,124de5563133b16b,immune_modulation_TLR8,TLR8,S,KMersCounts,"{""k"":[1],""modification_abundance"":false}","{'k': [1], 'modification_abundance': False}",XGBoostModel,"{""max_depth"":30,""n_estimators"":1000}","{'max_depth': 30, 'n_estimators': 1000}",random,cpu,cpu,0.047,measured
corrm_c67ce893ef412d16,corrective,23bf60858d4a4ee9,immune_modulation_TLR8,TLR8,S,KMersCounts,"{""k"":[1],""modification_abundance"":false}","{'k': [1], 'modification_abundance': False}",XGBoostModel,"{""max_depth"":10,""n_estimators"":1000}","{'max_depth': 10, 'n_estimators': 1000}",random,cpu,cpu,0.047,measured
corrm_c67ce893ef412d16,corrective,5aa8fe277024b15b,immune_modulation_TLR8,TLR8,S,KMersCounts,"{""k"":[1],""modification_abundance"":false}","{'k': [1], 'modification_abundance': False}",XGBoostModel,"{""max_depth"":20,""n_estimators"":1000}","{'max_depth': 20, 'n_estimators': 1000}",random,cpu,cpu,0.047,measured
corrm_c67ce893ef412d16,corrective,8dc53448d09fc1d3,immune_modulation_TLR8,TLR8,S,KMersCounts,"{""k"":[1],""modification_abundance"":false}","{'k': [1], 'modification_abundance': False}",XGBoostModel,"{""max_depth"":20,""n_estimators"":500}","{'max_depth': 20, 'n_estimators': 500}",random,cpu,cpu,0.047,measured
corrm_c67ce893ef412d16,corrective,7862f3dc31f25b41,immune_modulation_TLR8,TLR8,S,KMersCounts,"{""k"":[1],""modification_abundance"":false}","{'k': [1], 'modification_abundance': False}",XGBoostModel,"{""max_depth"":10,""n_estimators"":500}","{'max_depth': 10, 'n_estimators': 500}",random,cpu,cpu,0.047,measured
corrm_c67ce893ef412d16,corrective,1e1408c58903baa7,immune_modulation_TLR8,TLR8,S,KMersCounts,"{""k"":[1],""modification_abundance"":false}","{'k': [1], 'modification_abundance': False}",NearestNeighborsModel,"{""n_neighbors"":5}",{'n_neighbors': 5},random,cpu,cpu,0.003,measured
corrm_c67ce893ef412d16,corrective,0ad7906792f7d0db,immune_modulation_TLR8,TLR8,S,KMersCounts,"{""k"":[1],""modification_abundance"":false}","{'k': [1], 'modification_abundance': False}",NearestNeighborsModel,"{""n_neighbors"":15}",{'n_neighbors': 15},random,cpu,cpu,0.003,measured
corrm_c67ce893ef412d16,corrective,44e87513d6daba37,immune_modulation_TLR8,TLR8,S,KMersCounts,"{""k"":[1],""modification_abundance"":false}","{'k': [1], 'modification_abundance': False}",NearestNeighborsModel,"{""n_neighbors"":10}",{'n_neighbors': 10},random,cpu,cpu,0.003,measured
corrm_c67ce893ef412d16,corrective,482c62b4db6602d0,immune_modulation_TLR8,TLR8,S,KMersCounts,"{""k"":[1],""modification_abundance"":false}","{'k': [1], 'modification_abundance': False}",LinearModel,"{""type"":""ridge""}",{'type': 'ridge'},random,cpu,cpu,0.001,measured
corrm_c67ce893ef412d16,corrective,2930a994f20da936,immune_modulation_TLR8,TLR8,S,KMersCounts,"{""k"":[1],""modification_abundance"":false}","{'k': [1], 'modification_abundance': False}",LinearModel,"{""type"":""standard""}",{'type': 'standard'},random,cpu,cpu,0.001,measured
corrm_31d062a7ad59439b,corrective,d66ef7bdae9402c6,immune_modulation_TLR8,TLR8,S,KMersCounts,"{""k"":[1],""modification_abundance"":false}","{'k': [1], 'modification_abundance': False}",MLP,"{""dropout"":0,""hidden_dims"":[64]}","{'dropout': 0, 'hidden_dims': [64]}",random,gpu,gpu,0.762,measured
corrm_31d062a7ad59439b,corrective,9dcd8f7ac741c6c0,immune_modulation_TLR8,TLR8,S,KMersCounts,"{""k"":[1],""modification_abundance"":false}","{'k': [1], 'modification_abundance': False}",MLP,"{""dropout"":0.25,""hidden_dims"":[64]}","{'dropout': 0.25, 'hidden_dims': [64]}",random,gpu,gpu,0.762,measured
corrm_31d062a7ad59439b,corrective,335285a065598992,immune_modulation_TLR8,TLR8,S,KMersCounts,"{""k"":[1],""modification_abundance"":false}","{'k': [1], 'modification_abundance': False}",MLP,"{""dropout"":0,""hidden_dims"":[64,64]}","{'dropout': 0, 'hidden_dims': [64, 64]}",random,gpu,gpu,0.762,measured
corrm_31d062a7ad59439b,corrective,6b9d3cc121aafcb3,immune_modulation_TLR8,TLR8,S,KMersCounts,"{""k"":[1],""modification_abundance"":false}","{'k': [1], 'modification_abundance': False}",MLP,"{""dropout"":0.25,""hidden_dims"":[64,64]}","{'dropout': 0.25, 'hidden_dims': [64, 64]}",random,gpu,gpu,0.762,measured
corrm_31d062a7ad59439b,corrective,96f860aef56f4bfa,immune_modulation_TLR8,TLR8,S,KMersCounts,"{""k"":[1],""modification_abundance"":false}","{'k': [1], 'modification_abundance': False}",MLP,"{""dropout"":0,""hidden_dims"":[128]}","{'dropout': 0, 'hidden_dims': [128]}",random,gpu,gpu,0.762,measured
corrm_31d062a7ad59439b,corrective,e8d36cde49d83751,immune_modulation_TLR8,TLR8,S,KMersCounts,"{""k"":[1],""modification_abundance"":false}","{'k': [1], 'modification_abundance': False}",MLP,"{""dropout"":0.25,""hidden_dims"":[128]}","{'dropout': 0.25, 'hidden_dims': [128]}",random,gpu,gpu,0.762,measured
corrm_31d062a7ad59439b,corrective,79c79365881fa556,immune_modulation_TLR8,TLR8,S,KMersCounts,"{""k"":[1],""modification_abundance"":false}","{'k': [1], 'modification_abundance': False}",MLP,"{""dropout"":0,""hidden_dims"":[128,128]}","{'dropout': 0, 'hidden_dims': [128, 128]}",random,gpu,gpu,0.762,measured
corrm_31d062a7ad59439b,corrective,70411079d0e2d72c,immune_modulation_TLR8,TLR8,S,KMersCounts,"{""k"":[1],""modification_abundance"":false}","{'k': [1], 'modification_abundance': False}",MLP,"{""dropout"":0.25,""hidden_dims"":[128,128]}","{'dropout': 0.25, 'hidden_dims': [128, 128]}",random,gpu,gpu,0.762,measured
corrm_c67ce893ef412d16,corrective,7ef2e7994c540e18,immune_modulation_TLR8,TLR8,S,KMersCounts,"{""k"":[1],""modification_abundance"":true}","{'k': [1], 'modification_abundance': True}",RandomForestModel,"{""max_depth"":20,""n_estimators"":1000}","{'max_depth': 20, 'n_estimators': 1000}",nucleobase,cpu,cpu,0.463,measured
corrm_c67ce893ef412d16,corrective,2a70f84b0facc8d2,immune_modulation_TLR8,TLR8,S,KMersCounts,"{""k"":[1],""modification_abundance"":true}","{'k': [1], 'modification_abundance': True}",RandomForestModel,"{""max_depth"":10,""n_estimators"":100}","{'max_depth': 10, 'n_estimators': 100}",nucleobase,cpu,cpu,0.463,measured
corrm_c67ce893ef412d16,corrective,c097d726343f88d4,immune_modulation_TLR8,TLR8,S,KMersCounts,"{""k"":[1],""modification_abundance"":true}","{'k': [1], 'modification_abundance': True}",RandomForestModel,"{""max_depth"":20,""n_estimators"":100}","{'max_depth': 20, 'n_estimators': 100}",nucleobase,cpu,cpu,0.463,measured
corrm_c67ce893ef412d16,corrective,7860f5d31ad9d5fc,immune_modulation_TLR8,TLR8,S,KMersCounts,"{""k"":[1],""modification_abundance"":true}","{'k': [1], 'modification_abundance': True}",RandomForestModel,"{""max_depth"":30,""n_estimators"":100}","{'max_depth': 30, 'n_estimators': 100}",nucleobase,cpu,cpu,0.463,measured
corrm_c67ce893ef412d16,corrective,88ea9918b98bf0d7,immune_modulation_TLR8,TLR8,S,KMersCounts,"{""k"":[1],""modification_abundance"":true}","{'k': [1], 'modification_abundance': True}",RandomForestModel,"{""max_depth"":10,""n_estimators"":500}","{'max_depth': 10, 'n_estimators': 500}",nucleobase,cpu,cpu,0.463,measured
corrm_c67ce893ef412d16,corrective,fda1ebd722969567,immune_modulation_TLR8,TLR8,S,KMersCounts,"{""k"":[1],""modification_abundance"":true}","{'k': [1], 'modification_abundance': True}",RandomForestModel,"{""max_depth"":20,""n_estimators"":500}","{'max_depth': 20, 'n_estimators': 500}",nucleobase,cpu,cpu,0.463,measured
corrm_c67ce893ef412d16,corrective,caa55564738b4ecf,immune_modulation_TLR8,TLR8,S,KMersCounts,"{""k"":[1],""modification_abundance"":true}","{'k': [1], 'modification_abundance': True}",RandomForestModel,"{""max_depth"":30,""n_estimators"":500}","{'max_depth': 30, 'n_estimators': 500}",nucleobase,cpu,cpu,0.463,measured
corrm_c67ce893ef412d16,corrective,122025d970f1828d,immune_modulation_TLR8,TLR8,S,KMersCounts,"{""k"":[1],""modification_abundance"":true}","{'k': [1], 'modification_abundance': True}",RandomForestModel,"{""max_depth"":10,""n_estimators"":1000}","{'max_depth': 10, 'n_estimators': 1000}",nucleobase,cpu,cpu,0.463,measured
corrm_c67ce893ef412d16,corrective,9c11c69d4bc6fab4,immune_modulation_TLR8,TLR8,S,KMersCounts,"{""k"":[1],""modification_abundance"":true}","{'k': [1], 'modification_abundance': True}",RandomForestModel,"{""max_depth"":30,""n_estimators"":1000}","{'max_depth': 30, 'n_estimators': 1000}",nucleobase,cpu,cpu,0.463,measured
corrm_c67ce893ef412d16,corrective,203066d0891b9597,immune_modulation_TLR8,TLR8,S,KMersCounts,"{""k"":[1],""modification_abundance"":true}","{'k': [1], 'modification_abundance': True}",XGBoostModel,"{""max_depth"":30,""n_estimators"":500}","{'max_depth': 30, 'n_estimators': 500}",nucleobase,cpu,cpu,0.047,measured
corrm_c67ce893ef412d16,corrective,3f359af027a0c9a0,immune_modulation_TLR8,TLR8,S,KMersCounts,"{""k"":[1],""modification_abundance"":true}","{'k': [1], 'modification_abundance': True}",XGBoostModel,"{""max_depth"":30,""n_estimators"":100}","{'max_depth': 30, 'n_estimators': 100}",nucleobase,cpu,cpu,0.047,measured
corrm_c67ce893ef412d16,corrective,e31404d7760adcca,immune_modulation_TLR8,TLR8,S,KMersCounts,"{""k"":[1],""modification_abundance"":true}","{'k': [1], 'modification_abundance': True}",XGBoostModel,"{""max_depth"":20,""n_estimators"":100}","{'max_depth': 20, 'n_estimators': 100}",nucleobase,cpu,cpu,0.047,measured
corrm_c67ce893ef412d16,corrective,c582ffa97288a100,immune_modulation_TLR8,TLR8,S,KMersCounts,"{""k"":[1],""modification_abundance"":true}","{'k': [1], 'modification_abundance': True}",XGBoostModel,"{""max_depth"":10,""n_estimators"":100}","{'max_depth': 10, 'n_estimators': 100}",nucleobase,cpu,cpu,0.047,measured
corrm_c67ce893ef412d16,corrective,b9c68fe914ccb6b9,immune_modulation_TLR8,TLR8,S,KMersCounts,"{""k"":[1],""modification_abundance"":true}","{'k': [1], 'modification_abundance': True}",XGBoostModel,"{""max_depth"":30,""n_estimators"":1000}","{'max_depth': 30, 'n_estimators': 1000}",nucleobase,cpu,cpu,0.047,measured
corrm_c67ce893ef412d16,corrective,60da840fe026d072,immune_modulation_TLR8,TLR8,S,KMersCounts,"{""k"":[1],""modification_abundance"":true}","{'k': [1], 'modification_abundance': True}",XGBoostModel,"{""max_depth"":10,""n_estimators"":1000}","{'max_depth': 10, 'n_estimators': 1000}",nucleobase,cpu,cpu,0.047,measured
corrm_c67ce893ef412d16,corrective,0b96ccc237067f59,immune_modulation_TLR8,TLR8,S,KMersCounts,"{""k"":[1],""modification_abundance"":true}","{'k': [1], 'modification_abundance': True}",XGBoostModel,"{""max_depth"":20,""n_estimators"":1000}","{'max_depth': 20, 'n_estimators': 1000}",nucleobase,cpu,cpu,0.047,measured
corrm_c67ce893ef412d16,corrective,8f6d1aeda8c01ab7,immune_modulation_TLR8,TLR8,S,KMersCounts,"{""k"":[1],""modification_abundance"":true}","{'k': [1], 'modification_abundance': True}",XGBoostModel,"{""max_depth"":20,""n_estimators"":500}","{'max_depth': 20, 'n_estimators': 500}",nucleobase,cpu,cpu,0.047,measured
corrm_c67ce893ef412d16,corrective,18a909f2428cc00d,immune_modulation_TLR8,TLR8,S,KMersCounts,"{""k"":[1],""modification_abundance"":true}","{'k': [1], 'modification_abundance': True}",XGBoostModel,"{""max_depth"":10,""n_estimators"":500}","{'max_depth': 10, 'n_estimators': 500}",nucleobase,cpu,cpu,0.047,measured
corrm_c67ce893ef412d16,corrective,4fc268472c42db02,immune_modulation_TLR8,TLR8,S,KMersCounts,"{""k"":[1],""modification_abundance"":true}","{'k': [1], 'modification_abundance': True}",NearestNeighborsModel,"{""n_neighbors"":5}",{'n_neighbors': 5},nucleobase,cpu,cpu,0.003,measured
corrm_c67ce893ef412d16,corrective,f28cfa38243bbe10,immune_modulation_TLR8,TLR8,S,KMersCounts,"{""k"":[1],""modification_abundance"":true}","{'k': [1], 'modification_abundance': True}",NearestNeighborsModel,"{""n_neighbors"":15}",{'n_neighbors': 15},nucleobase,cpu,cpu,0.003,measured
corrm_c67ce893ef412d16,corrective,ce14f785d72ef81d,immune_modulation_TLR8,TLR8,S,KMersCounts,"{""k"":[1],""modification_abundance"":true}","{'k': [1], 'modification_abundance': True}",NearestNeighborsModel,"{""n_neighbors"":10}",{'n_neighbors': 10},nucleobase,cpu,cpu,0.003,measured
corrm_c67ce893ef412d16,corrective,efbf1a195e9f276e,immune_modulation_TLR8,TLR8,S,KMersCounts,"{""k"":[1],""modification_abundance"":true}","{'k': [1], 'modification_abundance': True}",LinearModel,"{""type"":""ridge""}",{'type': 'ridge'},nucleobase,cpu,cpu,0.001,measured
corrm_c67ce893ef412d16,corrective,4f95fecf82168d7b,immune_modulation_TLR8,TLR8,S,KMersCounts,"{""k"":[1],""modification_abundance"":true}","{'k': [1], 'modification_abundance': True}",LinearModel,"{""type"":""standard""}",{'type': 'standard'},nucleobase,cpu,cpu,0.001,measured
corrm_31d062a7ad59439b,corrective,daf0991aa0a62fb7,immune_modulation_TLR8,TLR8,S,KMersCounts,"{""k"":[1],""modification_abundance"":true}","{'k': [1], 'modification_abundance': True}",MLP,"{""dropout"":0,""hidden_dims"":[64]}","{'dropout': 0, 'hidden_dims': [64]}",nucleobase,gpu,gpu,0.762,measured
corrm_31d062a7ad59439b,corrective,d4fa8a7ae38a9361,immune_modulation_TLR8,TLR8,S,KMersCounts,"{""k"":[1],""modification_abundance"":true}","{'k': [1], 'modification_abundance': True}",MLP,"{""dropout"":0.25,""hidden_dims"":[64]}","{'dropout': 0.25, 'hidden_dims': [64]}",nucleobase,gpu,gpu,0.762,measured
corrm_31d062a7ad59439b,corrective,a79610edd10297a5,immune_modulation_TLR8,TLR8,S,KMersCounts,"{""k"":[1],""modification_abundance"":true}","{'k': [1], 'modification_abundance': True}",MLP,"{""dropout"":0,""hidden_dims"":[64,64]}","{'dropout': 0, 'hidden_dims': [64, 64]}",nucleobase,gpu,gpu,0.762,measured
corrm_31d062a7ad59439b,corrective,01b53a8ca494de8a,immune_modulation_TLR8,TLR8,S,KMersCounts,"{""k"":[1],""modification_abundance"":true}","{'k': [1], 'modification_abundance': True}",MLP,"{""dropout"":0.25,""hidden_dims"":[64,64]}","{'dropout': 0.25, 'hidden_dims': [64, 64]}",nucleobase,gpu,gpu,0.762,measured
corrm_31d062a7ad59439b,corrective,b69944a27258576c,immune_modulation_TLR8,TLR8,S,KMersCounts,"{""k"":[1],""modification_abundance"":true}","{'k': [1], 'modification_abundance': True}",MLP,"{""dropout"":0,""hidden_dims"":[128]}","{'dropout': 0, 'hidden_dims': [128]}",nucleobase,gpu,gpu,0.762,measured
corrm_31d062a7ad59439b,corrective,fe5ad7f484e4bc07,immune_modulation_TLR8,TLR8,S,KMersCounts,"{""k"":[1],""modification_abundance"":true}","{'k': [1], 'modification_abundance': True}",MLP,"{""dropout"":0.25,""hidden_dims"":[128]}","{'dropout': 0.25, 'hidden_dims': [128]}",nucleobase,gpu,gpu,0.762,measured
corrm_31d062a7ad59439b,corrective,20a6040576ab5e4e,immune_modulation_TLR8,TLR8,S,KMersCounts,"{""k"":[1],""modification_abundance"":true}","{'k': [1], 'modification_abundance': True}",MLP,"{""dropout"":0,""hidden_dims"":[128,128]}","{'dropout': 0, 'hidden_dims': [128, 128]}",nucleobase,gpu,gpu,0.762,measured
corrm_31d062a7ad59439b,corrective,38ed783efaec91ce,immune_modulation_TLR8,TLR8,S,KMersCounts,"{""k"":[1],""modification_abundance"":true}","{'k': [1], 'modification_abundance': True}",MLP,"{""dropout"":0.25,""hidden_dims"":[128,128]}","{'dropout': 0.25, 'hidden_dims': [128, 128]}",nucleobase,gpu,gpu,0.762,measured
corrm_c67ce893ef412d16,corrective,d75667a152556acd,immune_modulation_TLR8,TLR8,S,KMersCounts,"{""k"":[1],""modification_abundance"":true}","{'k': [1], 'modification_abundance': True}",RandomForestModel,"{""max_depth"":20,""n_estimators"":1000}","{'max_depth': 20, 'n_estimators': 1000}",random,cpu,cpu,0.463,measured
corrm_c67ce893ef412d16,corrective,e3ca5b29af01126b,immune_modulation_TLR8,TLR8,S,KMersCounts,"{""k"":[1],""modification_abundance"":true}","{'k': [1], 'modification_abundance': True}",RandomForestModel,"{""max_depth"":10,""n_estimators"":100}","{'max_depth': 10, 'n_estimators': 100}",random,cpu,cpu,0.463,measured
corrm_c67ce893ef412d16,corrective,4649fad925618d85,immune_modulation_TLR8,TLR8,S,KMersCounts,"{""k"":[1],""modification_abundance"":true}","{'k': [1], 'modification_abundance': True}",RandomForestModel,"{""max_depth"":20,""n_estimators"":100}","{'max_depth': 20, 'n_estimators': 100}",random,cpu,cpu,0.463,measured
corrm_c67ce893ef412d16,corrective,5dc3a5f979ef5a98,immune_modulation_TLR8,TLR8,S,KMersCounts,"{""k"":[1],""modification_abundance"":true}","{'k': [1], 'modification_abundance': True}",RandomForestModel,"{""max_depth"":30,""n_estimators"":100}","{'max_depth': 30, 'n_estimators': 100}",random,cpu,cpu,0.463,measured
corrm_c67ce893ef412d16,corrective,1d0cd88a8d0be538,immune_modulation_TLR8,TLR8,S,KMersCounts,"{""k"":[1],""modification_abundance"":true}","{'k': [1], 'modification_abundance': True}",RandomForestModel,"{""max_depth"":10,""n_estimators"":500}","{'max_depth': 10, 'n_estimators': 500}",random,cpu,cpu,0.463,measured
corrm_c67ce893ef412d16,corrective,502b375874ba63c9,immune_modulation_TLR8,TLR8,S,KMersCounts,"{""k"":[1],""modification_abundance"":true}","{'k': [1], 'modification_abundance': True}",RandomForestModel,"{""max_depth"":20,""n_estimators"":500}","{'max_depth': 20, 'n_estimators': 500}",random,cpu,cpu,0.463,measured
corrm_c67ce893ef412d16,corrective,15974495a34a3658,immune_modulation_TLR8,TLR8,S,KMersCounts,"{""k"":[1],""modification_abundance"":true}","{'k': [1], 'modification_abundance': True}",RandomForestModel,"{""max_depth"":30,""n_estimators"":500}","{'max_depth': 30, 'n_estimators': 500}",random,cpu,cpu,0.463,measured
corrm_c67ce893ef412d16,corrective,841486258e59da70,immune_modulation_TLR8,TLR8,S,KMersCounts,"{""k"":[1],""modification_abundance"":true}","{'k': [1], 'modification_abundance': True}",RandomForestModel,"{""max_depth"":10,""n_estimators"":1000}","{'max_depth': 10, 'n_estimators': 1000}",random,cpu,cpu,0.463,measured
corrm_c67ce893ef412d16,corrective,ee1672c1794b00b4,immune_modulation_TLR8,TLR8,S,KMersCounts,"{""k"":[1],""modification_abundance"":true}","{'k': [1], 'modification_abundance': True}",RandomForestModel,"{""max_depth"":30,""n_estimators"":1000}","{'max_depth': 30, 'n_estimators': 1000}",random,cpu,cpu,0.463,measured
corrm_c67ce893ef412d16,corrective,30ebd93be765508b,immune_modulation_TLR8,TLR8,S,KMersCounts,"{""k"":[1],""modification_abundance"":true}","{'k': [1], 'modification_abundance': True}",XGBoostModel,"{""max_depth"":30,""n_estimators"":500}","{'max_depth': 30, 'n_estimators': 500}",random,cpu,cpu,0.047,measured
corrm_c67ce893ef412d16,corrective,866b7c32dc3a5181,immune_modulation_TLR8,TLR8,S,KMersCounts,"{""k"":[1],""modification_abundance"":true}","{'k': [1], 'modification_abundance': True}",XGBoostModel,"{""max_depth"":30,""n_estimators"":100}","{'max_depth': 30, 'n_estimators': 100}",random,cpu,cpu,0.047,measured
corrm_c67ce893ef412d16,corrective,19c2088ee206098e,immune_modulation_TLR8,TLR8,S,KMersCounts,"{""k"":[1],""modification_abundance"":true}","{'k': [1], 'modification_abundance': True}",XGBoostModel,"{""max_depth"":20,""n_estimators"":100}","{'max_depth': 20, 'n_estimators': 100}",random,cpu,cpu,0.047,measured
corrm_c67ce893ef412d16,corrective,ded611ecc15bef8c,immune_modulation_TLR8,TLR8,S,KMersCounts,"{""k"":[1],""modification_abundance"":true}","{'k': [1], 'modification_abundance': True}",XGBoostModel,"{""max_depth"":10,""n_estimators"":100}","{'max_depth': 10, 'n_estimators': 100}",random,cpu,cpu,0.047,measured
corrm_c67ce893ef412d16,corrective,ed68f92a640faba0,immune_modulation_TLR8,TLR8,S,KMersCounts,"{""k"":[1],""modification_abundance"":true}","{'k': [1], 'modification_abundance': True}",XGBoostModel,"{""max_depth"":30,""n_estimators"":1000}","{'max_depth': 30, 'n_estimators': 1000}",random,cpu,cpu,0.047,measured
corrm_c67ce893ef412d16,corrective,7f250cf944f369b1,immune_modulation_TLR8,TLR8,S,KMersCounts,"{""k"":[1],""modification_abundance"":true}","{'k': [1], 'modification_abundance': True}",XGBoostModel,"{""max_depth"":10,""n_estimators"":1000}","{'max_depth': 10, 'n_estimators': 1000}",random,cpu,cpu,0.047,measured
corrm_c67ce893ef412d16,corrective,03aaaf6bd81a4ea9,immune_modulation_TLR8,TLR8,S,KMersCounts,"{""k"":[1],""modification_abundance"":true}","{'k': [1], 'modification_abundance': True}",XGBoostModel,"{""max_depth"":20,""n_estimators"":1000}","{'max_depth': 20, 'n_estimators': 1000}",random,cpu,cpu,0.047,measured
corrm_c67ce893ef412d16,corrective,32a2ce015812c494,immune_modulation_TLR8,TLR8,S,KMersCounts,"{""k"":[1],""modification_abundance"":true}","{'k': [1], 'modification_abundance': True}",XGBoostModel,"{""max_depth"":20,""n_estimators"":500}","{'max_depth': 20, 'n_estimators': 500}",random,cpu,cpu,0.047,measured
corrm_c67ce893ef412d16,corrective,e7eb78f225a60193,immune_modulation_TLR8,TLR8,S,KMersCounts,"{""k"":[1],""modification_abundance"":true}","{'k': [1], 'modification_abundance': True}",XGBoostModel,"{""max_depth"":10,""n_estimators"":500}","{'max_depth': 10, 'n_estimators': 500}",random,cpu,cpu,0.047,measured
corrm_c67ce893ef412d16,corrective,ee75070b206063b4,immune_modulation_TLR8,TLR8,S,KMersCounts,"{""k"":[1],""modification_abundance"":true}","{'k': [1], 'modification_abundance': True}",NearestNeighborsModel,"{""n_neighbors"":5}",{'n_neighbors': 5},random,cpu,cpu,0.003,measured
corrm_c67ce893ef412d16,corrective,38d8438b20f9c8da,immune_modulation_TLR8,TLR8,S,KMersCounts,"{""k"":[1],""modification_abundance"":true}","{'k': [1], 'modification_abundance': True}",NearestNeighborsModel,"{""n_neighbors"":15}",{'n_neighbors': 15},random,cpu,cpu,0.003,measured
corrm_c67ce893ef412d16,corrective,b7a82e07d678fa10,immune_modulation_TLR8,TLR8,S,KMersCounts,"{""k"":[1],""modification_abundance"":true}","{'k': [1], 'modification_abundance': True}",NearestNeighborsModel,"{""n_neighbors"":10}",{'n_neighbors': 10},random,cpu,cpu,0.003,measured
corrm_c67ce893ef412d16,corrective,ad5dd511869ab68b,immune_modulation_TLR8,TLR8,S,KMersCounts,"{""k"":[1],""modification_abundance"":true}","{'k': [1], 'modification_abundance': True}",LinearModel,"{""type"":""ridge""}",{'type': 'ridge'},random,cpu,cpu,0.001,measured
corrm_c67ce893ef412d16,corrective,1ab82d03dbd60070,immune_modulation_TLR8,TLR8,S,KMersCounts,"{""k"":[1],""modification_abundance"":true}","{'k': [1], 'modification_abundance': True}",LinearModel,"{""type"":""standard""}",{'type': 'standard'},random,cpu,cpu,0.001,measured
corrm_31d062a7ad59439b,corrective,c78a1a43a8eaa084,immune_modulation_TLR8,TLR8,S,KMersCounts,"{""k"":[1],""modification_abundance"":true}","{'k': [1], 'modification_abundance': True}",MLP,"{""dropout"":0,""hidden_dims"":[64]}","{'dropout': 0, 'hidden_dims': [64]}",random,gpu,gpu,0.762,measured
corrm_31d062a7ad59439b,corrective,4265023d684e4d53,immune_modulation_TLR8,TLR8,S,KMersCounts,"{""k"":[1],""modification_abundance"":true}","{'k': [1], 'modification_abundance': True}",MLP,"{""dropout"":0.25,""hidden_dims"":[64]}","{'dropout': 0.25, 'hidden_dims': [64]}",random,gpu,gpu,0.762,measured
corrm_31d062a7ad59439b,corrective,4e882163afe15b7b,immune_modulation_TLR8,TLR8,S,KMersCounts,"{""k"":[1],""modification_abundance"":true}","{'k': [1], 'modification_abundance': True}",MLP,"{""dropout"":0,""hidden_dims"":[64,64]}","{'dropout': 0, 'hidden_dims': [64, 64]}",random,gpu,gpu,0.762,measured
corrm_31d062a7ad59439b,corrective,26f863a365bf6509,immune_modulation_TLR8,TLR8,S,KMersCounts,"{""k"":[1],""modification_abundance"":true}","{'k': [1], 'modification_abundance': True}",MLP,"{""dropout"":0.25,""hidden_dims"":[64,64]}","{'dropout': 0.25, 'hidden_dims': [64, 64]}",random,gpu,gpu,0.762,measured
corrm_31d062a7ad59439b,corrective,9596084653782d70,immune_modulation_TLR8,TLR8,S,KMersCounts,"{""k"":[1],""modification_abundance"":true}","{'k': [1], 'modification_abundance': True}",MLP,"{""dropout"":0,""hidden_dims"":[128]}","{'dropout': 0, 'hidden_dims': [128]}",random,gpu,gpu,0.762,measured
corrm_31d062a7ad59439b,corrective,ba834e27f8f7daf1,immune_modulation_TLR8,TLR8,S,KMersCounts,"{""k"":[1],""modification_abundance"":true}","{'k': [1], 'modification_abundance': True}",MLP,"{""dropout"":0.25,""hidden_dims"":[128]}","{'dropout': 0.25, 'hidden_dims': [128]}",random,gpu,gpu,0.762,measured
corrm_31d062a7ad59439b,corrective,8416d67eeb861f00,immune_modulation_TLR8,TLR8,S,KMersCounts,"{""k"":[1],""modification_abundance"":true}","{'k': [1], 'modification_abundance': True}",MLP,"{""dropout"":0,""hidden_dims"":[128,128]}","{'dropout': 0, 'hidden_dims': [128, 128]}",random,gpu,gpu,0.762,measured
corrm_31d062a7ad59439b,corrective,18748e317b910870,immune_modulation_TLR8,TLR8,S,KMersCounts,"{""k"":[1],""modification_abundance"":true}","{'k': [1], 'modification_abundance': True}",MLP,"{""dropout"":0.25,""hidden_dims"":[128,128]}","{'dropout': 0.25, 'hidden_dims': [128, 128]}",random,gpu,gpu,0.762,measured
corrm_c67ce893ef412d16,corrective,775455d95c7cca69,immune_modulation_TLR8,TLR8,S,OneHotEncoder,"{""encode_components"":[""base"",""sugar"",""phosphate""]}","{'encode_components': ['base', 'sugar', 'phosphate']}",RandomForestModel,"{""max_depth"":20,""n_estimators"":1000}","{'max_depth': 20, 'n_estimators': 1000}",nucleobase,cpu,cpu,0.463,measured
corrm_c67ce893ef412d16,corrective,b66e1789b4ced440,immune_modulation_TLR8,TLR8,S,OneHotEncoder,"{""encode_components"":[""base"",""sugar"",""phosphate""]}","{'encode_components': ['base', 'sugar', 'phosphate']}",RandomForestModel,"{""max_depth"":10,""n_estimators"":100}","{'max_depth': 10, 'n_estimators': 100}",nucleobase,cpu,cpu,0.463,measured
corrm_c67ce893ef412d16,corrective,15c662a4c72d5131,immune_modulation_TLR8,TLR8,S,OneHotEncoder,"{""encode_components"":[""base"",""sugar"",""phosphate""]}","{'encode_components': ['base', 'sugar', 'phosphate']}",RandomForestModel,"{""max_depth"":20,""n_estimators"":100}","{'max_depth': 20, 'n_estimators': 100}",nucleobase,cpu,cpu,0.463,measured
corrm_c67ce893ef412d16,corrective,88cf6542ace93bd1,immune_modulation_TLR8,TLR8,S,OneHotEncoder,"{""encode_components"":[""base"",""sugar"",""phosphate""]}","{'encode_components': ['base', 'sugar', 'phosphate']}",RandomForestModel,"{""max_depth"":30,""n_estimators"":100}","{'max_depth': 30, 'n_estimators': 100}",nucleobase,cpu,cpu,0.463,measured
corrm_c67ce893ef412d16,corrective,55bca5c7347e2320,immune_modulation_TLR8,TLR8,S,OneHotEncoder,"{""encode_components"":[""base"",""sugar"",""phosphate""]}","{'encode_components': ['base', 'sugar', 'phosphate']}",RandomForestModel,"{""max_depth"":10,""n_estimators"":500}","{'max_depth': 10, 'n_estimators': 500}",nucleobase,cpu,cpu,0.463,measured
corrm_c67ce893ef412d16,corrective,022f53860f7dd651,immune_modulation_TLR8,TLR8,S,OneHotEncoder,"{""encode_components"":[""base"",""sugar"",""phosphate""]}","{'encode_components': ['base', 'sugar', 'phosphate']}",RandomForestModel,"{""max_depth"":20,""n_estimators"":500}","{'max_depth': 20, 'n_estimators': 500}",nucleobase,cpu,cpu,0.463,measured
corrm_c67ce893ef412d16,corrective,12035312b4128774,immune_modulation_TLR8,TLR8,S,OneHotEncoder,"{""encode_components"":[""base"",""sugar"",""phosphate""]}","{'encode_components': ['base', 'sugar', 'phosphate']}",RandomForestModel,"{""max_depth"":30,""n_estimators"":500}","{'max_depth': 30, 'n_estimators': 500}",nucleobase,cpu,cpu,0.463,measured
corrm_c67ce893ef412d16,corrective,244321c5423993c0,immune_modulation_TLR8,TLR8,S,OneHotEncoder,"{""encode_components"":[""base"",""sugar"",""phosphate""]}","{'encode_components': ['base', 'sugar', 'phosphate']}",RandomForestModel,"{""max_depth"":10,""n_estimators"":1000}","{'max_depth': 10, 'n_estimators': 1000}",nucleobase,cpu,cpu,0.463,measured
corrm_c67ce893ef412d16,corrective,2a7e0402e81e7a13,immune_modulation_TLR8,TLR8,S,OneHotEncoder,"{""encode_components"":[""base"",""sugar"",""phosphate""]}","{'encode_components': ['base', 'sugar', 'phosphate']}",RandomForestModel,"{""max_depth"":30,""n_estimators"":1000}","{'max_depth': 30, 'n_estimators': 1000}",nucleobase,cpu,cpu,0.463,measured
corrm_c67ce893ef412d16,corrective,68c35497f1fe6390,immune_modulation_TLR8,TLR8,S,OneHotEncoder,"{""encode_components"":[""base"",""sugar"",""phosphate""]}","{'encode_components': ['base', 'sugar', 'phosphate']}",XGBoostModel,"{""max_depth"":30,""n_estimators"":500}","{'max_depth': 30, 'n_estimators': 500}",nucleobase,cpu,cpu,0.047,measured
corrm_c67ce893ef412d16,corrective,21ccd6a5012dc3d2,immune_modulation_TLR8,TLR8,S,OneHotEncoder,"{""encode_components"":[""base"",""sugar"",""phosphate""]}","{'encode_components': ['base', 'sugar', 'phosphate']}",XGBoostModel,"{""max_depth"":30,""n_estimators"":100}","{'max_depth': 30, 'n_estimators': 100}",nucleobase,cpu,cpu,0.047,measured
corrm_c67ce893ef412d16,corrective,5abf204998caadb4,immune_modulation_TLR8,TLR8,S,OneHotEncoder,"{""encode_components"":[""base"",""sugar"",""phosphate""]}","{'encode_components': ['base', 'sugar', 'phosphate']}",XGBoostModel,"{""max_depth"":20,""n_estimators"":100}","{'max_depth': 20, 'n_estimators': 100}",nucleobase,cpu,cpu,0.047,measured
corrm_c67ce893ef412d16,corrective,e053c11d9ead2656,immune_modulation_TLR8,TLR8,S,OneHotEncoder,"{""encode_components"":[""base"",""sugar"",""phosphate""]}","{'encode_components': ['base', 'sugar', 'phosphate']}",XGBoostModel,"{""max_depth"":10,""n_estimators"":100}","{'max_depth': 10, 'n_estimators': 100}",nucleobase,cpu,cpu,0.047,measured
corrm_c67ce893ef412d16,corrective,0b80a5151f401a50,immune_modulation_TLR8,TLR8,S,OneHotEncoder,"{""encode_components"":[""base"",""sugar"",""phosphate""]}","{'encode_components': ['base', 'sugar', 'phosphate']}",XGBoostModel,"{""max_depth"":30,""n_estimators"":1000}","{'max_depth': 30, 'n_estimators': 1000}",nucleobase,cpu,cpu,0.047,measured
corrm_c67ce893ef412d16,corrective,724bc024a645641c,immune_modulation_TLR8,TLR8,S,OneHotEncoder,"{""encode_components"":[""base"",""sugar"",""phosphate""]}","{'encode_components': ['base', 'sugar', 'phosphate']}",XGBoostModel,"{""max_depth"":10,""n_estimators"":1000}","{'max_depth': 10, 'n_estimators': 1000}",nucleobase,cpu,cpu,0.047,measured
corrm_c67ce893ef412d16,corrective,fcd76cab73b6441b,immune_modulation_TLR8,TLR8,S,OneHotEncoder,"{""encode_components"":[""base"",""sugar"",""phosphate""]}","{'encode_components': ['base', 'sugar', 'phosphate']}",XGBoostModel,"{""max_depth"":20,""n_estimators"":1000}","{'max_depth': 20, 'n_estimators': 1000}",nucleobase,cpu,cpu,0.047,measured
corrm_c67ce893ef412d16,corrective,66e34bbb73342b95,immune_modulation_TLR8,TLR8,S,OneHotEncoder,"{""encode_components"":[""base"",""sugar"",""phosphate""]}","{'encode_components': ['base', 'sugar', 'phosphate']}",XGBoostModel,"{""max_depth"":20,""n_estimators"":500}","{'max_depth': 20, 'n_estimators': 500}",nucleobase,cpu,cpu,0.047,measured
corrm_c67ce893ef412d16,corrective,54def39a4655bb02,immune_modulation_TLR8,TLR8,S,OneHotEncoder,"{""encode_components"":[""base"",""sugar"",""phosphate""]}","{'encode_components': ['base', 'sugar', 'phosphate']}",XGBoostModel,"{""max_depth"":10,""n_estimators"":500}","{'max_depth': 10, 'n_estimators': 500}",nucleobase,cpu,cpu,0.047,measured
corrm_c67ce893ef412d16,corrective,2f010191e27e77c2,immune_modulation_TLR8,TLR8,S,OneHotEncoder,"{""encode_components"":[""base"",""sugar"",""phosphate""]}","{'encode_components': ['base', 'sugar', 'phosphate']}",NearestNeighborsModel,"{""n_neighbors"":5}",{'n_neighbors': 5},nucleobase,cpu,cpu,0.003,measured
corrm_c67ce893ef412d16,corrective,eb226453bdaed923,immune_modulation_TLR8,TLR8,S,OneHotEncoder,"{""encode_components"":[""base"",""sugar"",""phosphate""]}","{'encode_components': ['base', 'sugar', 'phosphate']}",NearestNeighborsModel,"{""n_neighbors"":15}",{'n_neighbors': 15},nucleobase,cpu,cpu,0.003,measured
corrm_c67ce893ef412d16,corrective,7f5be812c45d5b46,immune_modulation_TLR8,TLR8,S,OneHotEncoder,"{""encode_components"":[""base"",""sugar"",""phosphate""]}","{'encode_components': ['base', 'sugar', 'phosphate']}",NearestNeighborsModel,"{""n_neighbors"":10}",{'n_neighbors': 10},nucleobase,cpu,cpu,0.003,measured
corrm_c67ce893ef412d16,corrective,6b8639feeedf04b6,immune_modulation_TLR8,TLR8,S,OneHotEncoder,"{""encode_components"":[""base"",""sugar"",""phosphate""]}","{'encode_components': ['base', 'sugar', 'phosphate']}",LinearModel,"{""type"":""ridge""}",{'type': 'ridge'},nucleobase,cpu,cpu,0.001,measured
corrm_c67ce893ef412d16,corrective,1902cd10acd67f51,immune_modulation_TLR8,TLR8,S,OneHotEncoder,"{""encode_components"":[""base"",""sugar"",""phosphate""]}","{'encode_components': ['base', 'sugar', 'phosphate']}",LinearModel,"{""type"":""standard""}",{'type': 'standard'},nucleobase,cpu,cpu,0.001,measured
corrm_31d062a7ad59439b,corrective,22ee1c7c813774e3,immune_modulation_TLR8,TLR8,S,OneHotEncoder,"{""encode_components"":[""base"",""sugar"",""phosphate""]}","{'encode_components': ['base', 'sugar', 'phosphate']}",CNN,"{""depth"":1,""hidden_dim"":32,""kernel_size"":3,""pooling_operation"":""max""}","{'depth': 1, 'hidden_dim': 32, 'kernel_size': 3, 'pooling_operation': 'max'}",nucleobase,gpu,gpu,1.522,measured
corrm_31d062a7ad59439b,corrective,e016353d8ee0402c,immune_modulation_TLR8,TLR8,S,OneHotEncoder,"{""encode_components"":[""base"",""sugar"",""phosphate""]}","{'encode_components': ['base', 'sugar', 'phosphate']}",CNN,"{""depth"":1,""hidden_dim"":64,""kernel_size"":7,""pooling_operation"":""avg""}","{'depth': 1, 'hidden_dim': 64, 'kernel_size': 7, 'pooling_operation': 'avg'}",nucleobase,gpu,gpu,1.522,measured
corrm_31d062a7ad59439b,corrective,5ee313fcca2acf67,immune_modulation_TLR8,TLR8,S,OneHotEncoder,"{""encode_components"":[""base"",""sugar"",""phosphate""]}","{'encode_components': ['base', 'sugar', 'phosphate']}",CNN,"{""depth"":1,""hidden_dim"":32,""kernel_size"":3,""pooling_operation"":""avg""}","{'depth': 1, 'hidden_dim': 32, 'kernel_size': 3, 'pooling_operation': 'avg'}",nucleobase,gpu,gpu,1.522,measured
corrm_31d062a7ad59439b,corrective,cda537fc0a172798,immune_modulation_TLR8,TLR8,S,OneHotEncoder,"{""encode_components"":[""base"",""sugar"",""phosphate""]}","{'encode_components': ['base', 'sugar', 'phosphate']}",CNN,"{""depth"":2,""hidden_dim"":64,""kernel_size"":5,""pooling_operation"":""avg""}","{'depth': 2, 'hidden_dim': 64, 'kernel_size': 5, 'pooling_operation': 'avg'}",nucleobase,gpu,gpu,1.522,measured
corrm_31d062a7ad59439b,corrective,7943f55570c2ccce,immune_modulation_TLR8,TLR8,S,OneHotEncoder,"{""encode_components"":[""base"",""sugar"",""phosphate""]}","{'encode_components': ['base', 'sugar', 'phosphate']}",CNN,"{""depth"":2,""hidden_dim"":64,""kernel_size"":5,""pooling_operation"":""max""}","{'depth': 2, 'hidden_dim': 64, 'kernel_size': 5, 'pooling_operation': 'max'}",nucleobase,gpu,gpu,1.522,measured
corrm_31d062a7ad59439b,corrective,a82d1e24bb4495cc,immune_modulation_TLR8,TLR8,S,OneHotEncoder,"{""encode_components"":[""base"",""sugar"",""phosphate""]}","{'encode_components': ['base', 'sugar', 'phosphate']}",CNN,"{""depth"":2,""hidden_dim"":64,""kernel_size"":3,""pooling_operation"":""avg""}","{'depth': 2, 'hidden_dim': 64, 'kernel_size': 3, 'pooling_operation': 'avg'}",nucleobase,gpu,gpu,1.522,measured
corrm_31d062a7ad59439b,corrective,8a981befdd8255e0,immune_modulation_TLR8,TLR8,S,OneHotEncoder,"{""encode_components"":[""base"",""sugar"",""phosphate""]}","{'encode_components': ['base', 'sugar', 'phosphate']}",CNN,"{""depth"":2,""hidden_dim"":64,""kernel_size"":3,""pooling_operation"":""max""}","{'depth': 2, 'hidden_dim': 64, 'kernel_size': 3, 'pooling_operation': 'max'}",nucleobase,gpu,gpu,1.522,measured
corrm_31d062a7ad59439b,corrective,e212540da54bca5e,immune_modulation_TLR8,TLR8,S,OneHotEncoder,"{""encode_components"":[""base"",""sugar"",""phosphate""]}","{'encode_components': ['base', 'sugar', 'phosphate']}",CNN,"{""depth"":2,""hidden_dim"":32,""kernel_size"":5,""pooling_operation"":""avg""}","{'depth': 2, 'hidden_dim': 32, 'kernel_size': 5, 'pooling_operation': 'avg'}",nucleobase,gpu,gpu,1.522,measured
corrm_31d062a7ad59439b,corrective,b9d638628253a5be,immune_modulation_TLR8,TLR8,S,OneHotEncoder,"{""encode_components"":[""base"",""sugar"",""phosphate""]}","{'encode_components': ['base', 'sugar', 'phosphate']}",CNN,"{""depth"":2,""hidden_dim"":32,""kernel_size"":3,""pooling_operation"":""avg""}","{'depth': 2, 'hidden_dim': 32, 'kernel_size': 3, 'pooling_operation': 'avg'}",nucleobase,gpu,gpu,1.522,measured
corrm_31d062a7ad59439b,corrective,0127c346c83138a9,immune_modulation_TLR8,TLR8,S,OneHotEncoder,"{""encode_components"":[""base"",""sugar"",""phosphate""]}","{'encode_components': ['base', 'sugar', 'phosphate']}",CNN,"{""depth"":2,""hidden_dim"":32,""kernel_size"":3,""pooling_operation"":""max""}","{'depth': 2, 'hidden_dim': 32, 'kernel_size': 3, 'pooling_operation': 'max'}",nucleobase,gpu,gpu,1.522,measured
corrm_31d062a7ad59439b,corrective,d9b456c6a4376aeb,immune_modulation_TLR8,TLR8,S,OneHotEncoder,"{""encode_components"":[""base"",""sugar"",""phosphate""]}","{'encode_components': ['base', 'sugar', 'phosphate']}",CNN,"{""depth"":2,""hidden_dim"":32,""kernel_size"":5,""pooling_operation"":""max""}","{'depth': 2, 'hidden_dim': 32, 'kernel_size': 5, 'pooling_operation': 'max'}",nucleobase,gpu,gpu,1.522,measured
corrm_31d062a7ad59439b,corrective,218cdcb6b7954930,immune_modulation_TLR8,TLR8,S,OneHotEncoder,"{""encode_components"":[""base"",""sugar"",""phosphate""]}","{'encode_components': ['base', 'sugar', 'phosphate']}",CNN,"{""depth"":1,""hidden_dim"":64,""kernel_size"":7,""pooling_operation"":""max""}","{'depth': 1, 'hidden_dim': 64, 'kernel_size': 7, 'pooling_operation': 'max'}",nucleobase,gpu,gpu,1.522,measured
corrm_31d062a7ad59439b,corrective,e09777c80e2669b9,immune_modulation_TLR8,TLR8,S,OneHotEncoder,"{""encode_components"":[""base"",""sugar"",""phosphate""]}","{'encode_components': ['base', 'sugar', 'phosphate']}",CNN,"{""depth"":1,""hidden_dim"":64,""kernel_size"":5,""pooling_operation"":""max""}","{'depth': 1, 'hidden_dim': 64, 'kernel_size': 5, 'pooling_operation': 'max'}",nucleobase,gpu,gpu,1.522,measured
corrm_31d062a7ad59439b,corrective,18a0026073d9a7db,immune_modulation_TLR8,TLR8,S,OneHotEncoder,"{""encode_components"":[""base"",""sugar"",""phosphate""]}","{'encode_components': ['base', 'sugar', 'phosphate']}",CNN,"{""depth"":1,""hidden_dim"":32,""kernel_size"":5,""pooling_operation"":""max""}","{'depth': 1, 'hidden_dim': 32, 'kernel_size': 5, 'pooling_operation': 'max'}",nucleobase,gpu,gpu,1.522,measured
corrm_31d062a7ad59439b,corrective,2657abc3601b5dd9,immune_modulation_TLR8,TLR8,S,OneHotEncoder,"{""encode_components"":[""base"",""sugar"",""phosphate""]}","{'encode_components': ['base', 'sugar', 'phosphate']}",CNN,"{""depth"":1,""hidden_dim"":64,""kernel_size"":3,""pooling_operation"":""avg""}","{'depth': 1, 'hidden_dim': 64, 'kernel_size': 3, 'pooling_operation': 'avg'}",nucleobase,gpu,gpu,1.522,measured
corrm_31d062a7ad59439b,corrective,5063c49019cb1d5c,immune_modulation_TLR8,TLR8,S,OneHotEncoder,"{""encode_components"":[""base"",""sugar"",""phosphate""]}","{'encode_components': ['base', 'sugar', 'phosphate']}",CNN,"{""depth"":1,""hidden_dim"":64,""kernel_size"":3,""pooling_operation"":""max""}","{'depth': 1, 'hidden_dim': 64, 'kernel_size': 3, 'pooling_operation': 'max'}",nucleobase,gpu,gpu,1.522,measured
corrm_31d062a7ad59439b,corrective,c59077a80232757e,immune_modulation_TLR8,TLR8,S,OneHotEncoder,"{""encode_components"":[""base"",""sugar"",""phosphate""]}","{'encode_components': ['base', 'sugar', 'phosphate']}",CNN,"{""depth"":1,""hidden_dim"":32,""kernel_size"":7,""pooling_operation"":""avg""}","{'depth': 1, 'hidden_dim': 32, 'kernel_size': 7, 'pooling_operation': 'avg'}",nucleobase,gpu,gpu,1.522,measured
corrm_31d062a7ad59439b,corrective,1559afc81d99e572,immune_modulation_TLR8,TLR8,S,OneHotEncoder,"{""encode_components"":[""base"",""sugar"",""phosphate""]}","{'encode_components': ['base', 'sugar', 'phosphate']}",CNN,"{""depth"":1,""hidden_dim"":32,""kernel_size"":7,""pooling_operation"":""max""}","{'depth': 1, 'hidden_dim': 32, 'kernel_size': 7, 'pooling_operation': 'max'}",nucleobase,gpu,gpu,1.522,measured
corrm_31d062a7ad59439b,corrective,8c83506fa9e08c66,immune_modulation_TLR8,TLR8,S,OneHotEncoder,"{""encode_components"":[""base"",""sugar"",""phosphate""]}","{'encode_components': ['base', 'sugar', 'phosphate']}",CNN,"{""depth"":1,""hidden_dim"":32,""kernel_size"":5,""pooling_operation"":""avg""}","{'depth': 1, 'hidden_dim': 32, 'kernel_size': 5, 'pooling_operation': 'avg'}",nucleobase,gpu,gpu,1.522,measured
corrm_31d062a7ad59439b,corrective,fd9ea86b55d9ed63,immune_modulation_TLR8,TLR8,S,OneHotEncoder,"{""encode_components"":[""base"",""sugar"",""phosphate""]}","{'encode_components': ['base', 'sugar', 'phosphate']}",CNN,"{""depth"":1,""hidden_dim"":64,""kernel_size"":5,""pooling_operation"":""avg""}","{'depth': 1, 'hidden_dim': 64, 'kernel_size': 5, 'pooling_operation': 'avg'}",nucleobase,gpu,gpu,1.522,measured
corrm_31d062a7ad59439b,corrective,adc9b61e2179b930,immune_modulation_TLR8,TLR8,S,OneHotEncoder,"{""encode_components"":[""base"",""sugar"",""phosphate""]}","{'encode_components': ['base', 'sugar', 'phosphate']}",Transformer,"{""d_model"":128,""dim_feedforward"":64,""dropout"":0,""nhead"":2,""num_layers"":1}","{'d_model': 128, 'dim_feedforward': 64, 'dropout': 0, 'nhead': 2, 'num_layers': 1}",nucleobase,gpu,gpu,1.371,measured
corrm_31d062a7ad59439b,corrective,09652153db9014c3,immune_modulation_TLR8,TLR8,S,OneHotEncoder,"{""encode_components"":[""base"",""sugar"",""phosphate""]}","{'encode_components': ['base', 'sugar', 'phosphate']}",Transformer,"{""d_model"":128,""dim_feedforward"":64,""dropout"":0,""nhead"":2,""num_layers"":2}","{'d_model': 128, 'dim_feedforward': 64, 'dropout': 0, 'nhead': 2, 'num_layers': 2}",nucleobase,gpu,gpu,1.371,measured
corrm_31d062a7ad59439b,corrective,0647434c64e262f6,immune_modulation_TLR8,TLR8,S,OneHotEncoder,"{""encode_components"":[""base"",""sugar"",""phosphate""]}","{'encode_components': ['base', 'sugar', 'phosphate']}",Transformer,"{""d_model"":128,""dim_feedforward"":64,""dropout"":0.25,""nhead"":2,""num_layers"":1}","{'d_model': 128, 'dim_feedforward': 64, 'dropout': 0.25, 'nhead': 2, 'num_layers': 1}",nucleobase,gpu,gpu,1.371,measured
corrm_31d062a7ad59439b,corrective,014b779c0a20949b,immune_modulation_TLR8,TLR8,S,OneHotEncoder,"{""encode_components"":[""base"",""sugar"",""phosphate""]}","{'encode_components': ['base', 'sugar', 'phosphate']}",Transformer,"{""d_model"":64,""dim_feedforward"":128,""dropout"":0,""nhead"":4,""num_layers"":1}","{'d_model': 64, 'dim_feedforward': 128, 'dropout': 0, 'nhead': 4, 'num_layers': 1}",nucleobase,gpu,gpu,1.371,measured
corrm_31d062a7ad59439b,corrective,564f36688afc2aeb,immune_modulation_TLR8,TLR8,S,OneHotEncoder,"{""encode_components"":[""base"",""sugar"",""phosphate""]}","{'encode_components': ['base', 'sugar', 'phosphate']}",Transformer,"{""d_model"":64,""dim_feedforward"":128,""dropout"":0.25,""nhead"":4,""num_layers"":2}","{'d_model': 64, 'dim_feedforward': 128, 'dropout': 0.25, 'nhead': 4, 'num_layers': 2}",nucleobase,gpu,gpu,1.371,measured
corrm_31d062a7ad59439b,corrective,078c8ca8b4f457ce,immune_modulation_TLR8,TLR8,S,OneHotEncoder,"{""encode_components"":[""base"",""sugar"",""phosphate""]}","{'encode_components': ['base', 'sugar', 'phosphate']}",Transformer,"{""d_model"":64,""dim_feedforward"":128,""dropout"":0,""nhead"":4,""num_layers"":2}","{'d_model': 64, 'dim_feedforward': 128, 'dropout': 0, 'nhead': 4, 'num_layers': 2}",nucleobase,gpu,gpu,1.371,measured
corrm_31d062a7ad59439b,corrective,3c8b78fec0cef5c2,immune_modulation_TLR8,TLR8,S,OneHotEncoder,"{""encode_components"":[""base"",""sugar"",""phosphate""]}","{'encode_components': ['base', 'sugar', 'phosphate']}",Transformer,"{""d_model"":64,""dim_feedforward"":128,""dropout"":0.25,""nhead"":4,""num_layers"":1}","{'d_model': 64, 'dim_feedforward': 128, 'dropout': 0.25, 'nhead': 4, 'num_layers': 1}",nucleobase,gpu,gpu,1.371,measured
corrm_31d062a7ad59439b,corrective,71a61f54f5838acf,immune_modulation_TLR8,TLR8,S,OneHotEncoder,"{""encode_components"":[""base"",""sugar"",""phosphate""]}","{'encode_components': ['base', 'sugar', 'phosphate']}",Transformer,"{""d_model"":128,""dim_feedforward"":128,""dropout"":0,""nhead"":2,""num_layers"":1}","{'d_model': 128, 'dim_feedforward': 128, 'dropout': 0, 'nhead': 2, 'num_layers': 1}",nucleobase,gpu,gpu,1.371,measured
corrm_31d062a7ad59439b,corrective,9909d8e5fc3db415,immune_modulation_TLR8,TLR8,S,OneHotEncoder,"{""encode_components"":[""base"",""sugar"",""phosphate""]}","{'encode_components': ['base', 'sugar', 'phosphate']}",Transformer,"{""d_model"":128,""dim_feedforward"":64,""dropout"":0.25,""nhead"":2,""num_layers"":2}","{'d_model': 128, 'dim_feedforward': 64, 'dropout': 0.25, 'nhead': 2, 'num_layers': 2}",nucleobase,gpu,gpu,1.371,measured
corrm_31d062a7ad59439b,corrective,8eca1237f05227ba,immune_modulation_TLR8,TLR8,S,OneHotEncoder,"{""encode_components"":[""base"",""sugar"",""phosphate""]}","{'encode_components': ['base', 'sugar', 'phosphate']}",Transformer,"{""d_model"":128,""dim_feedforward"":128,""dropout"":0,""nhead"":4,""num_layers"":2}","{'d_model': 128, 'dim_feedforward': 128, 'dropout': 0, 'nhead': 4, 'num_layers': 2}",nucleobase,gpu,gpu,1.371,measured
corrm_31d062a7ad59439b,corrective,228dd274836b3827,immune_modulation_TLR8,TLR8,S,OneHotEncoder,"{""encode_components"":[""base"",""sugar"",""phosphate""]}","{'encode_components': ['base', 'sugar', 'phosphate']}",Transformer,"{""d_model"":128,""dim_feedforward"":128,""dropout"":0.25,""nhead"":2,""num_layers"":1}","{'d_model': 128, 'dim_feedforward': 128, 'dropout': 0.25, 'nhead': 2, 'num_layers': 1}",nucleobase,gpu,gpu,1.371,measured
corrm_31d062a7ad59439b,corrective,9e0bc3424b43499d,immune_modulation_TLR8,TLR8,S,OneHotEncoder,"{""encode_components"":[""base"",""sugar"",""phosphate""]}","{'encode_components': ['base', 'sugar', 'phosphate']}",Transformer,"{""d_model"":128,""dim_feedforward"":128,""dropout"":0,""nhead"":2,""num_layers"":2}","{'d_model': 128, 'dim_feedforward': 128, 'dropout': 0, 'nhead': 2, 'num_layers': 2}",nucleobase,gpu,gpu,1.371,measured
corrm_31d062a7ad59439b,corrective,830aa1e513ecd7fe,immune_modulation_TLR8,TLR8,S,OneHotEncoder,"{""encode_components"":[""base"",""sugar"",""phosphate""]}","{'encode_components': ['base', 'sugar', 'phosphate']}",Transformer,"{""d_model"":128,""dim_feedforward"":128,""dropout"":0.25,""nhead"":2,""num_layers"":2}","{'d_model': 128, 'dim_feedforward': 128, 'dropout': 0.25, 'nhead': 2, 'num_layers': 2}",nucleobase,gpu,gpu,1.371,measured
corrm_31d062a7ad59439b,corrective,ee2d3131847e1e88,immune_modulation_TLR8,TLR8,S,OneHotEncoder,"{""encode_components"":[""base"",""sugar"",""phosphate""]}","{'encode_components': ['base', 'sugar', 'phosphate']}",Transformer,"{""d_model"":128,""dim_feedforward"":64,""dropout"":0,""nhead"":4,""num_layers"":1}","{'d_model': 128, 'dim_feedforward': 64, 'dropout': 0, 'nhead': 4, 'num_layers': 1}",nucleobase,gpu,gpu,1.371,measured
corrm_31d062a7ad59439b,corrective,5848532c41f94092,immune_modulation_TLR8,TLR8,S,OneHotEncoder,"{""encode_components"":[""base"",""sugar"",""phosphate""]}","{'encode_components': ['base', 'sugar', 'phosphate']}",Transformer,"{""d_model"":128,""dim_feedforward"":64,""dropout"":0.25,""nhead"":4,""num_layers"":1}","{'d_model': 128, 'dim_feedforward': 64, 'dropout': 0.25, 'nhead': 4, 'num_layers': 1}",nucleobase,gpu,gpu,1.371,measured
corrm_31d062a7ad59439b,corrective,75e01d366e0fc4f9,immune_modulation_TLR8,TLR8,S,OneHotEncoder,"{""encode_components"":[""base"",""sugar"",""phosphate""]}","{'encode_components': ['base', 'sugar', 'phosphate']}",Transformer,"{""d_model"":128,""dim_feedforward"":64,""dropout"":0,""nhead"":4,""num_layers"":2}","{'d_model': 128, 'dim_feedforward': 64, 'dropout': 0, 'nhead': 4, 'num_layers': 2}",nucleobase,gpu,gpu,1.371,measured
corrm_31d062a7ad59439b,corrective,7c865b28eb172959,immune_modulation_TLR8,TLR8,S,OneHotEncoder,"{""encode_components"":[""base"",""sugar"",""phosphate""]}","{'encode_components': ['base', 'sugar', 'phosphate']}",Transformer,"{""d_model"":128,""dim_feedforward"":64,""dropout"":0.25,""nhead"":4,""num_layers"":2}","{'d_model': 128, 'dim_feedforward': 64, 'dropout': 0.25, 'nhead': 4, 'num_layers': 2}",nucleobase,gpu,gpu,1.371,measured
corrm_31d062a7ad59439b,corrective,5bba1b2e86530e65,immune_modulation_TLR8,TLR8,S,OneHotEncoder,"{""encode_components"":[""base"",""sugar"",""phosphate""]}","{'encode_components': ['base', 'sugar', 'phosphate']}",Transformer,"{""d_model"":128,""dim_feedforward"":128,""dropout"":0,""nhead"":4,""num_layers"":1}","{'d_model': 128, 'dim_feedforward': 128, 'dropout': 0, 'nhead': 4, 'num_layers': 1}",nucleobase,gpu,gpu,1.371,measured
corrm_31d062a7ad59439b,corrective,507e75a5d9d2be5c,immune_modulation_TLR8,TLR8,S,OneHotEncoder,"{""encode_components"":[""base"",""sugar"",""phosphate""]}","{'encode_components': ['base', 'sugar', 'phosphate']}",Transformer,"{""d_model"":128,""dim_feedforward"":128,""dropout"":0.25,""nhead"":4,""num_layers"":1}","{'d_model': 128, 'dim_feedforward': 128, 'dropout': 0.25, 'nhead': 4, 'num_layers': 1}",nucleobase,gpu,gpu,1.371,measured
corrm_31d062a7ad59439b,corrective,07d30d8dadf25c98,immune_modulation_TLR8,TLR8,S,OneHotEncoder,"{""encode_components"":[""base"",""sugar"",""phosphate""]}","{'encode_components': ['base', 'sugar', 'phosphate']}",Transformer,"{""d_model"":64,""dim_feedforward"":64,""dropout"":0,""nhead"":4,""num_layers"":2}","{'d_model': 64, 'dim_feedforward': 64, 'dropout': 0, 'nhead': 4, 'num_layers': 2}",nucleobase,gpu,gpu,1.371,measured
corrm_31d062a7ad59439b,corrective,97008a3687c07f38,immune_modulation_TLR8,TLR8,S,OneHotEncoder,"{""encode_components"":[""base"",""sugar"",""phosphate""]}","{'encode_components': ['base', 'sugar', 'phosphate']}",Transformer,"{""d_model"":64,""dim_feedforward"":64,""dropout"":0.25,""nhead"":4,""num_layers"":2}","{'d_model': 64, 'dim_feedforward': 64, 'dropout': 0.25, 'nhead': 4, 'num_layers': 2}",nucleobase,gpu,gpu,1.371,measured
corrm_31d062a7ad59439b,corrective,a91d453cf19a4137,immune_modulation_TLR8,TLR8,S,OneHotEncoder,"{""encode_components"":[""base"",""sugar"",""phosphate""]}","{'encode_components': ['base', 'sugar', 'phosphate']}",Transformer,"{""d_model"":64,""dim_feedforward"":64,""dropout"":0,""nhead"":2,""num_layers"":1}","{'d_model': 64, 'dim_feedforward': 64, 'dropout': 0, 'nhead': 2, 'num_layers': 1}",nucleobase,gpu,gpu,1.371,measured
corrm_31d062a7ad59439b,corrective,0674cc03b211b091,immune_modulation_TLR8,TLR8,S,OneHotEncoder,"{""encode_components"":[""base"",""sugar"",""phosphate""]}","{'encode_components': ['base', 'sugar', 'phosphate']}",Transformer,"{""d_model"":64,""dim_feedforward"":64,""dropout"":0.25,""nhead"":4,""num_layers"":1}","{'d_model': 64, 'dim_feedforward': 64, 'dropout': 0.25, 'nhead': 4, 'num_layers': 1}",nucleobase,gpu,gpu,1.371,measured
corrm_31d062a7ad59439b,corrective,0c9178f5bb38bf91,immune_modulation_TLR8,TLR8,S,OneHotEncoder,"{""encode_components"":[""base"",""sugar"",""phosphate""]}","{'encode_components': ['base', 'sugar', 'phosphate']}",Transformer,"{""d_model"":64,""dim_feedforward"":64,""dropout"":0.25,""nhead"":2,""num_layers"":2}","{'d_model': 64, 'dim_feedforward': 64, 'dropout': 0.25, 'nhead': 2, 'num_layers': 2}",nucleobase,gpu,gpu,1.371,measured
corrm_31d062a7ad59439b,corrective,63c79aaaa568c366,immune_modulation_TLR8,TLR8,S,OneHotEncoder,"{""encode_components"":[""base"",""sugar"",""phosphate""]}","{'encode_components': ['base', 'sugar', 'phosphate']}",Transformer,"{""d_model"":64,""dim_feedforward"":64,""dropout"":0,""nhead"":4,""num_layers"":1}","{'d_model': 64, 'dim_feedforward': 64, 'dropout': 0, 'nhead': 4, 'num_layers': 1}",nucleobase,gpu,gpu,1.371,measured
corrm_31d062a7ad59439b,corrective,9319c14a7ce92641,immune_modulation_TLR8,TLR8,S,OneHotEncoder,"{""encode_components"":[""base"",""sugar"",""phosphate""]}","{'encode_components': ['base', 'sugar', 'phosphate']}",Transformer,"{""d_model"":64,""dim_feedforward"":64,""dropout"":0.25,""nhead"":2,""num_layers"":1}","{'d_model': 64, 'dim_feedforward': 64, 'dropout': 0.25, 'nhead': 2, 'num_layers': 1}",nucleobase,gpu,gpu,1.371,measured
corrm_31d062a7ad59439b,corrective,67ca5d3a551b4082,immune_modulation_TLR8,TLR8,S,OneHotEncoder,"{""encode_components"":[""base"",""sugar"",""phosphate""]}","{'encode_components': ['base', 'sugar', 'phosphate']}",Transformer,"{""d_model"":64,""dim_feedforward"":64,""dropout"":0,""nhead"":2,""num_layers"":2}","{'d_model': 64, 'dim_feedforward': 64, 'dropout': 0, 'nhead': 2, 'num_layers': 2}",nucleobase,gpu,gpu,1.371,measured
corrm_31d062a7ad59439b,corrective,bf62001b33c376ab,immune_modulation_TLR8,TLR8,S,OneHotEncoder,"{""encode_components"":[""base"",""sugar"",""phosphate""]}","{'encode_components': ['base', 'sugar', 'phosphate']}",Transformer,"{""d_model"":128,""dim_feedforward"":128,""dropout"":0.25,""nhead"":4,""num_layers"":2}","{'d_model': 128, 'dim_feedforward': 128, 'dropout': 0.25, 'nhead': 4, 'num_layers': 2}",nucleobase,gpu,gpu,1.371,measured
corrm_31d062a7ad59439b,corrective,b92ff572123c333a,immune_modulation_TLR8,TLR8,S,OneHotEncoder,"{""encode_components"":[""base"",""sugar"",""phosphate""]}","{'encode_components': ['base', 'sugar', 'phosphate']}",Transformer,"{""d_model"":64,""dim_feedforward"":128,""dropout"":0,""nhead"":2,""num_layers"":1}","{'d_model': 64, 'dim_feedforward': 128, 'dropout': 0, 'nhead': 2, 'num_layers': 1}",nucleobase,gpu,gpu,1.371,measured
corrm_31d062a7ad59439b,corrective,b2622e7689ef3227,immune_modulation_TLR8,TLR8,S,OneHotEncoder,"{""encode_components"":[""base"",""sugar"",""phosphate""]}","{'encode_components': ['base', 'sugar', 'phosphate']}",Transformer,"{""d_model"":64,""dim_feedforward"":128,""dropout"":0.25,""nhead"":2,""num_layers"":1}","{'d_model': 64, 'dim_feedforward': 128, 'dropout': 0.25, 'nhead': 2, 'num_layers': 1}",nucleobase,gpu,gpu,1.371,measured
corrm_31d062a7ad59439b,corrective,e7fa64caa67301d2,immune_modulation_TLR8,TLR8,S,OneHotEncoder,"{""encode_components"":[""base"",""sugar"",""phosphate""]}","{'encode_components': ['base', 'sugar', 'phosphate']}",Transformer,"{""d_model"":64,""dim_feedforward"":128,""dropout"":0,""nhead"":2,""num_layers"":2}","{'d_model': 64, 'dim_feedforward': 128, 'dropout': 0, 'nhead': 2, 'num_layers': 2}",nucleobase,gpu,gpu,1.371,measured
corrm_31d062a7ad59439b,corrective,513c4aa4108be805,immune_modulation_TLR8,TLR8,S,OneHotEncoder,"{""encode_components"":[""base"",""sugar"",""phosphate""]}","{'encode_components': ['base', 'sugar', 'phosphate']}",Transformer,"{""d_model"":64,""dim_feedforward"":128,""dropout"":0.25,""nhead"":2,""num_layers"":2}","{'d_model': 64, 'dim_feedforward': 128, 'dropout': 0.25, 'nhead': 2, 'num_layers': 2}",nucleobase,gpu,gpu,1.371,measured
corrm_31d062a7ad59439b,corrective,b96bf5f23b41d91f,immune_modulation_TLR8,TLR8,S,OneHotEncoder,"{""encode_components"":[""base"",""sugar"",""phosphate""]}","{'encode_components': ['base', 'sugar', 'phosphate']}",GRU,"{""hidden_dim"":64,""num_layers"":2}","{'hidden_dim': 64, 'num_layers': 2}",nucleobase,gpu,gpu,0.853,measured
corrm_31d062a7ad59439b,corrective,d0e0281948611e36,immune_modulation_TLR8,TLR8,S,OneHotEncoder,"{""encode_components"":[""base"",""sugar"",""phosphate""]}","{'encode_components': ['base', 'sugar', 'phosphate']}",GRU,"{""hidden_dim"":64,""num_layers"":1}","{'hidden_dim': 64, 'num_layers': 1}",nucleobase,gpu,gpu,0.853,measured
corrm_31d062a7ad59439b,corrective,0a993e1c2040377a,immune_modulation_TLR8,TLR8,S,OneHotEncoder,"{""encode_components"":[""base"",""sugar"",""phosphate""]}","{'encode_components': ['base', 'sugar', 'phosphate']}",GRU,"{""hidden_dim"":32,""num_layers"":1}","{'hidden_dim': 32, 'num_layers': 1}",nucleobase,gpu,gpu,0.853,measured
corrm_31d062a7ad59439b,corrective,bee15778735046f9,immune_modulation_TLR8,TLR8,S,OneHotEncoder,"{""encode_components"":[""base"",""sugar"",""phosphate""]}","{'encode_components': ['base', 'sugar', 'phosphate']}",GRU,"{""hidden_dim"":32,""num_layers"":2}","{'hidden_dim': 32, 'num_layers': 2}",nucleobase,gpu,gpu,0.853,measured
corrm_31d062a7ad59439b,corrective,7dfb8f719df1efcf,immune_modulation_TLR8,TLR8,S,OneHotEncoder,"{""encode_components"":[""base"",""sugar"",""phosphate""]}","{'encode_components': ['base', 'sugar', 'phosphate']}",MLP,"{""dropout"":0.25,""hidden_dims"":[128,128]}","{'dropout': 0.25, 'hidden_dims': [128, 128]}",nucleobase,gpu,gpu,0.762,measured
corrm_31d062a7ad59439b,corrective,b51b11a503ca9b4c,immune_modulation_TLR8,TLR8,S,OneHotEncoder,"{""encode_components"":[""base"",""sugar"",""phosphate""]}","{'encode_components': ['base', 'sugar', 'phosphate']}",MLP,"{""dropout"":0,""hidden_dims"":[128,128]}","{'dropout': 0, 'hidden_dims': [128, 128]}",nucleobase,gpu,gpu,0.762,measured
corrm_31d062a7ad59439b,corrective,28581791ff3fee10,immune_modulation_TLR8,TLR8,S,OneHotEncoder,"{""encode_components"":[""base"",""sugar"",""phosphate""]}","{'encode_components': ['base', 'sugar', 'phosphate']}",MLP,"{""dropout"":0.25,""hidden_dims"":[128]}","{'dropout': 0.25, 'hidden_dims': [128]}",nucleobase,gpu,gpu,0.762,measured
corrm_31d062a7ad59439b,corrective,86088cdaa2c00e09,immune_modulation_TLR8,TLR8,S,OneHotEncoder,"{""encode_components"":[""base"",""sugar"",""phosphate""]}","{'encode_components': ['base', 'sugar', 'phosphate']}",MLP,"{""dropout"":0,""hidden_dims"":[128]}","{'dropout': 0, 'hidden_dims': [128]}",nucleobase,gpu,gpu,0.762,measured
corrm_31d062a7ad59439b,corrective,dd1077678e3696d7,immune_modulation_TLR8,TLR8,S,OneHotEncoder,"{""encode_components"":[""base"",""sugar"",""phosphate""]}","{'encode_components': ['base', 'sugar', 'phosphate']}",MLP,"{""dropout"":0.25,""hidden_dims"":[64,64]}","{'dropout': 0.25, 'hidden_dims': [64, 64]}",nucleobase,gpu,gpu,0.762,measured
corrm_31d062a7ad59439b,corrective,6f79de458e141c57,immune_modulation_TLR8,TLR8,S,OneHotEncoder,"{""encode_components"":[""base"",""sugar"",""phosphate""]}","{'encode_components': ['base', 'sugar', 'phosphate']}",MLP,"{""dropout"":0,""hidden_dims"":[64,64]}","{'dropout': 0, 'hidden_dims': [64, 64]}",nucleobase,gpu,gpu,0.762,measured
corrm_31d062a7ad59439b,corrective,da18e03dc88f0424,immune_modulation_TLR8,TLR8,S,OneHotEncoder,"{""encode_components"":[""base"",""sugar"",""phosphate""]}","{'encode_components': ['base', 'sugar', 'phosphate']}",MLP,"{""dropout"":0.25,""hidden_dims"":[64]}","{'dropout': 0.25, 'hidden_dims': [64]}",nucleobase,gpu,gpu,0.762,measured
corrm_31d062a7ad59439b,corrective,308704c0a6a2c198,immune_modulation_TLR8,TLR8,S,OneHotEncoder,"{""encode_components"":[""base"",""sugar"",""phosphate""]}","{'encode_components': ['base', 'sugar', 'phosphate']}",MLP,"{""dropout"":0,""hidden_dims"":[64]}","{'dropout': 0, 'hidden_dims': [64]}",nucleobase,gpu,gpu,0.762,measured
corrm_c67ce893ef412d16,corrective,0c0be2aa627dd845,immune_modulation_TLR8,TLR8,S,OneHotEncoder,"{""encode_components"":[""base"",""sugar"",""phosphate""]}","{'encode_components': ['base', 'sugar', 'phosphate']}",RandomForestModel,"{""max_depth"":20,""n_estimators"":1000}","{'max_depth': 20, 'n_estimators': 1000}",random,cpu,cpu,0.463,measured
corrm_c67ce893ef412d16,corrective,c1d53e9ed9eefb4e,immune_modulation_TLR8,TLR8,S,OneHotEncoder,"{""encode_components"":[""base"",""sugar"",""phosphate""]}","{'encode_components': ['base', 'sugar', 'phosphate']}",RandomForestModel,"{""max_depth"":10,""n_estimators"":100}","{'max_depth': 10, 'n_estimators': 100}",random,cpu,cpu,0.463,measured
corrm_c67ce893ef412d16,corrective,22ec08a458c3de52,immune_modulation_TLR8,TLR8,S,OneHotEncoder,"{""encode_components"":[""base"",""sugar"",""phosphate""]}","{'encode_components': ['base', 'sugar', 'phosphate']}",RandomForestModel,"{""max_depth"":20,""n_estimators"":100}","{'max_depth': 20, 'n_estimators': 100}",random,cpu,cpu,0.463,measured
corrm_c67ce893ef412d16,corrective,3a737d856d1ffd5a,immune_modulation_TLR8,TLR8,S,OneHotEncoder,"{""encode_components"":[""base"",""sugar"",""phosphate""]}","{'encode_components': ['base', 'sugar', 'phosphate']}",RandomForestModel,"{""max_depth"":30,""n_estimators"":100}","{'max_depth': 30, 'n_estimators': 100}",random,cpu,cpu,0.463,measured
corrm_c67ce893ef412d16,corrective,3b60108d931f7425,immune_modulation_TLR8,TLR8,S,OneHotEncoder,"{""encode_components"":[""base"",""sugar"",""phosphate""]}","{'encode_components': ['base', 'sugar', 'phosphate']}",RandomForestModel,"{""max_depth"":10,""n_estimators"":500}","{'max_depth': 10, 'n_estimators': 500}",random,cpu,cpu,0.463,measured
corrm_c67ce893ef412d16,corrective,d28ff2704190df7a,immune_modulation_TLR8,TLR8,S,OneHotEncoder,"{""encode_components"":[""base"",""sugar"",""phosphate""]}","{'encode_components': ['base', 'sugar', 'phosphate']}",RandomForestModel,"{""max_depth"":20,""n_estimators"":500}","{'max_depth': 20, 'n_estimators': 500}",random,cpu,cpu,0.463,measured
corrm_c67ce893ef412d16,corrective,c047ef21d9280577,immune_modulation_TLR8,TLR8,S,OneHotEncoder,"{""encode_components"":[""base"",""sugar"",""phosphate""]}","{'encode_components': ['base', 'sugar', 'phosphate']}",RandomForestModel,"{""max_depth"":30,""n_estimators"":500}","{'max_depth': 30, 'n_estimators': 500}",random,cpu,cpu,0.463,measured
corrm_c67ce893ef412d16,corrective,77c2a37c59ee981b,immune_modulation_TLR8,TLR8,S,OneHotEncoder,"{""encode_components"":[""base"",""sugar"",""phosphate""]}","{'encode_components': ['base', 'sugar', 'phosphate']}",RandomForestModel,"{""max_depth"":10,""n_estimators"":1000}","{'max_depth': 10, 'n_estimators': 1000}",random,cpu,cpu,0.463,measured
corrm_c67ce893ef412d16,corrective,7d56d5e55283f485,immune_modulation_TLR8,TLR8,S,OneHotEncoder,"{""encode_components"":[""base"",""sugar"",""phosphate""]}","{'encode_components': ['base', 'sugar', 'phosphate']}",RandomForestModel,"{""max_depth"":30,""n_estimators"":1000}","{'max_depth': 30, 'n_estimators': 1000}",random,cpu,cpu,0.463,measured
corrm_c67ce893ef412d16,corrective,8ed281a09e238ee4,immune_modulation_TLR8,TLR8,S,OneHotEncoder,"{""encode_components"":[""base"",""sugar"",""phosphate""]}","{'encode_components': ['base', 'sugar', 'phosphate']}",XGBoostModel,"{""max_depth"":30,""n_estimators"":500}","{'max_depth': 30, 'n_estimators': 500}",random,cpu,cpu,0.047,measured
corrm_c67ce893ef412d16,corrective,eb95a7136e76469c,immune_modulation_TLR8,TLR8,S,OneHotEncoder,"{""encode_components"":[""base"",""sugar"",""phosphate""]}","{'encode_components': ['base', 'sugar', 'phosphate']}",XGBoostModel,"{""max_depth"":30,""n_estimators"":100}","{'max_depth': 30, 'n_estimators': 100}",random,cpu,cpu,0.047,measured
corrm_c67ce893ef412d16,corrective,d9cf18314347eaa5,immune_modulation_TLR8,TLR8,S,OneHotEncoder,"{""encode_components"":[""base"",""sugar"",""phosphate""]}","{'encode_components': ['base', 'sugar', 'phosphate']}",XGBoostModel,"{""max_depth"":20,""n_estimators"":100}","{'max_depth': 20, 'n_estimators': 100}",random,cpu,cpu,0.047,measured
corrm_c67ce893ef412d16,corrective,7d0c873f70835981,immune_modulation_TLR8,TLR8,S,OneHotEncoder,"{""encode_components"":[""base"",""sugar"",""phosphate""]}","{'encode_components': ['base', 'sugar', 'phosphate']}",XGBoostModel,"{""max_depth"":10,""n_estimators"":100}","{'max_depth': 10, 'n_estimators': 100}",random,cpu,cpu,0.047,measured
corrm_c67ce893ef412d16,corrective,29f3723a11ad3945,immune_modulation_TLR8,TLR8,S,OneHotEncoder,"{""encode_components"":[""base"",""sugar"",""phosphate""]}","{'encode_components': ['base', 'sugar', 'phosphate']}",XGBoostModel,"{""max_depth"":30,""n_estimators"":1000}","{'max_depth': 30, 'n_estimators': 1000}",random,cpu,cpu,0.047,measured
corrm_c67ce893ef412d16,corrective,87309f9bf2d52c71,immune_modulation_TLR8,TLR8,S,OneHotEncoder,"{""encode_components"":[""base"",""sugar"",""phosphate""]}","{'encode_components': ['base', 'sugar', 'phosphate']}",XGBoostModel,"{""max_depth"":10,""n_estimators"":1000}","{'max_depth': 10, 'n_estimators': 1000}",random,cpu,cpu,0.047,measured
corrm_c67ce893ef412d16,corrective,accd541ee1fecdb8,immune_modulation_TLR8,TLR8,S,OneHotEncoder,"{""encode_components"":[""base"",""sugar"",""phosphate""]}","{'encode_components': ['base', 'sugar', 'phosphate']}",XGBoostModel,"{""max_depth"":20,""n_estimators"":1000}","{'max_depth': 20, 'n_estimators': 1000}",random,cpu,cpu,0.047,measured
corrm_c67ce893ef412d16,corrective,c693d8a17df27636,immune_modulation_TLR8,TLR8,S,OneHotEncoder,"{""encode_components"":[""base"",""sugar"",""phosphate""]}","{'encode_components': ['base', 'sugar', 'phosphate']}",XGBoostModel,"{""max_depth"":20,""n_estimators"":500}","{'max_depth': 20, 'n_estimators': 500}",random,cpu,cpu,0.047,measured
corrm_c67ce893ef412d16,corrective,d2d3572266a9d44a,immune_modulation_TLR8,TLR8,S,OneHotEncoder,"{""encode_components"":[""base"",""sugar"",""phosphate""]}","{'encode_components': ['base', 'sugar', 'phosphate']}",XGBoostModel,"{""max_depth"":10,""n_estimators"":500}","{'max_depth': 10, 'n_estimators': 500}",random,cpu,cpu,0.047,measured
corrm_c67ce893ef412d16,corrective,3360597ecbf77f40,immune_modulation_TLR8,TLR8,S,OneHotEncoder,"{""encode_components"":[""base"",""sugar"",""phosphate""]}","{'encode_components': ['base', 'sugar', 'phosphate']}",NearestNeighborsModel,"{""n_neighbors"":5}",{'n_neighbors': 5},random,cpu,cpu,0.003,measured
corrm_c67ce893ef412d16,corrective,3dc43699a085e405,immune_modulation_TLR8,TLR8,S,OneHotEncoder,"{""encode_components"":[""base"",""sugar"",""phosphate""]}","{'encode_components': ['base', 'sugar', 'phosphate']}",NearestNeighborsModel,"{""n_neighbors"":15}",{'n_neighbors': 15},random,cpu,cpu,0.003,measured
corrm_c67ce893ef412d16,corrective,7b9b72bba663cddc,immune_modulation_TLR8,TLR8,S,OneHotEncoder,"{""encode_components"":[""base"",""sugar"",""phosphate""]}","{'encode_components': ['base', 'sugar', 'phosphate']}",NearestNeighborsModel,"{""n_neighbors"":10}",{'n_neighbors': 10},random,cpu,cpu,0.003,measured
corrm_c67ce893ef412d16,corrective,f7aa66a0809fa2ea,immune_modulation_TLR8,TLR8,S,OneHotEncoder,"{""encode_components"":[""base"",""sugar"",""phosphate""]}","{'encode_components': ['base', 'sugar', 'phosphate']}",LinearModel,"{""type"":""ridge""}",{'type': 'ridge'},random,cpu,cpu,0.001,measured
corrm_c67ce893ef412d16,corrective,bfad3cc00f948307,immune_modulation_TLR8,TLR8,S,OneHotEncoder,"{""encode_components"":[""base"",""sugar"",""phosphate""]}","{'encode_components': ['base', 'sugar', 'phosphate']}",LinearModel,"{""type"":""standard""}",{'type': 'standard'},random,cpu,cpu,0.001,measured
corrm_31d062a7ad59439b,corrective,918ad7d4aa604c03,immune_modulation_TLR8,TLR8,S,OneHotEncoder,"{""encode_components"":[""base"",""sugar"",""phosphate""]}","{'encode_components': ['base', 'sugar', 'phosphate']}",CNN,"{""depth"":1,""hidden_dim"":32,""kernel_size"":3,""pooling_operation"":""max""}","{'depth': 1, 'hidden_dim': 32, 'kernel_size': 3, 'pooling_operation': 'max'}",random,gpu,gpu,1.522,measured
corrm_31d062a7ad59439b,corrective,50f08a0a61c4612c,immune_modulation_TLR8,TLR8,S,OneHotEncoder,"{""encode_components"":[""base"",""sugar"",""phosphate""]}","{'encode_components': ['base', 'sugar', 'phosphate']}",CNN,"{""depth"":1,""hidden_dim"":64,""kernel_size"":7,""pooling_operation"":""avg""}","{'depth': 1, 'hidden_dim': 64, 'kernel_size': 7, 'pooling_operation': 'avg'}",random,gpu,gpu,1.522,measured
corrm_31d062a7ad59439b,corrective,74c92abf395c765d,immune_modulation_TLR8,TLR8,S,OneHotEncoder,"{""encode_components"":[""base"",""sugar"",""phosphate""]}","{'encode_components': ['base', 'sugar', 'phosphate']}",CNN,"{""depth"":1,""hidden_dim"":32,""kernel_size"":3,""pooling_operation"":""avg""}","{'depth': 1, 'hidden_dim': 32, 'kernel_size': 3, 'pooling_operation': 'avg'}",random,gpu,gpu,1.522,measured
corrm_31d062a7ad59439b,corrective,86f6007ff65b5a7c,immune_modulation_TLR8,TLR8,S,OneHotEncoder,"{""encode_components"":[""base"",""sugar"",""phosphate""]}","{'encode_components': ['base', 'sugar', 'phosphate']}",CNN,"{""depth"":2,""hidden_dim"":64,""kernel_size"":5,""pooling_operation"":""avg""}","{'depth': 2, 'hidden_dim': 64, 'kernel_size': 5, 'pooling_operation': 'avg'}",random,gpu,gpu,1.522,measured
corrm_31d062a7ad59439b,corrective,3bbfb75c51bb6c81,immune_modulation_TLR8,TLR8,S,OneHotEncoder,"{""encode_components"":[""base"",""sugar"",""phosphate""]}","{'encode_components': ['base', 'sugar', 'phosphate']}",CNN,"{""depth"":2,""hidden_dim"":64,""kernel_size"":5,""pooling_operation"":""max""}","{'depth': 2, 'hidden_dim': 64, 'kernel_size': 5, 'pooling_operation': 'max'}",random,gpu,gpu,1.522,measured
corrm_31d062a7ad59439b,corrective,d03b49400bd33b0a,immune_modulation_TLR8,TLR8,S,OneHotEncoder,"{""encode_components"":[""base"",""sugar"",""phosphate""]}","{'encode_components': ['base', 'sugar', 'phosphate']}",CNN,"{""depth"":2,""hidden_dim"":64,""kernel_size"":3,""pooling_operation"":""avg""}","{'depth': 2, 'hidden_dim': 64, 'kernel_size': 3, 'pooling_operation': 'avg'}",random,gpu,gpu,1.522,measured
corrm_31d062a7ad59439b,corrective,e13a1399811986d3,immune_modulation_TLR8,TLR8,S,OneHotEncoder,"{""encode_components"":[""base"",""sugar"",""phosphate""]}","{'encode_components': ['base', 'sugar', 'phosphate']}",CNN,"{""depth"":2,""hidden_dim"":64,""kernel_size"":3,""pooling_operation"":""max""}","{'depth': 2, 'hidden_dim': 64, 'kernel_size': 3, 'pooling_operation': 'max'}",random,gpu,gpu,1.522,measured
corrm_31d062a7ad59439b,corrective,5982e0cc3d5ebf63,immune_modulation_TLR8,TLR8,S,OneHotEncoder,"{""encode_components"":[""base"",""sugar"",""phosphate""]}","{'encode_components': ['base', 'sugar', 'phosphate']}",CNN,"{""depth"":2,""hidden_dim"":32,""kernel_size"":5,""pooling_operation"":""avg""}","{'depth': 2, 'hidden_dim': 32, 'kernel_size': 5, 'pooling_operation': 'avg'}",random,gpu,gpu,1.522,measured
corrm_31d062a7ad59439b,corrective,78992b8698d84f42,immune_modulation_TLR8,TLR8,S,OneHotEncoder,"{""encode_components"":[""base"",""sugar"",""phosphate""]}","{'encode_components': ['base', 'sugar', 'phosphate']}",CNN,"{""depth"":2,""hidden_dim"":32,""kernel_size"":3,""pooling_operation"":""avg""}","{'depth': 2, 'hidden_dim': 32, 'kernel_size': 3, 'pooling_operation': 'avg'}",random,gpu,gpu,1.522,measured
corrm_31d062a7ad59439b,corrective,294b90ed852a3f6d,immune_modulation_TLR8,TLR8,S,OneHotEncoder,"{""encode_components"":[""base"",""sugar"",""phosphate""]}","{'encode_components': ['base', 'sugar', 'phosphate']}",CNN,"{""depth"":2,""hidden_dim"":32,""kernel_size"":3,""pooling_operation"":""max""}","{'depth': 2, 'hidden_dim': 32, 'kernel_size': 3, 'pooling_operation': 'max'}",random,gpu,gpu,1.522,measured
corrm_31d062a7ad59439b,corrective,87107430598d8b15,immune_modulation_TLR8,TLR8,S,OneHotEncoder,"{""encode_components"":[""base"",""sugar"",""phosphate""]}","{'encode_components': ['base', 'sugar', 'phosphate']}",CNN,"{""depth"":2,""hidden_dim"":32,""kernel_size"":5,""pooling_operation"":""max""}","{'depth': 2, 'hidden_dim': 32, 'kernel_size': 5, 'pooling_operation': 'max'}",random,gpu,gpu,1.522,measured
corrm_31d062a7ad59439b,corrective,94c8c459cc2c10dc,immune_modulation_TLR8,TLR8,S,OneHotEncoder,"{""encode_components"":[""base"",""sugar"",""phosphate""]}","{'encode_components': ['base', 'sugar', 'phosphate']}",CNN,"{""depth"":1,""hidden_dim"":64,""kernel_size"":7,""pooling_operation"":""max""}","{'depth': 1, 'hidden_dim': 64, 'kernel_size': 7, 'pooling_operation': 'max'}",random,gpu,gpu,1.522,measured
corrm_31d062a7ad59439b,corrective,76d75347bb7c27b3,immune_modulation_TLR8,TLR8,S,OneHotEncoder,"{""encode_components"":[""base"",""sugar"",""phosphate""]}","{'encode_components': ['base', 'sugar', 'phosphate']}",CNN,"{""depth"":1,""hidden_dim"":64,""kernel_size"":5,""pooling_operation"":""max""}","{'depth': 1, 'hidden_dim': 64, 'kernel_size': 5, 'pooling_operation': 'max'}",random,gpu,gpu,1.522,measured
corrm_31d062a7ad59439b,corrective,215910bac91ce571,immune_modulation_TLR8,TLR8,S,OneHotEncoder,"{""encode_components"":[""base"",""sugar"",""phosphate""]}","{'encode_components': ['base', 'sugar', 'phosphate']}",CNN,"{""depth"":1,""hidden_dim"":32,""kernel_size"":5,""pooling_operation"":""max""}","{'depth': 1, 'hidden_dim': 32, 'kernel_size': 5, 'pooling_operation': 'max'}",random,gpu,gpu,1.522,measured
corrm_31d062a7ad59439b,corrective,32992b24c0894b38,immune_modulation_TLR8,TLR8,S,OneHotEncoder,"{""encode_components"":[""base"",""sugar"",""phosphate""]}","{'encode_components': ['base', 'sugar', 'phosphate']}",CNN,"{""depth"":1,""hidden_dim"":64,""kernel_size"":3,""pooling_operation"":""avg""}","{'depth': 1, 'hidden_dim': 64, 'kernel_size': 3, 'pooling_operation': 'avg'}",random,gpu,gpu,1.522,measured
corrm_31d062a7ad59439b,corrective,041831236a5d8a63,immune_modulation_TLR8,TLR8,S,OneHotEncoder,"{""encode_components"":[""base"",""sugar"",""phosphate""]}","{'encode_components': ['base', 'sugar', 'phosphate']}",CNN,"{""depth"":1,""hidden_dim"":64,""kernel_size"":3,""pooling_operation"":""max""}","{'depth': 1, 'hidden_dim': 64, 'kernel_size': 3, 'pooling_operation': 'max'}",random,gpu,gpu,1.522,measured
corrm_31d062a7ad59439b,corrective,d376369698d1144c,immune_modulation_TLR8,TLR8,S,OneHotEncoder,"{""encode_components"":[""base"",""sugar"",""phosphate""]}","{'encode_components': ['base', 'sugar', 'phosphate']}",CNN,"{""depth"":1,""hidden_dim"":32,""kernel_size"":7,""pooling_operation"":""avg""}","{'depth': 1, 'hidden_dim': 32, 'kernel_size': 7, 'pooling_operation': 'avg'}",random,gpu,gpu,1.522,measured
corrm_31d062a7ad59439b,corrective,50bb5c50dab969a8,immune_modulation_TLR8,TLR8,S,OneHotEncoder,"{""encode_components"":[""base"",""sugar"",""phosphate""]}","{'encode_components': ['base', 'sugar', 'phosphate']}",CNN,"{""depth"":1,""hidden_dim"":32,""kernel_size"":7,""pooling_operation"":""max""}","{'depth': 1, 'hidden_dim': 32, 'kernel_size': 7, 'pooling_operation': 'max'}",random,gpu,gpu,1.522,measured
corrm_31d062a7ad59439b,corrective,27ef8aa7abae0957,immune_modulation_TLR8,TLR8,S,OneHotEncoder,"{""encode_components"":[""base"",""sugar"",""phosphate""]}","{'encode_components': ['base', 'sugar', 'phosphate']}",CNN,"{""depth"":1,""hidden_dim"":32,""kernel_size"":5,""pooling_operation"":""avg""}","{'depth': 1, 'hidden_dim': 32, 'kernel_size': 5, 'pooling_operation': 'avg'}",random,gpu,gpu,1.522,measured
corrm_31d062a7ad59439b,corrective,da18334673a3e50d,immune_modulation_TLR8,TLR8,S,OneHotEncoder,"{""encode_components"":[""base"",""sugar"",""phosphate""]}","{'encode_components': ['base', 'sugar', 'phosphate']}",CNN,"{""depth"":1,""hidden_dim"":64,""kernel_size"":5,""pooling_operation"":""avg""}","{'depth': 1, 'hidden_dim': 64, 'kernel_size': 5, 'pooling_operation': 'avg'}",random,gpu,gpu,1.522,measured
corrm_31d062a7ad59439b,corrective,67723785c4282b39,immune_modulation_TLR8,TLR8,S,OneHotEncoder,"{""encode_components"":[""base"",""sugar"",""phosphate""]}","{'encode_components': ['base', 'sugar', 'phosphate']}",Transformer,"{""d_model"":128,""dim_feedforward"":64,""dropout"":0,""nhead"":2,""num_layers"":1}","{'d_model': 128, 'dim_feedforward': 64, 'dropout': 0, 'nhead': 2, 'num_layers': 1}",random,gpu,gpu,1.371,measured
corrm_31d062a7ad59439b,corrective,fe9016327d730ed2,immune_modulation_TLR8,TLR8,S,OneHotEncoder,"{""encode_components"":[""base"",""sugar"",""phosphate""]}","{'encode_components': ['base', 'sugar', 'phosphate']}",Transformer,"{""d_model"":128,""dim_feedforward"":64,""dropout"":0,""nhead"":2,""num_layers"":2}","{'d_model': 128, 'dim_feedforward': 64, 'dropout': 0, 'nhead': 2, 'num_layers': 2}",random,gpu,gpu,1.371,measured
corrm_31d062a7ad59439b,corrective,6b432ec0d62e5f03,immune_modulation_TLR8,TLR8,S,OneHotEncoder,"{""encode_components"":[""base"",""sugar"",""phosphate""]}","{'encode_components': ['base', 'sugar', 'phosphate']}",Transformer,"{""d_model"":128,""dim_feedforward"":64,""dropout"":0.25,""nhead"":2,""num_layers"":1}","{'d_model': 128, 'dim_feedforward': 64, 'dropout': 0.25, 'nhead': 2, 'num_layers': 1}",random,gpu,gpu,1.371,measured
corrm_31d062a7ad59439b,corrective,b98315ffc0000bee,immune_modulation_TLR8,TLR8,S,OneHotEncoder,"{""encode_components"":[""base"",""sugar"",""phosphate""]}","{'encode_components': ['base', 'sugar', 'phosphate']}",Transformer,"{""d_model"":64,""dim_feedforward"":128,""dropout"":0,""nhead"":4,""num_layers"":1}","{'d_model': 64, 'dim_feedforward': 128, 'dropout': 0, 'nhead': 4, 'num_layers': 1}",random,gpu,gpu,1.371,measured
corrm_31d062a7ad59439b,corrective,0a07bfb290c6370f,immune_modulation_TLR8,TLR8,S,OneHotEncoder,"{""encode_components"":[""base"",""sugar"",""phosphate""]}","{'encode_components': ['base', 'sugar', 'phosphate']}",Transformer,"{""d_model"":64,""dim_feedforward"":128,""dropout"":0.25,""nhead"":4,""num_layers"":2}","{'d_model': 64, 'dim_feedforward': 128, 'dropout': 0.25, 'nhead': 4, 'num_layers': 2}",random,gpu,gpu,1.371,measured
corrm_31d062a7ad59439b,corrective,cf108502b022cbe2,immune_modulation_TLR8,TLR8,S,OneHotEncoder,"{""encode_components"":[""base"",""sugar"",""phosphate""]}","{'encode_components': ['base', 'sugar', 'phosphate']}",Transformer,"{""d_model"":64,""dim_feedforward"":128,""dropout"":0,""nhead"":4,""num_layers"":2}","{'d_model': 64, 'dim_feedforward': 128, 'dropout': 0, 'nhead': 4, 'num_layers': 2}",random,gpu,gpu,1.371,measured
corrm_31d062a7ad59439b,corrective,ba1a58354f69aa54,immune_modulation_TLR8,TLR8,S,OneHotEncoder,"{""encode_components"":[""base"",""sugar"",""phosphate""]}","{'encode_components': ['base', 'sugar', 'phosphate']}",Transformer,"{""d_model"":64,""dim_feedforward"":128,""dropout"":0.25,""nhead"":4,""num_layers"":1}","{'d_model': 64, 'dim_feedforward': 128, 'dropout': 0.25, 'nhead': 4, 'num_layers': 1}",random,gpu,gpu,1.371,measured
corrm_31d062a7ad59439b,corrective,dff4f85e0e1f401d,immune_modulation_TLR8,TLR8,S,OneHotEncoder,"{""encode_components"":[""base"",""sugar"",""phosphate""]}","{'encode_components': ['base', 'sugar', 'phosphate']}",Transformer,"{""d_model"":128,""dim_feedforward"":128,""dropout"":0,""nhead"":2,""num_layers"":1}","{'d_model': 128, 'dim_feedforward': 128, 'dropout': 0, 'nhead': 2, 'num_layers': 1}",random,gpu,gpu,1.371,measured
corrm_31d062a7ad59439b,corrective,e6ed9fdbd88777b7,immune_modulation_TLR8,TLR8,S,OneHotEncoder,"{""encode_components"":[""base"",""sugar"",""phosphate""]}","{'encode_components': ['base', 'sugar', 'phosphate']}",Transformer,"{""d_model"":128,""dim_feedforward"":64,""dropout"":0.25,""nhead"":2,""num_layers"":2}","{'d_model': 128, 'dim_feedforward': 64, 'dropout': 0.25, 'nhead': 2, 'num_layers': 2}",random,gpu,gpu,1.371,measured
corrm_31d062a7ad59439b,corrective,001ba08800712cb6,immune_modulation_TLR8,TLR8,S,OneHotEncoder,"{""encode_components"":[""base"",""sugar"",""phosphate""]}","{'encode_components': ['base', 'sugar', 'phosphate']}",Transformer,"{""d_model"":128,""dim_feedforward"":128,""dropout"":0,""nhead"":4,""num_layers"":2}","{'d_model': 128, 'dim_feedforward': 128, 'dropout': 0, 'nhead': 4, 'num_layers': 2}",random,gpu,gpu,1.371,measured
corrm_31d062a7ad59439b,corrective,7208a93d1ce76cfd,immune_modulation_TLR8,TLR8,S,OneHotEncoder,"{""encode_components"":[""base"",""sugar"",""phosphate""]}","{'encode_components': ['base', 'sugar', 'phosphate']}",Transformer,"{""d_model"":128,""dim_feedforward"":128,""dropout"":0.25,""nhead"":2,""num_layers"":1}","{'d_model': 128, 'dim_feedforward': 128, 'dropout': 0.25, 'nhead': 2, 'num_layers': 1}",random,gpu,gpu,1.371,measured
corrm_31d062a7ad59439b,corrective,9f9a4f547cf1b750,immune_modulation_TLR8,TLR8,S,OneHotEncoder,"{""encode_components"":[""base"",""sugar"",""phosphate""]}","{'encode_components': ['base', 'sugar', 'phosphate']}",Transformer,"{""d_model"":128,""dim_feedforward"":128,""dropout"":0,""nhead"":2,""num_layers"":2}","{'d_model': 128, 'dim_feedforward': 128, 'dropout': 0, 'nhead': 2, 'num_layers': 2}",random,gpu,gpu,1.371,measured
corrm_31d062a7ad59439b,corrective,a3b493858f78a190,immune_modulation_TLR8,TLR8,S,OneHotEncoder,"{""encode_components"":[""base"",""sugar"",""phosphate""]}","{'encode_components': ['base', 'sugar', 'phosphate']}",Transformer,"{""d_model"":128,""dim_feedforward"":128,""dropout"":0.25,""nhead"":2,""num_layers"":2}","{'d_model': 128, 'dim_feedforward': 128, 'dropout': 0.25, 'nhead': 2, 'num_layers': 2}",random,gpu,gpu,1.371,measured
corrm_31d062a7ad59439b,corrective,354d7b0bf5a096bc,immune_modulation_TLR8,TLR8,S,OneHotEncoder,"{""encode_components"":[""base"",""sugar"",""phosphate""]}","{'encode_components': ['base', 'sugar', 'phosphate']}",Transformer,"{""d_model"":128,""dim_feedforward"":64,""dropout"":0,""nhead"":4,""num_layers"":1}","{'d_model': 128, 'dim_feedforward': 64, 'dropout': 0, 'nhead': 4, 'num_layers': 1}",random,gpu,gpu,1.371,measured
corrm_31d062a7ad59439b,corrective,728ace459039d956,immune_modulation_TLR8,TLR8,S,OneHotEncoder,"{""encode_components"":[""base"",""sugar"",""phosphate""]}","{'encode_components': ['base', 'sugar', 'phosphate']}",Transformer,"{""d_model"":128,""dim_feedforward"":64,""dropout"":0.25,""nhead"":4,""num_layers"":1}","{'d_model': 128, 'dim_feedforward': 64, 'dropout': 0.25, 'nhead': 4, 'num_layers': 1}",random,gpu,gpu,1.371,measured
corrm_31d062a7ad59439b,corrective,fdc11c40dc17629b,immune_modulation_TLR8,TLR8,S,OneHotEncoder,"{""encode_components"":[""base"",""sugar"",""phosphate""]}","{'encode_components': ['base', 'sugar', 'phosphate']}",Transformer,"{""d_model"":128,""dim_feedforward"":64,""dropout"":0,""nhead"":4,""num_layers"":2}","{'d_model': 128, 'dim_feedforward': 64, 'dropout': 0, 'nhead': 4, 'num_layers': 2}",random,gpu,gpu,1.371,measured
corrm_31d062a7ad59439b,corrective,b817128f502d0bcb,immune_modulation_TLR8,TLR8,S,OneHotEncoder,"{""encode_components"":[""base"",""sugar"",""phosphate""]}","{'encode_components': ['base', 'sugar', 'phosphate']}",Transformer,"{""d_model"":128,""dim_feedforward"":64,""dropout"":0.25,""nhead"":4,""num_layers"":2}","{'d_model': 128, 'dim_feedforward': 64, 'dropout': 0.25, 'nhead': 4, 'num_layers': 2}",random,gpu,gpu,1.371,measured
corrm_31d062a7ad59439b,corrective,b17e348076d836ac,immune_modulation_TLR8,TLR8,S,OneHotEncoder,"{""encode_components"":[""base"",""sugar"",""phosphate""]}","{'encode_components': ['base', 'sugar', 'phosphate']}",Transformer,"{""d_model"":128,""dim_feedforward"":128,""dropout"":0,""nhead"":4,""num_layers"":1}","{'d_model': 128, 'dim_feedforward': 128, 'dropout': 0, 'nhead': 4, 'num_layers': 1}",random,gpu,gpu,1.371,measured
corrm_31d062a7ad59439b,corrective,a5fdcff5c3973d97,immune_modulation_TLR8,TLR8,S,OneHotEncoder,"{""encode_components"":[""base"",""sugar"",""phosphate""]}","{'encode_components': ['base', 'sugar', 'phosphate']}",Transformer,"{""d_model"":128,""dim_feedforward"":128,""dropout"":0.25,""nhead"":4,""num_layers"":1}","{'d_model': 128, 'dim_feedforward': 128, 'dropout': 0.25, 'nhead': 4, 'num_layers': 1}",random,gpu,gpu,1.371,measured
corrm_31d062a7ad59439b,corrective,5f5421bcc4d2934b,immune_modulation_TLR8,TLR8,S,OneHotEncoder,"{""encode_components"":[""base"",""sugar"",""phosphate""]}","{'encode_components': ['base', 'sugar', 'phosphate']}",Transformer,"{""d_model"":64,""dim_feedforward"":64,""dropout"":0,""nhead"":4,""num_layers"":2}","{'d_model': 64, 'dim_feedforward': 64, 'dropout': 0, 'nhead': 4, 'num_layers': 2}",random,gpu,gpu,1.371,measured
corrm_31d062a7ad59439b,corrective,b2a4c9247fd72d6c,immune_modulation_TLR8,TLR8,S,OneHotEncoder,"{""encode_components"":[""base"",""sugar"",""phosphate""]}","{'encode_components': ['base', 'sugar', 'phosphate']}",Transformer,"{""d_model"":64,""dim_feedforward"":64,""dropout"":0.25,""nhead"":4,""num_layers"":2}","{'d_model': 64, 'dim_feedforward': 64, 'dropout': 0.25, 'nhead': 4, 'num_layers': 2}",random,gpu,gpu,1.371,measured
corrm_31d062a7ad59439b,corrective,6a3956593c18b91a,immune_modulation_TLR8,TLR8,S,OneHotEncoder,"{""encode_components"":[""base"",""sugar"",""phosphate""]}","{'encode_components': ['base', 'sugar', 'phosphate']}",Transformer,"{""d_model"":64,""dim_feedforward"":64,""dropout"":0,""nhead"":2,""num_layers"":1}","{'d_model': 64, 'dim_feedforward': 64, 'dropout': 0, 'nhead': 2, 'num_layers': 1}",random,gpu,gpu,1.371,measured
corrm_31d062a7ad59439b,corrective,5ff34bd5bb35b0c8,immune_modulation_TLR8,TLR8,S,OneHotEncoder,"{""encode_components"":[""base"",""sugar"",""phosphate""]}","{'encode_components': ['base', 'sugar', 'phosphate']}",Transformer,"{""d_model"":64,""dim_feedforward"":64,""dropout"":0.25,""nhead"":4,""num_layers"":1}","{'d_model': 64, 'dim_feedforward': 64, 'dropout': 0.25, 'nhead': 4, 'num_layers': 1}",random,gpu,gpu,1.371,measured
corrm_31d062a7ad59439b,corrective,0d7d72c96b4bcc51,immune_modulation_TLR8,TLR8,S,OneHotEncoder,"{""encode_components"":[""base"",""sugar"",""phosphate""]}","{'encode_components': ['base', 'sugar', 'phosphate']}",Transformer,"{""d_model"":64,""dim_feedforward"":64,""dropout"":0.25,""nhead"":2,""num_layers"":2}","{'d_model': 64, 'dim_feedforward': 64, 'dropout': 0.25, 'nhead': 2, 'num_layers': 2}",random,gpu,gpu,1.371,measured
corrm_31d062a7ad59439b,corrective,eece101c3fba2cde,immune_modulation_TLR8,TLR8,S,OneHotEncoder,"{""encode_components"":[""base"",""sugar"",""phosphate""]}","{'encode_components': ['base', 'sugar', 'phosphate']}",Transformer,"{""d_model"":64,""dim_feedforward"":64,""dropout"":0,""nhead"":4,""num_layers"":1}","{'d_model': 64, 'dim_feedforward': 64, 'dropout': 0, 'nhead': 4, 'num_layers': 1}",random,gpu,gpu,1.371,measured
corrm_31d062a7ad59439b,corrective,feb012ac455b4fd5,immune_modulation_TLR8,TLR8,S,OneHotEncoder,"{""encode_components"":[""base"",""sugar"",""phosphate""]}","{'encode_components': ['base', 'sugar', 'phosphate']}",Transformer,"{""d_model"":64,""dim_feedforward"":64,""dropout"":0.25,""nhead"":2,""num_layers"":1}","{'d_model': 64, 'dim_feedforward': 64, 'dropout': 0.25, 'nhead': 2, 'num_layers': 1}",random,gpu,gpu,1.371,measured
corrm_31d062a7ad59439b,corrective,6720b622ff2b9c09,immune_modulation_TLR8,TLR8,S,OneHotEncoder,"{""encode_components"":[""base"",""sugar"",""phosphate""]}","{'encode_components': ['base', 'sugar', 'phosphate']}",Transformer,"{""d_model"":64,""dim_feedforward"":64,""dropout"":0,""nhead"":2,""num_layers"":2}","{'d_model': 64, 'dim_feedforward': 64, 'dropout': 0, 'nhead': 2, 'num_layers': 2}",random,gpu,gpu,1.371,measured
corrm_31d062a7ad59439b,corrective,295a19f71a4b7ea4,immune_modulation_TLR8,TLR8,S,OneHotEncoder,"{""encode_components"":[""base"",""sugar"",""phosphate""]}","{'encode_components': ['base', 'sugar', 'phosphate']}",Transformer,"{""d_model"":128,""dim_feedforward"":128,""dropout"":0.25,""nhead"":4,""num_layers"":2}","{'d_model': 128, 'dim_feedforward': 128, 'dropout': 0.25, 'nhead': 4, 'num_layers': 2}",random,gpu,gpu,1.371,measured
corrm_31d062a7ad59439b,corrective,81b93f395216ca25,immune_modulation_TLR8,TLR8,S,OneHotEncoder,"{""encode_components"":[""base"",""sugar"",""phosphate""]}","{'encode_components': ['base', 'sugar', 'phosphate']}",Transformer,"{""d_model"":64,""dim_feedforward"":128,""dropout"":0,""nhead"":2,""num_layers"":1}","{'d_model': 64, 'dim_feedforward': 128, 'dropout': 0, 'nhead': 2, 'num_layers': 1}",random,gpu,gpu,1.371,measured
corrm_31d062a7ad59439b,corrective,b92341fda1f0e768,immune_modulation_TLR8,TLR8,S,OneHotEncoder,"{""encode_components"":[""base"",""sugar"",""phosphate""]}","{'encode_components': ['base', 'sugar', 'phosphate']}",Transformer,"{""d_model"":64,""dim_feedforward"":128,""dropout"":0.25,""nhead"":2,""num_layers"":1}","{'d_model': 64, 'dim_feedforward': 128, 'dropout': 0.25, 'nhead': 2, 'num_layers': 1}",random,gpu,gpu,1.371,measured
corrm_31d062a7ad59439b,corrective,b50fd4c91ee0714d,immune_modulation_TLR8,TLR8,S,OneHotEncoder,"{""encode_components"":[""base"",""sugar"",""phosphate""]}","{'encode_components': ['base', 'sugar', 'phosphate']}",Transformer,"{""d_model"":64,""dim_feedforward"":128,""dropout"":0,""nhead"":2,""num_layers"":2}","{'d_model': 64, 'dim_feedforward': 128, 'dropout': 0, 'nhead': 2, 'num_layers': 2}",random,gpu,gpu,1.371,measured
corrm_31d062a7ad59439b,corrective,7c89263645678621,immune_modulation_TLR8,TLR8,S,OneHotEncoder,"{""encode_components"":[""base"",""sugar"",""phosphate""]}","{'encode_components': ['base', 'sugar', 'phosphate']}",Transformer,"{""d_model"":64,""dim_feedforward"":128,""dropout"":0.25,""nhead"":2,""num_layers"":2}","{'d_model': 64, 'dim_feedforward': 128, 'dropout': 0.25, 'nhead': 2, 'num_layers': 2}",random,gpu,gpu,1.371,measured
corrm_31d062a7ad59439b,corrective,9cc1e82514ad1a1f,immune_modulation_TLR8,TLR8,S,OneHotEncoder,"{""encode_components"":[""base"",""sugar"",""phosphate""]}","{'encode_components': ['base', 'sugar', 'phosphate']}",GRU,"{""hidden_dim"":64,""num_layers"":2}","{'hidden_dim': 64, 'num_layers': 2}",random,gpu,gpu,0.853,measured
corrm_31d062a7ad59439b,corrective,b6cb6ffeb4f460a1,immune_modulation_TLR8,TLR8,S,OneHotEncoder,"{""encode_components"":[""base"",""sugar"",""phosphate""]}","{'encode_components': ['base', 'sugar', 'phosphate']}",GRU,"{""hidden_dim"":64,""num_layers"":1}","{'hidden_dim': 64, 'num_layers': 1}",random,gpu,gpu,0.853,measured
corrm_31d062a7ad59439b,corrective,6d4990e1759f81d3,immune_modulation_TLR8,TLR8,S,OneHotEncoder,"{""encode_components"":[""base"",""sugar"",""phosphate""]}","{'encode_components': ['base', 'sugar', 'phosphate']}",GRU,"{""hidden_dim"":32,""num_layers"":1}","{'hidden_dim': 32, 'num_layers': 1}",random,gpu,gpu,0.853,measured
corrm_31d062a7ad59439b,corrective,b325a07bd23b3e55,immune_modulation_TLR8,TLR8,S,OneHotEncoder,"{""encode_components"":[""base"",""sugar"",""phosphate""]}","{'encode_components': ['base', 'sugar', 'phosphate']}",GRU,"{""hidden_dim"":32,""num_layers"":2}","{'hidden_dim': 32, 'num_layers': 2}",random,gpu,gpu,0.853,measured
corrm_31d062a7ad59439b,corrective,04d6de29ead8fccd,immune_modulation_TLR8,TLR8,S,OneHotEncoder,"{""encode_components"":[""base"",""sugar"",""phosphate""]}","{'encode_components': ['base', 'sugar', 'phosphate']}",MLP,"{""dropout"":0.25,""hidden_dims"":[128,128]}","{'dropout': 0.25, 'hidden_dims': [128, 128]}",random,gpu,gpu,0.762,measured
corrm_31d062a7ad59439b,corrective,7541fb4669be0207,immune_modulation_TLR8,TLR8,S,OneHotEncoder,"{""encode_components"":[""base"",""sugar"",""phosphate""]}","{'encode_components': ['base', 'sugar', 'phosphate']}",MLP,"{""dropout"":0,""hidden_dims"":[128,128]}","{'dropout': 0, 'hidden_dims': [128, 128]}",random,gpu,gpu,0.762,measured
corrm_31d062a7ad59439b,corrective,b8c08e0f3db276df,immune_modulation_TLR8,TLR8,S,OneHotEncoder,"{""encode_components"":[""base"",""sugar"",""phosphate""]}","{'encode_components': ['base', 'sugar', 'phosphate']}",MLP,"{""dropout"":0.25,""hidden_dims"":[128]}","{'dropout': 0.25, 'hidden_dims': [128]}",random,gpu,gpu,0.762,measured
corrm_31d062a7ad59439b,corrective,f4213cc77e51bd74,immune_modulation_TLR8,TLR8,S,OneHotEncoder,"{""encode_components"":[""base"",""sugar"",""phosphate""]}","{'encode_components': ['base', 'sugar', 'phosphate']}",MLP,"{""dropout"":0,""hidden_dims"":[128]}","{'dropout': 0, 'hidden_dims': [128]}",random,gpu,gpu,0.762,measured
corrm_31d062a7ad59439b,corrective,ab9414864f033c39,immune_modulation_TLR8,TLR8,S,OneHotEncoder,"{""encode_components"":[""base"",""sugar"",""phosphate""]}","{'encode_components': ['base', 'sugar', 'phosphate']}",MLP,"{""dropout"":0.25,""hidden_dims"":[64,64]}","{'dropout': 0.25, 'hidden_dims': [64, 64]}",random,gpu,gpu,0.762,measured
corrm_31d062a7ad59439b,corrective,51d5dd47e924afb8,immune_modulation_TLR8,TLR8,S,OneHotEncoder,"{""encode_components"":[""base"",""sugar"",""phosphate""]}","{'encode_components': ['base', 'sugar', 'phosphate']}",MLP,"{""dropout"":0,""hidden_dims"":[64,64]}","{'dropout': 0, 'hidden_dims': [64, 64]}",random,gpu,gpu,0.762,measured
corrm_31d062a7ad59439b,corrective,0a4b62a22428776f,immune_modulation_TLR8,TLR8,S,OneHotEncoder,"{""encode_components"":[""base"",""sugar"",""phosphate""]}","{'encode_components': ['base', 'sugar', 'phosphate']}",MLP,"{""dropout"":0.25,""hidden_dims"":[64]}","{'dropout': 0.25, 'hidden_dims': [64]}",random,gpu,gpu,0.762,measured
corrm_31d062a7ad59439b,corrective,5b6de9a9106a8eb8,immune_modulation_TLR8,TLR8,S,OneHotEncoder,"{""encode_components"":[""base"",""sugar"",""phosphate""]}","{'encode_components': ['base', 'sugar', 'phosphate']}",MLP,"{""dropout"":0,""hidden_dims"":[64]}","{'dropout': 0, 'hidden_dims': [64]}",random,gpu,gpu,0.762,measured
corrm_c67ce893ef412d16,corrective,d32e516f11fcad8f,immune_modulation_TLR8,TLR8,S,OneHotEncoder,"{""encode_components"":[""base""]}",{'encode_components': ['base']},RandomForestModel,"{""max_depth"":20,""n_estimators"":1000}","{'max_depth': 20, 'n_estimators': 1000}",nucleobase,cpu,cpu,0.463,measured
corrm_c67ce893ef412d16,corrective,832ab5dab0231953,immune_modulation_TLR8,TLR8,S,OneHotEncoder,"{""encode_components"":[""base""]}",{'encode_components': ['base']},RandomForestModel,"{""max_depth"":10,""n_estimators"":100}","{'max_depth': 10, 'n_estimators': 100}",nucleobase,cpu,cpu,0.463,measured
corrm_c67ce893ef412d16,corrective,ebe64086dde015ef,immune_modulation_TLR8,TLR8,S,OneHotEncoder,"{""encode_components"":[""base""]}",{'encode_components': ['base']},RandomForestModel,"{""max_depth"":20,""n_estimators"":100}","{'max_depth': 20, 'n_estimators': 100}",nucleobase,cpu,cpu,0.463,measured
corrm_c67ce893ef412d16,corrective,d93385f51ede477b,immune_modulation_TLR8,TLR8,S,OneHotEncoder,"{""encode_components"":[""base""]}",{'encode_components': ['base']},RandomForestModel,"{""max_depth"":30,""n_estimators"":100}","{'max_depth': 30, 'n_estimators': 100}",nucleobase,cpu,cpu,0.463,measured
corrm_c67ce893ef412d16,corrective,ab229d08e41bc1d4,immune_modulation_TLR8,TLR8,S,OneHotEncoder,"{""encode_components"":[""base""]}",{'encode_components': ['base']},RandomForestModel,"{""max_depth"":10,""n_estimators"":500}","{'max_depth': 10, 'n_estimators': 500}",nucleobase,cpu,cpu,0.463,measured
corrm_c67ce893ef412d16,corrective,d03168a639825561,immune_modulation_TLR8,TLR8,S,OneHotEncoder,"{""encode_components"":[""base""]}",{'encode_components': ['base']},RandomForestModel,"{""max_depth"":20,""n_estimators"":500}","{'max_depth': 20, 'n_estimators': 500}",nucleobase,cpu,cpu,0.463,measured
corrm_c67ce893ef412d16,corrective,119a122b378b171e,immune_modulation_TLR8,TLR8,S,OneHotEncoder,"{""encode_components"":[""base""]}",{'encode_components': ['base']},RandomForestModel,"{""max_depth"":30,""n_estimators"":500}","{'max_depth': 30, 'n_estimators': 500}",nucleobase,cpu,cpu,0.463,measured
corrm_c67ce893ef412d16,corrective,5423dc5c7d30dc47,immune_modulation_TLR8,TLR8,S,OneHotEncoder,"{""encode_components"":[""base""]}",{'encode_components': ['base']},RandomForestModel,"{""max_depth"":10,""n_estimators"":1000}","{'max_depth': 10, 'n_estimators': 1000}",nucleobase,cpu,cpu,0.463,measured
corrm_c67ce893ef412d16,corrective,a1e7d96a7d557aa4,immune_modulation_TLR8,TLR8,S,OneHotEncoder,"{""encode_components"":[""base""]}",{'encode_components': ['base']},RandomForestModel,"{""max_depth"":30,""n_estimators"":1000}","{'max_depth': 30, 'n_estimators': 1000}",nucleobase,cpu,cpu,0.463,measured
corrm_c67ce893ef412d16,corrective,fe05ffcec8569fde,immune_modulation_TLR8,TLR8,S,OneHotEncoder,"{""encode_components"":[""base""]}",{'encode_components': ['base']},XGBoostModel,"{""max_depth"":30,""n_estimators"":500}","{'max_depth': 30, 'n_estimators': 500}",nucleobase,cpu,cpu,0.047,measured
corrm_c67ce893ef412d16,corrective,bf8ca6c39c709c4d,immune_modulation_TLR8,TLR8,S,OneHotEncoder,"{""encode_components"":[""base""]}",{'encode_components': ['base']},XGBoostModel,"{""max_depth"":30,""n_estimators"":100}","{'max_depth': 30, 'n_estimators': 100}",nucleobase,cpu,cpu,0.047,measured
corrm_c67ce893ef412d16,corrective,7d91575b9b0f4294,immune_modulation_TLR8,TLR8,S,OneHotEncoder,"{""encode_components"":[""base""]}",{'encode_components': ['base']},XGBoostModel,"{""max_depth"":20,""n_estimators"":100}","{'max_depth': 20, 'n_estimators': 100}",nucleobase,cpu,cpu,0.047,measured
corrm_c67ce893ef412d16,corrective,1c978cf5ffc3f01f,immune_modulation_TLR8,TLR8,S,OneHotEncoder,"{""encode_components"":[""base""]}",{'encode_components': ['base']},XGBoostModel,"{""max_depth"":10,""n_estimators"":100}","{'max_depth': 10, 'n_estimators': 100}",nucleobase,cpu,cpu,0.047,measured
corrm_c67ce893ef412d16,corrective,0354e70aa6ba2679,immune_modulation_TLR8,TLR8,S,OneHotEncoder,"{""encode_components"":[""base""]}",{'encode_components': ['base']},XGBoostModel,"{""max_depth"":30,""n_estimators"":1000}","{'max_depth': 30, 'n_estimators': 1000}",nucleobase,cpu,cpu,0.047,measured
corrm_c67ce893ef412d16,corrective,33cb9f053212b16b,immune_modulation_TLR8,TLR8,S,OneHotEncoder,"{""encode_components"":[""base""]}",{'encode_components': ['base']},XGBoostModel,"{""max_depth"":10,""n_estimators"":1000}","{'max_depth': 10, 'n_estimators': 1000}",nucleobase,cpu,cpu,0.047,measured
corrm_c67ce893ef412d16,corrective,328bc9f3381a54eb,immune_modulation_TLR8,TLR8,S,OneHotEncoder,"{""encode_components"":[""base""]}",{'encode_components': ['base']},XGBoostModel,"{""max_depth"":20,""n_estimators"":1000}","{'max_depth': 20, 'n_estimators': 1000}",nucleobase,cpu,cpu,0.047,measured
corrm_c67ce893ef412d16,corrective,c9e4ef9e8b90aa92,immune_modulation_TLR8,TLR8,S,OneHotEncoder,"{""encode_components"":[""base""]}",{'encode_components': ['base']},XGBoostModel,"{""max_depth"":20,""n_estimators"":500}","{'max_depth': 20, 'n_estimators': 500}",nucleobase,cpu,cpu,0.047,measured
corrm_c67ce893ef412d16,corrective,f8d3d8259a450a33,immune_modulation_TLR8,TLR8,S,OneHotEncoder,"{""encode_components"":[""base""]}",{'encode_components': ['base']},XGBoostModel,"{""max_depth"":10,""n_estimators"":500}","{'max_depth': 10, 'n_estimators': 500}",nucleobase,cpu,cpu,0.047,measured
corrm_c67ce893ef412d16,corrective,0b73b0a9a0724bb5,immune_modulation_TLR8,TLR8,S,OneHotEncoder,"{""encode_components"":[""base""]}",{'encode_components': ['base']},NearestNeighborsModel,"{""n_neighbors"":5}",{'n_neighbors': 5},nucleobase,cpu,cpu,0.003,measured
corrm_c67ce893ef412d16,corrective,0e3b0a5a899f18fa,immune_modulation_TLR8,TLR8,S,OneHotEncoder,"{""encode_components"":[""base""]}",{'encode_components': ['base']},NearestNeighborsModel,"{""n_neighbors"":15}",{'n_neighbors': 15},nucleobase,cpu,cpu,0.003,measured
corrm_c67ce893ef412d16,corrective,f93c4a7b1d1023f3,immune_modulation_TLR8,TLR8,S,OneHotEncoder,"{""encode_components"":[""base""]}",{'encode_components': ['base']},NearestNeighborsModel,"{""n_neighbors"":10}",{'n_neighbors': 10},nucleobase,cpu,cpu,0.003,measured
corrm_c67ce893ef412d16,corrective,f2626d2b4f99e96e,immune_modulation_TLR8,TLR8,S,OneHotEncoder,"{""encode_components"":[""base""]}",{'encode_components': ['base']},LinearModel,"{""type"":""ridge""}",{'type': 'ridge'},nucleobase,cpu,cpu,0.001,measured
corrm_c67ce893ef412d16,corrective,e0d140b733e34ceb,immune_modulation_TLR8,TLR8,S,OneHotEncoder,"{""encode_components"":[""base""]}",{'encode_components': ['base']},LinearModel,"{""type"":""standard""}",{'type': 'standard'},nucleobase,cpu,cpu,0.001,measured
corrm_31d062a7ad59439b,corrective,fcf5127076d6dd24,immune_modulation_TLR8,TLR8,S,OneHotEncoder,"{""encode_components"":[""base""]}",{'encode_components': ['base']},CNN,"{""depth"":1,""hidden_dim"":32,""kernel_size"":3,""pooling_operation"":""max""}","{'depth': 1, 'hidden_dim': 32, 'kernel_size': 3, 'pooling_operation': 'max'}",nucleobase,gpu,gpu,1.522,measured
corrm_31d062a7ad59439b,corrective,5d85a4eae0838989,immune_modulation_TLR8,TLR8,S,OneHotEncoder,"{""encode_components"":[""base""]}",{'encode_components': ['base']},CNN,"{""depth"":1,""hidden_dim"":64,""kernel_size"":7,""pooling_operation"":""avg""}","{'depth': 1, 'hidden_dim': 64, 'kernel_size': 7, 'pooling_operation': 'avg'}",nucleobase,gpu,gpu,1.522,measured
corrm_31d062a7ad59439b,corrective,1c9125a52458b592,immune_modulation_TLR8,TLR8,S,OneHotEncoder,"{""encode_components"":[""base""]}",{'encode_components': ['base']},CNN,"{""depth"":1,""hidden_dim"":32,""kernel_size"":3,""pooling_operation"":""avg""}","{'depth': 1, 'hidden_dim': 32, 'kernel_size': 3, 'pooling_operation': 'avg'}",nucleobase,gpu,gpu,1.522,measured
corrm_31d062a7ad59439b,corrective,0e40cf61c4ebb49a,immune_modulation_TLR8,TLR8,S,OneHotEncoder,"{""encode_components"":[""base""]}",{'encode_components': ['base']},CNN,"{""depth"":2,""hidden_dim"":64,""kernel_size"":5,""pooling_operation"":""avg""}","{'depth': 2, 'hidden_dim': 64, 'kernel_size': 5, 'pooling_operation': 'avg'}",nucleobase,gpu,gpu,1.522,measured
corrm_31d062a7ad59439b,corrective,ff1891c6777938a9,immune_modulation_TLR8,TLR8,S,OneHotEncoder,"{""encode_components"":[""base""]}",{'encode_components': ['base']},CNN,"{""depth"":2,""hidden_dim"":64,""kernel_size"":5,""pooling_operation"":""max""}","{'depth': 2, 'hidden_dim': 64, 'kernel_size': 5, 'pooling_operation': 'max'}",nucleobase,gpu,gpu,1.522,measured
corrm_31d062a7ad59439b,corrective,29cd94dd0abd0589,immune_modulation_TLR8,TLR8,S,OneHotEncoder,"{""encode_components"":[""base""]}",{'encode_components': ['base']},CNN,"{""depth"":2,""hidden_dim"":64,""kernel_size"":3,""pooling_operation"":""avg""}","{'depth': 2, 'hidden_dim': 64, 'kernel_size': 3, 'pooling_operation': 'avg'}",nucleobase,gpu,gpu,1.522,measured
corrm_31d062a7ad59439b,corrective,340c95e9b3bf61ac,immune_modulation_TLR8,TLR8,S,OneHotEncoder,"{""encode_components"":[""base""]}",{'encode_components': ['base']},CNN,"{""depth"":2,""hidden_dim"":64,""kernel_size"":3,""pooling_operation"":""max""}","{'depth': 2, 'hidden_dim': 64, 'kernel_size': 3, 'pooling_operation': 'max'}",nucleobase,gpu,gpu,1.522,measured
corrm_31d062a7ad59439b,corrective,c37b5c2cf6aa239b,immune_modulation_TLR8,TLR8,S,OneHotEncoder,"{""encode_components"":[""base""]}",{'encode_components': ['base']},CNN,"{""depth"":2,""hidden_dim"":32,""kernel_size"":5,""pooling_operation"":""avg""}","{'depth': 2, 'hidden_dim': 32, 'kernel_size': 5, 'pooling_operation': 'avg'}",nucleobase,gpu,gpu,1.522,measured
corrm_31d062a7ad59439b,corrective,912627adba6386f4,immune_modulation_TLR8,TLR8,S,OneHotEncoder,"{""encode_components"":[""base""]}",{'encode_components': ['base']},CNN,"{""depth"":2,""hidden_dim"":32,""kernel_size"":3,""pooling_operation"":""avg""}","{'depth': 2, 'hidden_dim': 32, 'kernel_size': 3, 'pooling_operation': 'avg'}",nucleobase,gpu,gpu,1.522,measured
corrm_31d062a7ad59439b,corrective,fddf172a71c57ccf,immune_modulation_TLR8,TLR8,S,OneHotEncoder,"{""encode_components"":[""base""]}",{'encode_components': ['base']},CNN,"{""depth"":2,""hidden_dim"":32,""kernel_size"":3,""pooling_operation"":""max""}","{'depth': 2, 'hidden_dim': 32, 'kernel_size': 3, 'pooling_operation': 'max'}",nucleobase,gpu,gpu,1.522,measured
corrm_31d062a7ad59439b,corrective,eb35df41ddbae7c8,immune_modulation_TLR8,TLR8,S,OneHotEncoder,"{""encode_components"":[""base""]}",{'encode_components': ['base']},CNN,"{""depth"":2,""hidden_dim"":32,""kernel_size"":5,""pooling_operation"":""max""}","{'depth': 2, 'hidden_dim': 32, 'kernel_size': 5, 'pooling_operation': 'max'}",nucleobase,gpu,gpu,1.522,measured
corrm_31d062a7ad59439b,corrective,a5285a33f8bb43cf,immune_modulation_TLR8,TLR8,S,OneHotEncoder,"{""encode_components"":[""base""]}",{'encode_components': ['base']},CNN,"{""depth"":1,""hidden_dim"":64,""kernel_size"":7,""pooling_operation"":""max""}","{'depth': 1, 'hidden_dim': 64, 'kernel_size': 7, 'pooling_operation': 'max'}",nucleobase,gpu,gpu,1.522,measured
corrm_31d062a7ad59439b,corrective,ddd05e343746c520,immune_modulation_TLR8,TLR8,S,OneHotEncoder,"{""encode_components"":[""base""]}",{'encode_components': ['base']},CNN,"{""depth"":1,""hidden_dim"":64,""kernel_size"":5,""pooling_operation"":""max""}","{'depth': 1, 'hidden_dim': 64, 'kernel_size': 5, 'pooling_operation': 'max'}",nucleobase,gpu,gpu,1.522,measured
corrm_31d062a7ad59439b,corrective,462fbaa8037407d3,immune_modulation_TLR8,TLR8,S,OneHotEncoder,"{""encode_components"":[""base""]}",{'encode_components': ['base']},CNN,"{""depth"":1,""hidden_dim"":32,""kernel_size"":5,""pooling_operation"":""max""}","{'depth': 1, 'hidden_dim': 32, 'kernel_size': 5, 'pooling_operation': 'max'}",nucleobase,gpu,gpu,1.522,measured
corrm_31d062a7ad59439b,corrective,f3a0239558afa523,immune_modulation_TLR8,TLR8,S,OneHotEncoder,"{""encode_components"":[""base""]}",{'encode_components': ['base']},CNN,"{""depth"":1,""hidden_dim"":64,""kernel_size"":3,""pooling_operation"":""avg""}","{'depth': 1, 'hidden_dim': 64, 'kernel_size': 3, 'pooling_operation': 'avg'}",nucleobase,gpu,gpu,1.522,measured
corrm_31d062a7ad59439b,corrective,c56a6a403522efe7,immune_modulation_TLR8,TLR8,S,OneHotEncoder,"{""encode_components"":[""base""]}",{'encode_components': ['base']},CNN,"{""depth"":1,""hidden_dim"":64,""kernel_size"":3,""pooling_operation"":""max""}","{'depth': 1, 'hidden_dim': 64, 'kernel_size': 3, 'pooling_operation': 'max'}",nucleobase,gpu,gpu,1.522,measured
corrm_31d062a7ad59439b,corrective,8a075b67b0ab5c42,immune_modulation_TLR8,TLR8,S,OneHotEncoder,"{""encode_components"":[""base""]}",{'encode_components': ['base']},CNN,"{""depth"":1,""hidden_dim"":32,""kernel_size"":7,""pooling_operation"":""avg""}","{'depth': 1, 'hidden_dim': 32, 'kernel_size': 7, 'pooling_operation': 'avg'}",nucleobase,gpu,gpu,1.522,measured
corrm_31d062a7ad59439b,corrective,eefcde4c2c93841d,immune_modulation_TLR8,TLR8,S,OneHotEncoder,"{""encode_components"":[""base""]}",{'encode_components': ['base']},CNN,"{""depth"":1,""hidden_dim"":32,""kernel_size"":7,""pooling_operation"":""max""}","{'depth': 1, 'hidden_dim': 32, 'kernel_size': 7, 'pooling_operation': 'max'}",nucleobase,gpu,gpu,1.522,measured
corrm_31d062a7ad59439b,corrective,7d3d7d5a08ee2c55,immune_modulation_TLR8,TLR8,S,OneHotEncoder,"{""encode_components"":[""base""]}",{'encode_components': ['base']},CNN,"{""depth"":1,""hidden_dim"":32,""kernel_size"":5,""pooling_operation"":""avg""}","{'depth': 1, 'hidden_dim': 32, 'kernel_size': 5, 'pooling_operation': 'avg'}",nucleobase,gpu,gpu,1.522,measured
corrm_31d062a7ad59439b,corrective,52321e0bd6425f6e,immune_modulation_TLR8,TLR8,S,OneHotEncoder,"{""encode_components"":[""base""]}",{'encode_components': ['base']},CNN,"{""depth"":1,""hidden_dim"":64,""kernel_size"":5,""pooling_operation"":""avg""}","{'depth': 1, 'hidden_dim': 64, 'kernel_size': 5, 'pooling_operation': 'avg'}",nucleobase,gpu,gpu,1.522,measured
corrm_31d062a7ad59439b,corrective,3a36eaf23908bacb,immune_modulation_TLR8,TLR8,S,OneHotEncoder,"{""encode_components"":[""base""]}",{'encode_components': ['base']},Transformer,"{""d_model"":128,""dim_feedforward"":64,""dropout"":0,""nhead"":2,""num_layers"":1}","{'d_model': 128, 'dim_feedforward': 64, 'dropout': 0, 'nhead': 2, 'num_layers': 1}",nucleobase,gpu,gpu,1.371,measured
corrm_31d062a7ad59439b,corrective,e144099ea8c81268,immune_modulation_TLR8,TLR8,S,OneHotEncoder,"{""encode_components"":[""base""]}",{'encode_components': ['base']},Transformer,"{""d_model"":128,""dim_feedforward"":64,""dropout"":0,""nhead"":2,""num_layers"":2}","{'d_model': 128, 'dim_feedforward': 64, 'dropout': 0, 'nhead': 2, 'num_layers': 2}",nucleobase,gpu,gpu,1.371,measured
corrm_31d062a7ad59439b,corrective,f80d7cb4385c6e18,immune_modulation_TLR8,TLR8,S,OneHotEncoder,"{""encode_components"":[""base""]}",{'encode_components': ['base']},Transformer,"{""d_model"":128,""dim_feedforward"":64,""dropout"":0.25,""nhead"":2,""num_layers"":1}","{'d_model': 128, 'dim_feedforward': 64, 'dropout': 0.25, 'nhead': 2, 'num_layers': 1}",nucleobase,gpu,gpu,1.371,measured
corrm_31d062a7ad59439b,corrective,97ec23ef735ad97a,immune_modulation_TLR8,TLR8,S,OneHotEncoder,"{""encode_components"":[""base""]}",{'encode_components': ['base']},Transformer,"{""d_model"":64,""dim_feedforward"":128,""dropout"":0,""nhead"":4,""num_layers"":1}","{'d_model': 64, 'dim_feedforward': 128, 'dropout': 0, 'nhead': 4, 'num_layers': 1}",nucleobase,gpu,gpu,1.371,measured
corrm_31d062a7ad59439b,corrective,7567ed937f118c01,immune_modulation_TLR8,TLR8,S,OneHotEncoder,"{""encode_components"":[""base""]}",{'encode_components': ['base']},Transformer,"{""d_model"":64,""dim_feedforward"":128,""dropout"":0.25,""nhead"":4,""num_layers"":2}","{'d_model': 64, 'dim_feedforward': 128, 'dropout': 0.25, 'nhead': 4, 'num_layers': 2}",nucleobase,gpu,gpu,1.371,measured
corrm_31d062a7ad59439b,corrective,ea0c955721848102,immune_modulation_TLR8,TLR8,S,OneHotEncoder,"{""encode_components"":[""base""]}",{'encode_components': ['base']},Transformer,"{""d_model"":64,""dim_feedforward"":128,""dropout"":0,""nhead"":4,""num_layers"":2}","{'d_model': 64, 'dim_feedforward': 128, 'dropout': 0, 'nhead': 4, 'num_layers': 2}",nucleobase,gpu,gpu,1.371,measured
corrm_31d062a7ad59439b,corrective,548fe73ee954ab66,immune_modulation_TLR8,TLR8,S,OneHotEncoder,"{""encode_components"":[""base""]}",{'encode_components': ['base']},Transformer,"{""d_model"":64,""dim_feedforward"":128,""dropout"":0.25,""nhead"":4,""num_layers"":1}","{'d_model': 64, 'dim_feedforward': 128, 'dropout': 0.25, 'nhead': 4, 'num_layers': 1}",nucleobase,gpu,gpu,1.371,measured
corrm_31d062a7ad59439b,corrective,1b498bba5c034632,immune_modulation_TLR8,TLR8,S,OneHotEncoder,"{""encode_components"":[""base""]}",{'encode_components': ['base']},Transformer,"{""d_model"":128,""dim_feedforward"":128,""dropout"":0,""nhead"":2,""num_layers"":1}","{'d_model': 128, 'dim_feedforward': 128, 'dropout': 0, 'nhead': 2, 'num_layers': 1}",nucleobase,gpu,gpu,1.371,measured
corrm_31d062a7ad59439b,corrective,cc4bcb031d455185,immune_modulation_TLR8,TLR8,S,OneHotEncoder,"{""encode_components"":[""base""]}",{'encode_components': ['base']},Transformer,"{""d_model"":128,""dim_feedforward"":64,""dropout"":0.25,""nhead"":2,""num_layers"":2}","{'d_model': 128, 'dim_feedforward': 64, 'dropout': 0.25, 'nhead': 2, 'num_layers': 2}",nucleobase,gpu,gpu,1.371,measured
corrm_31d062a7ad59439b,corrective,9da1bca1523f8563,immune_modulation_TLR8,TLR8,S,OneHotEncoder,"{""encode_components"":[""base""]}",{'encode_components': ['base']},Transformer,"{""d_model"":128,""dim_feedforward"":128,""dropout"":0,""nhead"":4,""num_layers"":2}","{'d_model': 128, 'dim_feedforward': 128, 'dropout': 0, 'nhead': 4, 'num_layers': 2}",nucleobase,gpu,gpu,1.371,measured
corrm_31d062a7ad59439b,corrective,5dbd5e9da176cf2a,immune_modulation_TLR8,TLR8,S,OneHotEncoder,"{""encode_components"":[""base""]}",{'encode_components': ['base']},Transformer,"{""d_model"":128,""dim_feedforward"":128,""dropout"":0.25,""nhead"":2,""num_layers"":1}","{'d_model': 128, 'dim_feedforward': 128, 'dropout': 0.25, 'nhead': 2, 'num_layers': 1}",nucleobase,gpu,gpu,1.371,measured
corrm_31d062a7ad59439b,corrective,26408020d41f24f1,immune_modulation_TLR8,TLR8,S,OneHotEncoder,"{""encode_components"":[""base""]}",{'encode_components': ['base']},Transformer,"{""d_model"":128,""dim_feedforward"":128,""dropout"":0,""nhead"":2,""num_layers"":2}","{'d_model': 128, 'dim_feedforward': 128, 'dropout': 0, 'nhead': 2, 'num_layers': 2}",nucleobase,gpu,gpu,1.371,measured
corrm_31d062a7ad59439b,corrective,e4f67451cdf2a057,immune_modulation_TLR8,TLR8,S,OneHotEncoder,"{""encode_components"":[""base""]}",{'encode_components': ['base']},Transformer,"{""d_model"":128,""dim_feedforward"":128,""dropout"":0.25,""nhead"":2,""num_layers"":2}","{'d_model': 128, 'dim_feedforward': 128, 'dropout': 0.25, 'nhead': 2, 'num_layers': 2}",nucleobase,gpu,gpu,1.371,measured
corrm_31d062a7ad59439b,corrective,0730524c1bf8a415,immune_modulation_TLR8,TLR8,S,OneHotEncoder,"{""encode_components"":[""base""]}",{'encode_components': ['base']},Transformer,"{""d_model"":128,""dim_feedforward"":64,""dropout"":0,""nhead"":4,""num_layers"":1}","{'d_model': 128, 'dim_feedforward': 64, 'dropout': 0, 'nhead': 4, 'num_layers': 1}",nucleobase,gpu,gpu,1.371,measured
corrm_31d062a7ad59439b,corrective,ca9c68b891144323,immune_modulation_TLR8,TLR8,S,OneHotEncoder,"{""encode_components"":[""base""]}",{'encode_components': ['base']},Transformer,"{""d_model"":128,""dim_feedforward"":64,""dropout"":0.25,""nhead"":4,""num_layers"":1}","{'d_model': 128, 'dim_feedforward': 64, 'dropout': 0.25, 'nhead': 4, 'num_layers': 1}",nucleobase,gpu,gpu,1.371,measured
corrm_31d062a7ad59439b,corrective,67f8e39871ef3e7f,immune_modulation_TLR8,TLR8,S,OneHotEncoder,"{""encode_components"":[""base""]}",{'encode_components': ['base']},Transformer,"{""d_model"":128,""dim_feedforward"":64,""dropout"":0,""nhead"":4,""num_layers"":2}","{'d_model': 128, 'dim_feedforward': 64, 'dropout': 0, 'nhead': 4, 'num_layers': 2}",nucleobase,gpu,gpu,1.371,measured
corrm_31d062a7ad59439b,corrective,4603d4b027d3643a,immune_modulation_TLR8,TLR8,S,OneHotEncoder,"{""encode_components"":[""base""]}",{'encode_components': ['base']},Transformer,"{""d_model"":128,""dim_feedforward"":64,""dropout"":0.25,""nhead"":4,""num_layers"":2}","{'d_model': 128, 'dim_feedforward': 64, 'dropout': 0.25, 'nhead': 4, 'num_layers': 2}",nucleobase,gpu,gpu,1.371,measured
corrm_31d062a7ad59439b,corrective,673d54c5cb42c018,immune_modulation_TLR8,TLR8,S,OneHotEncoder,"{""encode_components"":[""base""]}",{'encode_components': ['base']},Transformer,"{""d_model"":128,""dim_feedforward"":128,""dropout"":0,""nhead"":4,""num_layers"":1}","{'d_model': 128, 'dim_feedforward': 128, 'dropout': 0, 'nhead': 4, 'num_layers': 1}",nucleobase,gpu,gpu,1.371,measured
corrm_31d062a7ad59439b,corrective,7aa53eed9248eb3d,immune_modulation_TLR8,TLR8,S,OneHotEncoder,"{""encode_components"":[""base""]}",{'encode_components': ['base']},Transformer,"{""d_model"":128,""dim_feedforward"":128,""dropout"":0.25,""nhead"":4,""num_layers"":1}","{'d_model': 128, 'dim_feedforward': 128, 'dropout': 0.25, 'nhead': 4, 'num_layers': 1}",nucleobase,gpu,gpu,1.371,measured
corrm_31d062a7ad59439b,corrective,3a15abfb7e4b7721,immune_modulation_TLR8,TLR8,S,OneHotEncoder,"{""encode_components"":[""base""]}",{'encode_components': ['base']},Transformer,"{""d_model"":64,""dim_feedforward"":64,""dropout"":0,""nhead"":4,""num_layers"":2}","{'d_model': 64, 'dim_feedforward': 64, 'dropout': 0, 'nhead': 4, 'num_layers': 2}",nucleobase,gpu,gpu,1.371,measured
corrm_31d062a7ad59439b,corrective,521f174f59f93d28,immune_modulation_TLR8,TLR8,S,OneHotEncoder,"{""encode_components"":[""base""]}",{'encode_components': ['base']},Transformer,"{""d_model"":64,""dim_feedforward"":64,""dropout"":0.25,""nhead"":4,""num_layers"":2}","{'d_model': 64, 'dim_feedforward': 64, 'dropout': 0.25, 'nhead': 4, 'num_layers': 2}",nucleobase,gpu,gpu,1.371,measured
corrm_31d062a7ad59439b,corrective,f2121a7ef10cb675,immune_modulation_TLR8,TLR8,S,OneHotEncoder,"{""encode_components"":[""base""]}",{'encode_components': ['base']},Transformer,"{""d_model"":64,""dim_feedforward"":64,""dropout"":0,""nhead"":2,""num_layers"":1}","{'d_model': 64, 'dim_feedforward': 64, 'dropout': 0, 'nhead': 2, 'num_layers': 1}",nucleobase,gpu,gpu,1.371,measured
corrm_31d062a7ad59439b,corrective,fbcd6d3a85c95e6d,immune_modulation_TLR8,TLR8,S,OneHotEncoder,"{""encode_components"":[""base""]}",{'encode_components': ['base']},Transformer,"{""d_model"":64,""dim_feedforward"":64,""dropout"":0.25,""nhead"":4,""num_layers"":1}","{'d_model': 64, 'dim_feedforward': 64, 'dropout': 0.25, 'nhead': 4, 'num_layers': 1}",nucleobase,gpu,gpu,1.371,measured
corrm_31d062a7ad59439b,corrective,058e51024b201a4a,immune_modulation_TLR8,TLR8,S,OneHotEncoder,"{""encode_components"":[""base""]}",{'encode_components': ['base']},Transformer,"{""d_model"":64,""dim_feedforward"":64,""dropout"":0.25,""nhead"":2,""num_layers"":2}","{'d_model': 64, 'dim_feedforward': 64, 'dropout': 0.25, 'nhead': 2, 'num_layers': 2}",nucleobase,gpu,gpu,1.371,measured
corrm_31d062a7ad59439b,corrective,c8f20f59dc7e0219,immune_modulation_TLR8,TLR8,S,OneHotEncoder,"{""encode_components"":[""base""]}",{'encode_components': ['base']},Transformer,"{""d_model"":64,""dim_feedforward"":64,""dropout"":0,""nhead"":4,""num_layers"":1}","{'d_model': 64, 'dim_feedforward': 64, 'dropout': 0, 'nhead': 4, 'num_layers': 1}",nucleobase,gpu,gpu,1.371,measured
corrm_31d062a7ad59439b,corrective,0b3043d140d60ab3,immune_modulation_TLR8,TLR8,S,OneHotEncoder,"{""encode_components"":[""base""]}",{'encode_components': ['base']},Transformer,"{""d_model"":64,""dim_feedforward"":64,""dropout"":0.25,""nhead"":2,""num_layers"":1}","{'d_model': 64, 'dim_feedforward': 64, 'dropout': 0.25, 'nhead': 2, 'num_layers': 1}",nucleobase,gpu,gpu,1.371,measured
corrm_31d062a7ad59439b,corrective,e5d473e94106fe56,immune_modulation_TLR8,TLR8,S,OneHotEncoder,"{""encode_components"":[""base""]}",{'encode_components': ['base']},Transformer,"{""d_model"":64,""dim_feedforward"":64,""dropout"":0,""nhead"":2,""num_layers"":2}","{'d_model': 64, 'dim_feedforward': 64, 'dropout': 0, 'nhead': 2, 'num_layers': 2}",nucleobase,gpu,gpu,1.371,measured
corrm_31d062a7ad59439b,corrective,0a50f8b19e97c640,immune_modulation_TLR8,TLR8,S,OneHotEncoder,"{""encode_components"":[""base""]}",{'encode_components': ['base']},Transformer,"{""d_model"":128,""dim_feedforward"":128,""dropout"":0.25,""nhead"":4,""num_layers"":2}","{'d_model': 128, 'dim_feedforward': 128, 'dropout': 0.25, 'nhead': 4, 'num_layers': 2}",nucleobase,gpu,gpu,1.371,measured
corrm_31d062a7ad59439b,corrective,9753f399c69a2abf,immune_modulation_TLR8,TLR8,S,OneHotEncoder,"{""encode_components"":[""base""]}",{'encode_components': ['base']},Transformer,"{""d_model"":64,""dim_feedforward"":128,""dropout"":0,""nhead"":2,""num_layers"":1}","{'d_model': 64, 'dim_feedforward': 128, 'dropout': 0, 'nhead': 2, 'num_layers': 1}",nucleobase,gpu,gpu,1.371,measured
corrm_31d062a7ad59439b,corrective,c8a07d99bd026d31,immune_modulation_TLR8,TLR8,S,OneHotEncoder,"{""encode_components"":[""base""]}",{'encode_components': ['base']},Transformer,"{""d_model"":64,""dim_feedforward"":128,""dropout"":0.25,""nhead"":2,""num_layers"":1}","{'d_model': 64, 'dim_feedforward': 128, 'dropout': 0.25, 'nhead': 2, 'num_layers': 1}",nucleobase,gpu,gpu,1.371,measured
corrm_31d062a7ad59439b,corrective,3857e2bf2ecf1c32,immune_modulation_TLR8,TLR8,S,OneHotEncoder,"{""encode_components"":[""base""]}",{'encode_components': ['base']},Transformer,"{""d_model"":64,""dim_feedforward"":128,""dropout"":0,""nhead"":2,""num_layers"":2}","{'d_model': 64, 'dim_feedforward': 128, 'dropout': 0, 'nhead': 2, 'num_layers': 2}",nucleobase,gpu,gpu,1.371,measured
corrm_31d062a7ad59439b,corrective,cd2a97cbf2a03686,immune_modulation_TLR8,TLR8,S,OneHotEncoder,"{""encode_components"":[""base""]}",{'encode_components': ['base']},Transformer,"{""d_model"":64,""dim_feedforward"":128,""dropout"":0.25,""nhead"":2,""num_layers"":2}","{'d_model': 64, 'dim_feedforward': 128, 'dropout': 0.25, 'nhead': 2, 'num_layers': 2}",nucleobase,gpu,gpu,1.371,measured
corrm_31d062a7ad59439b,corrective,8a2681e78b14399c,immune_modulation_TLR8,TLR8,S,OneHotEncoder,"{""encode_components"":[""base""]}",{'encode_components': ['base']},GRU,"{""hidden_dim"":64,""num_layers"":2}","{'hidden_dim': 64, 'num_layers': 2}",nucleobase,gpu,gpu,0.853,measured
corrm_31d062a7ad59439b,corrective,959baf25d211697e,immune_modulation_TLR8,TLR8,S,OneHotEncoder,"{""encode_components"":[""base""]}",{'encode_components': ['base']},GRU,"{""hidden_dim"":64,""num_layers"":1}","{'hidden_dim': 64, 'num_layers': 1}",nucleobase,gpu,gpu,0.853,measured
corrm_31d062a7ad59439b,corrective,cbb9020ff7a7f29e,immune_modulation_TLR8,TLR8,S,OneHotEncoder,"{""encode_components"":[""base""]}",{'encode_components': ['base']},GRU,"{""hidden_dim"":32,""num_layers"":1}","{'hidden_dim': 32, 'num_layers': 1}",nucleobase,gpu,gpu,0.853,measured
corrm_31d062a7ad59439b,corrective,08a5a7a08db90462,immune_modulation_TLR8,TLR8,S,OneHotEncoder,"{""encode_components"":[""base""]}",{'encode_components': ['base']},GRU,"{""hidden_dim"":32,""num_layers"":2}","{'hidden_dim': 32, 'num_layers': 2}",nucleobase,gpu,gpu,0.853,measured
corrm_31d062a7ad59439b,corrective,f7614799b79225de,immune_modulation_TLR8,TLR8,S,OneHotEncoder,"{""encode_components"":[""base""]}",{'encode_components': ['base']},MLP,"{""dropout"":0.25,""hidden_dims"":[128,128]}","{'dropout': 0.25, 'hidden_dims': [128, 128]}",nucleobase,gpu,gpu,0.762,measured
corrm_31d062a7ad59439b,corrective,0dbc832649a36154,immune_modulation_TLR8,TLR8,S,OneHotEncoder,"{""encode_components"":[""base""]}",{'encode_components': ['base']},MLP,"{""dropout"":0,""hidden_dims"":[128,128]}","{'dropout': 0, 'hidden_dims': [128, 128]}",nucleobase,gpu,gpu,0.762,measured
corrm_31d062a7ad59439b,corrective,c1368250a78dbe5d,immune_modulation_TLR8,TLR8,S,OneHotEncoder,"{""encode_components"":[""base""]}",{'encode_components': ['base']},MLP,"{""dropout"":0.25,""hidden_dims"":[128]}","{'dropout': 0.25, 'hidden_dims': [128]}",nucleobase,gpu,gpu,0.762,measured
corrm_31d062a7ad59439b,corrective,ec37ce21eab37389,immune_modulation_TLR8,TLR8,S,OneHotEncoder,"{""encode_components"":[""base""]}",{'encode_components': ['base']},MLP,"{""dropout"":0,""hidden_dims"":[128]}","{'dropout': 0, 'hidden_dims': [128]}",nucleobase,gpu,gpu,0.762,measured
corrm_31d062a7ad59439b,corrective,15dbfeb614a293ee,immune_modulation_TLR8,TLR8,S,OneHotEncoder,"{""encode_components"":[""base""]}",{'encode_components': ['base']},MLP,"{""dropout"":0.25,""hidden_dims"":[64,64]}","{'dropout': 0.25, 'hidden_dims': [64, 64]}",nucleobase,gpu,gpu,0.762,measured
corrm_31d062a7ad59439b,corrective,887a90f2b06de0cf,immune_modulation_TLR8,TLR8,S,OneHotEncoder,"{""encode_components"":[""base""]}",{'encode_components': ['base']},MLP,"{""dropout"":0,""hidden_dims"":[64,64]}","{'dropout': 0, 'hidden_dims': [64, 64]}",nucleobase,gpu,gpu,0.762,measured
corrm_31d062a7ad59439b,corrective,2aa2934ea2d39421,immune_modulation_TLR8,TLR8,S,OneHotEncoder,"{""encode_components"":[""base""]}",{'encode_components': ['base']},MLP,"{""dropout"":0.25,""hidden_dims"":[64]}","{'dropout': 0.25, 'hidden_dims': [64]}",nucleobase,gpu,gpu,0.762,measured
corrm_31d062a7ad59439b,corrective,2173ba23365df335,immune_modulation_TLR8,TLR8,S,OneHotEncoder,"{""encode_components"":[""base""]}",{'encode_components': ['base']},MLP,"{""dropout"":0,""hidden_dims"":[64]}","{'dropout': 0, 'hidden_dims': [64]}",nucleobase,gpu,gpu,0.762,measured
corrm_c67ce893ef412d16,corrective,2b1394e7948767ea,immune_modulation_TLR8,TLR8,S,OneHotEncoder,"{""encode_components"":[""base""]}",{'encode_components': ['base']},RandomForestModel,"{""max_depth"":20,""n_estimators"":1000}","{'max_depth': 20, 'n_estimators': 1000}",random,cpu,cpu,0.463,measured
corrm_c67ce893ef412d16,corrective,866249d4eaa727f0,immune_modulation_TLR8,TLR8,S,OneHotEncoder,"{""encode_components"":[""base""]}",{'encode_components': ['base']},RandomForestModel,"{""max_depth"":10,""n_estimators"":100}","{'max_depth': 10, 'n_estimators': 100}",random,cpu,cpu,0.463,measured
corrm_c67ce893ef412d16,corrective,3f87859934e93cfa,immune_modulation_TLR8,TLR8,S,OneHotEncoder,"{""encode_components"":[""base""]}",{'encode_components': ['base']},RandomForestModel,"{""max_depth"":20,""n_estimators"":100}","{'max_depth': 20, 'n_estimators': 100}",random,cpu,cpu,0.463,measured
corrm_c67ce893ef412d16,corrective,b6223863fda33b8d,immune_modulation_TLR8,TLR8,S,OneHotEncoder,"{""encode_components"":[""base""]}",{'encode_components': ['base']},RandomForestModel,"{""max_depth"":30,""n_estimators"":100}","{'max_depth': 30, 'n_estimators': 100}",random,cpu,cpu,0.463,measured
corrm_c67ce893ef412d16,corrective,bc9a9a749c4b0fab,immune_modulation_TLR8,TLR8,S,OneHotEncoder,"{""encode_components"":[""base""]}",{'encode_components': ['base']},RandomForestModel,"{""max_depth"":10,""n_estimators"":500}","{'max_depth': 10, 'n_estimators': 500}",random,cpu,cpu,0.463,measured
corrm_c67ce893ef412d16,corrective,dc98786e62518125,immune_modulation_TLR8,TLR8,S,OneHotEncoder,"{""encode_components"":[""base""]}",{'encode_components': ['base']},RandomForestModel,"{""max_depth"":20,""n_estimators"":500}","{'max_depth': 20, 'n_estimators': 500}",random,cpu,cpu,0.463,measured
corrm_c67ce893ef412d16,corrective,65a49035cfd581f5,immune_modulation_TLR8,TLR8,S,OneHotEncoder,"{""encode_components"":[""base""]}",{'encode_components': ['base']},RandomForestModel,"{""max_depth"":30,""n_estimators"":500}","{'max_depth': 30, 'n_estimators': 500}",random,cpu,cpu,0.463,measured
corrm_c67ce893ef412d16,corrective,afabc9fd34586736,immune_modulation_TLR8,TLR8,S,OneHotEncoder,"{""encode_components"":[""base""]}",{'encode_components': ['base']},RandomForestModel,"{""max_depth"":10,""n_estimators"":1000}","{'max_depth': 10, 'n_estimators': 1000}",random,cpu,cpu,0.463,measured
corrm_c67ce893ef412d16,corrective,6af7b992058e45fa,immune_modulation_TLR8,TLR8,S,OneHotEncoder,"{""encode_components"":[""base""]}",{'encode_components': ['base']},RandomForestModel,"{""max_depth"":30,""n_estimators"":1000}","{'max_depth': 30, 'n_estimators': 1000}",random,cpu,cpu,0.463,measured
corrm_c67ce893ef412d16,corrective,272590de13c75133,immune_modulation_TLR8,TLR8,S,OneHotEncoder,"{""encode_components"":[""base""]}",{'encode_components': ['base']},XGBoostModel,"{""max_depth"":30,""n_estimators"":500}","{'max_depth': 30, 'n_estimators': 500}",random,cpu,cpu,0.047,measured
corrm_c67ce893ef412d16,corrective,84f0c8396e6ff218,immune_modulation_TLR8,TLR8,S,OneHotEncoder,"{""encode_components"":[""base""]}",{'encode_components': ['base']},XGBoostModel,"{""max_depth"":30,""n_estimators"":100}","{'max_depth': 30, 'n_estimators': 100}",random,cpu,cpu,0.047,measured
corrm_c67ce893ef412d16,corrective,6ca97700caa75521,immune_modulation_TLR8,TLR8,S,OneHotEncoder,"{""encode_components"":[""base""]}",{'encode_components': ['base']},XGBoostModel,"{""max_depth"":20,""n_estimators"":100}","{'max_depth': 20, 'n_estimators': 100}",random,cpu,cpu,0.047,measured
corrm_c67ce893ef412d16,corrective,7216b3417998798f,immune_modulation_TLR8,TLR8,S,OneHotEncoder,"{""encode_components"":[""base""]}",{'encode_components': ['base']},XGBoostModel,"{""max_depth"":10,""n_estimators"":100}","{'max_depth': 10, 'n_estimators': 100}",random,cpu,cpu,0.047,measured
corrm_c67ce893ef412d16,corrective,92c15428ddfc4ed5,immune_modulation_TLR8,TLR8,S,OneHotEncoder,"{""encode_components"":[""base""]}",{'encode_components': ['base']},XGBoostModel,"{""max_depth"":30,""n_estimators"":1000}","{'max_depth': 30, 'n_estimators': 1000}",random,cpu,cpu,0.047,measured
corrm_c67ce893ef412d16,corrective,02a4ae5b395a5690,immune_modulation_TLR8,TLR8,S,OneHotEncoder,"{""encode_components"":[""base""]}",{'encode_components': ['base']},XGBoostModel,"{""max_depth"":10,""n_estimators"":1000}","{'max_depth': 10, 'n_estimators': 1000}",random,cpu,cpu,0.047,measured
corrm_c67ce893ef412d16,corrective,4f0d6204396d4201,immune_modulation_TLR8,TLR8,S,OneHotEncoder,"{""encode_components"":[""base""]}",{'encode_components': ['base']},XGBoostModel,"{""max_depth"":20,""n_estimators"":1000}","{'max_depth': 20, 'n_estimators': 1000}",random,cpu,cpu,0.047,measured
corrm_c67ce893ef412d16,corrective,96a3686e6a01f69a,immune_modulation_TLR8,TLR8,S,OneHotEncoder,"{""encode_components"":[""base""]}",{'encode_components': ['base']},XGBoostModel,"{""max_depth"":20,""n_estimators"":500}","{'max_depth': 20, 'n_estimators': 500}",random,cpu,cpu,0.047,measured
corrm_c67ce893ef412d16,corrective,e6242bab80d2abf2,immune_modulation_TLR8,TLR8,S,OneHotEncoder,"{""encode_components"":[""base""]}",{'encode_components': ['base']},XGBoostModel,"{""max_depth"":10,""n_estimators"":500}","{'max_depth': 10, 'n_estimators': 500}",random,cpu,cpu,0.047,measured
corrm_c67ce893ef412d16,corrective,865156b8fe971637,immune_modulation_TLR8,TLR8,S,OneHotEncoder,"{""encode_components"":[""base""]}",{'encode_components': ['base']},NearestNeighborsModel,"{""n_neighbors"":5}",{'n_neighbors': 5},random,cpu,cpu,0.003,measured
corrm_c67ce893ef412d16,corrective,1399a3ceee80af2f,immune_modulation_TLR8,TLR8,S,OneHotEncoder,"{""encode_components"":[""base""]}",{'encode_components': ['base']},NearestNeighborsModel,"{""n_neighbors"":15}",{'n_neighbors': 15},random,cpu,cpu,0.003,measured
corrm_c67ce893ef412d16,corrective,74103a9de2897d14,immune_modulation_TLR8,TLR8,S,OneHotEncoder,"{""encode_components"":[""base""]}",{'encode_components': ['base']},NearestNeighborsModel,"{""n_neighbors"":10}",{'n_neighbors': 10},random,cpu,cpu,0.003,measured
corrm_c67ce893ef412d16,corrective,5e26a0194ba6cd9d,immune_modulation_TLR8,TLR8,S,OneHotEncoder,"{""encode_components"":[""base""]}",{'encode_components': ['base']},LinearModel,"{""type"":""ridge""}",{'type': 'ridge'},random,cpu,cpu,0.001,measured
corrm_c67ce893ef412d16,corrective,bf4e21b967f10b82,immune_modulation_TLR8,TLR8,S,OneHotEncoder,"{""encode_components"":[""base""]}",{'encode_components': ['base']},LinearModel,"{""type"":""standard""}",{'type': 'standard'},random,cpu,cpu,0.001,measured
corrm_31d062a7ad59439b,corrective,9c8c580abd25f779,immune_modulation_TLR8,TLR8,S,OneHotEncoder,"{""encode_components"":[""base""]}",{'encode_components': ['base']},CNN,"{""depth"":1,""hidden_dim"":32,""kernel_size"":3,""pooling_operation"":""max""}","{'depth': 1, 'hidden_dim': 32, 'kernel_size': 3, 'pooling_operation': 'max'}",random,gpu,gpu,1.522,measured
corrm_31d062a7ad59439b,corrective,75b0b0c949fa54f5,immune_modulation_TLR8,TLR8,S,OneHotEncoder,"{""encode_components"":[""base""]}",{'encode_components': ['base']},CNN,"{""depth"":1,""hidden_dim"":64,""kernel_size"":7,""pooling_operation"":""avg""}","{'depth': 1, 'hidden_dim': 64, 'kernel_size': 7, 'pooling_operation': 'avg'}",random,gpu,gpu,1.522,measured
corrm_31d062a7ad59439b,corrective,2ebf63bb2bd202a6,immune_modulation_TLR8,TLR8,S,OneHotEncoder,"{""encode_components"":[""base""]}",{'encode_components': ['base']},CNN,"{""depth"":1,""hidden_dim"":32,""kernel_size"":3,""pooling_operation"":""avg""}","{'depth': 1, 'hidden_dim': 32, 'kernel_size': 3, 'pooling_operation': 'avg'}",random,gpu,gpu,1.522,measured
corrm_31d062a7ad59439b,corrective,94063ff0ac467fb3,immune_modulation_TLR8,TLR8,S,OneHotEncoder,"{""encode_components"":[""base""]}",{'encode_components': ['base']},CNN,"{""depth"":2,""hidden_dim"":64,""kernel_size"":5,""pooling_operation"":""avg""}","{'depth': 2, 'hidden_dim': 64, 'kernel_size': 5, 'pooling_operation': 'avg'}",random,gpu,gpu,1.522,measured
corrm_31d062a7ad59439b,corrective,4688caae377d3599,immune_modulation_TLR8,TLR8,S,OneHotEncoder,"{""encode_components"":[""base""]}",{'encode_components': ['base']},CNN,"{""depth"":2,""hidden_dim"":64,""kernel_size"":5,""pooling_operation"":""max""}","{'depth': 2, 'hidden_dim': 64, 'kernel_size': 5, 'pooling_operation': 'max'}",random,gpu,gpu,1.522,measured
corrm_31d062a7ad59439b,corrective,831535d92c7e0ab6,immune_modulation_TLR8,TLR8,S,OneHotEncoder,"{""encode_components"":[""base""]}",{'encode_components': ['base']},CNN,"{""depth"":2,""hidden_dim"":64,""kernel_size"":3,""pooling_operation"":""avg""}","{'depth': 2, 'hidden_dim': 64, 'kernel_size': 3, 'pooling_operation': 'avg'}",random,gpu,gpu,1.522,measured
corrm_31d062a7ad59439b,corrective,1d4cead76efaddab,immune_modulation_TLR8,TLR8,S,OneHotEncoder,"{""encode_components"":[""base""]}",{'encode_components': ['base']},CNN,"{""depth"":2,""hidden_dim"":64,""kernel_size"":3,""pooling_operation"":""max""}","{'depth': 2, 'hidden_dim': 64, 'kernel_size': 3, 'pooling_operation': 'max'}",random,gpu,gpu,1.522,measured
corrm_31d062a7ad59439b,corrective,49ecb47744d7c1e7,immune_modulation_TLR8,TLR8,S,OneHotEncoder,"{""encode_components"":[""base""]}",{'encode_components': ['base']},CNN,"{""depth"":2,""hidden_dim"":32,""kernel_size"":5,""pooling_operation"":""avg""}","{'depth': 2, 'hidden_dim': 32, 'kernel_size': 5, 'pooling_operation': 'avg'}",random,gpu,gpu,1.522,measured
corrm_31d062a7ad59439b,corrective,9ebc6791d6bccaa5,immune_modulation_TLR8,TLR8,S,OneHotEncoder,"{""encode_components"":[""base""]}",{'encode_components': ['base']},CNN,"{""depth"":2,""hidden_dim"":32,""kernel_size"":3,""pooling_operation"":""avg""}","{'depth': 2, 'hidden_dim': 32, 'kernel_size': 3, 'pooling_operation': 'avg'}",random,gpu,gpu,1.522,measured
corrm_31d062a7ad59439b,corrective,5e450511762552e7,immune_modulation_TLR8,TLR8,S,OneHotEncoder,"{""encode_components"":[""base""]}",{'encode_components': ['base']},CNN,"{""depth"":2,""hidden_dim"":32,""kernel_size"":3,""pooling_operation"":""max""}","{'depth': 2, 'hidden_dim': 32, 'kernel_size': 3, 'pooling_operation': 'max'}",random,gpu,gpu,1.522,measured
corrm_31d062a7ad59439b,corrective,892822519d31c268,immune_modulation_TLR8,TLR8,S,OneHotEncoder,"{""encode_components"":[""base""]}",{'encode_components': ['base']},CNN,"{""depth"":2,""hidden_dim"":32,""kernel_size"":5,""pooling_operation"":""max""}","{'depth': 2, 'hidden_dim': 32, 'kernel_size': 5, 'pooling_operation': 'max'}",random,gpu,gpu,1.522,measured
corrm_31d062a7ad59439b,corrective,e48363c22c848c1b,immune_modulation_TLR8,TLR8,S,OneHotEncoder,"{""encode_components"":[""base""]}",{'encode_components': ['base']},CNN,"{""depth"":1,""hidden_dim"":64,""kernel_size"":7,""pooling_operation"":""max""}","{'depth': 1, 'hidden_dim': 64, 'kernel_size': 7, 'pooling_operation': 'max'}",random,gpu,gpu,1.522,measured
corrm_31d062a7ad59439b,corrective,8e6914f04c340257,immune_modulation_TLR8,TLR8,S,OneHotEncoder,"{""encode_components"":[""base""]}",{'encode_components': ['base']},CNN,"{""depth"":1,""hidden_dim"":64,""kernel_size"":5,""pooling_operation"":""max""}","{'depth': 1, 'hidden_dim': 64, 'kernel_size': 5, 'pooling_operation': 'max'}",random,gpu,gpu,1.522,measured
corrm_31d062a7ad59439b,corrective,36a1446f7a9b7187,immune_modulation_TLR8,TLR8,S,OneHotEncoder,"{""encode_components"":[""base""]}",{'encode_components': ['base']},CNN,"{""depth"":1,""hidden_dim"":32,""kernel_size"":5,""pooling_operation"":""max""}","{'depth': 1, 'hidden_dim': 32, 'kernel_size': 5, 'pooling_operation': 'max'}",random,gpu,gpu,1.522,measured
corrm_31d062a7ad59439b,corrective,14da2baae75b05c4,immune_modulation_TLR8,TLR8,S,OneHotEncoder,"{""encode_components"":[""base""]}",{'encode_components': ['base']},CNN,"{""depth"":1,""hidden_dim"":64,""kernel_size"":3,""pooling_operation"":""avg""}","{'depth': 1, 'hidden_dim': 64, 'kernel_size': 3, 'pooling_operation': 'avg'}",random,gpu,gpu,1.522,measured
corrm_31d062a7ad59439b,corrective,08076dbfdd64422a,immune_modulation_TLR8,TLR8,S,OneHotEncoder,"{""encode_components"":[""base""]}",{'encode_components': ['base']},CNN,"{""depth"":1,""hidden_dim"":64,""kernel_size"":3,""pooling_operation"":""max""}","{'depth': 1, 'hidden_dim': 64, 'kernel_size': 3, 'pooling_operation': 'max'}",random,gpu,gpu,1.522,measured
corrm_31d062a7ad59439b,corrective,f1127358ea623692,immune_modulation_TLR8,TLR8,S,OneHotEncoder,"{""encode_components"":[""base""]}",{'encode_components': ['base']},CNN,"{""depth"":1,""hidden_dim"":32,""kernel_size"":7,""pooling_operation"":""avg""}","{'depth': 1, 'hidden_dim': 32, 'kernel_size': 7, 'pooling_operation': 'avg'}",random,gpu,gpu,1.522,measured
corrm_31d062a7ad59439b,corrective,473e3e69ee74ecc8,immune_modulation_TLR8,TLR8,S,OneHotEncoder,"{""encode_components"":[""base""]}",{'encode_components': ['base']},CNN,"{""depth"":1,""hidden_dim"":32,""kernel_size"":7,""pooling_operation"":""max""}","{'depth': 1, 'hidden_dim': 32, 'kernel_size': 7, 'pooling_operation': 'max'}",random,gpu,gpu,1.522,measured
corrm_31d062a7ad59439b,corrective,04a5e1a7ee41afad,immune_modulation_TLR8,TLR8,S,OneHotEncoder,"{""encode_components"":[""base""]}",{'encode_components': ['base']},CNN,"{""depth"":1,""hidden_dim"":32,""kernel_size"":5,""pooling_operation"":""avg""}","{'depth': 1, 'hidden_dim': 32, 'kernel_size': 5, 'pooling_operation': 'avg'}",random,gpu,gpu,1.522,measured
corrm_31d062a7ad59439b,corrective,7f4b0d6bcb01e144,immune_modulation_TLR8,TLR8,S,OneHotEncoder,"{""encode_components"":[""base""]}",{'encode_components': ['base']},CNN,"{""depth"":1,""hidden_dim"":64,""kernel_size"":5,""pooling_operation"":""avg""}","{'depth': 1, 'hidden_dim': 64, 'kernel_size': 5, 'pooling_operation': 'avg'}",random,gpu,gpu,1.522,measured
corrm_31d062a7ad59439b,corrective,14c8f11e40da3fe0,immune_modulation_TLR8,TLR8,S,OneHotEncoder,"{""encode_components"":[""base""]}",{'encode_components': ['base']},Transformer,"{""d_model"":128,""dim_feedforward"":64,""dropout"":0,""nhead"":2,""num_layers"":1}","{'d_model': 128, 'dim_feedforward': 64, 'dropout': 0, 'nhead': 2, 'num_layers': 1}",random,gpu,gpu,1.371,measured
corrm_31d062a7ad59439b,corrective,fdb254d1c323db1d,immune_modulation_TLR8,TLR8,S,OneHotEncoder,"{""encode_components"":[""base""]}",{'encode_components': ['base']},Transformer,"{""d_model"":128,""dim_feedforward"":64,""dropout"":0,""nhead"":2,""num_layers"":2}","{'d_model': 128, 'dim_feedforward': 64, 'dropout': 0, 'nhead': 2, 'num_layers': 2}",random,gpu,gpu,1.371,measured
corrm_31d062a7ad59439b,corrective,defa5f00a0024b94,immune_modulation_TLR8,TLR8,S,OneHotEncoder,"{""encode_components"":[""base""]}",{'encode_components': ['base']},Transformer,"{""d_model"":128,""dim_feedforward"":64,""dropout"":0.25,""nhead"":2,""num_layers"":1}","{'d_model': 128, 'dim_feedforward': 64, 'dropout': 0.25, 'nhead': 2, 'num_layers': 1}",random,gpu,gpu,1.371,measured
corrm_31d062a7ad59439b,corrective,f153bf05a0d3817a,immune_modulation_TLR8,TLR8,S,OneHotEncoder,"{""encode_components"":[""base""]}",{'encode_components': ['base']},Transformer,"{""d_model"":64,""dim_feedforward"":128,""dropout"":0,""nhead"":4,""num_layers"":1}","{'d_model': 64, 'dim_feedforward': 128, 'dropout': 0, 'nhead': 4, 'num_layers': 1}",random,gpu,gpu,1.371,measured
corrm_31d062a7ad59439b,corrective,3ba6c4f8d57433f7,immune_modulation_TLR8,TLR8,S,OneHotEncoder,"{""encode_components"":[""base""]}",{'encode_components': ['base']},Transformer,"{""d_model"":64,""dim_feedforward"":128,""dropout"":0.25,""nhead"":4,""num_layers"":2}","{'d_model': 64, 'dim_feedforward': 128, 'dropout': 0.25, 'nhead': 4, 'num_layers': 2}",random,gpu,gpu,1.371,measured
corrm_31d062a7ad59439b,corrective,77f8807adbb2ee87,immune_modulation_TLR8,TLR8,S,OneHotEncoder,"{""encode_components"":[""base""]}",{'encode_components': ['base']},Transformer,"{""d_model"":64,""dim_feedforward"":128,""dropout"":0,""nhead"":4,""num_layers"":2}","{'d_model': 64, 'dim_feedforward': 128, 'dropout': 0, 'nhead': 4, 'num_layers': 2}",random,gpu,gpu,1.371,measured
corrm_31d062a7ad59439b,corrective,a025b6737405aaf0,immune_modulation_TLR8,TLR8,S,OneHotEncoder,"{""encode_components"":[""base""]}",{'encode_components': ['base']},Transformer,"{""d_model"":64,""dim_feedforward"":128,""dropout"":0.25,""nhead"":4,""num_layers"":1}","{'d_model': 64, 'dim_feedforward': 128, 'dropout': 0.25, 'nhead': 4, 'num_layers': 1}",random,gpu,gpu,1.371,measured
corrm_31d062a7ad59439b,corrective,ec00470da103042b,immune_modulation_TLR8,TLR8,S,OneHotEncoder,"{""encode_components"":[""base""]}",{'encode_components': ['base']},Transformer,"{""d_model"":128,""dim_feedforward"":128,""dropout"":0,""nhead"":2,""num_layers"":1}","{'d_model': 128, 'dim_feedforward': 128, 'dropout': 0, 'nhead': 2, 'num_layers': 1}",random,gpu,gpu,1.371,measured
corrm_31d062a7ad59439b,corrective,21c022858f817ca0,immune_modulation_TLR8,TLR8,S,OneHotEncoder,"{""encode_components"":[""base""]}",{'encode_components': ['base']},Transformer,"{""d_model"":128,""dim_feedforward"":64,""dropout"":0.25,""nhead"":2,""num_layers"":2}","{'d_model': 128, 'dim_feedforward': 64, 'dropout': 0.25, 'nhead': 2, 'num_layers': 2}",random,gpu,gpu,1.371,measured
corrm_31d062a7ad59439b,corrective,065ba84e88aa0437,immune_modulation_TLR8,TLR8,S,OneHotEncoder,"{""encode_components"":[""base""]}",{'encode_components': ['base']},Transformer,"{""d_model"":128,""dim_feedforward"":128,""dropout"":0,""nhead"":4,""num_layers"":2}","{'d_model': 128, 'dim_feedforward': 128, 'dropout': 0, 'nhead': 4, 'num_layers': 2}",random,gpu,gpu,1.371,measured
corrm_31d062a7ad59439b,corrective,cff3ded6a8c79843,immune_modulation_TLR8,TLR8,S,OneHotEncoder,"{""encode_components"":[""base""]}",{'encode_components': ['base']},Transformer,"{""d_model"":128,""dim_feedforward"":128,""dropout"":0.25,""nhead"":2,""num_layers"":1}","{'d_model': 128, 'dim_feedforward': 128, 'dropout': 0.25, 'nhead': 2, 'num_layers': 1}",random,gpu,gpu,1.371,measured
corrm_31d062a7ad59439b,corrective,e9e3248789189b53,immune_modulation_TLR8,TLR8,S,OneHotEncoder,"{""encode_components"":[""base""]}",{'encode_components': ['base']},Transformer,"{""d_model"":128,""dim_feedforward"":128,""dropout"":0,""nhead"":2,""num_layers"":2}","{'d_model': 128, 'dim_feedforward': 128, 'dropout': 0, 'nhead': 2, 'num_layers': 2}",random,gpu,gpu,1.371,measured
corrm_31d062a7ad59439b,corrective,ac62ec63f5199050,immune_modulation_TLR8,TLR8,S,OneHotEncoder,"{""encode_components"":[""base""]}",{'encode_components': ['base']},Transformer,"{""d_model"":128,""dim_feedforward"":128,""dropout"":0.25,""nhead"":2,""num_layers"":2}","{'d_model': 128, 'dim_feedforward': 128, 'dropout': 0.25, 'nhead': 2, 'num_layers': 2}",random,gpu,gpu,1.371,measured
corrm_31d062a7ad59439b,corrective,ada089217f8c566d,immune_modulation_TLR8,TLR8,S,OneHotEncoder,"{""encode_components"":[""base""]}",{'encode_components': ['base']},Transformer,"{""d_model"":128,""dim_feedforward"":64,""dropout"":0,""nhead"":4,""num_layers"":1}","{'d_model': 128, 'dim_feedforward': 64, 'dropout': 0, 'nhead': 4, 'num_layers': 1}",random,gpu,gpu,1.371,measured
corrm_31d062a7ad59439b,corrective,b1b2b08558cc0d26,immune_modulation_TLR8,TLR8,S,OneHotEncoder,"{""encode_components"":[""base""]}",{'encode_components': ['base']},Transformer,"{""d_model"":128,""dim_feedforward"":64,""dropout"":0.25,""nhead"":4,""num_layers"":1}","{'d_model': 128, 'dim_feedforward': 64, 'dropout': 0.25, 'nhead': 4, 'num_layers': 1}",random,gpu,gpu,1.371,measured
corrm_31d062a7ad59439b,corrective,d5c93023fe34ffbd,immune_modulation_TLR8,TLR8,S,OneHotEncoder,"{""encode_components"":[""base""]}",{'encode_components': ['base']},Transformer,"{""d_model"":128,""dim_feedforward"":64,""dropout"":0,""nhead"":4,""num_layers"":2}","{'d_model': 128, 'dim_feedforward': 64, 'dropout': 0, 'nhead': 4, 'num_layers': 2}",random,gpu,gpu,1.371,measured
corrm_31d062a7ad59439b,corrective,95cbef05bae09fe4,immune_modulation_TLR8,TLR8,S,OneHotEncoder,"{""encode_components"":[""base""]}",{'encode_components': ['base']},Transformer,"{""d_model"":128,""dim_feedforward"":64,""dropout"":0.25,""nhead"":4,""num_layers"":2}","{'d_model': 128, 'dim_feedforward': 64, 'dropout': 0.25, 'nhead': 4, 'num_layers': 2}",random,gpu,gpu,1.371,measured
corrm_31d062a7ad59439b,corrective,2895b1c5be20769a,immune_modulation_TLR8,TLR8,S,OneHotEncoder,"{""encode_components"":[""base""]}",{'encode_components': ['base']},Transformer,"{""d_model"":128,""dim_feedforward"":128,""dropout"":0,""nhead"":4,""num_layers"":1}","{'d_model': 128, 'dim_feedforward': 128, 'dropout': 0, 'nhead': 4, 'num_layers': 1}",random,gpu,gpu,1.371,measured
corrm_31d062a7ad59439b,corrective,827431425355845b,immune_modulation_TLR8,TLR8,S,OneHotEncoder,"{""encode_components"":[""base""]}",{'encode_components': ['base']},Transformer,"{""d_model"":128,""dim_feedforward"":128,""dropout"":0.25,""nhead"":4,""num_layers"":1}","{'d_model': 128, 'dim_feedforward': 128, 'dropout': 0.25, 'nhead': 4, 'num_layers': 1}",random,gpu,gpu,1.371,measured
corrm_31d062a7ad59439b,corrective,a714492c81855429,immune_modulation_TLR8,TLR8,S,OneHotEncoder,"{""encode_components"":[""base""]}",{'encode_components': ['base']},Transformer,"{""d_model"":64,""dim_feedforward"":64,""dropout"":0,""nhead"":4,""num_layers"":2}","{'d_model': 64, 'dim_feedforward': 64, 'dropout': 0, 'nhead': 4, 'num_layers': 2}",random,gpu,gpu,1.371,measured
corrm_31d062a7ad59439b,corrective,eddd4e10fd6a2849,immune_modulation_TLR8,TLR8,S,OneHotEncoder,"{""encode_components"":[""base""]}",{'encode_components': ['base']},Transformer,"{""d_model"":64,""dim_feedforward"":64,""dropout"":0.25,""nhead"":4,""num_layers"":2}","{'d_model': 64, 'dim_feedforward': 64, 'dropout': 0.25, 'nhead': 4, 'num_layers': 2}",random,gpu,gpu,1.371,measured
corrm_31d062a7ad59439b,corrective,8987b1e1bd0217c4,immune_modulation_TLR8,TLR8,S,OneHotEncoder,"{""encode_components"":[""base""]}",{'encode_components': ['base']},Transformer,"{""d_model"":64,""dim_feedforward"":64,""dropout"":0,""nhead"":2,""num_layers"":1}","{'d_model': 64, 'dim_feedforward': 64, 'dropout': 0, 'nhead': 2, 'num_layers': 1}",random,gpu,gpu,1.371,measured
corrm_31d062a7ad59439b,corrective,7c708b645d0eefa2,immune_modulation_TLR8,TLR8,S,OneHotEncoder,"{""encode_components"":[""base""]}",{'encode_components': ['base']},Transformer,"{""d_model"":64,""dim_feedforward"":64,""dropout"":0.25,""nhead"":4,""num_layers"":1}","{'d_model': 64, 'dim_feedforward': 64, 'dropout': 0.25, 'nhead': 4, 'num_layers': 1}",random,gpu,gpu,1.371,measured
corrm_31d062a7ad59439b,corrective,0afe55a9a283c974,immune_modulation_TLR8,TLR8,S,OneHotEncoder,"{""encode_components"":[""base""]}",{'encode_components': ['base']},Transformer,"{""d_model"":64,""dim_feedforward"":64,""dropout"":0.25,""nhead"":2,""num_layers"":2}","{'d_model': 64, 'dim_feedforward': 64, 'dropout': 0.25, 'nhead': 2, 'num_layers': 2}",random,gpu,gpu,1.371,measured
corrm_31d062a7ad59439b,corrective,d769e04b7ce9ebb2,immune_modulation_TLR8,TLR8,S,OneHotEncoder,"{""encode_components"":[""base""]}",{'encode_components': ['base']},Transformer,"{""d_model"":64,""dim_feedforward"":64,""dropout"":0,""nhead"":4,""num_layers"":1}","{'d_model': 64, 'dim_feedforward': 64, 'dropout': 0, 'nhead': 4, 'num_layers': 1}",random,gpu,gpu,1.371,measured
corrm_31d062a7ad59439b,corrective,45876e394efa6252,immune_modulation_TLR8,TLR8,S,OneHotEncoder,"{""encode_components"":[""base""]}",{'encode_components': ['base']},Transformer,"{""d_model"":64,""dim_feedforward"":64,""dropout"":0.25,""nhead"":2,""num_layers"":1}","{'d_model': 64, 'dim_feedforward': 64, 'dropout': 0.25, 'nhead': 2, 'num_layers': 1}",random,gpu,gpu,1.371,measured
corrm_31d062a7ad59439b,corrective,f3fb2d39f6f69765,immune_modulation_TLR8,TLR8,S,OneHotEncoder,"{""encode_components"":[""base""]}",{'encode_components': ['base']},Transformer,"{""d_model"":64,""dim_feedforward"":64,""dropout"":0,""nhead"":2,""num_layers"":2}","{'d_model': 64, 'dim_feedforward': 64, 'dropout': 0, 'nhead': 2, 'num_layers': 2}",random,gpu,gpu,1.371,measured
corrm_31d062a7ad59439b,corrective,bb3e9bc03693398c,immune_modulation_TLR8,TLR8,S,OneHotEncoder,"{""encode_components"":[""base""]}",{'encode_components': ['base']},Transformer,"{""d_model"":128,""dim_feedforward"":128,""dropout"":0.25,""nhead"":4,""num_layers"":2}","{'d_model': 128, 'dim_feedforward': 128, 'dropout': 0.25, 'nhead': 4, 'num_layers': 2}",random,gpu,gpu,1.371,measured
corrm_31d062a7ad59439b,corrective,2a4a1058dad6c34a,immune_modulation_TLR8,TLR8,S,OneHotEncoder,"{""encode_components"":[""base""]}",{'encode_components': ['base']},Transformer,"{""d_model"":64,""dim_feedforward"":128,""dropout"":0,""nhead"":2,""num_layers"":1}","{'d_model': 64, 'dim_feedforward': 128, 'dropout': 0, 'nhead': 2, 'num_layers': 1}",random,gpu,gpu,1.371,measured
corrm_31d062a7ad59439b,corrective,ca90a0cddb4f00b8,immune_modulation_TLR8,TLR8,S,OneHotEncoder,"{""encode_components"":[""base""]}",{'encode_components': ['base']},Transformer,"{""d_model"":64,""dim_feedforward"":128,""dropout"":0.25,""nhead"":2,""num_layers"":1}","{'d_model': 64, 'dim_feedforward': 128, 'dropout': 0.25, 'nhead': 2, 'num_layers': 1}",random,gpu,gpu,1.371,measured
corrm_31d062a7ad59439b,corrective,db23f4adefa2f3c3,immune_modulation_TLR8,TLR8,S,OneHotEncoder,"{""encode_components"":[""base""]}",{'encode_components': ['base']},Transformer,"{""d_model"":64,""dim_feedforward"":128,""dropout"":0,""nhead"":2,""num_layers"":2}","{'d_model': 64, 'dim_feedforward': 128, 'dropout': 0, 'nhead': 2, 'num_layers': 2}",random,gpu,gpu,1.371,measured
corrm_31d062a7ad59439b,corrective,aa6e32aa5f71f696,immune_modulation_TLR8,TLR8,S,OneHotEncoder,"{""encode_components"":[""base""]}",{'encode_components': ['base']},Transformer,"{""d_model"":64,""dim_feedforward"":128,""dropout"":0.25,""nhead"":2,""num_layers"":2}","{'d_model': 64, 'dim_feedforward': 128, 'dropout': 0.25, 'nhead': 2, 'num_layers': 2}",random,gpu,gpu,1.371,measured
corrm_31d062a7ad59439b,corrective,17c0f160f84bbb67,immune_modulation_TLR8,TLR8,S,OneHotEncoder,"{""encode_components"":[""base""]}",{'encode_components': ['base']},GRU,"{""hidden_dim"":64,""num_layers"":2}","{'hidden_dim': 64, 'num_layers': 2}",random,gpu,gpu,0.853,measured
corrm_31d062a7ad59439b,corrective,dc1a3c24752ffb85,immune_modulation_TLR8,TLR8,S,OneHotEncoder,"{""encode_components"":[""base""]}",{'encode_components': ['base']},GRU,"{""hidden_dim"":64,""num_layers"":1}","{'hidden_dim': 64, 'num_layers': 1}",random,gpu,gpu,0.853,measured
corrm_31d062a7ad59439b,corrective,d3828da29526fa8e,immune_modulation_TLR8,TLR8,S,OneHotEncoder,"{""encode_components"":[""base""]}",{'encode_components': ['base']},GRU,"{""hidden_dim"":32,""num_layers"":1}","{'hidden_dim': 32, 'num_layers': 1}",random,gpu,gpu,0.853,measured
corrm_31d062a7ad59439b,corrective,62f7bcb0c3d3dd3a,immune_modulation_TLR8,TLR8,S,OneHotEncoder,"{""encode_components"":[""base""]}",{'encode_components': ['base']},GRU,"{""hidden_dim"":32,""num_layers"":2}","{'hidden_dim': 32, 'num_layers': 2}",random,gpu,gpu,0.853,measured
corrm_31d062a7ad59439b,corrective,a3bef6eeea56331c,immune_modulation_TLR8,TLR8,S,OneHotEncoder,"{""encode_components"":[""base""]}",{'encode_components': ['base']},MLP,"{""dropout"":0.25,""hidden_dims"":[128,128]}","{'dropout': 0.25, 'hidden_dims': [128, 128]}",random,gpu,gpu,0.762,measured
corrm_31d062a7ad59439b,corrective,ecc4b996d7e5af93,immune_modulation_TLR8,TLR8,S,OneHotEncoder,"{""encode_components"":[""base""]}",{'encode_components': ['base']},MLP,"{""dropout"":0,""hidden_dims"":[128,128]}","{'dropout': 0, 'hidden_dims': [128, 128]}",random,gpu,gpu,0.762,measured
corrm_31d062a7ad59439b,corrective,4eb4bd047539ee2b,immune_modulation_TLR8,TLR8,S,OneHotEncoder,"{""encode_components"":[""base""]}",{'encode_components': ['base']},MLP,"{""dropout"":0.25,""hidden_dims"":[128]}","{'dropout': 0.25, 'hidden_dims': [128]}",random,gpu,gpu,0.762,measured
corrm_31d062a7ad59439b,corrective,e345950c5d36917f,immune_modulation_TLR8,TLR8,S,OneHotEncoder,"{""encode_components"":[""base""]}",{'encode_components': ['base']},MLP,"{""dropout"":0,""hidden_dims"":[128]}","{'dropout': 0, 'hidden_dims': [128]}",random,gpu,gpu,0.762,measured
corrm_31d062a7ad59439b,corrective,ad9e3c2fae8ffadb,immune_modulation_TLR8,TLR8,S,OneHotEncoder,"{""encode_components"":[""base""]}",{'encode_components': ['base']},MLP,"{""dropout"":0.25,""hidden_dims"":[64,64]}","{'dropout': 0.25, 'hidden_dims': [64, 64]}",random,gpu,gpu,0.762,measured
corrm_31d062a7ad59439b,corrective,261f842f0169aecd,immune_modulation_TLR8,TLR8,S,OneHotEncoder,"{""encode_components"":[""base""]}",{'encode_components': ['base']},MLP,"{""dropout"":0,""hidden_dims"":[64,64]}","{'dropout': 0, 'hidden_dims': [64, 64]}",random,gpu,gpu,0.762,measured
corrm_31d062a7ad59439b,corrective,f6a6403df590de7e,immune_modulation_TLR8,TLR8,S,OneHotEncoder,"{""encode_components"":[""base""]}",{'encode_components': ['base']},MLP,"{""dropout"":0.25,""hidden_dims"":[64]}","{'dropout': 0.25, 'hidden_dims': [64]}",random,gpu,gpu,0.762,measured
corrm_31d062a7ad59439b,corrective,fdc74a4bd80df20d,immune_modulation_TLR8,TLR8,S,OneHotEncoder,"{""encode_components"":[""base""]}",{'encode_components': ['base']},MLP,"{""dropout"":0,""hidden_dims"":[64]}","{'dropout': 0, 'hidden_dims': [64]}",random,gpu,gpu,0.762,measured
corrm_82afade3aba4dd3e,corrective,eca6f28f92929a4b,immune_modulation_TLR8,TLR8,S,RNAFMEmbeddings,"{""flatten"":false}",{'flatten': False},Transformer,"{""d_model"":128,""dim_feedforward"":128,""dropout"":0.25,""nhead"":4,""num_layers"":2}","{'d_model': 128, 'dim_feedforward': 128, 'dropout': 0.25, 'nhead': 4, 'num_layers': 2}",random,gpu,gpu,1.91,measured
corrm_82afade3aba4dd3e,corrective,e0c11ea214b266b7,immune_modulation_TLR8,TLR8,S,RNAFMEmbeddings,"{""flatten"":false}",{'flatten': False},Transformer,"{""d_model"":128,""dim_feedforward"":128,""dropout"":0,""nhead"":4,""num_layers"":2}","{'d_model': 128, 'dim_feedforward': 128, 'dropout': 0, 'nhead': 4, 'num_layers': 2}",random,gpu,gpu,1.91,measured
corrm_82afade3aba4dd3e,corrective,cb4dc30a1beb37fd,immune_modulation_TLR8,TLR8,S,RNAFMEmbeddings,"{""flatten"":false}",{'flatten': False},Transformer,"{""d_model"":64,""dim_feedforward"":64,""dropout"":0.25,""nhead"":2,""num_layers"":1}","{'d_model': 64, 'dim_feedforward': 64, 'dropout': 0.25, 'nhead': 2, 'num_layers': 1}",random,gpu,gpu,1.91,measured
corrm_82afade3aba4dd3e,corrective,1bd58505adeb62b6,immune_modulation_TLR8,TLR8,S,RNAFMEmbeddings,"{""flatten"":false}",{'flatten': False},Transformer,"{""d_model"":64,""dim_feedforward"":64,""dropout"":0,""nhead"":2,""num_layers"":2}","{'d_model': 64, 'dim_feedforward': 64, 'dropout': 0, 'nhead': 2, 'num_layers': 2}",random,gpu,gpu,1.91,measured
corrm_82afade3aba4dd3e,corrective,6e86722e7aaa4565,immune_modulation_TLR8,TLR8,S,RNAFMEmbeddings,"{""flatten"":false}",{'flatten': False},Transformer,"{""d_model"":64,""dim_feedforward"":64,""dropout"":0.25,""nhead"":2,""num_layers"":2}","{'d_model': 64, 'dim_feedforward': 64, 'dropout': 0.25, 'nhead': 2, 'num_layers': 2}",random,gpu,gpu,1.91,measured
corrm_82afade3aba4dd3e,corrective,90ebfd7f9da98cf8,immune_modulation_TLR8,TLR8,S,RNAFMEmbeddings,"{""flatten"":false}",{'flatten': False},Transformer,"{""d_model"":64,""dim_feedforward"":128,""dropout"":0,""nhead"":2,""num_layers"":1}","{'d_model': 64, 'dim_feedforward': 128, 'dropout': 0, 'nhead': 2, 'num_layers': 1}",random,gpu,gpu,1.91,measured
corrm_82afade3aba4dd3e,corrective,04ed6330a4555429,immune_modulation_TLR8,TLR8,S,RNAFMEmbeddings,"{""flatten"":false}",{'flatten': False},Transformer,"{""d_model"":64,""dim_feedforward"":128,""dropout"":0.25,""nhead"":2,""num_layers"":1}","{'d_model': 64, 'dim_feedforward': 128, 'dropout': 0.25, 'nhead': 2, 'num_layers': 1}",random,gpu,gpu,1.91,measured
corrm_82afade3aba4dd3e,corrective,502811e60e953008,immune_modulation_TLR8,TLR8,S,RNAFMEmbeddings,"{""flatten"":false}",{'flatten': False},Transformer,"{""d_model"":64,""dim_feedforward"":128,""dropout"":0,""nhead"":2,""num_layers"":2}","{'d_model': 64, 'dim_feedforward': 128, 'dropout': 0, 'nhead': 2, 'num_layers': 2}",random,gpu,gpu,1.91,measured
corrm_82afade3aba4dd3e,corrective,56e41a9835c13458,immune_modulation_TLR8,TLR8,S,RNAFMEmbeddings,"{""flatten"":false}",{'flatten': False},Transformer,"{""d_model"":64,""dim_feedforward"":128,""dropout"":0.25,""nhead"":2,""num_layers"":2}","{'d_model': 64, 'dim_feedforward': 128, 'dropout': 0.25, 'nhead': 2, 'num_layers': 2}",random,gpu,gpu,1.91,measured
corrm_82afade3aba4dd3e,corrective,b82419c2588aef4c,immune_modulation_TLR8,TLR8,S,RNAFMEmbeddings,"{""flatten"":false}",{'flatten': False},Transformer,"{""d_model"":64,""dim_feedforward"":64,""dropout"":0,""nhead"":4,""num_layers"":1}","{'d_model': 64, 'dim_feedforward': 64, 'dropout': 0, 'nhead': 4, 'num_layers': 1}",random,gpu,gpu,1.91,measured
corrm_82afade3aba4dd3e,corrective,08c1611ead8deb5f,immune_modulation_TLR8,TLR8,S,RNAFMEmbeddings,"{""flatten"":false}",{'flatten': False},Transformer,"{""d_model"":64,""dim_feedforward"":64,""dropout"":0.25,""nhead"":4,""num_layers"":1}","{'d_model': 64, 'dim_feedforward': 64, 'dropout': 0.25, 'nhead': 4, 'num_layers': 1}",random,gpu,gpu,1.91,measured
corrm_82afade3aba4dd3e,corrective,7565446b4c45c32f,immune_modulation_TLR8,TLR8,S,RNAFMEmbeddings,"{""flatten"":false}",{'flatten': False},Transformer,"{""d_model"":64,""dim_feedforward"":64,""dropout"":0,""nhead"":4,""num_layers"":2}","{'d_model': 64, 'dim_feedforward': 64, 'dropout': 0, 'nhead': 4, 'num_layers': 2}",random,gpu,gpu,1.91,measured
corrm_82afade3aba4dd3e,corrective,e6fb12a810e9bcd3,immune_modulation_TLR8,TLR8,S,RNAFMEmbeddings,"{""flatten"":false}",{'flatten': False},Transformer,"{""d_model"":64,""dim_feedforward"":64,""dropout"":0.25,""nhead"":4,""num_layers"":2}","{'d_model': 64, 'dim_feedforward': 64, 'dropout': 0.25, 'nhead': 4, 'num_layers': 2}",random,gpu,gpu,1.91,measured
corrm_82afade3aba4dd3e,corrective,e1787476765a7b12,immune_modulation_TLR8,TLR8,S,RNAFMEmbeddings,"{""flatten"":false}",{'flatten': False},Transformer,"{""d_model"":64,""dim_feedforward"":128,""dropout"":0,""nhead"":4,""num_layers"":1}","{'d_model': 64, 'dim_feedforward': 128, 'dropout': 0, 'nhead': 4, 'num_layers': 1}",random,gpu,gpu,1.91,measured
corrm_82afade3aba4dd3e,corrective,1372c0fb2f108761,immune_modulation_TLR8,TLR8,S,RNAFMEmbeddings,"{""flatten"":false}",{'flatten': False},Transformer,"{""d_model"":64,""dim_feedforward"":128,""dropout"":0.25,""nhead"":4,""num_layers"":1}","{'d_model': 64, 'dim_feedforward': 128, 'dropout': 0.25, 'nhead': 4, 'num_layers': 1}",random,gpu,gpu,1.91,measured
corrm_82afade3aba4dd3e,corrective,6b0185d5bec6d9c7,immune_modulation_TLR8,TLR8,S,RNAFMEmbeddings,"{""flatten"":false}",{'flatten': False},Transformer,"{""d_model"":64,""dim_feedforward"":128,""dropout"":0,""nhead"":4,""num_layers"":2}","{'d_model': 64, 'dim_feedforward': 128, 'dropout': 0, 'nhead': 4, 'num_layers': 2}",random,gpu,gpu,1.91,measured
corrm_82afade3aba4dd3e,corrective,430fd88d5227c338,immune_modulation_TLR8,TLR8,S,RNAFMEmbeddings,"{""flatten"":false}",{'flatten': False},Transformer,"{""d_model"":64,""dim_feedforward"":128,""dropout"":0.25,""nhead"":4,""num_layers"":2}","{'d_model': 64, 'dim_feedforward': 128, 'dropout': 0.25, 'nhead': 4, 'num_layers': 2}",random,gpu,gpu,1.91,measured
corrm_82afade3aba4dd3e,corrective,a902e61c6cfae528,immune_modulation_TLR8,TLR8,S,RNAFMEmbeddings,"{""flatten"":false}",{'flatten': False},Transformer,"{""d_model"":128,""dim_feedforward"":64,""dropout"":0,""nhead"":2,""num_layers"":1}","{'d_model': 128, 'dim_feedforward': 64, 'dropout': 0, 'nhead': 2, 'num_layers': 1}",random,gpu,gpu,1.91,measured
corrm_82afade3aba4dd3e,corrective,cbdc8449e2d90af5,immune_modulation_TLR8,TLR8,S,RNAFMEmbeddings,"{""flatten"":false}",{'flatten': False},Transformer,"{""d_model"":128,""dim_feedforward"":64,""dropout"":0.25,""nhead"":2,""num_layers"":1}","{'d_model': 128, 'dim_feedforward': 64, 'dropout': 0.25, 'nhead': 2, 'num_layers': 1}",random,gpu,gpu,1.91,measured
corrm_82afade3aba4dd3e,corrective,cfc59fc6ee65b7ae,immune_modulation_TLR8,TLR8,S,RNAFMEmbeddings,"{""flatten"":false}",{'flatten': False},Transformer,"{""d_model"":128,""dim_feedforward"":64,""dropout"":0,""nhead"":2,""num_layers"":2}","{'d_model': 128, 'dim_feedforward': 64, 'dropout': 0, 'nhead': 2, 'num_layers': 2}",random,gpu,gpu,1.91,measured
corrm_82afade3aba4dd3e,corrective,abd25b54e07fd48f,immune_modulation_TLR8,TLR8,S,RNAFMEmbeddings,"{""flatten"":false}",{'flatten': False},Transformer,"{""d_model"":128,""dim_feedforward"":64,""dropout"":0.25,""nhead"":2,""num_layers"":2}","{'d_model': 128, 'dim_feedforward': 64, 'dropout': 0.25, 'nhead': 2, 'num_layers': 2}",random,gpu,gpu,1.91,measured
corrm_82afade3aba4dd3e,corrective,42040146a8eec303,immune_modulation_TLR8,TLR8,S,RNAFMEmbeddings,"{""flatten"":false}",{'flatten': False},Transformer,"{""d_model"":128,""dim_feedforward"":128,""dropout"":0,""nhead"":2,""num_layers"":1}","{'d_model': 128, 'dim_feedforward': 128, 'dropout': 0, 'nhead': 2, 'num_layers': 1}",random,gpu,gpu,1.91,measured
corrm_82afade3aba4dd3e,corrective,2ff6fa4cc3a37e71,immune_modulation_TLR8,TLR8,S,RNAFMEmbeddings,"{""flatten"":false}",{'flatten': False},Transformer,"{""d_model"":128,""dim_feedforward"":128,""dropout"":0.25,""nhead"":2,""num_layers"":1}","{'d_model': 128, 'dim_feedforward': 128, 'dropout': 0.25, 'nhead': 2, 'num_layers': 1}",random,gpu,gpu,1.91,measured
corrm_82afade3aba4dd3e,corrective,b027edda8a64baa6,immune_modulation_TLR8,TLR8,S,RNAFMEmbeddings,"{""flatten"":false}",{'flatten': False},Transformer,"{""d_model"":128,""dim_feedforward"":128,""dropout"":0,""nhead"":2,""num_layers"":2}","{'d_model': 128, 'dim_feedforward': 128, 'dropout': 0, 'nhead': 2, 'num_layers': 2}",random,gpu,gpu,1.91,measured
corrm_82afade3aba4dd3e,corrective,b0f802c8a4f25c47,immune_modulation_TLR8,TLR8,S,RNAFMEmbeddings,"{""flatten"":false}",{'flatten': False},Transformer,"{""d_model"":128,""dim_feedforward"":128,""dropout"":0.25,""nhead"":2,""num_layers"":2}","{'d_model': 128, 'dim_feedforward': 128, 'dropout': 0.25, 'nhead': 2, 'num_layers': 2}",random,gpu,gpu,1.91,measured
corrm_82afade3aba4dd3e,corrective,d6dc8d67372e0407,immune_modulation_TLR8,TLR8,S,RNAFMEmbeddings,"{""flatten"":false}",{'flatten': False},Transformer,"{""d_model"":128,""dim_feedforward"":64,""dropout"":0,""nhead"":4,""num_layers"":1}","{'d_model': 128, 'dim_feedforward': 64, 'dropout': 0, 'nhead': 4, 'num_layers': 1}",random,gpu,gpu,1.91,measured
corrm_82afade3aba4dd3e,corrective,09442c008ba89a88,immune_modulation_TLR8,TLR8,S,RNAFMEmbeddings,"{""flatten"":false}",{'flatten': False},Transformer,"{""d_model"":128,""dim_feedforward"":64,""dropout"":0.25,""nhead"":4,""num_layers"":1}","{'d_model': 128, 'dim_feedforward': 64, 'dropout': 0.25, 'nhead': 4, 'num_layers': 1}",random,gpu,gpu,1.91,measured
corrm_82afade3aba4dd3e,corrective,384ad89bbd50d33e,immune_modulation_TLR8,TLR8,S,RNAFMEmbeddings,"{""flatten"":false}",{'flatten': False},Transformer,"{""d_model"":128,""dim_feedforward"":64,""dropout"":0,""nhead"":4,""num_layers"":2}","{'d_model': 128, 'dim_feedforward': 64, 'dropout': 0, 'nhead': 4, 'num_layers': 2}",random,gpu,gpu,1.91,measured
corrm_82afade3aba4dd3e,corrective,db906a2b9883ea1b,immune_modulation_TLR8,TLR8,S,RNAFMEmbeddings,"{""flatten"":false}",{'flatten': False},Transformer,"{""d_model"":128,""dim_feedforward"":64,""dropout"":0.25,""nhead"":4,""num_layers"":2}","{'d_model': 128, 'dim_feedforward': 64, 'dropout': 0.25, 'nhead': 4, 'num_layers': 2}",random,gpu,gpu,1.91,measured
corrm_82afade3aba4dd3e,corrective,d4c3fa66a14edcda,immune_modulation_TLR8,TLR8,S,RNAFMEmbeddings,"{""flatten"":false}",{'flatten': False},Transformer,"{""d_model"":128,""dim_feedforward"":128,""dropout"":0,""nhead"":4,""num_layers"":1}","{'d_model': 128, 'dim_feedforward': 128, 'dropout': 0, 'nhead': 4, 'num_layers': 1}",random,gpu,gpu,1.91,measured
corrm_82afade3aba4dd3e,corrective,b498433276039a5a,immune_modulation_TLR8,TLR8,S,RNAFMEmbeddings,"{""flatten"":false}",{'flatten': False},Transformer,"{""d_model"":128,""dim_feedforward"":128,""dropout"":0.25,""nhead"":4,""num_layers"":1}","{'d_model': 128, 'dim_feedforward': 128, 'dropout': 0.25, 'nhead': 4, 'num_layers': 1}",random,gpu,gpu,1.91,measured
corrm_82afade3aba4dd3e,corrective,de22a3aa12d98d6f,immune_modulation_TLR8,TLR8,S,RNAFMEmbeddings,"{""flatten"":false}",{'flatten': False},Transformer,"{""d_model"":64,""dim_feedforward"":64,""dropout"":0,""nhead"":2,""num_layers"":1}","{'d_model': 64, 'dim_feedforward': 64, 'dropout': 0, 'nhead': 2, 'num_layers': 1}",random,gpu,gpu,1.91,measured
corrm_82afade3aba4dd3e,corrective,9d9a5debd4033bba,immune_modulation_TLR8,TLR8,S,RNAFMEmbeddings,{},{},CNN,"{""depth"":2,""hidden_dim"":64,""kernel_size"":5,""pooling_operation"":""max""}","{'depth': 2, 'hidden_dim': 64, 'kernel_size': 5, 'pooling_operation': 'max'}",random,gpu,gpu,0.927,measured
corrm_82afade3aba4dd3e,corrective,ac6a6b608ffbd62c,immune_modulation_TLR8,TLR8,S,RNAFMEmbeddings,{},{},LinearModel,"{""type"":""ridge""}",{'type': 'ridge'},random,cpu,gpu,0.01,measured
